Date,Open,High,Low,Close,Volume,Dividends,Stock Splits,Name
1972-06-01,0.0,0.15272714595797507,0.15227648615837097,0.15227648615837097,249600,0.0,0.0,WFC
1972-06-02,0.1527271568775177,0.1540786414143634,0.1527271568775177,0.1527271568775177,172800,0.0,0.0,WFC
1972-06-05,0.1527270542816565,0.15497952699661255,0.1522763947525664,0.15497952699661255,302400,0.0,0.0,WFC
1972-06-06,0.15497952699661255,0.1576826592406587,0.15452903245362135,0.15497952699661255,196800,0.0,0.0,WFC
1972-06-07,0.15497950491506665,0.15497950491506665,0.15362802147865295,0.15362802147865295,48000,0.0,0.0,WFC
1972-06-08,0.15362798919739906,0.15497947234983084,0.15317749481325513,0.15407848358154297,144000,0.0,0.0,WFC
1972-06-09,0.15407848358154297,0.15497947234983084,0.15317749481325513,0.15407848358154297,43200,0.0,0.0,WFC
1972-06-12,0.15497950586941556,0.1558806598186493,0.15497950586941556,0.1558806598186493,24000,0.0,0.0,WFC
1972-06-13,0.15543018211168463,0.15543018211168463,0.15317754447460175,0.15317754447460175,76800,0.0,0.0,WFC
1972-06-14,0.15317754447460175,0.15407853353499723,0.15317754447460175,0.15317754447460175,244800,0.0,0.0,WFC
1972-06-15,0.1540786296870404,0.1545291244983673,0.1540786296870404,0.1545291244983673,206400,0.0,0.0,WFC
1972-06-16,0.1545290113878369,0.1558806598186493,0.1545290113878369,0.1558806598186493,48000,0.0,0.0,WFC
1972-06-19,0.1549796193096942,0.1549796193096942,0.1545291244983673,0.1545291244983673,91200,0.0,0.0,WFC
1972-06-20,0.15452903245362135,0.15497952699661255,0.15452903245362135,0.15497952699661255,14400,0.0,0.0,WFC
1972-06-21,0.1549796193096942,0.1549796193096942,0.1545291244983673,0.1545291244983673,48000,0.0,0.0,WFC
1972-06-22,0.1545290113878369,0.1558806598186493,0.15407851690625823,0.1558806598186493,86400,0.0,0.0,WFC
1972-06-23,0.15678173836250586,0.1581333875656128,0.15678173836250586,0.1581333875656128,96000,0.0,0.0,WFC
1972-06-26,0.15813332530457264,0.15858381986618042,0.15678167663364354,0.15858381986618042,62400,0.0,0.0,WFC
1972-06-27,0.15948490798473358,0.16038589766721073,0.15948490798473358,0.15948490798473358,67200,0.0,0.0,WFC
1972-06-28,0.16083646813501465,0.1639900952577591,0.16083646813501465,0.1639900952577591,144000,0.0,0.0,WFC
1972-06-29,0.16353951394557953,0.16353951394557953,0.16353951394557953,0.16353951394557953,28800,0.0,0.0,WFC
1972-06-30,0.163990114109989,0.1657920926809311,0.163990114109989,0.1657920926809311,72000,0.0,0.0,WFC
1972-07-03,0.16579213411157503,0.1684952676296234,0.16579213411157503,0.1684952676296234,57600,0.0,0.0,WFC
1972-07-05,0.16849524902877172,0.16849524902877172,0.16669327020645142,0.16669327020645142,211200,0.0,0.0,WFC
1972-07-06,0.16759419391559122,0.17480260133743286,0.16759419391559122,0.17480260133743286,254400,0.0,0.0,WFC
1972-07-07,0.17480255164257238,0.1775056830340243,0.17480255164257238,0.17570354044437408,412800,0.0,0.0,WFC
1972-07-10,0.17570366890471717,0.17660465836524963,0.1748026794441847,0.17660465836524963,0,0.0,0.0,WFC
1972-07-11,0.17660465836524963,0.17705531808168334,0.17570366890471717,0.17660465836524963,2904000,0.0,0.0,WFC
1972-07-12,0.17660465836524963,0.17750581281194958,0.17660465836524963,0.17660465836524963,259200,0.0,0.0,WFC
1972-07-13,0.17660457236343063,0.1784067153930664,0.17660457236343063,0.1784067153930664,225600,0.0,0.0,WFC
1972-07-14,0.1784067153930664,0.1784067153930664,0.17705523186040492,0.1784067153930664,172800,0.0,0.0,WFC
1972-07-17,0.1784067425212128,0.1788572371006012,0.177505753362436,0.1788572371006012,62400,0.0,0.0,WFC
1972-07-18,0.17885729388803726,0.18020894304146515,0.17795630444319507,0.17930778861045837,220800,0.0,0.0,WFC
1972-07-19,0.17930775228290002,0.18020890653133392,0.1784067630205973,0.18020890653133392,24000,0.0,0.0,WFC
1972-07-20,0.18020884951008373,0.18020884951008373,0.1788572010581838,0.17975835502147675,76800,0.0,0.0,WFC
1972-07-21,0.17975843606891836,0.18110992014408112,0.17975843606891836,0.18110992014408112,273600,0.0,0.0,WFC
1972-07-24,0.18111002750577057,0.18111002750577057,0.1802090375882236,0.18065953254699707,225600,0.0,0.0,WFC
1972-07-25,0.18065947512856098,0.18291211419273035,0.18065947512856098,0.18246161937713623,278400,0.0,0.0,WFC
1972-07-26,0.18291193001165273,0.1833624243736267,0.18291193001165273,0.1833624243736267,86400,0.0,0.0,WFC
1972-07-27,0.18336253393552465,0.18336253393552465,0.18020890653133392,0.18020890653133392,518400,0.0,0.0,WFC
1972-07-28,0.18110987277192303,0.18201086191969684,0.18110987277192303,0.18156036734580994,67200,0.0,0.0,WFC
1972-07-31,0.18292169272899628,0.18292169272899628,0.18201394803531357,0.18292169272899628,86400,0.00781,0.0,WFC
1972-08-01,0.18292165677106662,0.18609892879754517,0.18201391225582428,0.18519118428230286,264000,0.0,0.0,WFC
1972-08-02,0.18519124977917353,0.1879146505112202,0.1842835049428877,0.1870069056749344,211200,0.0,0.0,WFC
1972-08-03,0.18700686526890553,0.18791460990905762,0.1851912097654481,0.18791460990905762,264000,0.0,0.0,WFC
1972-08-04,0.1888223608036658,0.19063801636726413,0.1888223608036658,0.18973027169704437,681600,0.0,0.0,WFC
1972-08-07,0.19154569504618515,0.19245360562677047,0.19154569504618515,0.19199973344802856,206400,0.0,0.0,WFC
1972-08-08,0.1919998529602058,0.1919998529602058,0.1915458142757416,0.19154581427574158,547200,0.0,0.0,WFC
1972-08-09,0.1915457653251906,0.19245367623889253,0.19063802063465118,0.19063802063465118,244800,0.0,0.0,WFC
1972-08-10,0.19154565283285074,0.1924535632133484,0.19154565283285074,0.1924535632133484,153600,0.0,0.0,WFC
1972-08-11,0.1924535632133484,0.1924535632133484,0.191999691134632,0.1924535632133484,86400,0.0,0.0,WFC
1972-08-14,0.19245362729590954,0.19426911621529042,0.19245362729590954,0.19336137175559998,124800,0.0,0.0,WFC
1972-08-15,0.19426918007720695,0.1960848358165668,0.19426918007720695,0.1947232186794281,120000,0.0,0.0,WFC
1972-08-16,0.19608469789224028,0.19790035235448405,0.19608469789224028,0.1969924420118332,81600,0.0,0.0,WFC
1972-08-17,0.1974465250968933,0.197900397259677,0.1974465250968933,0.1974465250968933,67200,0.0,0.0,WFC
1972-08-18,0.1997159907408202,0.20243939137011857,0.1997159907408202,0.20107777416706085,321600,0.0,0.0,WFC
1972-08-21,0.20107786728920607,0.20198561251163483,0.20107786728920607,0.20198561251163483,19200,0.0,0.0,WFC
1972-08-22,0.20243934863996674,0.20516274869441986,0.20243934863996674,0.20516274869441986,350400,0.0,0.0,WFC
1972-08-23,0.20516270619580326,0.20607061684131622,0.20425496177340371,0.20607061684131622,177600,0.0,0.0,WFC
1972-08-24,0.2060706658441488,0.20697841048240662,0.2060706658441488,0.20697841048240662,72000,0.0,0.0,WFC
1972-08-25,0.20652442691716186,0.20652442691716186,0.20516264447015772,0.20561668276786804,244800,0.0,0.0,WFC
1972-08-28,0.20561672518060436,0.20607059734887187,0.20470881462097165,0.20470881462097168,81600,0.0,0.0,WFC
1972-08-29,0.20425482094287872,0.20425482094287872,0.20425482094287872,0.20425482094287872,52800,0.0,0.0,WFC
1972-08-30,0.2042549055849273,0.2047087776712714,0.20334716141223907,0.20334716141223907,91200,0.0,0.0,WFC
1972-08-31,0.20380112528800964,0.20425499757877205,0.20380112528800964,0.20380112528800964,33600,0.0,0.0,WFC
1972-09-01,0.20380107028443667,0.20470881462097165,0.20380107028443667,0.20470881462097168,48000,0.0,0.0,WFC
1972-09-05,0.20470886986953446,0.20516274216029687,0.20380112528800964,0.20380112528800964,172800,0.0,0.0,WFC
1972-09-06,0.2033472187624305,0.2033472187624305,0.20243930811061578,0.20289334654808044,100800,0.0,0.0,WFC
1972-09-07,0.20198536686434032,0.20198536686434032,0.2006237506866455,0.2006237506866455,33600,0.0,0.0,WFC
1972-09-08,0.19971601463672128,0.19971601463672128,0.19699261368156962,0.19926214218139648,211200,0.0,0.0,WFC
1972-09-11,0.19926212932300227,0.1997160017490387,0.19880825689696588,0.1997160017490387,33600,0.0,0.0,WFC
1972-09-12,0.2001698982144815,0.20198538662905752,0.2001698982144815,0.2015315145254135,139200,0.0,0.0,WFC
1972-09-13,0.2015315145254135,0.2024392587327015,0.2015315145254135,0.2015315145254135,134400,0.0,0.0,WFC
1972-09-14,0.2015315145254135,0.2024392587327015,0.2015315145254135,0.2015315145254135,230400,0.0,0.0,WFC
1972-09-15,0.20153157857189705,0.2024393230676651,0.20153157857189705,0.2024393230676651,0,0.0,0.0,WFC
1972-09-18,0.2015315145254135,0.2015315145254135,0.2001698982144815,0.2015315145254135,91200,0.0,0.0,WFC
1972-09-19,0.2015315145254135,0.2015315145254135,0.2015315145254135,0.2015315145254135,52800,0.0,0.0,WFC
1972-09-20,0.20153165767637637,0.20153165767637637,0.1997160017490387,0.1997160017490387,187200,0.0,0.0,WFC
1972-09-21,0.2001698982144815,0.2015315145254135,0.2001698982144815,0.2015315145254135,72000,0.0,0.0,WFC
1972-09-22,0.2015315145254135,0.2024392587327015,0.2015315145254135,0.2015315145254135,67200,0.0,0.0,WFC
1972-09-25,0.20153149480510874,0.20198536686434032,0.2006237506866455,0.2006237506866455,144000,0.0,0.0,WFC
1972-09-26,0.20062391282430359,0.20062391282430359,0.19835438447092948,0.1997160017490387,134400,0.0,0.0,WFC
1972-09-27,0.19880809647407696,0.19880809647407696,0.19608469789224028,0.1969924420118332,192000,0.0,0.0,WFC
1972-09-28,0.19608471571584418,0.19608471571584418,0.194269061088562,0.194269061088562,129600,0.0,0.0,WFC
1972-09-29,0.19426906350248294,0.19563084604563388,0.19336131928909908,0.19517697393894196,148800,0.0,0.0,WFC
1972-10-02,0.19608474467030945,0.19790039956569672,0.19608474467030945,0.19790039956569672,72000,0.0,0.0,WFC
1972-10-03,0.19790032998053117,0.19971581801446392,0.19699241974052561,0.19880807399749756,124800,0.0,0.0,WFC
1972-10-04,0.19971585988776347,0.2015315145254135,0.19971585988776347,0.2015315145254135,67200,0.0,0.0,WFC
1972-10-05,0.20243930811061578,0.2038010909767806,0.20243930811061578,0.20289334654808044,432000,0.0,0.0,WFC
1972-10-06,0.20289328932589495,0.20380103349858317,0.20289328932589495,0.20334716141223907,787200,0.0,0.0,WFC
1972-10-09,0.20425500408398478,0.20516274869441986,0.20425500408398478,0.20516274869441986,57600,0.0,0.0,WFC
1972-10-10,0.20470869284114088,0.20470869284114088,0.20334707714635442,0.20425482094287872,115200,0.0,0.0,WFC
1972-10-11,0.20425494245270417,0.20470881462097165,0.20334719811616916,0.20470881462097168,163200,0.0,0.0,WFC
1972-10-12,0.2047087776712714,0.2047087776712714,0.20334716141223907,0.20334716141223907,33600,0.0,0.0,WFC
1972-10-13,0.20243921628840225,0.20243921628840225,0.19880807399749753,0.19880807399749756,86400,0.0,0.0,WFC
1972-10-16,0.1974465542704474,0.1974465542704474,0.19336137175559998,0.19336137175559998,67200,0.0,0.0,WFC
1972-10-17,0.19290743529206475,0.19290743529206475,0.19109178075413438,0.1924535632133484,96000,0.0,0.0,WFC
1972-10-18,0.1942691419988781,0.19608479738235476,0.1942691419988781,0.19608479738235474,139200,0.0,0.0,WFC
1972-10-19,0.19608479738235476,0.19699254196252192,0.19608479738235476,0.19608479738235474,57600,0.0,0.0,WFC
1972-10-20,0.19608474238544654,0.1983542694224607,0.19608474238544654,0.1974465250968933,96000,0.0,0.0,WFC
1972-10-23,0.1988082039750785,0.20516274869441986,0.1988082039750785,0.20516274869441986,192000,0.0,0.0,WFC
1972-10-24,0.20516274869441986,0.20652453183322037,0.20425500408398478,0.20516274869441986,124800,0.0,0.0,WFC
1972-10-25,0.2051626497576155,0.2051626497576155,0.20334716141223907,0.20334716141223907,38400,0.0,0.0,WFC
1972-10-26,0.2033473965685379,0.20607079845908413,0.20198561251163483,0.20198561251163483,172800,0.0,0.0,WFC
1972-10-27,0.2024393230676651,0.202893361538676,0.2024393230676651,0.2024393230676651,76800,0.0,0.0,WFC
1972-10-30,0.20380965840209683,0.2056376039981842,0.20380965840209683,0.2056376039981842,72000,0.00781,0.0,WFC
1972-10-31,0.20563767727048565,0.20746562351790224,0.20518073254572403,0.20655156672000885,148800,0.0,0.0,WFC
1972-11-01,0.2065516347214079,0.2083795815706253,0.2065516347214079,0.2083795815706253,96000,0.0,0.0,WFC
1972-11-02,0.2083795815706253,0.21020752841984272,0.2083795815706253,0.2083795815706253,230400,0.0,0.0,WFC
1972-11-03,0.20929348468780518,0.2102075418450039,0.20929348468780518,0.20929348468780518,110400,0.0,0.0,WFC
1972-11-06,0.20929347132102138,0.21020752841984272,0.2083795815706253,0.2083795815706253,105600,0.0,0.0,WFC
1972-11-08,0.20837959487904242,0.20929348468780518,0.20837959487904242,0.20929348468780518,96000,0.0,0.0,WFC
1972-11-09,0.20929353993974084,0.21112148738826683,0.20929353993974084,0.20975065231323242,124800,0.0,0.0,WFC
1972-11-10,0.21066435571896514,0.2129492461681366,0.21066435571896514,0.2129492461681366,201600,0.0,0.0,WFC
1972-11-13,0.21294946869589781,0.21340641379356384,0.212035411152059,0.21340641379356384,57600,0.0,0.0,WFC
1972-11-14,0.21203525429561412,0.21203525429561412,0.21157830953598022,0.21157830953598022,52800,0.0,0.0,WFC
1972-11-15,0.211578423514005,0.2129494258798533,0.21112147850821325,0.21249248087406158,86400,0.0,0.0,WFC
1972-11-16,0.21249242548374392,0.21249242548374392,0.21203531324863434,0.21203531324863434,33600,0.0,0.0,WFC
1972-11-17,0.21203531324863434,0.21294937037042402,0.21066447858859405,0.21203531324863434,177600,0.0,0.0,WFC
1972-11-20,0.21157841560551352,0.21157841560551352,0.2106645256280899,0.2106645256280899,33600,0.0,0.0,WFC
1972-11-21,0.21066437717517644,0.21066437717517644,0.21020743250846863,0.21020743250846863,158400,0.0,0.0,WFC
1972-11-22,0.21112139523029327,0.21249239705534287,0.21112139523029327,0.21112139523029327,163200,0.0,0.0,WFC
1972-11-24,0.21112142347527416,0.21294937037042402,0.21112142347527416,0.21203531324863434,76800,0.0,0.0,WFC
1972-11-27,0.21112139523029327,0.21112139523029327,0.21020750557919826,0.21112139523029327,144000,0.0,0.0,WFC
1972-11-28,0.21112132184188429,0.21112132184188429,0.21020743250846863,0.21020743250846863,182400,0.0,0.0,WFC
1972-11-29,0.21020743250846863,0.21020743250846863,0.21020743250846863,0.21020743250846863,4800,0.0,0.0,WFC
1972-11-30,0.2102075418450039,0.2102075418450039,0.20929348468780518,0.20929348468780518,316800,0.0,0.0,WFC
1972-12-01,0.20929352331348763,0.21112147061680173,0.20929352331348763,0.2106645256280899,172800,0.0,0.0,WFC
1972-12-04,0.21066437717517644,0.21112132184188429,0.21020743250846863,0.21020743250846863,67200,0.0,0.0,WFC
1972-12-05,0.21020750557919826,0.21112139523029327,0.20975056075365076,0.21112139523029327,72000,0.0,0.0,WFC
1972-12-06,0.21112148738826683,0.21112148738826683,0.20929353993974084,0.20975065231323242,153600,0.0,0.0,WFC
1972-12-07,0.2097506356506663,0.2106645256280899,0.20929352331348763,0.2106645256280899,144000,0.0,0.0,WFC
1972-12-08,0.21066454236325535,0.21066454236325535,0.20929353993974084,0.20975065231323242,62400,0.0,0.0,WFC
1972-12-11,0.20975048784176079,0.21112132184188429,0.20975048784176079,0.21020743250846863,86400,0.0,0.0,WFC
1972-12-12,0.2102075973382439,0.21112148738826683,0.20975065231323242,0.20975065231323242,216000,0.0,0.0,WFC
1972-12-13,0.20975048784176079,0.21020743250846863,0.20929337582670404,0.21020743250846863,86400,0.0,0.0,WFC
1972-12-14,0.21020743250846863,0.2115782665085921,0.20975048784176079,0.21020743250846863,172800,0.0,0.0,WFC
1972-12-15,0.21020747525707853,0.21157830953598022,0.20975053049744463,0.21157830953598022,110400,0.0,0.0,WFC
1972-12-18,0.21157834005584078,0.2120352848813883,0.21020750557919826,0.21112139523029327,52800,0.0,0.0,WFC
1972-12-19,0.21112142347527416,0.21294937037042402,0.21066447858859405,0.21203531324863434,124800,0.0,0.0,WFC
1972-12-20,0.2120351895794689,0.2129492461681366,0.21157824495930097,0.2129492461681366,81600,0.0,0.0,WFC
1972-12-21,0.21294934755738995,0.2147771269083023,0.21112140085806605,0.2147771269083023,96000,0.0,0.0,WFC
1972-12-22,0.21477724908656196,0.21477724908656196,0.2124925235982318,0.21340641379356384,76800,0.0,0.0,WFC
1972-12-26,0.21340641379356384,0.21340641379356384,0.21340641379356384,0.21340641379356384,14400,0.0,0.0,WFC
1972-12-27,0.21340629239511802,0.21569118393217002,0.21294934755738995,0.2147771269083023,168000,0.0,0.0,WFC
1972-12-29,0.21569124275881993,0.22391675412654877,0.21569124275881993,0.22391675412654877,182400,0.0,0.0,WFC
1973-01-02,0.22665845654581637,0.22940029203891754,0.22665845654581637,0.22940029203891754,96000,0.0,0.0,WFC
1973-01-03,0.22940026781024167,0.2312280463803586,0.22757232189178467,0.22757232189178467,76800,0.0,0.0,WFC
1973-01-04,0.2275723459273975,0.22940029203891754,0.22711540123660692,0.22940029203891754,48000,0.0,0.0,WFC
1973-01-05,0.22940032248466635,0.2298572672361021,0.2271154313791076,0.2289433777332306,72000,0.0,0.0,WFC
1973-01-08,0.2284863925103975,0.2284863925103975,0.22665861248970032,0.22665861248970032,86400,0.0,0.0,WFC
1973-01-09,0.22665861248970032,0.22665861248970032,0.22665861248970032,0.22665861248970032,139200,0.0,0.0,WFC
1973-01-10,0.22802929061818808,0.22940029203891754,0.22802929061818808,0.22940029203891754,86400,0.0,0.0,WFC
1973-01-11,0.22940044540973759,0.23397006272112134,0.22894350041344616,0.2330561727285385,225600,0.0,0.0,WFC
1973-01-12,0.2330561727285385,0.23579801005475662,0.2330561727285385,0.2330561727285385,91200,0.0,0.0,WFC
1973-01-15,0.2330562101496891,0.23488415777683258,0.2330562101496891,0.23488415777683258,67200,0.0,0.0,WFC
1973-01-16,0.2348840816439406,0.2357979714870453,0.2335130795308413,0.2357979714870453,100800,0.0,0.0,WFC
1973-01-17,0.23579800287770222,0.2367118928424687,0.23031432839217425,0.2307712733745575,350400,0.0,0.0,WFC
1973-01-18,0.2307711535281991,0.23168521036673306,0.22940031929296456,0.23122809827327728,67200,0.0,0.0,WFC
1973-01-19,0.23122809827327728,0.23214215511181124,0.22940031929296456,0.23122809827327728,48000,0.0,0.0,WFC
1973-01-22,0.23214219297078323,0.2335130274295807,0.23214219297078323,0.2335130274295807,43200,0.0,0.0,WFC
1973-01-23,0.23351321052300353,0.233970155700885,0.2303144269292971,0.23168542981147766,216000,0.0,0.0,WFC
1973-01-24,0.23168533773966427,0.2330561727285385,0.23122822539490323,0.2330561727285385,81600,0.0,0.0,WFC
1973-01-26,0.23077115313449723,0.23077115313449723,0.22574442625045776,0.22574442625045776,235200,0.0,0.0,WFC
1973-01-29,0.22712336882587883,0.2289624810218811,0.22712336882587883,0.2289624810218811,139200,0.00781,0.0,WFC
1973-01-30,0.22804304170978543,0.22804304170978543,0.22528445720672607,0.22528445720672607,331200,0.0,0.0,WFC
1973-01-31,0.22528445720672607,0.2271234012950082,0.22528445720672607,0.22528445720672607,48000,0.0,0.0,WFC
1973-02-01,0.22252573607237547,0.22252573607237547,0.21976715326309204,0.21976715326309204,206400,0.0,0.0,WFC
1973-02-02,0.21976716801184787,0.22068663955313791,0.21700858501743367,0.21884752810001373,48000,0.0,0.0,WFC
1973-02-05,0.21884755934569255,0.21884755934569255,0.2151695042848587,0.2151695042848587,115200,0.0,0.0,WFC
1973-02-06,0.21333040462146574,0.21333040462146574,0.2096523493528366,0.2096523493528366,273600,0.0,0.0,WFC
1973-02-07,0.20689383470450928,0.20689383470450928,0.2022961378097534,0.20229613780975342,158400,0.0,0.0,WFC
1973-02-08,0.202296088762573,0.202296088762573,0.19953750496867156,0.20137661695480347,398400,0.0,0.0,WFC
1973-02-09,0.20229615987703253,0.20597438514232635,0.20229615987703253,0.20597438514232635,91200,0.0,0.0,WFC
1973-02-12,0.20689377188682556,0.20965235551198322,0.20689377188682556,0.20689377188682556,427200,0.0,0.0,WFC
1973-02-13,0.20689374659683762,0.20781321823596954,0.20597427495770568,0.20781321823596954,115200,0.0,0.0,WFC
1973-02-14,0.20781332940432118,0.20781332940432118,0.20597438514232635,0.20597438514232635,105600,0.0,0.0,WFC
1973-02-15,0.2041352502417825,0.2041352502417825,0.2022961378097534,0.20229613780975342,76800,0.0,0.0,WFC
1973-02-16,0.20229619022470224,0.20229619022470224,0.19953760504722595,0.19953760504722595,81600,0.0,0.0,WFC
1973-02-20,0.19953752629599975,0.19953752629599975,0.19861805438995359,0.1986180543899536,72000,0.0,0.0,WFC
1973-02-21,0.19861794027036186,0.20045705139636993,0.1981582045814884,0.20045705139636993,52800,0.0,0.0,WFC
1973-02-22,0.19953748664632726,0.19953748664632726,0.19815827906131744,0.19815827906131744,62400,0.0,0.0,WFC
1973-02-23,0.19723894884244297,0.19723894884244297,0.19539983570575714,0.19539983570575714,105600,0.0,0.0,WFC
1973-02-26,0.19539983015247855,0.19585956633090973,0.19402045324649164,0.19585956633090973,120000,0.0,0.0,WFC
1973-02-27,0.19585940696091095,0.19677887856960297,0.1949399353522189,0.19677887856960297,206400,0.0,0.0,WFC
1973-02-28,0.19631922245025632,0.19631922245025632,0.19539975046835517,0.19631922245025635,24000,0.0,0.0,WFC
1973-03-01,0.19723887741565704,0.19861808549069043,0.19723887741565704,0.19723887741565704,100800,0.0,0.0,WFC
1973-03-02,0.19723880733797758,0.1986180149229874,0.1963191672440603,0.19815827906131744,52800,0.0,0.0,WFC
1973-03-05,0.20045719374835802,0.2032157782110848,0.20045719374835802,0.20229613780975342,96000,0.0,0.0,WFC
1973-03-06,0.202296088762573,0.2032157289409354,0.2013766169548035,0.20137661695480347,57600,0.0,0.0,WFC
1973-03-07,0.2013765227741169,0.2013765227741169,0.19953741164810884,0.20045705139636993,81600,0.0,0.0,WFC
1973-03-08,0.20091681615785142,0.20505460632696398,0.20091681615785142,0.20413513481616974,148800,0.0,0.0,WFC
1973-03-09,0.20413522844209636,0.20505470037460324,0.20321575650958945,0.20505470037460327,62400,0.0,0.0,WFC
1973-03-12,0.20505470037460324,0.20505470037460324,0.20413522844209636,0.20505470037460327,76800,0.0,0.0,WFC
1973-03-13,0.2050546161198364,0.2050546161198364,0.2032156730104248,0.20459488034248352,48000,0.0,0.0,WFC
1973-03-14,0.2059742653155221,0.20735347270965576,0.2059742653155221,0.20735347270965576,38400,0.0,0.0,WFC
1973-03-15,0.2073535618190075,0.20827320218086245,0.206434089827779,0.20827320218086243,72000,0.0,0.0,WFC
1973-03-16,0.20827312242609752,0.20965232988479546,0.20781321823596954,0.20781321823596954,100800,0.0,0.0,WFC
1973-03-19,0.2078132978146217,0.20919267417209092,0.2073535618190075,0.20827320218086243,38400,0.0,0.0,WFC
1973-03-20,0.20781332940432118,0.20781332940432118,0.20505474464067686,0.20597438514232635,264000,0.0,0.0,WFC
1973-03-21,0.20597438514232635,0.20597438514232635,0.20505474464067686,0.20597438514232635,105600,0.0,0.0,WFC
1973-03-22,0.20597434067772588,0.20597434067772588,0.20505470037460324,0.20505470037460327,153600,0.0,0.0,WFC
1973-03-23,0.20459488034248352,0.20459488034248352,0.2041351445651306,0.20459488034248352,52800,0.0,0.0,WFC
1973-03-26,0.20505474464067686,0.20597438514232635,0.20505474464067686,0.20597438514232635,76800,0.0,0.0,WFC
1973-03-27,0.20597438514232635,0.20597438514232635,0.20597438514232635,0.20597438514232635,4800,0.0,0.0,WFC
1973-03-28,0.20781327763231205,0.20873291790485382,0.20781327763231205,0.20873291790485382,28800,0.0,0.0,WFC
1973-03-29,0.20873286798550478,0.2096523396675409,0.20689375625086273,0.20919260382652283,57600,0.0,0.0,WFC
1973-03-30,0.20919259406522947,0.2105718015239274,0.20781321823596954,0.20781321823596954,96000,0.0,0.0,WFC
1973-04-02,0.2068938126102328,0.2068938126102328,0.20413522844209636,0.20505470037460327,153600,0.0,0.0,WFC
1973-04-03,0.20505470037460324,0.20505470037460324,0.20505470037460324,0.20505470037460327,96000,0.0,0.0,WFC
1973-04-04,0.20597430013530052,0.20689377188682556,0.20597430013530052,0.20689377188682556,28800,0.0,0.0,WFC
1973-04-05,0.2068938126102328,0.2078132845427397,0.20505470037460324,0.20505470037460327,72000,0.0,0.0,WFC
1973-04-06,0.20505470037460324,0.20643407664397934,0.20505470037460324,0.20505470037460327,48000,0.0,0.0,WFC
1973-04-09,0.20597427495770568,0.20781321823596954,0.20597427495770568,0.20781321823596954,105600,0.0,0.0,WFC
1973-04-10,0.2096523493528366,0.21057182107734948,0.2096523493528366,0.2096523493528366,19200,0.0,0.0,WFC
1973-04-11,0.20965216089123012,0.21057163178920746,0.2087326899932528,0.21057163178920746,38400,0.0,0.0,WFC
1973-04-12,0.20965238980678547,0.20965238980678547,0.20873291790485382,0.20873291790485382,67200,0.0,0.0,WFC
1973-04-13,0.2087328582456635,0.2087328582456635,0.20597427495770568,0.20781321823596954,163200,0.0,0.0,WFC
1973-04-16,0.208273181953888,0.2105718617087171,0.208273181953888,0.20873291790485382,57600,0.0,0.0,WFC
1973-04-17,0.20873287762832374,0.2096523493528366,0.20873287762832374,0.2096523493528366,14400,0.0,0.0,WFC
1973-04-18,0.2114913910627365,0.2114913910627365,0.2114913910627365,0.2114913910627365,76800,0.0,0.0,WFC
1973-04-19,0.21149161832388266,0.21241109073162082,0.20965250513770364,0.2124110907316208,192000,0.0,0.0,WFC
1973-04-23,0.21241109073162082,0.21333056313935894,0.21149161832388266,0.2124110907316208,62400,0.0,0.0,WFC
1973-04-24,0.21241084223130202,0.21333031356334686,0.21057173119670658,0.21333031356334686,91200,0.0,0.0,WFC
1973-04-25,0.21333031356334686,0.21333031356334686,0.2114913708992572,0.21333031356334686,57600,0.0,0.0,WFC
1973-04-26,0.21241074195558843,0.21241074195558843,0.21057163178920746,0.21057163178920746,52800,0.0,0.0,WFC
1973-04-27,0.2105718015239274,0.21149144153362134,0.20781321823596954,0.20781321823596954,115200,0.0,0.0,WFC
1973-04-30,0.20781293511390686,0.20781293511390686,0.2036473355293589,0.20781293511390686,508800,0.00781,0.0,WFC
1973-05-01,0.2078128122218811,0.20920123159885406,0.2078128122218811,0.20920123159885406,273600,0.0,0.0,WFC
1973-05-02,0.20920135531193443,0.20920135531193443,0.20781293511390686,0.20781293511390686,38400,0.0,0.0,WFC
1973-05-03,0.20781281531846327,0.2096642106771469,0.20781281531846327,0.2096642106771469,268800,0.0,0.0,WFC
1973-05-04,0.20966420085888363,0.2115154266357422,0.20781280558689808,0.2115154266357422,1185600,0.0,0.0,WFC
1973-05-07,0.2096643315398429,0.2096643315398429,0.20781293511390686,0.20781293511390686,52800,0.0,0.0,WFC
1973-05-08,0.20966420085888363,0.2115154266357422,0.20966420085888363,0.2115154266357422,38400,0.0,0.0,WFC
1973-05-09,0.2115154266357422,0.2115154266357422,0.20966420085888363,0.2115154266357422,76800,0.0,0.0,WFC
1973-05-10,0.2096643315398429,0.2096643315398429,0.20781293511390686,0.20781293511390686,552000,0.0,0.0,WFC
1973-05-11,0.20781293511390686,0.20781293511390686,0.20781293511390686,0.20781293511390686,28800,0.0,0.0,WFC
1973-05-14,0.20596152544021606,0.20596152544021606,0.20596152544021606,0.20596152544021606,67200,0.0,0.0,WFC
1973-05-15,0.20596152544021606,0.20596152544021606,0.20457310533149375,0.20596152544021606,62400,0.0,0.0,WFC
1973-05-16,0.20596152544021606,0.20781292174706753,0.20596152544021606,0.20596152544021606,172800,0.0,0.0,WFC
1973-05-17,0.20457308260087426,0.20457308260087426,0.20087029039859772,0.20087029039859772,81600,0.0,0.0,WFC
1973-05-18,0.20087029039859772,0.202721686499736,0.20087029039859772,0.20087029039859772,360000,0.0,0.0,WFC
1973-05-21,0.2008701808268316,0.2008701808268316,0.1990189552307129,0.1990189552307129,148800,0.0,0.0,WFC
1973-05-22,0.1990189552307129,0.1990189552307129,0.1990189552307129,0.1990189552307129,100800,0.0,0.0,WFC
1973-05-23,0.1990189552307129,0.1990189552307129,0.19716756013948375,0.1990189552307129,124800,0.0,0.0,WFC
1973-05-24,0.1990189552307129,0.1990189552307129,0.19716756013948375,0.1990189552307129,14400,0.0,0.0,WFC
1973-05-25,0.1990189552307129,0.1990189552307129,0.1953161650482546,0.1990189552307129,57600,0.0,0.0,WFC
1973-05-29,0.19901906379266232,0.20087029039859772,0.19901906379266232,0.20087029039859772,43200,0.0,0.0,WFC
1973-05-30,0.20087033337734297,0.20457312637187886,0.20087033337734297,0.2027217298746109,168000,0.0,0.0,WFC
1973-05-31,0.20272168386656658,0.20457307994365692,0.20087028778947624,0.20457307994365692,72000,0.0,0.0,WFC
1973-06-01,0.20457310533149375,0.20781292174706753,0.20457310533149375,0.20596152544021606,33600,0.0,0.0,WFC
1973-06-04,0.20596152544021606,0.20596152544021606,0.20457310533149375,0.20596152544021606,57600,0.0,0.0,WFC
1973-06-05,0.20596141995977962,0.21151543654069563,0.20596141995977962,0.2096642106771469,331200,0.0,0.0,WFC
1973-06-06,0.2115154266357422,0.2115154266357422,0.2115154266357422,0.2115154266357422,28800,0.0,0.0,WFC
1973-06-07,0.2115154266357422,0.2115154266357422,0.2115154266357422,0.2115154266357422,115200,0.0,0.0,WFC
1973-06-08,0.21151543654069563,0.21151543654069563,0.2096642106771469,0.2096642106771469,91200,0.0,0.0,WFC
1973-06-11,0.2096642106771469,0.2096642106771469,0.2096642106771469,0.2096642106771469,33600,0.0,0.0,WFC
1973-06-12,0.2096641857255182,0.2133668065071106,0.2096641857255182,0.2133668065071106,96000,0.0,0.0,WFC
1973-06-13,0.21336682190772774,0.21336682190772774,0.2115154266357422,0.2115154266357422,297600,0.0,0.0,WFC
1973-06-14,0.2115154266357422,0.2115154266357422,0.2115154266357422,0.2115154266357422,19200,0.0,0.0,WFC
1973-06-15,0.2096642106771469,0.2096642106771469,0.2096642106771469,0.2096642106771469,19200,0.0,0.0,WFC
1973-06-18,0.2115154266357422,0.2115154266357422,0.2115154266357422,0.2115154266357422,24000,0.0,0.0,WFC
1973-06-19,0.21151543654069563,0.21151543654069563,0.2096642106771469,0.2096642106771469,201600,0.0,0.0,WFC
1973-06-20,0.2096642106771469,0.2096642106771469,0.20596141995977962,0.2096642106771469,81600,0.0,0.0,WFC
1973-06-21,0.2096642106771469,0.2096642106771469,0.20781281531846327,0.2096642106771469,43200,0.0,0.0,WFC
1973-06-22,0.2096643315398429,0.2096643315398429,0.20781293511390686,0.20781293511390686,76800,0.0,0.0,WFC
1973-06-25,0.2096642106771469,0.2096642106771469,0.2096642106771469,0.2096642106771469,105600,0.0,0.0,WFC
1973-06-26,0.2096642106771469,0.2096642106771469,0.20781281531846327,0.2096642106771469,120000,0.0,0.0,WFC
1973-06-27,0.20781293511390686,0.20781293511390686,0.20781293511390686,0.20781293511390686,14400,0.0,0.0,WFC
1973-06-28,0.20781293511390686,0.20781293511390686,0.20781293511390686,0.20781293511390686,19200,0.0,0.0,WFC
1973-06-29,0.2115154266357422,0.2115154266357422,0.2115154266357422,0.2115154266357422,148800,0.0,0.0,WFC
1973-07-02,0.2115154266357422,0.2115154266357422,0.20966420085888363,0.2115154266357422,48000,0.0,0.0,WFC
1973-07-03,0.2115154266357422,0.21336682190772774,0.2115154266357422,0.2115154266357422,254400,0.0,0.0,WFC
1973-07-05,0.21151543654069563,0.21151543654069563,0.2096642106771469,0.2096642106771469,72000,0.0,0.0,WFC
1973-07-06,0.2096642106771469,0.2096642106771469,0.2096642106771469,0.2096642106771469,38400,0.0,0.0,WFC
1973-07-09,0.20966420085888363,0.2115154266357422,0.20966420085888363,0.2115154266357422,48000,0.0,0.0,WFC
1973-07-10,0.2133668065071106,0.21521820164546418,0.2133668065071106,0.2133668065071106,240000,0.0,0.0,WFC
1973-07-11,0.21521822679928995,0.22030926740833148,0.21521822679928995,0.21845804154872894,288000,0.0,0.0,WFC
1973-07-12,0.21845809083471424,0.220309317111969,0.21660669506228666,0.220309317111969,206400,0.0,0.0,WFC
1973-07-13,0.21845816236411617,0.21845816236411617,0.2166067659854889,0.2166067659854889,57600,0.0,0.0,WFC
1973-07-16,0.2166067659854889,0.21845816236411617,0.21521834582293964,0.2166067659854889,38400,0.0,0.0,WFC
1973-07-17,0.2166067659854889,0.21845816236411617,0.21521834582293964,0.2166067659854889,33600,0.0,0.0,WFC
1973-07-18,0.2166067659854889,0.2166067659854889,0.2166067659854889,0.2166067659854889,0,0.0,0.0,WFC
1973-07-19,0.21660664619399186,0.21845804154872894,0.21521822679928995,0.21845804154872894,28800,0.0,0.0,WFC
1973-07-20,0.2166067659854889,0.2166067659854889,0.21521834582293964,0.2166067659854889,67200,0.0,0.0,WFC
1973-07-23,0.2166066365123572,0.2166066365123572,0.2115154266357422,0.2115154266357422,62400,0.0,0.0,WFC
1973-07-24,0.21151551352275283,0.21521830558776855,0.2096642869854416,0.21521830558776855,192000,0.0,0.0,WFC
1973-07-25,0.21660664619399186,0.21845804154872894,0.21660664619399186,0.21845804154872894,288000,0.0,0.0,WFC
1973-07-26,0.21845808985148096,0.22401210764859342,0.21845808985148096,0.2221607118844986,456000,0.0,0.0,WFC
1973-07-27,0.2221607118844986,0.2221607118844986,0.2221607118844986,0.2221607118844986,129600,0.0,0.0,WFC
1973-07-30,0.22365109167394043,0.22365109167394043,0.21992363035678864,0.21992363035678864,33600,0.00833,0.0,WFC
1973-07-31,0.2199236539931567,0.2199236539931567,0.21805983781814572,0.21805983781814575,9600,0.0,0.0,WFC
1973-08-01,0.21805983781814572,0.21805983781814572,0.21805983781814572,0.21805983781814575,33600,0.0,0.0,WFC
1973-08-02,0.21805981438209193,0.21992363035678864,0.21805981438209193,0.21992363035678864,24000,0.0,0.0,WFC
1973-08-03,0.2255149632692337,0.227378609071335,0.2255149632692337,0.2255149632692337,268800,0.0,0.0,WFC
1973-08-06,0.22365112602710724,0.22365112602710724,0.22365112602710724,0.22365112602710724,33600,0.0,0.0,WFC
1973-08-07,0.22365109167394043,0.22365109167394043,0.21992363035678864,0.21992363035678864,38400,0.0,0.0,WFC
1973-08-08,0.21805982809171987,0.21805982809171987,0.21666209399700165,0.21666209399700165,57600,0.0,0.0,WFC
1973-08-09,0.21479822020277775,0.21479822020277775,0.21107075965260375,0.21293440461158752,412800,0.0,0.0,WFC
1973-08-10,0.2129344812198372,0.2129344812198372,0.21107083559036252,0.21107083559036255,67200,0.0,0.0,WFC
1973-08-13,0.21107083559036252,0.21107083559036252,0.21107083559036252,0.21107083559036255,14400,0.0,0.0,WFC
1973-08-14,0.21107083559036252,0.21107083559036252,0.21107083559036252,0.21107083559036255,96000,0.0,0.0,WFC
1973-08-15,0.21107083559036252,0.21107083559036252,0.21107083559036252,0.21107083559036255,4800,0.0,0.0,WFC
1973-08-16,0.21107075965260375,0.21293440461158752,0.21107075965260375,0.21293440461158752,216000,0.0,0.0,WFC
1973-08-17,0.21293440461158752,0.21293440461158752,0.21107075965260375,0.21293440461158752,14400,0.0,0.0,WFC
1973-08-20,0.21293440461158752,0.21293440461158752,0.21293440461158752,0.21293440461158752,0,0.0,0.0,WFC
1973-08-21,0.21107083559036252,0.21107083559036252,0.21107083559036252,0.21107083559036255,19200,0.0,0.0,WFC
1973-08-22,0.21107083559036252,0.21107083559036252,0.21107083559036252,0.21107083559036255,62400,0.0,0.0,WFC
1973-08-23,0.21107088342586136,0.21479834616184235,0.21107088342586136,0.21479834616184235,172800,0.0,0.0,WFC
1973-08-24,0.21479834616184235,0.21666216284598608,0.21479834616184235,0.21479834616184235,19200,0.0,0.0,WFC
1973-08-27,0.21479834616184235,0.21479834616184235,0.21479834616184235,0.21479834616184235,62400,0.0,0.0,WFC
1973-08-28,0.21293440461158752,0.21293440461158752,0.21293440461158752,0.21293440461158752,182400,0.0,0.0,WFC
1973-08-29,0.2129345294776986,0.21479834616184235,0.21107088342586136,0.21479834616184235,91200,0.0,0.0,WFC
1973-08-30,0.21479827790512507,0.21666209399700165,0.2129344618132485,0.21666209399700165,52800,0.0,0.0,WFC
1973-08-31,0.21666209399700165,0.21666209399700165,0.2129344618132485,0.21666209399700165,100800,0.0,0.0,WFC
1973-09-04,0.21666210366108246,0.2199236539931567,0.21666210366108246,0.21805983781814575,1195200,0.0,0.0,WFC
1973-09-05,0.21992363035678864,0.21992363035678864,0.21992363035678864,0.21992363035678864,52800,0.0,0.0,WFC
1973-09-06,0.21992366413741138,0.22365112602710724,0.21992366413741138,0.22365112602710724,72000,0.0,0.0,WFC
1973-09-07,0.22365112602710724,0.22365112602710724,0.2217873097661254,0.22365112602710724,3048000,0.0,0.0,WFC
1973-09-10,0.22365119502795436,0.22365119502795436,0.22178737819194794,0.22178737819194794,43200,0.0,0.0,WFC
1973-09-11,0.21992363035678864,0.21992363035678864,0.21805981438209193,0.21992363035678864,91200,0.0,0.0,WFC
1973-09-12,0.21805983781814572,0.21805983781814572,0.21805983781814572,0.21805983781814575,72000,0.0,0.0,WFC
1973-09-13,0.21805981438209193,0.21992363035678864,0.21805981438209193,0.21992363035678864,129600,0.0,0.0,WFC
1973-09-14,0.21992373198826193,0.22178737819194794,0.21992373198826193,0.22178737819194794,48000,0.0,0.0,WFC
1973-09-17,0.2217873097661254,0.22365112602710724,0.2217873097661254,0.22365112602710724,148800,0.0,0.0,WFC
1973-09-18,0.22365109167394043,0.22365109167394043,0.21805981438209193,0.21992363035678864,163200,0.0,0.0,WFC
1973-09-19,0.21992363035678864,0.22178727569924375,0.21992363035678864,0.21992363035678864,206400,0.0,0.0,WFC
1973-09-20,0.21992368459836248,0.2255149632692337,0.21992368459836248,0.2255149632692337,825600,0.0,0.0,WFC
1973-09-21,0.22551492286508687,0.22924238443374634,0.22551492286508687,0.22924238443374634,33600,0.0,0.0,WFC
1973-09-24,0.22737868130207062,0.22737868130207062,0.22737868130207062,0.22737868130207062,76800,0.0,0.0,WFC
1973-09-25,0.2273787622669402,0.23064048588275907,0.22551511520921352,0.2306404858827591,129600,0.0,0.0,WFC
1973-09-26,0.23064048588275907,0.23064048588275907,0.22924257995706546,0.2306404858827591,81600,0.0,0.0,WFC
1973-09-27,0.23064028916715185,0.23064028916715185,0.22924238443374634,0.22924238443374634,115200,0.0,0.0,WFC
1973-09-28,0.227378609071335,0.227378609071335,0.22365114683484874,0.2255149632692337,216000,0.0,0.0,WFC
1973-10-01,0.2255149632692337,0.2255149632692337,0.22365114683484874,0.2255149632692337,201600,0.0,0.0,WFC
1973-10-02,0.2255149632692337,0.2255149632692337,0.2255149632692337,0.2255149632692337,4800,0.0,0.0,WFC
1973-10-03,0.22551492286508687,0.22924238443374634,0.22551492286508687,0.22924238443374634,81600,0.0,0.0,WFC
1973-10-04,0.229242498328529,0.229242498328529,0.22737868130207062,0.22737868130207062,38400,0.0,0.0,WFC
1973-10-05,0.22737868130207062,0.229242498328529,0.22737868130207062,0.22737868130207062,76800,0.0,0.0,WFC
1973-10-08,0.22737868130207062,0.229242498328529,0.22737868130207062,0.22737868130207062,48000,0.0,0.0,WFC
1973-10-09,0.2273787622669402,0.23064048588275907,0.2273787622669402,0.2306404858827591,139200,0.0,0.0,WFC
1973-10-10,0.23064048588275907,0.23064048588275907,0.23064048588275907,0.2306404858827591,24000,0.0,0.0,WFC
1973-10-11,0.23064048588275907,0.23064048588275907,0.22924257995706546,0.2306404858827591,158400,0.0,0.0,WFC
1973-10-12,0.23064048588275907,0.23250413294048575,0.23064048588275907,0.2306404858827591,67200,0.0,0.0,WFC
1973-10-15,0.23250395059585569,0.23250395059585569,0.23250395059585569,0.2325039505958557,86400,0.0,0.0,WFC
1973-10-16,0.23436790704727176,0.23623172439079929,0.23436790704727176,0.23436790704727173,105600,0.0,0.0,WFC
1973-10-17,0.23436766068417855,0.2362314760684967,0.23436766068417855,0.2362314760684967,254400,0.0,0.0,WFC
1973-10-18,0.23623149171757346,0.241356685757637,0.23623149171757346,0.24135668575763702,139200,0.0,0.0,WFC
1973-10-19,0.241356685757637,0.241356685757637,0.23995895210094664,0.24135668575763702,158400,0.0,0.0,WFC
1973-10-22,0.241356685757637,0.241356685757637,0.241356685757637,0.24135668575763702,264000,0.0,0.0,WFC
1973-10-23,0.241356685757637,0.241356685757637,0.23995895210094664,0.24135668575763702,196800,0.0,0.0,WFC
1973-10-24,0.24322060145474736,0.24881187964910936,0.24322060145474736,0.24694806337356567,542400,0.0,0.0,WFC
1973-10-25,0.24694803981447475,0.24881185591220853,0.24694803981447475,0.24881185591220856,134400,0.0,0.0,WFC
1973-10-26,0.24881189168975765,0.25207344235559215,0.24881189168975765,0.2506757080554962,384000,0.0,0.0,WFC
1973-10-29,0.2503000497817993,0.2503000497817993,0.24842508582424785,0.2503000497817993,38400,0.00833,0.0,WFC
1973-10-30,0.2503000394103163,0.2521750032901764,0.2503000394103163,0.2521750032901764,216000,0.0,0.0,WFC
1973-10-31,0.2521750137393508,0.2521750137393508,0.2503000497817993,0.2503000497817993,100800,0.0,0.0,WFC
1973-11-01,0.25030001775683147,0.25030001775683147,0.24655026197433472,0.24655026197433472,120000,0.0,0.0,WFC
1973-11-02,0.24655026197433472,0.24655026197433472,0.24655026197433472,0.24655026197433472,547200,0.0,0.0,WFC
1973-11-05,0.24655026197433472,0.24655026197433472,0.24467529825667794,0.24655026197433472,124800,0.0,0.0,WFC
1973-11-06,0.24655026197433472,0.25030001775683147,0.24655026197433472,0.24655026197433472,86400,0.0,0.0,WFC
1973-11-07,0.24655026197433472,0.24655026197433472,0.24655026197433472,0.24655026197433472,62400,0.0,0.0,WFC
1973-11-08,0.24655027431243973,0.25030003028258535,0.24655027431243973,0.24842506647109985,134400,0.0,0.0,WFC
1973-11-09,0.24842508582424785,0.2503000497817993,0.2465502935195351,0.2503000497817993,129600,0.0,0.0,WFC
1973-11-12,0.2484250540391747,0.2484250540391747,0.24655026197433472,0.24655026197433472,244800,0.0,0.0,WFC
1973-11-13,0.24655027431243973,0.25030003028258535,0.24655027431243973,0.24842506647109985,494400,0.0,0.0,WFC
1973-11-14,0.24842518544114,0.2503001501505402,0.24467542767524716,0.2446754276752472,326400,0.0,0.0,WFC
1973-11-15,0.24467542767524716,0.24467542767524716,0.24280046296584698,0.2446754276752472,57600,0.0,0.0,WFC
1973-11-16,0.24467529825667794,0.24655026197433472,0.24280033453902117,0.24655026197433472,172800,0.0,0.0,WFC
1973-11-19,0.24467529204911065,0.24467529204911065,0.23764447867870334,0.2376444786787033,201600,0.0,0.0,WFC
1973-11-20,0.2357695563594125,0.2357695563594125,0.22311384975910187,0.22311384975910187,316800,0.0,0.0,WFC
1973-11-21,0.22311379242315635,0.22311379242315635,0.21936403704175153,0.22123900055885315,153600,0.0,0.0,WFC
1973-11-23,0.22311382457899073,0.22498878836631775,0.22311382457899073,0.22498878836631775,81600,0.0,0.0,WFC
1973-11-26,0.22498881375803298,0.22686377775696412,0.22311384975910187,0.22311384975910187,240000,0.0,0.0,WFC
1973-11-27,0.22123910082427756,0.22123910082427756,0.21795804192197465,0.21936413645744324,144000,0.0,0.0,WFC
1973-11-28,0.22123900055885315,0.22123900055885315,0.22123900055885315,0.22123900055885315,33600,0.0,0.0,WFC
1973-11-29,0.22123900055885315,0.22123900055885315,0.22123900055885315,0.22123900055885315,62400,0.0,0.0,WFC
1973-11-30,0.22123899335696479,0.22686371207237244,0.22123899335696479,0.22686371207237244,422400,0.0,0.0,WFC
1973-12-03,0.2268637521536448,0.2268637521536448,0.22498878836631775,0.22498878836631775,302400,0.0,0.0,WFC
1973-12-04,0.22498878836631775,0.22498878836631775,0.22311382457899073,0.22498878836631775,72000,0.0,0.0,WFC
1973-12-05,0.22498878836631775,0.22498878836631775,0.22311382457899073,0.22498878836631775,297600,0.0,0.0,WFC
1973-12-06,0.22123900055885315,0.22123900055885315,0.21795794314352412,0.22123900055885315,235200,0.0,0.0,WFC
1973-12-07,0.22123900055885315,0.22123900055885315,0.21936403704175153,0.22123900055885315,249600,0.0,0.0,WFC
1973-12-10,0.22123900055885315,0.22123900055885315,0.22123900055885315,0.22123900055885315,72000,0.0,0.0,WFC
1973-12-11,0.22123905741301328,0.22498881375803298,0.22123905741301328,0.22311384975910187,168000,0.0,0.0,WFC
1973-12-12,0.2212391069796195,0.2212391069796195,0.21795804798603055,0.21795804798603058,81600,0.0,0.0,WFC
1973-12-13,0.21795807402178474,0.21936416876433615,0.21420814473584468,0.2160831093788147,196800,0.0,0.0,WFC
1973-12-14,0.2160829796264225,0.22123900055885315,0.2160829796264225,0.22123900055885315,115200,0.0,0.0,WFC
1973-12-17,0.22123910082427756,0.22123910082427756,0.21795804192197465,0.21936413645744324,91200,0.0,0.0,WFC
1973-12-18,0.21936406865715982,0.22498878836631775,0.21608301076895486,0.22498878836631775,892800,0.0,0.0,WFC
1973-12-19,0.22498881375803298,0.2287385701030527,0.22311384975910187,0.22311384975910187,100800,0.0,0.0,WFC
1973-12-20,0.22311382457899073,0.22498878836631775,0.22311382457899073,0.22498878836631775,43200,0.0,0.0,WFC
1973-12-21,0.22311384975910187,0.22311384975910187,0.22311384975910187,0.22311384975910187,52800,0.0,0.0,WFC
1973-12-24,0.22311382457899073,0.22498878836631775,0.22311382457899073,0.22498878836631775,62400,0.0,0.0,WFC
1973-12-26,0.22498878836631775,0.2268637521536448,0.22498878836631775,0.22498878836631775,86400,0.0,0.0,WFC
1973-12-27,0.22498878836631775,0.2268637521536448,0.22311382457899073,0.22498878836631775,484800,0.0,0.0,WFC
1973-12-28,0.22686371207237244,0.22686371207237244,0.22686371207237244,0.22686371207237244,24000,0.0,0.0,WFC
1973-12-31,0.22686371207237244,0.22873850387564643,0.22686371207237244,0.22686371207237244,19200,0.0,0.0,WFC
1974-01-02,0.22686371207237244,0.22686371207237244,0.22686371207237244,0.22686371207237244,43200,0.0,0.0,WFC
1974-01-03,0.2306136312308386,0.2338946908712387,0.2306136312308386,0.2338946908712387,312000,0.0,0.0,WFC
1974-01-04,0.23576951500861557,0.24139423436606638,0.23576951500861557,0.2376444786787033,796800,0.0,0.0,WFC
1974-01-07,0.23764457903920386,0.23764457903920386,0.23389465011538296,0.2357696145772934,182400,0.0,0.0,WFC
1974-01-08,0.23576951500861557,0.23951927069597864,0.23576951500861557,0.2376444786787033,158400,0.0,0.0,WFC
1974-01-09,0.237644348933265,0.24139410257339475,0.237644348933265,0.24139410257339478,81600,0.0,0.0,WFC
1974-01-10,0.24139430701447764,0.24139430701447764,0.2376445501986129,0.23951934278011322,230400,0.0,0.0,WFC
1974-01-11,0.23764447867870334,0.23764447867870334,0.23764447867870334,0.2376444786787033,9600,0.0,0.0,WFC
1974-01-14,0.2357696145772934,0.2357696145772934,0.2357696145772934,0.2357696145772934,9600,0.0,0.0,WFC
1974-01-15,0.2357696145772934,0.23764457903920386,0.2357696145772934,0.2357696145772934,62400,0.0,0.0,WFC
1974-01-16,0.23764447867870334,0.23951927069597864,0.23764447867870334,0.2376444786787033,172800,0.0,0.0,WFC
1974-01-17,0.23764447867870334,0.23764447867870334,0.23764447867870334,0.2376444786787033,33600,0.0,0.0,WFC
1974-01-18,0.23764447867870334,0.24139423436606638,0.23764447867870334,0.2376444786787033,24000,0.0,0.0,WFC
1974-01-21,0.2376445501986129,0.23951934278011325,0.23576958596424852,0.23951934278011322,158400,0.0,0.0,WFC
1974-01-22,0.23951913992697052,0.24139410257339475,0.23951913992697052,0.24139410257339478,81600,0.0,0.0,WFC
1974-01-23,0.24139410257339475,0.24139410257339475,0.23951913992697052,0.24139410257339478,144000,0.0,0.0,WFC
1974-01-24,0.24139410257339475,0.24139410257339475,0.24139410257339475,0.24139410257339478,225600,0.0,0.0,WFC
1974-01-25,0.24139430701447764,0.24139430701447764,0.23951934278011325,0.23951934278011322,345600,0.0,0.0,WFC
1974-01-28,0.2391415238380432,0.2391415238380432,0.2372547488046036,0.2391415238380432,172800,0.00833,0.0,WFC
1974-01-29,0.2391415238380432,0.2391415238380432,0.2391415238380432,0.2391415238380432,38400,0.0,0.0,WFC
1974-01-30,0.2410280660162231,0.2429148405790329,0.2410280660162231,0.2429148405790329,244800,0.0,0.0,WFC
1974-01-31,0.2429148405790329,0.2429148405790329,0.2429148405790329,0.2429148405790329,24000,0.0,0.0,WFC
1974-02-01,0.24291487348049784,0.24432982504367828,0.24291487348049784,0.24432982504367828,139200,0.0,0.0,WFC
1974-02-04,0.24432976124256225,0.24621653556823733,0.24291481004886387,0.2462165355682373,168000,0.0,0.0,WFC
1974-02-05,0.24432982504367828,0.24432982504367828,0.24432982504367828,0.24432982504367828,72000,0.0,0.0,WFC
1974-02-06,0.24432982504367828,0.24432982504367828,0.24291487348049784,0.24432982504367828,52800,0.0,0.0,WFC
1974-02-07,0.24432982504367828,0.24810337468040414,0.24432982504367828,0.24432982504367828,148800,0.0,0.0,WFC
1974-02-08,0.24432982504367828,0.2462165998620412,0.24432982504367828,0.24432982504367828,38400,0.0,0.0,WFC
1974-02-11,0.24432982504367828,0.24432982504367828,0.24432982504367828,0.24432982504367828,38400,0.0,0.0,WFC
1974-02-12,0.24432985289525364,0.24621662792869328,0.2372547488046036,0.2391415238380432,470400,0.0,0.0,WFC
1974-02-13,0.23914146418751225,0.2429148405790329,0.23914146418751225,0.2429148405790329,28800,0.0,0.0,WFC
1974-02-14,0.24102796614170077,0.24102796614170077,0.24102796614170077,0.24102796614170074,4800,0.0,0.0,WFC
1974-02-15,0.2391415238380432,0.2391415238380432,0.2391415238380432,0.2391415238380432,52800,0.0,0.0,WFC
1974-02-19,0.23914136509473893,0.24102796614170077,0.23914136509473893,0.24102796614170074,81600,0.0,0.0,WFC
1974-02-20,0.2410280660162231,0.24432979195056606,0.23914146418751225,0.2429148405790329,134400,0.0,0.0,WFC
1974-02-21,0.24291487348049784,0.24432982504367828,0.24291487348049784,0.24432982504367828,72000,0.0,0.0,WFC
1974-02-22,0.24432982504367828,0.2462165998620412,0.24291487348049784,0.24432982504367828,288000,0.0,0.0,WFC
1974-02-25,0.24432982504367828,0.24432982504367828,0.24291487348049784,0.24432982504367828,14400,0.0,0.0,WFC
1974-02-26,0.24432982504367828,0.2462165998620412,0.24291487348049784,0.24432982504367828,62400,0.0,0.0,WFC
1974-02-27,0.24291473992268997,0.24291473992268997,0.24102796614170077,0.24102796614170074,72000,0.0,0.0,WFC
1974-02-28,0.2429148405790329,0.24432979195056606,0.2429148405790329,0.2429148405790329,81600,0.0,0.0,WFC
1974-03-01,0.2429148405790329,0.2429148405790329,0.2429148405790329,0.2429148405790329,14400,0.0,0.0,WFC
1974-03-04,0.2429148405790329,0.2429148405790329,0.23914146418751225,0.2429148405790329,67200,0.0,0.0,WFC
1974-03-05,0.24291473992268997,0.24291473992268997,0.24102796614170077,0.24102796614170074,14400,0.0,0.0,WFC
1974-03-06,0.2391415238380432,0.2391415238380432,0.2391415238380432,0.2391415238380432,14400,0.0,0.0,WFC
1974-03-07,0.2391415238380432,0.24291490117078043,0.2391415238380432,0.2391415238380432,81600,0.0,0.0,WFC
1974-03-08,0.2391415238380432,0.24102812613734081,0.2391415238380432,0.2391415238380432,120000,0.0,0.0,WFC
1974-03-11,0.2391415238380432,0.2391415238380432,0.2391415238380432,0.2391415238380432,57600,0.0,0.0,WFC
1974-03-12,0.2391415238380432,0.2391415238380432,0.2391415238380432,0.2391415238380432,28800,0.0,0.0,WFC
1974-03-13,0.2391415238380432,0.2391415238380432,0.2391415238380432,0.2391415238380432,105600,0.0,0.0,WFC
1974-03-14,0.2391415238380432,0.2391415238380432,0.2372547488046036,0.2391415238380432,374400,0.0,0.0,WFC
1974-03-15,0.2391415238380432,0.24102812613734081,0.2391415238380432,0.2391415238380432,96000,0.0,0.0,WFC
1974-03-18,0.2391415238380432,0.2391415238380432,0.2372547488046036,0.2391415238380432,38400,0.0,0.0,WFC
1974-03-19,0.23914146418751225,0.2429148405790329,0.23914146418751225,0.2429148405790329,312000,0.0,0.0,WFC
1974-03-20,0.24291481004886387,0.24621653556823733,0.24291481004886387,0.2462165355682373,230400,0.0,0.0,WFC
1974-03-21,0.24621653556823733,0.24810330989391238,0.24621653556823733,0.2462165355682373,168000,0.0,0.0,WFC
1974-03-22,0.24621656651337587,0.24621656651337587,0.2429148405790329,0.2429148405790329,100800,0.0,0.0,WFC
1974-03-25,0.24291473992268997,0.24291473992268997,0.23914136509473893,0.24102796614170074,24000,0.0,0.0,WFC
1974-03-26,0.24102813111957522,0.24291490619201594,0.23536797863639872,0.23725475370883942,158400,0.0,0.0,WFC
1974-03-27,0.23725471362986356,0.23725471362986356,0.23536793887615204,0.23536793887615204,52800,0.0,0.0,WFC
1974-03-28,0.23536790460227028,0.23536790460227028,0.23206617881465424,0.233481302857399,163200,0.0,0.0,WFC
1974-03-29,0.23206624483869226,0.23206624483869226,0.22640609252555344,0.22829286754131317,48000,0.0,0.0,WFC
1974-04-01,0.2264060229063034,0.2264060229063034,0.22451924847072177,0.2264060229063034,153600,0.0,0.0,WFC
1974-04-02,0.22640614745994952,0.22640614745994952,0.22451937198638916,0.22451937198638916,9600,0.0,0.0,WFC
1974-04-03,0.22263259088006912,0.22263259088006912,0.21744409203529358,0.21744409203529358,268800,0.0,0.0,WFC
1974-04-04,0.21744416533675365,0.22074589133262634,0.21744416533675365,0.22074589133262634,38400,0.0,0.0,WFC
1974-04-05,0.2226325273513794,0.2226325273513794,0.2226325273513794,0.2226325273513794,72000,0.0,0.0,WFC
1974-04-08,0.22263272311894547,0.22263272311894547,0.21933099627494812,0.21933099627494812,297600,0.0,0.0,WFC
1974-04-09,0.21933086599722393,0.21933086599722393,0.21744409203529358,0.21744409203529358,43200,0.0,0.0,WFC
1974-04-10,0.21744409203529358,0.21744409203529358,0.21744409203529358,0.21744409203529358,38400,0.0,0.0,WFC
1974-04-11,0.2174442612490702,0.2174442612490702,0.21555748581886292,0.21555748581886292,220800,0.0,0.0,WFC
1974-04-15,0.2155574522019165,0.2155574522019165,0.21367084980010986,0.21367084980010986,254400,0.0,0.0,WFC
1974-04-16,0.21367088312283394,0.21555748581886292,0.21367088312283394,0.21555748581886292,100800,0.0,0.0,WFC
1974-04-17,0.2155574461096827,0.21933099627494812,0.2155574461096827,0.21933099627494812,115200,0.0,0.0,WFC
1974-04-18,0.21933099627494812,0.22074594803631276,0.21933099627494812,0.21933099627494812,48000,0.0,0.0,WFC
1974-04-19,0.22074575392784404,0.2226325273513794,0.22074575392784404,0.2226325273513794,57600,0.0,0.0,WFC
1974-04-22,0.22074594803631276,0.22074594803631276,0.21933099627494812,0.21933099627494812,52800,0.0,0.0,WFC
1974-04-23,0.21933086599722393,0.21933086599722393,0.2155573180733632,0.21744409203529358,86400,0.0,0.0,WFC
1974-04-24,0.21744409203529358,0.21744409203529358,0.21744409203529358,0.21744409203529358,9600,0.0,0.0,WFC
1974-04-25,0.2174442612490702,0.2174442612490702,0.21555748581886292,0.21555748581886292,91200,0.0,0.0,WFC
1974-04-26,0.2155573180733632,0.21744409203529358,0.2155573180733632,0.21744409203529358,52800,0.0,0.0,WFC
1974-04-29,0.21706364162088015,0.21706364162088015,0.21516385674476624,0.21516385674476624,57600,0.00833,0.0,WFC
1974-04-30,0.21326373837292759,0.21326373837292759,0.20993894338607788,0.20993894338607788,489600,0.0,0.0,WFC
1974-05-01,0.20993898424469035,0.21326377987861633,0.20993898424469035,0.21326377987861633,216000,0.0,0.0,WFC
1974-05-02,0.2113637809771621,0.2113637809771621,0.20993894338607788,0.20993894338607788,19200,0.0,0.0,WFC
1974-05-03,0.20803909640477572,0.20803909640477572,0.2042393535375595,0.2042393535375595,76800,0.0,0.0,WFC
1974-05-06,0.20423937024412425,0.20423937024412425,0.200439453125,0.200439453125,148800,0.0,0.0,WFC
1974-05-07,0.19901453488193915,0.19901453488193915,0.1933148354291916,0.1933148354291916,144000,0.0,0.0,WFC
1974-05-08,0.19331490148729324,0.19331490148729324,0.18951515853405,0.18951515853405,139200,0.0,0.0,WFC
1974-05-09,0.1880900560605944,0.1880900560605944,0.18619009852409363,0.18619009852409363,259200,0.0,0.0,WFC
1974-05-10,0.18619012785466207,0.18619012785466207,0.1752658486366272,0.1752658486366272,384000,0.0,0.0,WFC
1974-05-13,0.175265889221288,0.1785906857480621,0.175265889221288,0.1766907274723053,76800,0.0,0.0,WFC
1974-05-14,0.17669070690283145,0.18239040712550345,0.17526586881768688,0.18049044907093048,153600,0.0,0.0,WFC
1974-05-15,0.1823904663324356,0.18429042500376625,0.1823904663324356,0.1823904663324356,96000,0.0,0.0,WFC
1974-05-16,0.1823904663324356,0.1823904663324356,0.1823904663324356,0.1823904663324356,105600,0.0,0.0,WFC
1974-05-17,0.18049047008275187,0.18049047008275187,0.1766907274723053,0.1766907274723053,148800,0.0,0.0,WFC
1974-05-20,0.17526572715131292,0.17526572715131292,0.17146581411361694,0.17146581411361694,158400,0.0,0.0,WFC
1974-05-21,0.17146581411361694,0.17336577063246494,0.17146581411361694,0.17146581411361694,259200,0.0,0.0,WFC
1974-05-22,0.17146592336725394,0.17146592336725394,0.16956613957881927,0.16956613957881927,115200,0.0,0.0,WFC
1974-05-23,0.16956619993230526,0.17146598439692787,0.1676662415266037,0.1676662415266037,48000,0.0,0.0,WFC
1974-05-24,0.16766618184936752,0.16956613957881927,0.16766618184936752,0.16956613957881927,76800,0.0,0.0,WFC
1974-05-28,0.17146593296502421,0.17669068655770823,0.17146593296502421,0.1752658486366272,153600,0.0,0.0,WFC
1974-05-29,0.17669075634525988,0.1823904581628489,0.17669075634525988,0.17859071493148804,268800,0.0,0.0,WFC
1974-05-30,0.17669070192701541,0.17669070192701541,0.17336590588092804,0.17336590588092804,110400,0.0,0.0,WFC
1974-05-31,0.17336577063246494,0.17526572715131292,0.17146581411361694,0.17146581411361694,321600,0.0,0.0,WFC
1974-06-03,0.17146581411361694,0.17146581411361694,0.1695660315356752,0.17146581411361694,48000,0.0,0.0,WFC
1974-06-04,0.17146581411361694,0.17146581411361694,0.1695660315356752,0.17146581411361694,148800,0.0,0.0,WFC
1974-06-05,0.16956609399909342,0.16956609399909342,0.165766179561615,0.165766179561615,268800,0.0,0.0,WFC
1974-06-06,0.16766618184936752,0.16956613957881927,0.16766618184936752,0.16956613957881927,81600,0.0,0.0,WFC
1974-06-07,0.16956613957881927,0.16956613957881927,0.16956613957881927,0.16956613957881927,230400,0.0,0.0,WFC
1974-06-10,0.16956613957881927,0.17146592336725394,0.16766618184936752,0.16956613957881927,336000,0.0,0.0,WFC
1974-06-11,0.1676662415266037,0.1676662415266037,0.1676662415266037,0.1676662415266037,139200,0.0,0.0,WFC
1974-06-12,0.1676662415266037,0.16956619993230526,0.1676662415266037,0.1676662415266037,110400,0.0,0.0,WFC
1974-06-13,0.1676662415266037,0.1676662415266037,0.1676662415266037,0.1676662415266037,43200,0.0,0.0,WFC
1974-06-14,0.16956613957881927,0.16956613957881927,0.16956613957881927,0.16956613957881927,187200,0.0,0.0,WFC
1974-06-17,0.16956622145160413,0.16956622145160413,0.16244150698184967,0.16244150698184967,182400,0.0,0.0,WFC
1974-06-18,0.16244138736343264,0.16434134461116554,0.16054143011569977,0.16054143011569977,158400,0.0,0.0,WFC
1974-06-19,0.16054146479349254,0.16054146479349254,0.15674172341823578,0.15674172341823578,129600,0.0,0.0,WFC
1974-06-20,0.15484184464875436,0.15484184464875436,0.15341700613498688,0.15341700613498688,38400,0.0,0.0,WFC
1974-06-21,0.1534169214417461,0.1534169214417461,0.14771722265097537,0.14961718022823334,105600,0.0,0.0,WFC
1974-06-24,0.14961722593331075,0.14961722593331075,0.1439175254013952,0.14581730961799622,288000,0.0,0.0,WFC
1974-06-25,0.1458173091236406,0.14961722542607253,0.1458173091236406,0.14771726727485657,288000,0.0,0.0,WFC
1974-06-26,0.14771726777565347,0.14961722593331075,0.14581730961799622,0.14581730961799622,76800,0.0,0.0,WFC
1974-06-27,0.14581725325936531,0.14581725325936531,0.14059250080097627,0.14249245822429657,129600,0.0,0.0,WFC
1974-06-28,0.14249245822429657,0.14249245822429657,0.14059250080097627,0.14249245822429657,158400,0.0,0.0,WFC
1974-07-01,0.14249254812558731,0.14391756057739258,0.14059258950354656,0.14391756057739258,72000,0.0,0.0,WFC
1974-07-02,0.14249252465864023,0.14249252465864023,0.13679282367229462,0.13679282367229462,72000,0.0,0.0,WFC
1974-07-03,0.13299306012956993,0.13299306012956993,0.12206860596285288,0.12396856397390366,244800,0.0,0.0,WFC
1974-07-05,0.1239685570185053,0.1239685570185053,0.12016864120960237,0.12016864120960236,158400,0.0,0.0,WFC
1974-07-08,0.12016871437717005,0.12016871437717005,0.11304417229433877,0.11684391647577286,403200,0.0,0.0,WFC
1974-07-09,0.11684384533258711,0.12016864120960237,0.11304410346471726,0.12016864120960236,105600,0.0,0.0,WFC
1974-07-10,0.12206860596285288,0.12396856397390367,0.12206860596285288,0.12396856397390366,91200,0.0,0.0,WFC
1974-07-11,0.12396854920051405,0.12396854920051405,0.12206859141588211,0.12206859141588211,129600,0.0,0.0,WFC
1974-07-12,0.12206863622162296,0.12776833772659302,0.12206863622162296,0.12776833772659302,196800,0.0,0.0,WFC
1974-07-15,0.1277683060549624,0.1277683060549624,0.12396856397390367,0.12396856397390366,76800,0.0,0.0,WFC
1974-07-16,0.12396856397390367,0.12586834804391162,0.12396856397390367,0.12396856397390366,67200,0.0,0.0,WFC
1974-07-17,0.1220686183803423,0.1220686183803423,0.11874382197856903,0.11874382197856903,1012800,0.0,0.0,WFC
1974-07-18,0.11874379574854281,0.12206859141588211,0.11874379574854281,0.12206859141588211,302400,0.0,0.0,WFC
1974-07-19,0.12206862257054964,0.12586836516857147,0.12206862257054964,0.12586836516857147,96000,0.0,0.0,WFC
1974-07-22,0.12586834804391162,0.12586834804391162,0.12206860596285288,0.12396856397390366,134400,0.0,0.0,WFC
1974-07-23,0.12396856397390367,0.12586834804391162,0.12396856397390367,0.12396856397390366,24000,0.0,0.0,WFC
1974-07-24,0.12396854760810011,0.1310930848121643,0.12396854760810011,0.1310930848121643,307200,0.0,0.0,WFC
1974-07-25,0.13299308163817938,0.13489286601543427,0.13299308163817938,0.13489286601543427,355200,0.0,0.0,WFC
1974-07-26,0.13489286601543427,0.13679282433376017,0.13489286601543427,0.13489286601543427,48000,0.0,0.0,WFC
1974-07-29,0.13450802053597252,0.13450802053597252,0.13258641958236694,0.13258641958236694,129600,0.00833,0.0,WFC
1974-07-30,0.13258642755725475,0.13450802862644196,0.13258642755725475,0.13450802862644196,57600,0.0,0.0,WFC
1974-07-31,0.13258647213365518,0.13258647213365518,0.1311454027891159,0.1311454027891159,52800,0.0,0.0,WFC
1974-08-01,0.1311454027891159,0.1311454027891159,0.1311454027891159,0.1311454027891159,67200,0.0,0.0,WFC
1974-08-02,0.13114535080900247,0.13258641958236694,0.13114535080900247,0.13258641958236694,28800,0.0,0.0,WFC
1974-08-05,0.13114536510580732,0.13114536510580732,0.1292237639427185,0.1292237639427185,873600,0.0,0.0,WFC
1974-08-06,0.1292237639427185,0.1292237639427185,0.1292237639427185,0.1292237639427185,48000,0.0,0.0,WFC
1974-08-07,0.1292238010738742,0.1311454027891159,0.1253807735659135,0.1311454027891159,576000,0.0,0.0,WFC
1974-08-08,0.1292237639427185,0.1292237639427185,0.1292237639427185,0.1292237639427185,187200,0.0,0.0,WFC
1974-08-09,0.1292237639427185,0.13114536510580732,0.1292237639427185,0.1292237639427185,172800,0.0,0.0,WFC
1974-08-12,0.1273021721121891,0.1273021721121891,0.12345914542675018,0.12345914542675018,134400,0.0,0.0,WFC
1974-08-13,0.12153751296821655,0.12153751296821655,0.11817484349012375,0.11817484349012375,216000,0.0,0.0,WFC
1974-08-14,0.1181748371609954,0.1181748371609954,0.11433181166648865,0.11433181166648865,470400,0.0,0.0,WFC
1974-08-15,0.11433182525434671,0.11433182525434671,0.10904755461986745,0.11048862338066101,249600,0.0,0.0,WFC
1974-08-16,0.11241023242473602,0.11241023242473602,0.11241023242473602,0.11241023242473602,14400,0.0,0.0,WFC
1974-08-19,0.11433181166648865,0.1181748371609954,0.11433181166648865,0.11433181166648865,91200,0.0,0.0,WFC
1974-08-20,0.11433181166648865,0.11433181166648865,0.11433181166648865,0.11433181166648865,14400,0.0,0.0,WFC
1974-08-21,0.11433183350016826,0.11433183350016826,0.11241023242473602,0.11241023242473602,153600,0.0,0.0,WFC
1974-08-22,0.11241015500224143,0.11241015500224143,0.10904748737812042,0.10904748737812042,139200,0.0,0.0,WFC
1974-08-23,0.1090475689300244,0.1090475689300244,0.10520454247447523,0.10712596774101257,316800,0.0,0.0,WFC
1974-08-26,0.10520456736331589,0.10520456736331589,0.10328296571969986,0.10328296571969986,345600,0.0,0.0,WFC
1974-08-27,0.10136125236749649,0.10136125236749649,0.09943982876396629,0.10136125236749649,864000,0.0,0.0,WFC
1974-08-28,0.10136136407608384,0.10328296571969986,0.09943993835498395,0.10328296571969986,1118400,0.0,0.0,WFC
1974-08-29,0.10328296571969986,0.10520456736331589,0.10328296571969986,0.10328296571969986,163200,0.0,0.0,WFC
1974-08-30,0.1032829412854634,0.10712596774101256,0.1032829412854634,0.10712596774101257,86400,0.0,0.0,WFC
1974-09-03,0.10904748737812042,0.10904748737812042,0.10904748737812042,0.10904748737812042,206400,0.0,0.0,WFC
1974-09-04,0.1090475689300244,0.1090475689300244,0.10520454247447523,0.10712596774101257,206400,0.0,0.0,WFC
1974-09-05,0.10712596774101256,0.1090475689300244,0.10712596774101256,0.10712596774101257,220800,0.0,0.0,WFC
1974-09-06,0.10904748737812042,0.11048855525031102,0.10904748737812042,0.10904748737812042,201600,0.0,0.0,WFC
1974-09-09,0.10904748737812042,0.10904748737812042,0.10712588762619002,0.10904748737812042,196800,0.0,0.0,WFC
1974-09-10,0.1090475689300244,0.1090475689300244,0.10712596774101256,0.10712596774101257,124800,0.0,0.0,WFC
1974-09-11,0.10712594751344373,0.10712594751344373,0.10520452260971071,0.1052045226097107,724800,0.0,0.0,WFC
1974-09-12,0.10328290336874221,0.10328290336874221,0.09799863398075104,0.09799863398075104,153600,0.0,0.0,WFC
1974-09-13,0.09799863398075104,0.09943987832402587,0.09799863398075104,0.09799863398075104,201600,0.0,0.0,WFC
1974-09-16,0.09943982876396629,0.10136125236749649,0.09943982876396629,0.10136125236749649,52800,0.0,0.0,WFC
1974-09-17,0.10136142028736134,0.10136142028736134,0.09943999350070953,0.09943999350070953,67200,0.0,0.0,WFC
1974-09-18,0.09943999350070953,0.09943999350070953,0.09607714477884152,0.09943999350070953,216000,0.0,0.0,WFC
1974-09-19,0.09943982876396629,0.10136125236749649,0.0979985851389964,0.10136125236749649,182400,0.0,0.0,WFC
1974-09-20,0.10136132095736208,0.10520452260971071,0.10136132095736208,0.1052045226097107,211200,0.0,0.0,WFC
1974-09-23,0.10520454247447523,0.1090475689300244,0.10520454247447523,0.10712596774101257,192000,0.0,0.0,WFC
1974-09-24,0.10712594751344373,0.10904754833961804,0.10520452260971071,0.1052045226097107,81600,0.0,0.0,WFC
1974-09-25,0.10520452260971071,0.10712594751344373,0.10328292178353639,0.1052045226097107,182400,0.0,0.0,WFC
1974-09-26,0.10328296571969986,0.10328296571969986,0.10328296571969986,0.10328296571969986,19200,0.0,0.0,WFC
1974-09-27,0.10328285189334893,0.10328285189334893,0.10136125236749649,0.10136125236749649,19200,0.0,0.0,WFC
1974-09-30,0.09943993115478239,0.09943993115478239,0.0960770845413208,0.0960770845413208,206400,0.0,0.0,WFC
1974-10-01,0.0941556674269318,0.0941556674269318,0.08839104381515794,0.09031245857477188,4382400,0.0,0.0,WFC
1974-10-02,0.09223407479713608,0.0941556766629219,0.09223407479713608,0.0941556766629219,172800,0.0,0.0,WFC
1974-10-03,0.0941556766629219,0.09607710260617126,0.0941556766629219,0.0941556766629219,182400,0.0,0.0,WFC
1974-10-04,0.09607703349718791,0.09799863398075104,0.09607703349718791,0.09799863398075104,340800,0.0,0.0,WFC
1974-10-07,0.0979985851389964,0.10136125236749649,0.0979985851389964,0.10136125236749649,139200,0.0,0.0,WFC
1974-10-08,0.10136125236749649,0.10328285189334893,0.10136125236749649,0.10136125236749649,446400,0.0,0.0,WFC
1974-10-09,0.10136134009645158,0.10712596774101256,0.10136134009645158,0.10712596774101257,326400,0.0,0.0,WFC
1974-10-10,0.10904748737812042,0.10904748737812042,0.10904748737812042,0.10904748737812042,129600,0.0,0.0,WFC
1974-10-11,0.11048861616702596,0.11817484349012375,0.11048861616702596,0.11817484349012375,302400,0.0,0.0,WFC
1974-10-14,0.1181748371609954,0.1181748371609954,0.11433181166648865,0.11433181166648865,76800,0.0,0.0,WFC
1974-10-15,0.11433181166648865,0.11625323645252676,0.11433181166648865,0.11433181166648865,105600,0.0,0.0,WFC
1974-10-16,0.11433180969317354,0.11625323444604875,0.11433180969317354,0.11625323444604874,48000,0.0,0.0,WFC
1974-10-17,0.11625323645252676,0.11625323645252676,0.11433181166648865,0.11433181166648865,48000,0.0,0.0,WFC
1974-10-18,0.11625324267873932,0.11817484349012375,0.11625324267873932,0.11817484349012375,163200,0.0,0.0,WFC
1974-10-21,0.12009643018245697,0.12009643018245697,0.12009643018245697,0.12009643018245697,556800,0.0,0.0,WFC
1974-10-22,0.12345914542675018,0.12538074673071217,0.12345914542675018,0.12345914542675018,206400,0.0,0.0,WFC
1974-10-23,0.12345914542675018,0.12345914542675018,0.12153754412278821,0.12345914542675018,249600,0.0,0.0,WFC
1974-10-24,0.1234590694488404,0.1234590694488404,0.1215374693274498,0.1215374693274498,225600,0.0,0.0,WFC
1974-10-25,0.1215374693274498,0.1234590694488404,0.1215374693274498,0.1215374693274498,696000,0.0,0.0,WFC
1974-10-28,0.12309383391744914,0.12309383391744914,0.1216343119740486,0.12163431197404861,67200,0.00833,0.0,WFC
1974-10-29,0.12309373915195465,0.12309373915195465,0.12309373915195465,0.12309373915195465,86400,0.0,0.0,WFC
1974-10-30,0.1250401219800537,0.13282477855682373,0.1250401219800537,0.13282477855682373,484800,0.0,0.0,WFC
1974-10-31,0.13282468009737392,0.13623040914535522,0.13087847285203136,0.13623040914535522,340800,0.0,0.0,WFC
1974-11-01,0.13623040914535522,0.13623040914535522,0.13623040914535522,0.13623040914535522,4800,0.0,0.0,WFC
1974-11-04,0.13623040914535522,0.13817643821554026,0.13623040914535522,0.13623040914535522,537600,0.0,0.0,WFC
1974-11-05,0.13623046655027793,0.14596115052700043,0.13623046655027793,0.14596115052700043,532800,0.0,0.0,WFC
1974-11-06,0.14596115052700043,0.14596115052700043,0.14596115052700043,0.14596115052700043,153600,0.0,0.0,WFC
1974-11-07,0.14596123830865687,0.14596123830865687,0.14401502907276154,0.14401502907276154,393600,0.0,0.0,WFC
1974-11-08,0.14401502907276154,0.14596123830865687,0.14401502907276154,0.14401502907276154,105600,0.0,0.0,WFC
1974-11-11,0.14401487701978813,0.14401487701978813,0.14206884801387787,0.14206884801387787,62400,0.0,0.0,WFC
1974-11-12,0.142068844282619,0.142068844282619,0.14012263715267181,0.14012263715267181,129600,0.0,0.0,WFC
1974-11-13,0.14012263715267181,0.14012263715267181,0.14012263715267181,0.14012263715267181,307200,0.0,0.0,WFC
1974-11-14,0.14206884801387787,0.14206884801387787,0.14206884801387787,0.14206884801387787,38400,0.0,0.0,WFC
1974-11-15,0.14206884801387787,0.14206884801387787,0.14206884801387787,0.14206884801387787,115200,0.0,0.0,WFC
1974-11-18,0.14206884801387787,0.14206884801387787,0.14206884801387787,0.14206884801387787,379200,0.0,0.0,WFC
1974-11-19,0.142068844282619,0.142068844282619,0.14012263715267181,0.14012263715267181,67200,0.0,0.0,WFC
1974-11-20,0.1401226454608828,0.1401226454608828,0.13623040914535522,0.13623040914535522,182400,0.0,0.0,WFC
1974-11-21,0.13623040914535522,0.13623040914535522,0.13623040914535522,0.13623040914535522,139200,0.0,0.0,WFC
1974-11-22,0.13817643002272462,0.14012263715267181,0.13817643002272462,0.14012263715267181,81600,0.0,0.0,WFC
1974-11-25,0.13817643821554026,0.13817643821554026,0.13623040914535522,0.13623040914535522,187200,0.0,0.0,WFC
1974-11-26,0.13623031477432643,0.13623031477432643,0.134284108877182,0.134284108877182,120000,0.0,0.0,WFC
1974-11-27,0.1342842019000127,0.13623040914535522,0.13282468009737392,0.13623040914535522,139200,0.0,0.0,WFC
1974-11-29,0.13623040914535522,0.13623040914535522,0.1342842019000127,0.13623040914535522,100800,0.0,0.0,WFC
1974-12-02,0.13623051012938261,0.13623051012938261,0.13282477855682373,0.13282477855682373,86400,0.0,0.0,WFC
1974-12-03,0.13282471586033043,0.13282471586033043,0.1308785080909729,0.1308785080909729,244800,0.0,0.0,WFC
1974-12-04,0.1308785080909729,0.1308785080909729,0.12893230032161537,0.1308785080909729,489600,0.0,0.0,WFC
1974-12-05,0.1289322644326373,0.1289322644326373,0.12698623538017273,0.12698623538017273,76800,0.0,0.0,WFC
1974-12-06,0.12698615102140925,0.12698615102140925,0.12309373915195465,0.12309373915195465,278400,0.0,0.0,WFC
1974-12-09,0.12309373915195465,0.12309373915195465,0.12309373915195465,0.12309373915195465,230400,0.0,0.0,WFC
1974-12-10,0.12309385518874821,0.1308785080909729,0.12309385518874821,0.1308785080909729,288000,0.0,0.0,WFC
1974-12-11,0.13087855033072743,0.13087855033072743,0.12893234193325043,0.12893234193325043,91200,0.0,0.0,WFC
1974-12-12,0.12893230032161537,0.1308785080909729,0.1269862707274633,0.1308785080909729,297600,0.0,0.0,WFC
1974-12-13,0.1308785080909729,0.1308785080909729,0.1308785080909729,0.1308785080909729,350400,0.0,0.0,WFC
1974-12-16,0.1308784716602578,0.1308784716602578,0.12698623538017273,0.12698623538017273,547200,0.0,0.0,WFC
1974-12-17,0.12698631171103641,0.12893234193325043,0.12698631171103641,0.12893234193325043,513600,0.0,0.0,WFC
1974-12-18,0.1289322644326373,0.1308784716602578,0.12698623538017273,0.12698623538017273,278400,0.0,0.0,WFC
1974-12-19,0.12698623538017273,0.1289322644326373,0.12504002815255227,0.12698623538017273,1689600,0.0,0.0,WFC
1974-12-20,0.12698626195621737,0.12698626195621737,0.12504005432128906,0.12504005432128906,571200,0.0,0.0,WFC
1974-12-23,0.12503994508668195,0.12503994508668195,0.12163421833218731,0.12309373915195465,230400,0.0,0.0,WFC
1974-12-24,0.1216343119740486,0.1216343119740486,0.1216343119740486,0.12163431197404861,67200,0.0,0.0,WFC
1974-12-26,0.12163432459155939,0.12504005432128906,0.12163432459155939,0.12504005432128906,552000,0.0,0.0,WFC
1974-12-27,0.12504005432128906,0.12504005432128906,0.12504005432128906,0.12504005432128906,187200,0.0,0.0,WFC
1974-12-30,0.12504005432128906,0.12698626195621737,0.12504005432128906,0.12504005432128906,192000,0.0,0.0,WFC
1974-12-31,0.12504006295810574,0.1308785080909729,0.12504006295810574,0.1308785080909729,196800,0.0,0.0,WFC
1975-01-02,0.13282467222187694,0.14012263715267181,0.13282467222187694,0.14012263715267181,134400,0.0,0.0,WFC
1975-01-03,0.14012263715267181,0.14012263715267181,0.13623040106792433,0.14012263715267181,115200,0.0,0.0,WFC
1975-01-06,0.140122640832816,0.14206884801387787,0.140122640832816,0.14206884801387787,28800,0.0,0.0,WFC
1975-01-07,0.14012263715267181,0.14012263715267181,0.14012263715267181,0.14012263715267181,52800,0.0,0.0,WFC
1975-01-08,0.14012263715267181,0.14012263715267181,0.14012263715267181,0.14012263715267181,28800,0.0,0.0,WFC
1975-01-09,0.140122640832816,0.14206884801387787,0.140122640832816,0.14206884801387787,302400,0.0,0.0,WFC
1975-01-10,0.14206899801220593,0.14401502907276154,0.14206899801220593,0.14401502907276154,134400,0.0,0.0,WFC
1975-01-13,0.14401494246156288,0.14596115052700043,0.14401494246156288,0.14596115052700043,273600,0.0,0.0,WFC
1975-01-14,0.14596123830865687,0.14596123830865687,0.14401502907276154,0.14401502907276154,163200,0.0,0.0,WFC
1975-01-15,0.14401479909698062,0.1474207043647766,0.14401479909698062,0.1474207043647766,129600,0.0,0.0,WFC
1975-01-16,0.1474207043647766,0.1474207043647766,0.145961005224999,0.1474207043647766,91200,0.0,0.0,WFC
1975-01-17,0.14742081135488982,0.1493668407201767,0.14596111115574018,0.1493668407201767,230400,0.0,0.0,WFC
1975-01-20,0.14936688101009166,0.14936688101009166,0.14596115052700043,0.14596115052700043,72000,0.0,0.0,WFC
1975-01-21,0.1474207043647766,0.1474207043647766,0.1474207043647766,0.1474207043647766,100800,0.0,0.0,WFC
1975-01-22,0.1474207043647766,0.1474207043647766,0.1474207043647766,0.1474207043647766,86400,0.0,0.0,WFC
1975-01-23,0.14742081135488982,0.1493668407201767,0.14742081135488982,0.1493668407201767,436800,0.0,0.0,WFC
1975-01-24,0.14936673231773978,0.14936673231773978,0.1474207043647766,0.1474207043647766,268800,0.0,0.0,WFC
1975-01-27,0.1493667557411962,0.1513129621744156,0.1493667557411962,0.1513129621744156,91200,0.0,0.0,WFC
1975-01-28,0.15131304826064806,0.15131304826064806,0.1493668407201767,0.1493668407201767,129600,0.0,0.0,WFC
1975-01-29,0.1493668407201767,0.1493668407201767,0.14742081135488982,0.1493668407201767,273600,0.0,0.0,WFC
1975-01-30,0.1513130428228188,0.15520527958869934,0.1513130428228188,0.15520527958869934,192000,0.0,0.0,WFC
1975-01-31,0.15520527958869934,0.15520527958869934,0.15325925029334814,0.15520527958869934,158400,0.0,0.0,WFC
1975-02-03,0.1548115760087967,0.1548115760087967,0.15284565587558424,0.1548115760087967,600000,0.00833,0.0,WFC
1975-02-04,0.15284566581249237,0.15284566581249237,0.15087974555147016,0.15284566581249237,278400,0.0,0.0,WFC
1975-02-05,0.15284569110366977,0.15284569110366977,0.15087977051734924,0.15087977051734924,1032000,0.0,0.0,WFC
1975-02-06,0.1508797357423718,0.1548115760087967,0.1508797357423718,0.1548115760087967,144000,0.0,0.0,WFC
1975-02-07,0.1548115760087967,0.1548115760087967,0.1548115760087967,0.1548115760087967,52800,0.0,0.0,WFC
1975-02-10,0.15284566581249237,0.15284566581249237,0.15284566581249237,0.15284566581249237,9600,0.0,0.0,WFC
1975-02-11,0.15284565587558424,0.1548115760087967,0.15284565587558424,0.1548115760087967,225600,0.0,0.0,WFC
1975-02-12,0.15481164091942032,0.15677738189697266,0.15481164091942032,0.15677738189697266,48000,0.0,0.0,WFC
1975-02-13,0.158743217587471,0.158743217587471,0.158743217587471,0.158743217587471,115200,0.0,0.0,WFC
1975-02-14,0.1587432362953504,0.1587432362953504,0.1548115760087967,0.1548115760087967,633600,0.0,0.0,WFC
1975-02-18,0.15284566581249237,0.15284566581249237,0.15284566581249237,0.15284566581249237,96000,0.0,0.0,WFC
1975-02-19,0.15284569110366977,0.15284569110366977,0.15087977051734924,0.15087977051734924,57600,0.0,0.0,WFC
1975-02-20,0.15087977051734924,0.15284569110366977,0.15087977051734924,0.15087977051734924,19200,0.0,0.0,WFC
1975-02-21,0.1508796741781006,0.1508796741781006,0.14743945033361586,0.1489139348268509,201600,0.0,0.0,WFC
1975-02-24,0.14743967071506736,0.14743967071506736,0.14547374844551086,0.14547374844551086,153600,0.0,0.0,WFC
1975-02-25,0.14547374844551086,0.14547374844551086,0.14154208388646466,0.14547374844551086,1804800,0.0,0.0,WFC
1975-02-26,0.14350786805152893,0.14350786805152893,0.14350786805152893,0.14350786805152893,888000,0.0,0.0,WFC
1975-02-27,0.14350786805152893,0.14350786805152893,0.14350786805152893,0.14350786805152893,408000,0.0,0.0,WFC
1975-02-28,0.1435078632661657,0.1435078632661657,0.14154194295406342,0.14154194295406342,806400,0.0,0.0,WFC
1975-03-03,0.14154194295406342,0.1435078632661657,0.14154194295406342,0.14154194295406342,1267200,0.0,0.0,WFC
1975-03-04,0.14350792188570266,0.14743958413600922,0.14350792188570266,0.14743958413600922,403200,0.0,0.0,WFC
1975-03-05,0.14743945033361586,0.15284559350914806,0.14743945033361586,0.1489139348268509,307200,0.0,0.0,WFC
1975-03-06,0.1489139348268509,0.1508796741781006,0.14743945033361586,0.1489139348268509,182400,0.0,0.0,WFC
1975-03-07,0.14891406996734985,0.14891406996734985,0.1454736630208754,0.14743958413600922,240000,0.0,0.0,WFC
1975-03-10,0.14743958413600922,0.14743958413600922,0.14743958413600922,0.14743958413600922,542400,0.0,0.0,WFC
1975-03-11,0.14743958413600922,0.15087981110252258,0.14743958413600922,0.14743958413600922,144000,0.0,0.0,WFC
1975-03-12,0.14743945033361586,0.1489139348268509,0.14743945033361586,0.1489139348268509,134400,0.0,0.0,WFC
1975-03-13,0.14891415741225145,0.14891415741225145,0.14547374844551086,0.14547374844551086,643200,0.0,0.0,WFC
1975-03-14,0.14547374844551086,0.14743967071506736,0.14547374844551086,0.14547374844551086,206400,0.0,0.0,WFC
1975-03-17,0.14547353100256838,0.1489139348268509,0.14547353100256838,0.1489139348268509,316800,0.0,0.0,WFC
1975-03-18,0.1489140299109414,0.15087977051734924,0.1489140299109414,0.15087977051734924,196800,0.0,0.0,WFC
1975-03-19,0.1508796741781006,0.15284559350914806,0.1489139348268509,0.1489139348268509,398400,0.0,0.0,WFC
1975-03-20,0.1489139348268509,0.1508796741781006,0.1489139348268509,0.1489139348268509,28800,0.0,0.0,WFC
1975-03-21,0.15087977051734924,0.15087977051734924,0.15087977051734924,0.15087977051734924,86400,0.0,0.0,WFC
1975-03-24,0.1508796741781006,0.15481151284019554,0.1489139348268509,0.1489139348268509,772800,0.0,0.0,WFC
1975-03-25,0.14891406996734985,0.14891406996734985,0.14743958413600922,0.14743958413600922,307200,0.0,0.0,WFC
1975-03-26,0.14743945033361586,0.1489139348268509,0.14743945033361586,0.1489139348268509,153600,0.0,0.0,WFC
1975-03-27,0.1489139348268509,0.1508796741781006,0.1489139348268509,0.1489139348268509,2697600,0.0,0.0,WFC
1975-03-31,0.1489140299109414,0.15087977051734924,0.1489140299109414,0.15087977051734924,28800,0.0,0.0,WFC
1975-04-01,0.1508796741781006,0.1508796741781006,0.14743945033361586,0.1489139348268509,148800,0.0,0.0,WFC
1975-04-02,0.1489139348268509,0.1489139348268509,0.14743945033361586,0.1489139348268509,62400,0.0,0.0,WFC
1975-04-03,0.14891415741225145,0.14891415741225145,0.14350800615602116,0.14547374844551086,566400,0.0,0.0,WFC
1975-04-04,0.1454736630208754,0.14743958413600922,0.1454736630208754,0.14743958413600922,86400,0.0,0.0,WFC
1975-04-07,0.14743967071506736,0.14743967071506736,0.14547374844551086,0.14547374844551086,408000,0.0,0.0,WFC
1975-04-08,0.14743945033361586,0.1489139348268509,0.14743945033361586,0.1489139348268509,206400,0.0,0.0,WFC
1975-04-09,0.1489139348268509,0.1489139348268509,0.1489139348268509,0.1489139348268509,307200,0.0,0.0,WFC
1975-04-10,0.1489139348268509,0.1508796741781006,0.1489139348268509,0.1489139348268509,148800,0.0,0.0,WFC
1975-04-11,0.1489139348268509,0.1489139348268509,0.1489139348268509,0.1489139348268509,0,0.0,0.0,WFC
1975-04-14,0.1489140299109414,0.15087977051734924,0.1489140299109414,0.15087977051734924,43200,0.0,0.0,WFC
1975-04-15,0.15087977051734924,0.15087977051734924,0.15087977051734924,0.15087977051734924,67200,0.0,0.0,WFC
1975-04-16,0.15087977051734924,0.15284569110366977,0.15087977051734924,0.15087977051734924,398400,0.0,0.0,WFC
1975-04-17,0.15087974555147016,0.15284566581249237,0.15087974555147016,0.15284566581249237,340800,0.0,0.0,WFC
1975-04-18,0.15284569110366977,0.15284569110366977,0.15087977051734924,0.15087977051734924,288000,0.0,0.0,WFC
1975-04-21,0.15087979900442228,0.15677738189697266,0.15087979900442228,0.15677738189697266,336000,0.0,0.0,WFC
1975-04-22,0.158743217587471,0.158743217587471,0.158743217587471,0.158743217587471,672000,0.0,0.0,WFC
1975-04-23,0.158743217587471,0.158743217587471,0.15677729768594212,0.158743217587471,144000,0.0,0.0,WFC
1975-04-24,0.158743217587471,0.158743217587471,0.15481155776426322,0.158743217587471,129600,0.0,0.0,WFC
1975-04-25,0.158743217587471,0.158743217587471,0.158743217587471,0.158743217587471,144000,0.0,0.0,WFC
1975-04-28,0.16033092418144793,0.16033092418144793,0.15834534168243408,0.15834534168243408,28800,0.00833,0.0,WFC
1975-04-29,0.15636008977890015,0.15636008977890015,0.15437450539010883,0.15636008977890015,244800,0.0,0.0,WFC
1975-04-30,0.15636008977890015,0.15636008977890015,0.15636008977890015,0.15636008977890015,172800,0.0,0.0,WFC
1975-05-01,0.15636004922007962,0.15636004922007962,0.15040347937893536,0.15437446534633636,436800,0.0,0.0,WFC
1975-05-02,0.15238885581493378,0.15238885581493378,0.15238885581493378,0.15238885581493378,14400,0.0,0.0,WFC
1975-05-05,0.1523889170617648,0.1523889170617648,0.14891428080630564,0.15040351450443268,283200,0.0,0.0,WFC
1975-05-06,0.14891421794891357,0.14891421794891357,0.14891421794891357,0.14891421794891357,259200,0.0,0.0,WFC
1975-05-07,0.14891421794891357,0.14891421794891357,0.14494323273029294,0.14891421794891357,268800,0.0,0.0,WFC
1975-05-08,0.14891421794891357,0.14891421794891357,0.14891421794891357,0.14891421794891357,321600,0.0,0.0,WFC
1975-05-09,0.15040351450443268,0.15040351450443268,0.15040351450443268,0.15040351450443268,67200,0.0,0.0,WFC
1975-05-12,0.15238892100131754,0.15834549238755882,0.15238892100131754,0.15636008977890015,196800,0.0,0.0,WFC
1975-05-13,0.15636008977890015,0.15636008977890015,0.15636008977890015,0.15636008977890015,57600,0.0,0.0,WFC
1975-05-14,0.15834539781328844,0.16033098101615906,0.15834539781328844,0.16033098101615906,273600,0.0,0.0,WFC
1975-05-15,0.16033098101615906,0.1638056152861646,0.16033098101615906,0.16033098101615906,705600,0.0,0.0,WFC
1975-05-16,0.16380558907985687,0.16380558907985687,0.16380558907985687,0.16380558907985687,86400,0.0,0.0,WFC
1975-05-19,0.163805689020419,0.16579127311706543,0.16182010492377255,0.16579127311706543,225600,0.0,0.0,WFC
1975-05-20,0.1657911719650656,0.1657911719650656,0.16380558907985687,0.16380558907985687,216000,0.0,0.0,WFC
1975-05-21,0.163805689020419,0.16579127311706543,0.16182010492377255,0.16579127311706543,76800,0.0,0.0,WFC
1975-05-22,0.1657911719650656,0.1657911719650656,0.16380558907985687,0.16380558907985687,115200,0.0,0.0,WFC
1975-05-23,0.163805689020419,0.16579127311706543,0.163805689020419,0.16579127311706543,38400,0.0,0.0,WFC
1975-05-27,0.16380558907985687,0.16380558907985687,0.16380558907985687,0.16380558907985687,52800,0.0,0.0,WFC
1975-05-28,0.16380558907985687,0.1657911719650656,0.16380558907985687,0.16380558907985687,38400,0.0,0.0,WFC
1975-05-29,0.16380558907985687,0.1657911719650656,0.16182000619464817,0.16380558907985687,187200,0.0,0.0,WFC
1975-05-30,0.16579127311706543,0.16579127311706543,0.16579127311706543,0.16579127311706543,91200,0.0,0.0,WFC
1975-06-02,0.16579127173225433,0.1697622581122727,0.16579127173225433,0.1677766740322113,38400,0.0,0.0,WFC
1975-06-03,0.1677766740322113,0.1697622581122727,0.1677766740322113,0.1677766740322113,76800,0.0,0.0,WFC
1975-06-04,0.16777672863961351,0.16976231336593628,0.16777672863961351,0.16976231336593628,768000,0.0,0.0,WFC
1975-06-05,0.16976225953025242,0.16976225953025242,0.16579127311706543,0.16579127311706543,489600,0.0,0.0,WFC
1975-06-06,0.16579132569345428,0.16976231336593628,0.16579132569345428,0.16976231336593628,364800,0.0,0.0,WFC
1975-06-09,0.1697622581122727,0.1697622581122727,0.1677766740322113,0.1677766740322113,62400,0.0,0.0,WFC
1975-06-10,0.16777667543360597,0.16777667543360597,0.16579127311706543,0.16579127311706543,211200,0.0,0.0,WFC
1975-06-11,0.16579116971566177,0.17323678731918335,0.16579116971566177,0.17323678731918335,177600,0.0,0.0,WFC
1975-06-12,0.17323685507918538,0.17323685507918538,0.17174780368804932,0.17174780368804932,393600,0.0,0.0,WFC
1975-06-13,0.17323678731918335,0.17323678731918335,0.17323678731918335,0.17323678731918335,24000,0.0,0.0,WFC
1975-06-16,0.17323678731918335,0.17323678731918335,0.17323678731918335,0.17323678731918335,129600,0.0,0.0,WFC
1975-06-17,0.17323678731918335,0.1752223701774523,0.17323678731918335,0.17323678731918335,163200,0.0,0.0,WFC
1975-06-18,0.17323678731918335,0.17323678731918335,0.17323678731918335,0.17323678731918335,9600,0.0,0.0,WFC
1975-06-19,0.17323678731918335,0.17323678731918335,0.17323678731918335,0.17323678731918335,19200,0.0,0.0,WFC
1975-06-20,0.17522248186276995,0.1772080659866333,0.17522248186276995,0.1772080659866333,148800,0.0,0.0,WFC
1975-06-23,0.17720802036566843,0.1791934221982956,0.17720802036566843,0.1791934221982956,216000,0.0,0.0,WFC
1975-06-24,0.1831647601113045,0.1866393983364105,0.1831647601113045,0.18663939833641052,134400,0.0,0.0,WFC
1975-06-25,0.1866393983364105,0.19061038748221296,0.1866393983364105,0.18663939833641052,177600,0.0,0.0,WFC
1975-06-26,0.18663930246759722,0.19061028957366946,0.18663930246759722,0.19061028957366943,374400,0.0,0.0,WFC
1975-06-27,0.18663923168010732,0.18663923168010732,0.1831645965576172,0.1831645965576172,398400,0.0,0.0,WFC
1975-06-30,0.1831647601113045,0.1866393983364105,0.1831647601113045,0.18663939833641052,388800,0.0,0.0,WFC
1975-07-01,0.1866393983364105,0.1866393983364105,0.1866393983364105,0.18663939833641052,96000,0.0,0.0,WFC
1975-07-02,0.1866393983364105,0.1866393983364105,0.1846538128733938,0.18663939833641052,91200,0.0,0.0,WFC
1975-07-03,0.18663925351806793,0.18663925351806793,0.1831646179890237,0.18465366959571838,993600,0.0,0.0,WFC
1975-07-07,0.1831645965576172,0.1831645965576172,0.1831645965576172,0.1831645965576172,696000,0.0,0.0,WFC
1975-07-08,0.1831645965576172,0.1831645965576172,0.1811790128675934,0.1831645965576172,772800,0.0,0.0,WFC
1975-07-09,0.1831647601113045,0.1866393983364105,0.1831647601113045,0.18663939833641052,120000,0.0,0.0,WFC
1975-07-10,0.1866393983364105,0.1866393983364105,0.1846538128733938,0.18663939833641052,38400,0.0,0.0,WFC
1975-07-11,0.18465365202698975,0.18465365202698975,0.18117901682853702,0.181179016828537,67200,0.0,0.0,WFC
1975-07-14,0.18117900581098434,0.18316458942367306,0.1791934221982956,0.1791934221982956,48000,0.0,0.0,WFC
1975-07-15,0.1791934221982956,0.18117900581098434,0.1791934221982956,0.1791934221982956,38400,0.0,0.0,WFC
1975-07-16,0.17919335411399764,0.17919335411399764,0.17323678731918335,0.17323678731918335,614400,0.0,0.0,WFC
1975-07-17,0.17323678731918335,0.17323678731918335,0.1697621536522071,0.17323678731918335,2126400,0.0,0.0,WFC
1975-07-18,0.17323693154849779,0.1752225160598755,0.1717478795000724,0.1752225160598755,33600,0.0,0.0,WFC
1975-07-21,0.1752223701774523,0.1752223701774523,0.17323678731918335,0.17323678731918335,1641600,0.0,0.0,WFC
1975-07-22,0.17174789809225904,0.17174789809225904,0.16777672863961351,0.16976231336593628,604800,0.0,0.0,WFC
1975-07-23,0.16976231336593628,0.16976231336593628,0.16579132569345428,0.16976231336593628,441600,0.0,0.0,WFC
1975-07-24,0.16976231336593628,0.16976231336593628,0.16976231336593628,0.16976231336593628,33600,0.0,0.0,WFC
1975-07-25,0.16777667543360597,0.16777667543360597,0.16579127311706543,0.16579127311706543,220800,0.0,0.0,WFC
1975-07-28,0.1654895395040512,0.1654895395040512,0.1654895395040512,0.1654895395040512,24000,0.00885,0.0,WFC
1975-07-29,0.1654895395040512,0.1654895395040512,0.1654895395040512,0.1654895395040512,96000,0.0,0.0,WFC
1975-07-30,0.16548947991324492,0.1674954742193222,0.16548947991324492,0.1674954742193222,489600,0.0,0.0,WFC
1975-07-31,0.1674954742193222,0.16950128487674015,0.16548947991324492,0.1674954742193222,124800,0.0,0.0,WFC
1975-08-01,0.16548950661792572,0.16548950661792572,0.16197915375232697,0.16197915375232697,120000,0.0,0.0,WFC
1975-08-04,0.16197912389004634,0.16197912389004634,0.1599731296300888,0.1599731296300888,62400,0.0,0.0,WFC
1975-08-05,0.16197915375232697,0.16197915375232697,0.16197915375232697,0.16197915375232697,76800,0.0,0.0,WFC
1975-08-06,0.15997310926353814,0.15997310926353814,0.1559613049030304,0.1559613049030304,201600,0.0,0.0,WFC
1975-08-07,0.1559613049030304,0.1559613049030304,0.1559613049030304,0.1559613049030304,172800,0.0,0.0,WFC
1975-08-08,0.1559613049030304,0.15796729890760014,0.1559613049030304,0.1559613049030304,163200,0.0,0.0,WFC
1975-08-11,0.1559613049030304,0.15796729890760014,0.1559613049030304,0.1559613049030304,124800,0.0,0.0,WFC
1975-08-12,0.15796738862991333,0.15796738862991333,0.15796738862991333,0.15796738862991333,52800,0.0,0.0,WFC
1975-08-13,0.15796743618932935,0.15997324828842,0.15395544469356537,0.15395544469356537,168000,0.0,0.0,WFC
1975-08-14,0.15395547143743,0.15395547143743,0.1519496589899063,0.1519496589899063,91200,0.0,0.0,WFC
1975-08-15,0.15194954115490875,0.15194954115490875,0.15044499933719635,0.15044499933719635,259200,0.0,0.0,WFC
1975-08-18,0.14843906462192535,0.14843906462192535,0.14843906462192535,0.14843906462192535,216000,0.0,0.0,WFC
1975-08-19,0.14843906462192535,0.1504450599711253,0.14843906462192535,0.14843906462192535,225600,0.0,0.0,WFC
1975-08-20,0.14843906462192535,0.14843906462192535,0.14843906462192535,0.14843906462192535,19200,0.0,0.0,WFC
1975-08-21,0.14843906462192535,0.14843906462192535,0.14643325292148024,0.14843906462192535,139200,0.0,0.0,WFC
1975-08-22,0.14843900479647346,0.15044499933719635,0.14843900479647346,0.15044499933719635,139200,0.0,0.0,WFC
1975-08-25,0.1504450898713654,0.15395544469356537,0.1504450898713654,0.15395544469356537,220800,0.0,0.0,WFC
1975-08-26,0.15395531089846065,0.15796729890760014,0.15395531089846065,0.1559613049030304,292800,0.0,0.0,WFC
1975-08-27,0.1559613049030304,0.1559613049030304,0.15395531089846065,0.1559613049030304,139200,0.0,0.0,WFC
1975-08-28,0.15596132475882887,0.1599731296300888,0.15596132475882887,0.1599731296300888,76800,0.0,0.0,WFC
1975-08-29,0.1599732001251121,0.16197919526904692,0.15796738862991333,0.15796738862991333,163200,0.0,0.0,WFC
1975-09-02,0.15796734814145538,0.16197915375232697,0.15796734814145538,0.16197915375232697,340800,0.0,0.0,WFC
1975-09-03,0.16197919526904692,0.16197919526904692,0.15796738862991333,0.15796738862991333,76800,0.0,0.0,WFC
1975-09-04,0.15796731901878638,0.1599731296300888,0.15796731901878638,0.1599731296300888,508800,0.0,0.0,WFC
1975-09-05,0.1599731591225467,0.16197915375232697,0.15796734814145538,0.16197915375232697,62400,0.0,0.0,WFC
1975-09-08,0.16197915375232697,0.16197915375232697,0.16197915375232697,0.16197915375232697,177600,0.0,0.0,WFC
1975-09-09,0.16197915375232697,0.16197915375232697,0.16197915375232697,0.16197915375232697,844800,0.0,0.0,WFC
1975-09-10,0.15997324828842,0.15997324828842,0.15395544469356537,0.15395544469356537,115200,0.0,0.0,WFC
1975-09-11,0.15395547143743,0.15395547143743,0.1519496589899063,0.1519496589899063,96000,0.0,0.0,WFC
1975-09-12,0.15194963259447472,0.15395544469356537,0.15194963259447472,0.15395544469356537,364800,0.0,0.0,WFC
1975-09-15,0.1519496589899063,0.1519496589899063,0.15044511600544028,0.1519496589899063,432000,0.0,0.0,WFC
1975-09-16,0.1519496589899063,0.1519496589899063,0.15044511600544028,0.1519496589899063,532800,0.0,0.0,WFC
1975-09-17,0.15194954115490875,0.15194954115490875,0.15044499933719635,0.15044499933719635,19200,0.0,0.0,WFC
1975-09-18,0.15194963259447472,0.15395544469356537,0.15194963259447472,0.15395544469356537,14400,0.0,0.0,WFC
1975-09-19,0.15395544469356537,0.15596144044144736,0.15395544469356537,0.15395544469356537,168000,0.0,0.0,WFC
1975-09-22,0.15395531089846065,0.1559613049030304,0.15395531089846065,0.1559613049030304,124800,0.0,0.0,WFC
1975-09-23,0.15395547143743,0.15395547143743,0.1519496589899063,0.1519496589899063,81600,0.0,0.0,WFC
1975-09-24,0.15395544469356537,0.15596144044144736,0.15395544469356537,0.15395544469356537,129600,0.0,0.0,WFC
1975-09-25,0.1519496589899063,0.1519496589899063,0.1519496589899063,0.1519496589899063,100800,0.0,0.0,WFC
1975-09-26,0.15395544469356537,0.15395544469356537,0.15395544469356537,0.15395544469356537,52800,0.0,0.0,WFC
1975-09-29,0.15395531089846065,0.1559613049030304,0.15395531089846065,0.1559613049030304,19200,0.0,0.0,WFC
1975-09-30,0.15596146753377696,0.15596146753377696,0.1519496589899063,0.1519496589899063,67200,0.0,0.0,WFC
1975-10-01,0.1519496589899063,0.1519496589899063,0.1519496589899063,0.1519496589899063,19200,0.0,0.0,WFC
1975-10-02,0.15194954115490875,0.15194954115490875,0.15044499933719635,0.15044499933719635,43200,0.0,0.0,WFC
1975-10-03,0.1519496589899063,0.15395547143743,0.1519496589899063,0.1519496589899063,201600,0.0,0.0,WFC
1975-10-06,0.15194954115490875,0.1539553520469508,0.15044499933719635,0.15044499933719635,120000,0.0,0.0,WFC
1975-10-07,0.1519496589899063,0.1519496589899063,0.1519496589899063,0.1519496589899063,72000,0.0,0.0,WFC
1975-10-08,0.1519496589899063,0.1519496589899063,0.1519496589899063,0.1519496589899063,120000,0.0,0.0,WFC
1975-10-09,0.15194963259447472,0.15395544469356537,0.15194963259447472,0.15395544469356537,91200,0.0,0.0,WFC
1975-10-10,0.1519496589899063,0.1519496589899063,0.1519496589899063,0.1519496589899063,86400,0.0,0.0,WFC
1975-10-13,0.15194963259447472,0.15395544469356537,0.15194963259447472,0.15395544469356537,9600,0.0,0.0,WFC
1975-10-14,0.15395544469356537,0.15395544469356537,0.15395544469356537,0.15395544469356537,19200,0.0,0.0,WFC
1975-10-15,0.15395531089846065,0.15796729890760014,0.15395531089846065,0.1559613049030304,86400,0.0,0.0,WFC
1975-10-16,0.1559613049030304,0.1559613049030304,0.1559613049030304,0.1559613049030304,19200,0.0,0.0,WFC
1975-10-17,0.15596144044144736,0.15596144044144736,0.15395544469356537,0.15395544469356537,211200,0.0,0.0,WFC
1975-10-20,0.15395531089846065,0.1559613049030304,0.15395531089846065,0.1559613049030304,182400,0.0,0.0,WFC
1975-10-21,0.15596132475882887,0.1599731296300888,0.15596132475882887,0.1599731296300888,240000,0.0,0.0,WFC
1975-10-22,0.15997324993054643,0.1634836047887802,0.15997324993054643,0.1634836047887802,240000,0.0,0.0,WFC
1975-10-23,0.16548944147009598,0.17351323318182135,0.16548944147009598,0.17150723934173584,547200,0.0,0.0,WFC
1975-10-24,0.17150721451330794,0.18103536248928226,0.17150721451330794,0.1750175654888153,393600,0.0,0.0,WFC
1975-10-27,0.17501764442580114,0.18103544414043427,0.17351328632147933,0.18103544414043427,86400,0.0,0.0,WFC
1975-10-28,0.18103539418322284,0.18103539418322284,0.17902958393096924,0.17902958393096924,110400,0.0,0.0,WFC
1975-10-29,0.17902965885727085,0.18103546994898317,0.17702366411685944,0.17702366411685944,148800,0.0,0.0,WFC
1975-10-30,0.17702366411685944,0.17702366411685944,0.175017669376448,0.17702366411685944,273600,0.0,0.0,WFC
1975-10-31,0.17874446511268616,0.17874446511268616,0.17519998882442897,0.17874446511268616,230400,0.00885,0.0,WFC
1975-11-03,0.17874446511268616,0.18076995960621897,0.17874446511268616,0.17874446511268616,158400,0.0,0.0,WFC
1975-11-04,0.1787444115612605,0.1807699054479599,0.1787444115612605,0.1807699054479599,43200,0.0,0.0,WFC
1975-11-05,0.1807699054479599,0.1807699054479599,0.1807699054479599,0.1807699054479599,28800,0.0,0.0,WFC
1975-11-06,0.18076995960621897,0.18076995960621897,0.17874446511268616,0.17874446511268616,96000,0.0,0.0,WFC
1975-11-07,0.17874446511268616,0.18076995960621897,0.17874446511268616,0.17874446511268616,206400,0.0,0.0,WFC
1975-11-10,0.17874446511268616,0.17874446511268616,0.17874446511268616,0.17874446511268616,81600,0.0,0.0,WFC
1975-11-11,0.1807699054479599,0.1807699054479599,0.1807699054479599,0.1807699054479599,163200,0.0,0.0,WFC
1975-11-12,0.18076990324461412,0.1827952116727829,0.18076990324461412,0.1827952116727829,134400,0.0,0.0,WFC
1975-11-13,0.18279528187741312,0.18836525306177376,0.18279528187741312,0.1868462711572647,278400,0.0,0.0,WFC
1975-11-14,0.18684637240638832,0.19039085087152055,0.18684637240638832,0.18836535513401031,604800,0.0,0.0,WFC
1975-11-17,0.18836525306177376,0.18836525306177376,0.18684627115726474,0.1868462711572647,52800,0.0,0.0,WFC
1975-11-18,0.18684627115726474,0.18684627115726474,0.18684627115726474,0.1868462711572647,292800,0.0,0.0,WFC
1975-11-19,0.18684627115726474,0.18684627115726474,0.18482077651733891,0.1868462711572647,600000,0.0,0.0,WFC
1975-11-20,0.18482084572315216,0.18482084572315216,0.18279535032478347,0.18482084572315216,129600,0.0,0.0,WFC
1975-11-21,0.18482084572315216,0.18482084572315216,0.18279535032478347,0.18482084572315216,172800,0.0,0.0,WFC
1975-11-24,0.1827952116727829,0.1827952116727829,0.1827952116727829,0.1827952116727829,321600,0.0,0.0,WFC
1975-11-25,0.18482084572315216,0.18482084572315216,0.18482084572315216,0.18482084572315216,62400,0.0,0.0,WFC
1975-11-26,0.18482070553479418,0.18482070553479418,0.1827952116727829,0.1827952116727829,120000,0.0,0.0,WFC
1975-11-28,0.1827952116727829,0.1827952116727829,0.1827952116727829,0.1827952116727829,148800,0.0,0.0,WFC
1975-12-01,0.1827952116727829,0.1827952116727829,0.1827952116727829,0.1827952116727829,33600,0.0,0.0,WFC
1975-12-02,0.18279535032478347,0.18482084572315216,0.18077004036039795,0.18482084572315216,249600,0.0,0.0,WFC
1975-12-03,0.1827952139008145,0.1827952139008145,0.1807699054479599,0.1807699054479599,388800,0.0,0.0,WFC
1975-12-04,0.1807699054479599,0.1827952139008145,0.1807699054479599,0.1807699054479599,144000,0.0,0.0,WFC
1975-12-05,0.18076995960621897,0.18279526866585144,0.17874446511268616,0.17874446511268616,556800,0.0,0.0,WFC
1975-12-08,0.17874446511268616,0.17874446511268616,0.17671897061915331,0.17874446511268616,321600,0.0,0.0,WFC
1975-12-09,0.17874440992272866,0.17874440992272866,0.1731744408607483,0.1731744408607483,787200,0.0,0.0,WFC
1975-12-10,0.1731744408607483,0.17519993472888018,0.1731744408607483,0.1731744408607483,302400,0.0,0.0,WFC
1975-12-11,0.17519986524022726,0.1767188459634781,0.17519986524022726,0.1767188459634781,144000,0.0,0.0,WFC
1975-12-12,0.1751999408006668,0.1751999408006668,0.1751999408006668,0.1751999408006668,52800,0.0,0.0,WFC
1975-12-15,0.1731744408607483,0.1731744408607483,0.1731744408607483,0.1731744408607483,105600,0.0,0.0,WFC
1975-12-16,0.17317444686233874,0.17671892217902574,0.17317444686233874,0.1751999408006668,984000,0.0,0.0,WFC
1975-12-17,0.1751999408006668,0.1751999408006668,0.1751999408006668,0.1751999408006668,96000,0.0,0.0,WFC
1975-12-18,0.17519986524022726,0.1767188459634781,0.17519986524022726,0.1767188459634781,1156800,0.0,0.0,WFC
1975-12-19,0.17519993472888018,0.17519993472888018,0.1731744408607483,0.1731744408607483,148800,0.0,0.0,WFC
1975-12-22,0.17317443471710398,0.17519992851337818,0.16912363255839208,0.17114894092082977,240000,0.0,0.0,WFC
1975-12-23,0.17114898832286485,0.1731744826801272,0.16912367939949036,0.16912367939949036,408000,0.0,0.0,WFC
1975-12-24,0.16912363255839208,0.17114894092082977,0.16912363255839208,0.17114894092082977,192000,0.0,0.0,WFC
1975-12-26,0.17114894092082977,0.17114894092082977,0.16912363255839208,0.17114894092082977,240000,0.0,0.0,WFC
1975-12-29,0.1711489469926164,0.1731744408607483,0.1711489469926164,0.1731744408607483,48000,0.0,0.0,WFC
1975-12-30,0.1731744408607483,0.17519993472888018,0.1731744408607483,0.1731744408607483,192000,0.0,0.0,WFC
1975-12-31,0.17317437217545664,0.1767188459634781,0.17317437217545664,0.1767188459634781,76800,0.0,0.0,WFC
1976-01-02,0.1767188459634781,0.1767188459634781,0.1767188459634781,0.1767188459634781,148800,0.0,0.0,WFC
1976-01-05,0.17874454496202927,0.18482084572315216,0.17874454496202927,0.18482084572315216,288000,0.0,0.0,WFC
1976-01-06,0.18482084572315216,0.18482084572315216,0.18482084572315216,0.18482084572315216,105600,0.0,0.0,WFC
1976-01-07,0.18482084572315216,0.18482084572315216,0.18482084572315216,0.18482084572315216,100800,0.0,0.0,WFC
1976-01-08,0.18482084572315216,0.18684634112152085,0.18279535032478347,0.18482084572315216,403200,0.0,0.0,WFC
1976-01-09,0.18684627115726474,0.1903907477016996,0.18684627115726474,0.1868462711572647,297600,0.0,0.0,WFC
1976-01-12,0.18684637240638832,0.19039085087152055,0.18684637240638832,0.18836535513401031,129600,0.0,0.0,WFC
1976-01-13,0.18836525306177376,0.1903907477016996,0.18684627115726474,0.1868462711572647,33600,0.0,0.0,WFC
1976-01-14,0.18684637240638832,0.18836535513401031,0.18684637240638832,0.18836535513401031,81600,0.0,0.0,WFC
1976-01-15,0.18836535513401031,0.19039085087152055,0.18836535513401031,0.18836535513401031,206400,0.0,0.0,WFC
1976-01-16,0.18836535929171078,0.19039085507392883,0.18836535929171078,0.19039085507392883,134400,0.0,0.0,WFC
1976-01-19,0.19039085507392883,0.19241616542212855,0.18836535929171078,0.19039085507392883,268800,0.0,0.0,WFC
1976-01-20,0.19039060034057484,0.19444140105121846,0.19039060034057484,0.19241590797901154,124800,0.0,0.0,WFC
1976-01-21,0.19241616542212855,0.19241616542212855,0.19039085507392883,0.19039085507392883,72000,0.0,0.0,WFC
1976-01-22,0.19039085507392883,0.19039085507392883,0.19039085507392883,0.19039085507392883,604800,0.0,0.0,WFC
1976-01-23,0.19039085507392883,0.19039085507392883,0.18836535929171078,0.19039085507392883,523200,0.0,0.0,WFC
1976-01-26,0.19039085507392883,0.19039085507392883,0.18836535929171078,0.19039085507392883,240000,0.0,0.0,WFC
1976-01-27,0.19039085507392883,0.19039085507392883,0.186846376530561,0.19039085507392883,168000,0.0,0.0,WFC
1976-01-28,0.19039085507392883,0.19241616542212855,0.19039085507392883,0.19039085507392883,201600,0.0,0.0,WFC
1976-01-29,0.19039085507392883,0.19039085507392883,0.19039085507392883,0.19039085507392883,316800,0.0,0.0,WFC
1976-01-30,0.19039085507392883,0.19241616542212855,0.19039085507392883,0.19039085507392883,192000,0.0,0.0,WFC
1976-02-02,0.1921272575855255,0.1941710391674093,0.1921272575855255,0.1921272575855255,355200,0.00885,0.0,WFC
1976-02-03,0.19212721541347283,0.19621496480519016,0.19212721541347283,0.1941709965467453,96000,0.0,0.0,WFC
1976-02-04,0.19417099654674527,0.19621496480519016,0.19212721541347283,0.1941709965467453,196800,0.0,0.0,WFC
1976-02-05,0.19417099654674527,0.19621496480519016,0.19212721541347283,0.1941709965467453,302400,0.0,0.0,WFC
1976-02-06,0.1941710391674093,0.1941710391674093,0.1921272575855255,0.1921272575855255,201600,0.0,0.0,WFC
1976-02-09,0.19212721541347283,0.19417099654674527,0.19212721541347283,0.1941709965467453,172800,0.0,0.0,WFC
1976-02-10,0.1921272575855255,0.1921272575855255,0.1921272575855255,0.1921272575855255,585600,0.0,0.0,WFC
1976-02-11,0.1921272575855255,0.1941710391674093,0.1921272575855255,0.1921272575855255,115200,0.0,0.0,WFC
1976-02-12,0.19417099654674527,0.19621496480519016,0.19417099654674527,0.1941709965467453,124800,0.0,0.0,WFC
1976-02-13,0.1921272638809598,0.1921272638809598,0.19008329510688782,0.19008329510688782,52800,0.0,0.0,WFC
1976-02-17,0.18855047225952148,0.18855047225952148,0.18855047225952148,0.18855047225952148,19200,0.0,0.0,WFC
1976-02-18,0.18650646889224703,0.18650646889224703,0.18241871893405914,0.18241871893405914,240000,0.0,0.0,WFC
1976-02-19,0.1824186180049284,0.18446239829063416,0.1824186180049284,0.18446239829063416,441600,0.0,0.0,WFC
1976-02-20,0.18446239829063416,0.18446239829063416,0.1824186180049284,0.18446239829063416,153600,0.0,0.0,WFC
1976-02-23,0.1844625979841697,0.1844625979841697,0.1803748458623886,0.1803748458623886,86400,0.0,0.0,WFC
1976-02-24,0.17833080887794495,0.17833080887794495,0.17679797258326188,0.17833080887794495,288000,0.0,0.0,WFC
1976-02-25,0.1803746505941278,0.18446239829063416,0.1803746505941278,0.18446239829063416,350400,0.0,0.0,WFC
1976-02-26,0.18446239829063416,0.18446239829063416,0.18446239829063416,0.18446239829063416,844800,0.0,0.0,WFC
1976-02-27,0.18446239829063416,0.18650636570143472,0.18446239829063416,0.18446239829063416,1094400,0.0,0.0,WFC
1976-03-01,0.18446239829063416,0.18650636570143472,0.1824186180049284,0.18446239829063416,758400,0.0,0.0,WFC
1976-03-02,0.18446239829063416,0.18446239829063416,0.18446239829063416,0.18446239829063416,115200,0.0,0.0,WFC
1976-03-03,0.18446250035055392,0.18446250035055392,0.18241871893405914,0.18241871893405914,321600,0.0,0.0,WFC
1976-03-04,0.18241871893405914,0.18446250035055392,0.18241871893405914,0.18241871893405914,1368000,0.0,0.0,WFC
1976-03-05,0.18241871893405914,0.18446250035055392,0.18241871893405914,0.18241871893405914,436800,0.0,0.0,WFC
1976-03-08,0.1824186180049284,0.18446239829063416,0.1803746505941278,0.18446239829063416,758400,0.0,0.0,WFC
1976-03-09,0.18446243762609152,0.1865064054727554,0.18446243762609152,0.18650640547275543,715200,0.0,0.0,WFC
1976-03-10,0.1865064054727554,0.18855037331941932,0.1865064054727554,0.18650640547275543,201600,0.0,0.0,WFC
1976-03-11,0.1865064054727554,0.18855037331941932,0.18446243762609152,0.18650640547275543,302400,0.0,0.0,WFC
1976-03-12,0.18650650334030394,0.18855047225952148,0.18650650334030394,0.18855047225952148,240000,0.0,0.0,WFC
1976-03-15,0.18855037331941932,0.18855037331941932,0.1865064054727554,0.18650640547275543,124800,0.0,0.0,WFC
1976-03-16,0.1865064054727554,0.1865064054727554,0.18446243762609152,0.18650640547275543,187200,0.0,0.0,WFC
1976-03-17,0.1865064054727554,0.18855037331941932,0.1865064054727554,0.18650640547275543,86400,0.0,0.0,WFC
1976-03-18,0.1885504526920154,0.1921272575855255,0.1885504526920154,0.1921272575855255,139200,0.0,0.0,WFC
1976-03-19,0.1921272575855255,0.1921272575855255,0.19008328887842824,0.1921272575855255,124800,0.0,0.0,WFC
1976-03-22,0.1921272575855255,0.19621500787450658,0.1921272575855255,0.1921272575855255,974400,0.0,0.0,WFC
1976-03-23,0.1921272575855255,0.1921272575855255,0.19008328887842824,0.1921272575855255,542400,0.0,0.0,WFC
1976-03-24,0.1921270930282759,0.19825880677252883,0.1921270930282759,0.19621483981609344,412800,0.0,0.0,WFC
1976-03-25,0.19621483981609344,0.19621483981609344,0.19417087285965806,0.19621483981609344,220800,0.0,0.0,WFC
1976-03-26,0.19621483981609344,0.19825880677252883,0.19621483981609344,0.19621483981609344,148800,0.0,0.0,WFC
1976-03-29,0.19825895362580584,0.20030273497104645,0.19825895362580584,0.20030273497104645,364800,0.0,0.0,WFC
1976-03-30,0.20030268746335717,0.20030268746335717,0.1982589066028595,0.1982589066028595,38400,0.0,0.0,WFC
1976-03-31,0.1982589066028595,0.20030268746335717,0.1982589066028595,0.1982589066028595,216000,0.0,0.0,WFC
1976-04-01,0.1982589066028595,0.1982589066028595,0.19621493861721437,0.1982589066028595,254400,0.0,0.0,WFC
1976-04-02,0.19825895362580584,0.20030273497104645,0.19825895362580584,0.20030273497104645,403200,0.0,0.0,WFC
1976-04-05,0.20030273497104645,0.20030273497104645,0.19825895362580584,0.20030273497104645,235200,0.0,0.0,WFC
1976-04-06,0.20030279582664248,0.20387978851795197,0.19825901386046416,0.20387978851795197,835200,0.0,0.0,WFC
1976-04-07,0.2038796154400216,0.2038796154400216,0.20234659314155581,0.2023465931415558,355200,0.0,0.0,WFC
1976-04-08,0.20234670344147884,0.20234670344147884,0.20030273497104645,0.20030273497104645,321600,0.0,0.0,WFC
1976-04-09,0.20030273497104645,0.20234670344147884,0.20030273497104645,0.20030273497104645,302400,0.0,0.0,WFC
1976-04-12,0.20030279582664248,0.20387978851795197,0.20030279582664248,0.20387978851795197,532800,0.0,0.0,WFC
1976-04-13,0.20387989347249416,0.20592367649078366,0.20234686908343202,0.2059236764907837,110400,0.0,0.0,WFC
1976-04-14,0.20592362463699687,0.20796759426593783,0.20592362463699687,0.2079675942659378,268800,0.0,0.0,WFC
1976-04-15,0.20796761045149853,0.21409933269023895,0.2059236406634809,0.21409933269023895,340800,0.0,0.0,WFC
1976-04-19,0.21409933269023895,0.21409933269023895,0.21409933269023895,0.21409933269023895,475200,0.0,0.0,WFC
1976-04-20,0.2140991444877867,0.2140991444877867,0.21205517649650574,0.21205517649650574,384000,0.0,0.0,WFC
1976-04-21,0.21205536290222132,0.21409933269023895,0.21205536290222132,0.21409933269023895,720000,0.0,0.0,WFC
1976-04-22,0.21409933269023895,0.21409933269023895,0.21205536290222132,0.21409933269023895,139200,0.0,0.0,WFC
1976-04-23,0.21409933269023895,0.21409933269023895,0.21205536290222132,0.21409933269023895,235200,0.0,0.0,WFC
1976-04-26,0.21409933269023895,0.21409933269023895,0.21409933269023895,0.21409933269023895,547200,0.0,0.0,WFC
1976-04-27,0.21409933269023895,0.21409933269023895,0.21205536290222132,0.21409933269023895,571200,0.0,0.0,WFC
1976-04-28,0.2140991444877867,0.2140991444877867,0.21205517649650574,0.21205517649650574,124800,0.0,0.0,WFC
1976-04-29,0.21205536290222132,0.21409933269023895,0.21205536290222132,0.21409933269023895,475200,0.0,0.0,WFC
1976-04-30,0.21409933269023895,0.21409933269023895,0.21409933269023895,0.21409933269023895,81600,0.0,0.0,WFC
1976-05-03,0.21584984666616772,0.21584984666616772,0.213789165019989,0.213789165019989,96000,0.00885,0.0,WFC
1976-05-04,0.213789165019989,0.213789165019989,0.21172867202909237,0.213789165019989,369600,0.0,0.0,WFC
1976-05-05,0.21378938633946026,0.2158500701189041,0.21378938633946026,0.2158500701189041,331200,0.0,0.0,WFC
1976-05-06,0.213789165019989,0.213789165019989,0.21172867202909237,0.213789165019989,945600,0.0,0.0,WFC
1976-05-07,0.213789165019989,0.213789165019989,0.21172867202909237,0.213789165019989,196800,0.0,0.0,WFC
1976-05-10,0.21378926047140878,0.21378926047140878,0.2117287665605545,0.2117287665605545,67200,0.0,0.0,WFC
1976-05-11,0.2117287665605545,0.21378926047140878,0.2117287665605545,0.2117287665605545,225600,0.0,0.0,WFC
1976-05-12,0.2117287665605545,0.21378926047140878,0.2117287665605545,0.2117287665605545,100800,0.0,0.0,WFC
1976-05-13,0.2117287665605545,0.21378926047140878,0.2117287665605545,0.2117287665605545,144000,0.0,0.0,WFC
1976-05-14,0.2117287665605545,0.2117287665605545,0.2117287665605545,0.2117287665605545,28800,0.0,0.0,WFC
1976-05-17,0.2117287665605545,0.21378926047140878,0.2117287665605545,0.2117287665605545,24000,0.0,0.0,WFC
1976-05-18,0.2117287665605545,0.2117287665605545,0.2117287665605545,0.2117287665605545,72000,0.0,0.0,WFC
1976-05-19,0.2117287665605545,0.2117287665605545,0.2096680839943339,0.2117287665605545,148800,0.0,0.0,WFC
1976-05-20,0.2117288912154938,0.2158500701189041,0.2117288912154938,0.2158500701189041,240000,0.0,0.0,WFC
1976-05-21,0.2158500701189041,0.2158500701189041,0.21378938633946026,0.2158500701189041,124800,0.0,0.0,WFC
1976-05-24,0.21584994303762942,0.21584994303762942,0.2117287665605545,0.2117287665605545,120000,0.0,0.0,WFC
1976-05-25,0.2117287665605545,0.2117287665605545,0.2096680839943339,0.2117287665605545,993600,0.0,0.0,WFC
1976-05-26,0.2117287665605545,0.2117287665605545,0.2117287665605545,0.2117287665605545,441600,0.0,0.0,WFC
1976-05-27,0.2117287665605545,0.2117287665605545,0.2117287665605545,0.2117287665605545,192000,0.0,0.0,WFC
1976-05-28,0.21172867202909237,0.213789165019989,0.21172867202909237,0.213789165019989,115200,0.0,0.0,WFC
1976-06-01,0.213789165019989,0.213789165019989,0.213789165019989,0.213789165019989,67200,0.0,0.0,WFC
1976-06-02,0.21378926047140878,0.21378926047140878,0.2117287665605545,0.2117287665605545,753600,0.0,0.0,WFC
1976-06-03,0.21172867202909237,0.21584984666616772,0.21172867202909237,0.213789165019989,340800,0.0,0.0,WFC
1976-06-04,0.213789165019989,0.21584984666616772,0.213789165019989,0.213789165019989,129600,0.0,0.0,WFC
1976-06-07,0.213789165019989,0.213789165019989,0.21172867202909237,0.213789165019989,345600,0.0,0.0,WFC
1976-06-08,0.213789165019989,0.213789165019989,0.213789165019989,0.213789165019989,96000,0.0,0.0,WFC
1976-06-09,0.213789165019989,0.213789165019989,0.213789165019989,0.213789165019989,38400,0.0,0.0,WFC
1976-06-10,0.21378926047140878,0.21378926047140878,0.2117287665605545,0.2117287665605545,470400,0.0,0.0,WFC
1976-06-11,0.2117288912154938,0.2158500701189041,0.2117288912154938,0.2158500701189041,292800,0.0,0.0,WFC
1976-06-14,0.21378926047140878,0.21378926047140878,0.2117287665605545,0.2117287665605545,48000,0.0,0.0,WFC
1976-06-15,0.21172867202909237,0.213789165019989,0.20966799038291367,0.213789165019989,432000,0.0,0.0,WFC
1976-06-16,0.21378926741817147,0.21739532053470612,0.2117287734403645,0.21739532053470612,1190400,0.0,0.0,WFC
1976-06-17,0.21739544146187895,0.21739544146187895,0.2158500701189041,0.2158500701189041,739200,0.0,0.0,WFC
1976-06-18,0.21584995005135088,0.21739532053470612,0.21584995005135088,0.21739532053470612,240000,0.0,0.0,WFC
1976-06-21,0.21739544146187895,0.21739544146187895,0.2158500701189041,0.2158500701189041,470400,0.0,0.0,WFC
1976-06-22,0.2158500701189041,0.21739544146187895,0.2158500701189041,0.2158500701189041,268800,0.0,0.0,WFC
1976-06-23,0.2158500701189041,0.21739544146187895,0.2158500701189041,0.2158500701189041,177600,0.0,0.0,WFC
1976-06-24,0.2158500701189041,0.21739544146187895,0.2158500701189041,0.2158500701189041,268800,0.0,0.0,WFC
1976-06-25,0.2158500701189041,0.2158500701189041,0.2158500701189041,0.2158500701189041,134400,0.0,0.0,WFC
1976-06-28,0.2158500701189041,0.2158500701189041,0.2158500701189041,0.2158500701189041,28800,0.0,0.0,WFC
1976-06-29,0.2158500701189041,0.2158500701189041,0.2158500701189041,0.2158500701189041,38400,0.0,0.0,WFC
1976-06-30,0.21739530473165922,0.22151666969842498,0.21739530473165922,0.21945598721504211,244800,0.0,0.0,WFC
1976-07-01,0.21945598721504211,0.22151666969842498,0.21739530473165922,0.21945598721504211,331200,0.0,0.0,WFC
1976-07-02,0.21945598721504211,0.22151666969842498,0.21945598721504211,0.21945598721504211,105600,0.0,0.0,WFC
1976-07-06,0.21945595679646324,0.22151663899421695,0.21945595679646324,0.22151663899421692,120000,0.0,0.0,WFC
1976-07-07,0.22151666969842498,0.22151666969842498,0.21945598721504211,0.21945598721504211,72000,0.0,0.0,WFC
1976-07-08,0.21945600316788552,0.21945600316788552,0.21739532053470612,0.21739532053470612,76800,0.0,0.0,WFC
1976-07-09,0.21739530473165922,0.21945598721504211,0.21739530473165922,0.21945598721504211,67200,0.0,0.0,WFC
1976-07-12,0.22151663899421695,0.22151663899421695,0.22151663899421695,0.22151663899421692,297600,0.0,0.0,WFC
1976-07-13,0.22151663899421695,0.22151663899421695,0.22151663899421695,0.22151663899421692,350400,0.0,0.0,WFC
1976-07-14,0.22151663899421695,0.22151663899421695,0.21945595679646324,0.22151663899421692,643200,0.0,0.0,WFC
1976-07-15,0.22151663899421695,0.22151663899421695,0.22151663899421695,0.22151663899421692,268800,0.0,0.0,WFC
1976-07-16,0.22151666969842498,0.22151666969842498,0.21945598721504211,0.21945598721504211,153600,0.0,0.0,WFC
1976-07-19,0.21739532053470612,0.21739532053470612,0.21739532053470612,0.21739532053470612,129600,0.0,0.0,WFC
1976-07-20,0.21739532053470612,0.21739532053470612,0.21739532053470612,0.21739532053470612,62400,0.0,0.0,WFC
1976-07-21,0.21739532053470612,0.21739532053470612,0.21739532053470612,0.21739532053470612,129600,0.0,0.0,WFC
1976-07-22,0.21739532053470612,0.21739532053470612,0.21739532053470612,0.21739532053470612,144000,0.0,0.0,WFC
1976-07-23,0.21739530473165922,0.21945598721504211,0.21739530473165922,0.21945598721504211,1152000,0.0,0.0,WFC
1976-07-26,0.21945598721504211,0.22151666969842498,0.21945598721504211,0.21945598721504211,19200,0.0,0.0,WFC
1976-07-27,0.22151663899421695,0.22151663899421695,0.22151663899421695,0.22151663899421692,86400,0.0,0.0,WFC
1976-07-28,0.22151660384284452,0.2235770970582962,0.22151660384284452,0.2235770970582962,259200,0.0,0.0,WFC
1976-07-29,0.2235770970582962,0.22563777892905051,0.22151660384284452,0.2235770970582962,480000,0.0,0.0,WFC
1976-07-30,0.2235771558319743,0.22563783824443817,0.22151666207486265,0.22563783824443817,350400,0.0,0.0,WFC
1976-08-02,0.22543098032474518,0.22543098032474518,0.22335340166564557,0.22543098032474518,230400,0.00938,0.0,WFC
1976-08-03,0.22543098032474518,0.22543098032474518,0.22335340166564557,0.22543098032474518,360000,0.0,0.0,WFC
1976-08-04,0.2254308517341673,0.227508619427681,0.2254308517341673,0.22750861942768097,163200,0.0,0.0,WFC
1976-08-05,0.2275087725606485,0.22958654165267944,0.22543100346861755,0.22958654165267944,1372800,0.0,0.0,WFC
1976-08-06,0.22958638712119467,0.22958638712119467,0.227508619427681,0.22750861942768097,100800,0.0,0.0,WFC
1976-08-09,0.2275087725606485,0.22958654165267944,0.22335342459622332,0.22958654165267944,470400,0.0,0.0,WFC
1976-08-10,0.22958638712119467,0.22958638712119467,0.2254308517341673,0.22750861942768097,456000,0.0,0.0,WFC
1976-08-11,0.227508619427681,0.227508619427681,0.2254308517341673,0.22750861942768097,360000,0.0,0.0,WFC
1976-08-12,0.22543098032474518,0.22543098032474518,0.22543098032474518,0.22543098032474518,81600,0.0,0.0,WFC
1976-08-13,0.22335344552993774,0.22335344552993774,0.22335344552993774,0.22335344552993774,441600,0.0,0.0,WFC
1976-08-16,0.2233533312422272,0.2233533312422272,0.21919779479503632,0.21919779479503632,168000,0.0,0.0,WFC
1976-08-17,0.21919791372908762,0.21919791372908762,0.21763972938060758,0.2176397293806076,220800,0.0,0.0,WFC
1976-08-18,0.21763972938060758,0.21763972938060758,0.21763972938060758,0.2176397293806076,312000,0.0,0.0,WFC
1976-08-19,0.21763972938060758,0.21919791372908762,0.21556196002964045,0.2176397293806076,225600,0.0,0.0,WFC
1976-08-20,0.21763972938060758,0.21919791372908762,0.21763972938060758,0.2176397293806076,100800,0.0,0.0,WFC
1976-08-23,0.21763961129200768,0.21919779479503632,0.21763961129200768,0.21919779479503632,100800,0.0,0.0,WFC
1976-08-24,0.21919791372908762,0.21919791372908762,0.21763972938060758,0.2176397293806076,384000,0.0,0.0,WFC
1976-08-25,0.21763952989867272,0.21763952989867272,0.21348418522506452,0.21556176245212555,628800,0.0,0.0,WFC
1976-08-26,0.21348426739368093,0.21348426739368093,0.21140649914741516,0.21140649914741516,153600,0.0,0.0,WFC
1976-08-27,0.20932878032635927,0.20932878032635927,0.2056928277015686,0.2056928277015686,201600,0.0,0.0,WFC
1976-08-30,0.2056927780196997,0.2056927780196997,0.2036150097846985,0.2036150097846985,283200,0.0,0.0,WFC
1976-08-31,0.203615058964715,0.20725120180910986,0.203615058964715,0.2056928277015686,139200,0.0,0.0,WFC
1976-09-01,0.20569280353867844,0.20932875573635104,0.20569280353867844,0.209328755736351,830400,0.0,0.0,WFC
1976-09-02,0.20932883804932242,0.21556195575907722,0.20932883804932242,0.21348437666893005,1382400,0.0,0.0,WFC
1976-09-03,0.21348426739368093,0.21348426739368093,0.21140649914741516,0.21140649914741516,139200,0.0,0.0,WFC
1976-09-07,0.21556196002964045,0.21763972938060758,0.21556196002964045,0.2176397293806076,192000,0.0,0.0,WFC
1976-09-08,0.21919779479503632,0.2233533312422272,0.21919779479503632,0.21919779479503632,1694400,0.0,0.0,WFC
1976-09-09,0.21919791372908762,0.21919791372908762,0.21763972938060758,0.2176397293806076,1886400,0.0,0.0,WFC
1976-09-10,0.21763972938060758,0.21763972938060758,0.21763972938060758,0.2176397293806076,81600,0.0,0.0,WFC
1976-09-13,0.21763972938060758,0.21763972938060758,0.21556196002964045,0.2176397293806076,120000,0.0,0.0,WFC
1976-09-14,0.21763972938060758,0.21763972938060758,0.21763972938060758,0.2176397293806076,100800,0.0,0.0,WFC
1976-09-15,0.21763972938060758,0.21763972938060758,0.21556196002964045,0.2176397293806076,100800,0.0,0.0,WFC
1976-09-16,0.21763952989867272,0.21919771281896852,0.21556176245212558,0.21556176245212555,240000,0.0,0.0,WFC
1976-09-17,0.21763964551242476,0.22127559781074524,0.21763964551242476,0.22127559781074524,1152000,0.0,0.0,WFC
1976-09-20,0.21919779479503632,0.21919779479503632,0.21763961129200768,0.21919779479503632,86400,0.0,0.0,WFC
1976-09-21,0.21919791372908762,0.21919791372908762,0.21763972938060758,0.2176397293806076,105600,0.0,0.0,WFC
1976-09-22,0.21763972938060758,0.21919791372908762,0.21763972938060758,0.2176397293806076,984000,0.0,0.0,WFC
1976-09-23,0.21763972938060758,0.21919791372908762,0.21763972938060758,0.2176397293806076,1248000,0.0,0.0,WFC
1976-09-24,0.21763972938060758,0.21763972938060758,0.21763972938060758,0.2176397293806076,105600,0.0,0.0,WFC
1976-09-27,0.21763972938060758,0.21763972938060758,0.21556196002964045,0.2176397293806076,350400,0.0,0.0,WFC
1976-09-28,0.21763961366665313,0.21763961366665313,0.21140649914741516,0.21140649914741516,273600,0.0,0.0,WFC
1976-09-29,0.2114065242291276,0.2114065242291276,0.20932875573635104,0.209328755736351,96000,0.0,0.0,WFC
1976-09-30,0.2093286641957513,0.2093286641957513,0.20725108683109286,0.20725108683109283,120000,0.0,0.0,WFC
1976-10-01,0.20725108683109286,0.2093286641957513,0.20725108683109286,0.20725108683109283,326400,0.0,0.0,WFC
1976-10-04,0.20725108683109286,0.2093286641957513,0.20725108683109286,0.20725108683109283,52800,0.0,0.0,WFC
1976-10-05,0.2093287309011494,0.21140649914741516,0.2093287309011494,0.21140649914741516,297600,0.0,0.0,WFC
1976-10-06,0.2114065242291276,0.2114065242291276,0.20932875573635104,0.209328755736351,52800,0.0,0.0,WFC
1976-10-07,0.20932878032635927,0.20932878032635927,0.2056928277015686,0.2056928277015686,216000,0.0,0.0,WFC
1976-10-08,0.20725108683109286,0.20725108683109286,0.20725108683109286,0.20725108683109283,105600,0.0,0.0,WFC
1976-10-11,0.20725108683109286,0.20725108683109286,0.20725108683109286,0.20725108683109283,62400,0.0,0.0,WFC
1976-10-12,0.2056928277015686,0.2056928277015686,0.2056928277015686,0.2056928277015686,96000,0.0,0.0,WFC
1976-10-13,0.2056927780196997,0.2056927780196997,0.2036150097846985,0.2036150097846985,326400,0.0,0.0,WFC
1976-10-14,0.2036150986151962,0.2036150986151962,0.19945975055191179,0.20153751969337463,614400,0.0,0.0,WFC
1976-10-15,0.2015374317692555,0.2036150097846985,0.2015374317692555,0.2036150097846985,201600,0.0,0.0,WFC
1976-10-18,0.20569271358810032,0.20725108683109286,0.20569271358810032,0.20725108683109283,1905600,0.0,0.0,WFC
1976-10-19,0.20725108683109286,0.2093286641957513,0.20569271358810032,0.20725108683109283,33600,0.0,0.0,WFC
1976-10-20,0.20725108683109286,0.20725108683109286,0.20725108683109286,0.20725108683109283,38400,0.0,0.0,WFC
1976-10-21,0.20725117746315633,0.20932875573635104,0.20725117746315633,0.209328755736351,153600,0.0,0.0,WFC
1976-10-22,0.2093286641957513,0.2093286641957513,0.20725108683109286,0.20725108683109283,67200,0.0,0.0,WFC
1976-10-25,0.20725108683109286,0.20725108683109286,0.20569271358810032,0.20725108683109283,220800,0.0,0.0,WFC
1976-10-26,0.20725108683109286,0.20725108683109286,0.20725108683109286,0.20725108683109283,105600,0.0,0.0,WFC
1976-10-27,0.20725108683109286,0.20725108683109286,0.20725108683109286,0.20725108683109283,9600,0.0,0.0,WFC
1976-10-28,0.20725108683109286,0.2093286641957513,0.20725108683109286,0.20725108683109283,249600,0.0,0.0,WFC
1976-10-29,0.20913903415203097,0.20913903415203097,0.2075664649565148,0.20913903415203094,403200,0.00938,0.0,WFC
1976-11-01,0.20913903415203097,0.20913903415203097,0.2075664649565148,0.20913903415203094,76800,0.0,0.0,WFC
1976-11-03,0.20337335582428295,0.20337335582428295,0.20127665996551514,0.20127665996551514,436800,0.0,0.0,WFC
1976-11-04,0.20127660577947443,0.207566499710083,0.20127660577947443,0.207566499710083,1171200,0.0,0.0,WFC
1976-11-05,0.207566499710083,0.20913906916889985,0.20546980441577034,0.207566499710083,153600,0.0,0.0,WFC
1976-11-08,0.20756663349847426,0.2091392039709014,0.2033734321594238,0.20337343215942383,129600,0.0,0.0,WFC
1976-11-09,0.2033734461955996,0.20546995103359222,0.2012767494051406,0.20546995103359222,1128000,0.0,0.0,WFC
1976-11-10,0.20546993685272247,0.20546993685272247,0.2033734321594238,0.20337343215942383,105600,0.0,0.0,WFC
1976-11-11,0.20127665996551514,0.20127665996551514,0.20127665996551514,0.20127665996551514,81600,0.0,0.0,WFC
1976-11-12,0.20127665996551514,0.20337335582428295,0.20127665996551514,0.20127665996551514,307200,0.0,0.0,WFC
1976-11-15,0.20127677858108636,0.20127677858108636,0.19918008148670197,0.19918008148670197,153600,0.0,0.0,WFC
1976-11-16,0.19918008148670197,0.20127677858108636,0.19918008148670197,0.19918008148670197,220800,0.0,0.0,WFC
1976-11-17,0.19917999230997235,0.19917999230997235,0.1970834881067276,0.1970834881067276,259200,0.0,0.0,WFC
1976-11-18,0.1970834881067276,0.1970834881067276,0.19341441379864102,0.1970834881067276,441600,0.0,0.0,WFC
1976-11-19,0.19918008148670197,0.19918008148670197,0.19918008148670197,0.19918008148670197,182400,0.0,0.0,WFC
1976-11-22,0.1991800388679202,0.2033734321594238,0.1991800388679202,0.20337343215942383,1084800,0.0,0.0,WFC
1976-11-23,0.2033734461955996,0.20546995103359222,0.2033734461955996,0.20546995103359222,523200,0.0,0.0,WFC
1976-11-24,0.20546995103359222,0.20546995103359222,0.2033734461955996,0.20546995103359222,374400,0.0,0.0,WFC
1976-11-26,0.20546995103359222,0.20546995103359222,0.2033734461955996,0.20546995103359222,1075200,0.0,0.0,WFC
1976-11-29,0.20546980441577034,0.207566499710083,0.20546980441577034,0.207566499710083,163200,0.0,0.0,WFC
1976-11-30,0.207566499710083,0.207566499710083,0.207566499710083,0.207566499710083,67200,0.0,0.0,WFC
1976-12-01,0.2075664649565148,0.2133322320862453,0.2075664649565148,0.20913903415203094,724800,0.0,0.0,WFC
1976-12-02,0.20913913839720782,0.2112356424331665,0.20913913839720782,0.2112356424331665,1032000,0.0,0.0,WFC
1976-12-03,0.21123567362562787,0.2133323699235916,0.21123567362562787,0.2133323699235916,211200,0.0,0.0,WFC
1976-12-06,0.21333245983700105,0.2154291570186615,0.21123576265534058,0.2154291570186615,288000,0.0,0.0,WFC
1976-12-07,0.21542902295671862,0.21752552688121796,0.2133323270798365,0.21752552688121796,595200,0.0,0.0,WFC
1976-12-08,0.21752557998712896,0.22119465470314026,0.21752557998712896,0.22119465470314026,172800,0.0,0.0,WFC
1976-12-09,0.22119465470314026,0.22538804748066427,0.21962227637589096,0.22119465470314026,288000,0.0,0.0,WFC
1976-12-10,0.22119475962092602,0.2253881543874741,0.22119475962092602,0.22538815438747406,355200,0.0,0.0,WFC
1976-12-13,0.2253881543874741,0.2253881543874741,0.2253881543874741,0.22538815438747406,302400,0.0,0.0,WFC
1976-12-14,0.22538800696563394,0.22958120703697205,0.22538800696563394,0.22958120703697205,283200,0.0,0.0,WFC
1976-12-15,0.22958135720150147,0.22958135720150147,0.2253881543874741,0.22538815438747406,456000,0.0,0.0,WFC
1976-12-16,0.2253881543874741,0.22748465981822744,0.2253881543874741,0.22538815438747406,336000,0.0,0.0,WFC
1976-12-17,0.22538804748066427,0.22538804748066427,0.22119465470314026,0.22119465470314026,470400,0.0,0.0,WFC
1976-12-20,0.22119465470314026,0.22119465470314026,0.21962227637589096,0.22119465470314026,340800,0.0,0.0,WFC
1976-12-21,0.22329145700420006,0.2253881543874741,0.22329145700420006,0.22538815438747406,705600,0.0,0.0,WFC
1976-12-22,0.2253881543874741,0.22748465981822744,0.2253881543874741,0.22538815438747406,1060800,0.0,0.0,WFC
1976-12-23,0.2253880791240043,0.2274845838546753,0.2253880791240043,0.2274845838546753,878400,0.0,0.0,WFC
1976-12-27,0.22748451102510542,0.22958120703697205,0.22748451102510542,0.22958120703697205,100800,0.0,0.0,WFC
1976-12-28,0.2295811791654282,0.23167787492275238,0.2295811791654282,0.23167787492275238,460800,0.0,0.0,WFC
1976-12-29,0.23167791204971896,0.23325029015541077,0.23167791204971896,0.23325029015541077,436800,0.0,0.0,WFC
1976-12-30,0.23325039511483242,0.23534709215164185,0.23325039511483242,0.23534709215164185,436800,0.0,0.0,WFC
1976-12-31,0.23534697457716824,0.23954017460346222,0.23534697457716824,0.23954017460346222,360000,0.0,0.0,WFC
1977-01-03,0.2395402498316235,0.2395402498316235,0.237443745136261,0.237443745136261,168000,0.0,0.0,WFC
1977-01-04,0.237443745136261,0.2395402498316235,0.237443745136261,0.237443745136261,1747200,0.0,0.0,WFC
1977-01-05,0.23744368234206079,0.23744368234206079,0.23325029015541077,0.23325029015541077,158400,0.0,0.0,WFC
1977-01-06,0.23325039511483242,0.23534709215164185,0.23325039511483242,0.23534709215164185,350400,0.0,0.0,WFC
1977-01-07,0.2353469862487358,0.2353469862487358,0.23325029015541077,0.23325029015541077,105600,0.0,0.0,WFC
1977-01-10,0.23325029015541077,0.2353469862487358,0.23325029015541077,0.23325029015541077,192000,0.0,0.0,WFC
1977-01-11,0.23325029015541077,0.2353469862487358,0.23325029015541077,0.23325029015541077,1046400,0.0,0.0,WFC
1977-01-12,0.23325039511483242,0.23534709215164185,0.23325039511483242,0.23534709215164185,441600,0.0,0.0,WFC
1977-01-13,0.23534709215164185,0.23534709215164185,0.23325039511483242,0.23534709215164185,96000,0.0,0.0,WFC
1977-01-14,0.23534709215164185,0.23534709215164185,0.23534709215164185,0.23534709215164185,182400,0.0,0.0,WFC
1977-01-17,0.23534694853379087,0.23534694853379087,0.23167787492275238,0.23167787492275238,844800,0.0,0.0,WFC
1977-01-18,0.23167790304883865,0.23167790304883865,0.22958120703697205,0.22958120703697205,446400,0.0,0.0,WFC
1977-01-19,0.22958135720150147,0.22958135720150147,0.2253881543874741,0.22538815438747406,614400,0.0,0.0,WFC
1977-01-20,0.2253881543874741,0.22748465981822744,0.2253881543874741,0.22538815438747406,110400,0.0,0.0,WFC
1977-01-21,0.2253881543874741,0.22748465981822744,0.2253881543874741,0.22538815438747406,38400,0.0,0.0,WFC
1977-01-24,0.2253881543874741,0.2253881543874741,0.2253881543874741,0.22538815438747406,52800,0.0,0.0,WFC
1977-01-25,0.22538800696563394,0.22958120703697205,0.22538800696563394,0.22958120703697205,134400,0.0,0.0,WFC
1977-01-26,0.22958120703697205,0.23167790304883865,0.22958120703697205,0.22958120703697205,619200,0.0,0.0,WFC
1977-01-27,0.22958135720150147,0.22958135720150147,0.2253881543874741,0.22538815438747406,331200,0.0,0.0,WFC
1977-01-28,0.22538804748066427,0.22538804748066427,0.22119465470314026,0.22119465470314026,244800,0.0,0.0,WFC
1977-01-31,0.2232258915901184,0.2232258915901184,0.2216390740673882,0.2232258915901184,158400,0.01,0.0,WFC
1977-02-01,0.2232258915901184,0.22534184200222632,0.2232258915901184,0.2232258915901184,72000,0.0,0.0,WFC
1977-02-02,0.2232258915901184,0.22745779241433425,0.2232258915901184,0.2232258915901184,187200,0.0,0.0,WFC
1977-02-03,0.2232260044690132,0.2232260044690132,0.22163918614387512,0.22163918614387512,124800,0.0,0.0,WFC
1977-02-04,0.22163918614387512,0.2232260044690132,0.22163918614387512,0.22163918614387512,216000,0.0,0.0,WFC
1977-02-07,0.22163918614387512,0.2232260044690132,0.22163918614387512,0.22163918614387512,67200,0.0,0.0,WFC
1977-02-08,0.22163918614387512,0.22163918614387512,0.22163918614387512,0.22163918614387512,91200,0.0,0.0,WFC
1977-02-09,0.22163918614387512,0.22163918614387512,0.22163918614387512,0.22163918614387512,192000,0.0,0.0,WFC
1977-02-10,0.22163902215928696,0.22163902215928696,0.21952307224273682,0.21952307224273682,494400,0.0,0.0,WFC
1977-02-11,0.2195232346617921,0.22163918614387512,0.2195232346617921,0.22163918614387512,33600,0.0,0.0,WFC
1977-02-14,0.22163921957172725,0.22163921957172725,0.2174075096845627,0.21740750968456268,72000,0.0,0.0,WFC
1977-02-15,0.2174075096845627,0.21952326777051423,0.2174075096845627,0.21740750968456268,216000,0.0,0.0,WFC
1977-02-16,0.2174075096845627,0.21952326777051423,0.2174075096845627,0.21740750968456268,240000,0.0,0.0,WFC
1977-02-17,0.21740728542761037,0.21740728542761037,0.2131753861904144,0.21317538619041443,240000,0.0,0.0,WFC
1977-02-18,0.21317540086751177,0.21317540086751177,0.21105964481830597,0.21105964481830597,662400,0.0,0.0,WFC
1977-02-22,0.21105964481830597,0.21317540086751177,0.21105964481830597,0.21105964481830597,484800,0.0,0.0,WFC
1977-02-23,0.21105964481830597,0.21317540086751177,0.21105964481830597,0.21105964481830597,268800,0.0,0.0,WFC
1977-02-24,0.2110596302868781,0.2131753861904144,0.2110596302868781,0.21317538619041443,134400,0.0,0.0,WFC
1977-02-25,0.2131753861904144,0.2131753861904144,0.2131753861904144,0.21317538619041443,19200,0.0,0.0,WFC
1977-02-28,0.21529148519039157,0.21529148519039157,0.21529148519039157,0.21529148519039154,321600,0.0,0.0,WFC
1977-03-01,0.21529148519039157,0.21529148519039157,0.21317553410362733,0.21529148519039154,153600,0.0,0.0,WFC
1977-03-02,0.21529148519039157,0.21529148519039157,0.21317553410362733,0.21529148519039154,33600,0.0,0.0,WFC
1977-03-03,0.21529155788334967,0.21952326777051423,0.21529155788334967,0.21740750968456268,192000,0.0,0.0,WFC
1977-03-04,0.21952307224273682,0.22163902215928696,0.21952307224273682,0.21952307224273682,254400,0.0,0.0,WFC
1977-03-07,0.22163918614387512,0.22163918614387512,0.22163918614387512,0.22163918614387512,340800,0.0,0.0,WFC
1977-03-08,0.22163918614387512,0.22163918614387512,0.22163918614387512,0.22163918614387512,62400,0.0,0.0,WFC
1977-03-09,0.2232258915901184,0.2232258915901184,0.2232258915901184,0.2232258915901184,43200,0.0,0.0,WFC
1977-03-10,0.2232258915901184,0.2232258915901184,0.2232258915901184,0.2232258915901184,76800,0.0,0.0,WFC
1977-03-11,0.2232258915901184,0.2232258915901184,0.2232258915901184,0.2232258915901184,62400,0.0,0.0,WFC
1977-03-14,0.2232260044690132,0.2232260044690132,0.22163918614387512,0.22163918614387512,120000,0.0,0.0,WFC
1977-03-15,0.22322596497655417,0.22534191608428955,0.22322596497655417,0.22534191608428955,278400,0.0,0.0,WFC
1977-03-16,0.22534184200222632,0.22534184200222632,0.2216390740673882,0.2232258915901184,196800,0.0,0.0,WFC
1977-03-17,0.2232258915901184,0.22534184200222632,0.2232258915901184,0.2232258915901184,48000,0.0,0.0,WFC
1977-03-18,0.22322596497655417,0.22534191608428955,0.22322596497655417,0.22534191608428955,244800,0.0,0.0,WFC
1977-03-21,0.22534184200222632,0.22745779241433425,0.2232258915901184,0.2232258915901184,518400,0.0,0.0,WFC
1977-03-22,0.2232258915901184,0.2232258915901184,0.2232258915901184,0.2232258915901184,139200,0.0,0.0,WFC
1977-03-23,0.2232258915901184,0.2232258915901184,0.2232258915901184,0.2232258915901184,67200,0.0,0.0,WFC
1977-03-24,0.2232260044690132,0.2232260044690132,0.22163918614387512,0.22163918614387512,662400,0.0,0.0,WFC
1977-03-25,0.22163918614387512,0.22163918614387512,0.2195232346617921,0.22163918614387512,134400,0.0,0.0,WFC
1977-03-28,0.22163902215928696,0.22163902215928696,0.21952307224273682,0.21952307224273682,187200,0.0,0.0,WFC
1977-03-29,0.22163918614387512,0.22163918614387512,0.22163918614387512,0.22163918614387512,158400,0.0,0.0,WFC
1977-03-30,0.22163918614387512,0.22163918614387512,0.2195232346617921,0.22163918614387512,216000,0.0,0.0,WFC
1977-03-31,0.21952326777051423,0.21952326777051423,0.21529155788334967,0.21740750968456268,264000,0.0,0.0,WFC
1977-04-01,0.2174075096845627,0.2174075096845627,0.2174075096845627,0.21740750968456268,182400,0.0,0.0,WFC
1977-04-04,0.2174075096845627,0.21952326777051423,0.2174075096845627,0.21740750968456268,643200,0.0,0.0,WFC
1977-04-05,0.21740747689494136,0.22163918614387512,0.21740747689494136,0.22163918614387512,72000,0.0,0.0,WFC
1977-04-06,0.21952326777051423,0.21952326777051423,0.2174075096845627,0.21740750968456268,168000,0.0,0.0,WFC
1977-04-07,0.2174075096845627,0.21952326777051423,0.2174075096845627,0.21740750968456268,48000,0.0,0.0,WFC
1977-04-11,0.21740743627715578,0.21740743627715578,0.21529148519039157,0.21529148519039154,211200,0.0,0.0,WFC
1977-04-12,0.21529155788334967,0.21952326777051423,0.21529155788334967,0.21740750968456268,364800,0.0,0.0,WFC
1977-04-13,0.2174075096845627,0.2174075096845627,0.21529155788334967,0.21740750968456268,729600,0.0,0.0,WFC
1977-04-14,0.21740743627715578,0.21740743627715578,0.21529148519039157,0.21529148519039154,326400,0.0,0.0,WFC
1977-04-15,0.21529155788334967,0.2174075096845627,0.21529155788334967,0.21740750968456268,91200,0.0,0.0,WFC
1977-04-18,0.2174075096845627,0.2174075096845627,0.21529155788334967,0.21740750968456268,470400,0.0,0.0,WFC
1977-04-19,0.2174075096845627,0.2174075096845627,0.2174075096845627,0.21740750968456268,52800,0.0,0.0,WFC
1977-04-20,0.21740743627715578,0.21740743627715578,0.21529148519039157,0.21529148519039154,336000,0.0,0.0,WFC
1977-04-21,0.21529155788334967,0.2174075096845627,0.21529155788334967,0.21740750968456268,139200,0.0,0.0,WFC
1977-04-22,0.21740743627715578,0.21740743627715578,0.21529148519039157,0.21529148519039154,384000,0.0,0.0,WFC
1977-04-25,0.21529148519039157,0.21529148519039157,0.21529148519039157,0.21529148519039154,244800,0.0,0.0,WFC
1977-04-26,0.21529148519039157,0.21529148519039157,0.21317553410362733,0.21529148519039154,72000,0.0,0.0,WFC
1977-04-27,0.21529148519039157,0.21529148519039157,0.21529148519039157,0.21529148519039154,806400,0.0,0.0,WFC
1977-04-28,0.21529148519039157,0.21529148519039157,0.21529148519039157,0.21529148519039154,292800,0.0,0.0,WFC
1977-04-29,0.21529148519039157,0.21529148519039157,0.21317553410362733,0.21529148519039154,196800,0.0,0.0,WFC
1977-05-02,0.21734198202107868,0.21734198202107868,0.2152058780193329,0.21520587801933289,748800,0.01,0.0,WFC
1977-05-03,0.21520589996042447,0.21734200417995453,0.21520589996042447,0.21734200417995453,772800,0.0,0.0,WFC
1977-05-04,0.21734215871270138,0.21947826445102692,0.21734215871270138,0.21947826445102692,739200,0.0,0.0,WFC
1977-05-05,0.21734200417995453,0.21734200417995453,0.21734200417995453,0.21734200417995453,312000,0.0,0.0,WFC
1977-05-06,0.21734215871270138,0.21947826445102692,0.21734215871270138,0.21947826445102692,129600,0.0,0.0,WFC
1977-05-09,0.21947826445102692,0.21947826445102692,0.21947826445102692,0.21947826445102692,278400,0.0,0.0,WFC
1977-05-10,0.21947826445102692,0.21947826445102692,0.21947826445102692,0.21947826445102692,148800,0.0,0.0,WFC
1977-05-11,0.21947826445102692,0.21947826445102692,0.21947826445102692,0.21947826445102692,24000,0.0,0.0,WFC
1977-05-12,0.2194781083994846,0.2194781083994846,0.21734200417995453,0.21734200417995453,148800,0.0,0.0,WFC
1977-05-13,0.21734215871270138,0.21947826445102692,0.21734215871270138,0.21947826445102692,38400,0.0,0.0,WFC
1977-05-16,0.21947826445102692,0.21947826445102692,0.21734215871270138,0.21947826445102692,62400,0.0,0.0,WFC
1977-05-17,0.21947826445102692,0.21947826445102692,0.21947826445102692,0.21947826445102692,345600,0.0,0.0,WFC
1977-05-18,0.21947826445102692,0.21947826445102692,0.21947826445102692,0.21947826445102692,153600,0.0,0.0,WFC
1977-05-19,0.21947826445102692,0.21947826445102692,0.21947826445102692,0.21947826445102692,86400,0.0,0.0,WFC
1977-05-20,0.21947826445102692,0.21947826445102692,0.21734215871270138,0.21947826445102692,254400,0.0,0.0,WFC
1977-05-23,0.2194781083994846,0.2194781083994846,0.21734200417995453,0.21734200417995453,1228800,0.0,0.0,WFC
1977-05-24,0.21734198202107868,0.21734198202107868,0.2152058780193329,0.21520587801933289,484800,0.0,0.0,WFC
1977-05-25,0.2152058236736576,0.21734192713597567,0.21306991577148438,0.21306991577148438,542400,0.0,0.0,WFC
1977-05-26,0.21306996957778135,0.2152058780193329,0.21306996957778135,0.21520587801933289,33600,0.0,0.0,WFC
1977-05-27,0.2152058236736576,0.2152058236736576,0.21306991577148438,0.21306991577148438,134400,0.0,0.0,WFC
1977-05-31,0.21307003421003917,0.21307003421003917,0.2093318021829873,0.211467906832695,465600,0.0,0.0,WFC
1977-06-01,0.211467906832695,0.211467906832695,0.2093318021829873,0.211467906832695,110400,0.0,0.0,WFC
1977-06-02,0.21146788510227518,0.21146788510227518,0.2093317806720734,0.20933178067207336,422400,0.0,0.0,WFC
1977-06-03,0.2093317806720734,0.2093317806720734,0.2093317806720734,0.20933178067207336,43200,0.0,0.0,WFC
1977-06-06,0.2093318021829873,0.211467906832695,0.2093318021829873,0.211467906832695,38400,0.0,0.0,WFC
1977-06-07,0.21146788510227518,0.21146788510227518,0.2093317806720734,0.20933178067207336,350400,0.0,0.0,WFC
1977-06-08,0.2093318021829873,0.21307003421003917,0.2093318021829873,0.211467906832695,379200,0.0,0.0,WFC
1977-06-09,0.21146778928470958,0.21306991577148438,0.21146778928470958,0.21306991577148438,206400,0.0,0.0,WFC
1977-06-10,0.21306991577148438,0.2152058236736576,0.21306991577148438,0.21306991577148438,672000,0.0,0.0,WFC
1977-06-13,0.21306991577148438,0.2152058236736576,0.21306991577148438,0.21306991577148438,120000,0.0,0.0,WFC
1977-06-14,0.21306996957778135,0.2152058780193329,0.21306996957778135,0.21520587801933289,33600,0.0,0.0,WFC
1977-06-15,0.2152058780193329,0.2152058780193329,0.2152058780193329,0.21520587801933289,24000,0.0,0.0,WFC
1977-06-16,0.2152058780193329,0.2152058780193329,0.21306996957778135,0.21520587801933289,187200,0.0,0.0,WFC
1977-06-17,0.2152058780193329,0.2152058780193329,0.21306996957778135,0.21520587801933289,110400,0.0,0.0,WFC
1977-06-20,0.2136040114824027,0.2136040114824027,0.2093318021829873,0.211467906832695,350400,0.0,2.0,WFC
1977-06-21,0.21146783838048575,0.21146783838048575,0.20505972206592557,0.2050597220659256,1382400,0.0,0.0,WFC
1977-06-22,0.20505982701408645,0.20505982701408645,0.20078781247138977,0.20078781247138977,360000,0.0,0.0,WFC
1977-06-23,0.20078781247138977,0.20505982701408645,0.19865170741989627,0.20078781247138977,1077600,0.0,0.0,WFC
1977-06-24,0.2029237151145935,0.2050598200940006,0.2029237151145935,0.2029237151145935,16800,0.0,0.0,WFC
1977-06-27,0.20292361810767542,0.20505972206592557,0.20292361810767542,0.2050597220659256,38400,0.0,0.0,WFC
1977-06-28,0.20505982701408645,0.20505982701408645,0.20078781247138977,0.20078781247138977,79200,0.0,0.0,WFC
1977-06-29,0.20078780569547017,0.2029237151145935,0.20078780569547017,0.2029237151145935,357600,0.0,0.0,WFC
1977-06-30,0.20292371282180963,0.20719592273235318,0.20292371282180963,0.2071959227323532,595200,0.0,0.0,WFC
1977-07-01,0.20719589309353317,0.211467906832695,0.20505978844382547,0.211467906832695,319200,0.0,0.0,WFC
1977-07-05,0.21146788510227518,0.21146788510227518,0.2093317806720734,0.20933178067207336,230400,0.0,0.0,WFC
1977-07-06,0.20719582602417572,0.20719582602417572,0.20292361810767542,0.2050597220659256,664800,0.0,0.0,WFC
1977-07-07,0.2050598177770814,0.20719592273235318,0.2050598177770814,0.2071959227323532,1533600,0.0,0.0,WFC
1977-07-08,0.20719592273235318,0.20719592273235318,0.20719592273235318,0.2071959227323532,72000,0.0,0.0,WFC
1977-07-11,0.20719587180210502,0.2093317806720734,0.2050597673719032,0.20933178067207336,105600,0.0,0.0,WFC
1977-07-12,0.2093317806720734,0.2093317806720734,0.20719587180210502,0.20933178067207336,760800,0.0,0.0,WFC
1977-07-13,0.20933176485115412,0.21360397338867188,0.20933176485115412,0.21360397338867188,744000,0.0,0.0,WFC
1977-07-15,0.21360397338867188,0.2157398820972121,0.20933176485115412,0.21360397338867188,343200,0.0,0.0,WFC
1977-07-18,0.2136040114824027,0.21573992057185687,0.211467906832695,0.211467906832695,297600,0.0,0.0,WFC
1977-07-19,0.211467869119913,0.21360397338867188,0.20933176485115412,0.21360397338867188,148800,0.0,0.0,WFC
1977-07-20,0.21360397338867188,0.21360397338867188,0.211467869119913,0.21360397338867188,194400,0.0,0.0,WFC
1977-07-21,0.2136040114824027,0.2136040114824027,0.211467906832695,0.211467906832695,468000,0.0,0.0,WFC
1977-07-22,0.211467906832695,0.211467906832695,0.211467906832695,0.211467906832695,84000,0.0,0.0,WFC
1977-07-25,0.211467906832695,0.211467906832695,0.2093318021829873,0.211467906832695,48000,0.0,0.0,WFC
1977-07-26,0.21146793708261521,0.21146793708261521,0.20719592273235318,0.2071959227323532,64800,0.0,0.0,WFC
1977-07-27,0.20719592273235318,0.20719592273235318,0.20719592273235318,0.2071959227323532,0,0.0,0.0,WFC
1977-07-28,0.2050598200940006,0.2050598200940006,0.2029237151145935,0.2029237151145935,96000,0.0,0.0,WFC
1977-07-29,0.20292361810767542,0.20719582602417572,0.20292361810767542,0.2050597220659256,105600,0.0,0.0,WFC
1977-08-01,0.20713110484099245,0.21144627034664154,0.20713110484099245,0.21144627034664154,237600,0.01,0.0,WFC
1977-08-02,0.2092887610197067,0.2092887610197067,0.20713107976033954,0.20928876101970673,247200,0.0,0.0,WFC
1977-08-03,0.2092887610197067,0.21144624474348298,0.2092887610197067,0.20928876101970673,79200,0.0,0.0,WFC
1977-08-04,0.20928879920488472,0.21576164662837985,0.20928879920488472,0.21576164662837982,460800,0.0,0.0,WFC
1977-08-05,0.21791918575763702,0.2200768679553662,0.21791918575763702,0.21791918575763702,48000,0.0,0.0,WFC
1977-08-08,0.21791913074579358,0.21791913074579358,0.21576164662837985,0.21576164662837982,374400,0.0,0.0,WFC
1977-08-09,0.21576164662837985,0.21576164662837985,0.21144628332229845,0.21576164662837982,208800,0.0,0.0,WFC
1977-08-10,0.21576164662837985,0.21576164662837985,0.21144628332229845,0.21576164662837982,144000,0.0,0.0,WFC
1977-08-11,0.2136039518672735,0.2136039518672735,0.21144627034664154,0.21144627034664154,127200,0.0,0.0,WFC
1977-08-12,0.2092887610197067,0.2092887610197067,0.20713107976033954,0.20928876101970673,506400,0.0,0.0,WFC
1977-08-15,0.2114462621493658,0.2136039435863495,0.2114462621493658,0.2136039435863495,249600,0.0,0.0,WFC
1977-08-16,0.21144624474348298,0.21144624474348298,0.20497339850097238,0.20928876101970673,856800,0.0,0.0,WFC
1977-08-17,0.2092887610197067,0.2092887610197067,0.2092887610197067,0.20928876101970673,21600,0.0,0.0,WFC
1977-08-18,0.2092887610197067,0.2092887610197067,0.2092887610197067,0.20928876101970673,96000,0.0,0.0,WFC
1977-08-19,0.2092887863616244,0.21144627034664154,0.2092887863616244,0.21144627034664154,307200,0.0,0.0,WFC
1977-08-22,0.2092887610197067,0.2092887610197067,0.2092887610197067,0.20928876101970673,19200,0.0,0.0,WFC
1977-08-23,0.20928879920488472,0.21576164662837985,0.20928879920488472,0.21576164662837982,292800,0.0,0.0,WFC
1977-08-24,0.2136039435863495,0.2136039435863495,0.2136039435863495,0.2136039435863495,9600,0.0,0.0,WFC
1977-08-25,0.2136039518672735,0.2157616333879054,0.21144627034664154,0.21144627034664154,314400,0.0,0.0,WFC
1977-08-26,0.2092887610197067,0.2092887610197067,0.2092887610197067,0.20928876101970673,24000,0.0,0.0,WFC
1977-08-29,0.2092887610197067,0.2092887610197067,0.2092887610197067,0.20928876101970673,26400,0.0,0.0,WFC
1977-08-30,0.2092887610197067,0.2092887610197067,0.2092887610197067,0.20928876101970673,139200,0.0,0.0,WFC
1977-08-31,0.2092887610197067,0.21144624474348298,0.20497339850097238,0.20928876101970673,136800,0.0,0.0,WFC
1977-09-01,0.20928864867181574,0.20928864867181574,0.20497328846960272,0.20713096857070923,1003200,0.0,0.0,WFC
1977-09-02,0.2071311863166203,0.2071311863166203,0.2028160191135882,0.204973503947258,91200,0.0,0.0,WFC
1977-09-06,0.20497328846960272,0.20713096857070923,0.20281580590398107,0.20713096857070923,98400,0.0,0.0,WFC
1977-09-07,0.2071311863166203,0.2071311863166203,0.204973503947258,0.204973503947258,98400,0.0,0.0,WFC
1977-09-08,0.20497337377572108,0.20713105477481442,0.20281589031219482,0.20281589031219482,112800,0.0,0.0,WFC
1977-09-09,0.20281584526790272,0.20281584526790272,0.19850048422813416,0.19850048422813416,48000,0.0,0.0,WFC
1977-09-12,0.19850048422813416,0.20281584526790272,0.19850048422813416,0.19850048422813416,45600,0.0,0.0,WFC
1977-09-13,0.20281589031219482,0.20497337377572108,0.20281589031219482,0.20281589031219482,357600,0.0,0.0,WFC
1977-09-14,0.2028160191135882,0.204973503947258,0.1985006543748636,0.204973503947258,2949600,0.0,0.0,WFC
1977-09-15,0.20497337377572108,0.20497337377572108,0.20281589031219482,0.20281589031219482,50400,0.0,0.0,WFC
1977-09-16,0.20281589031219482,0.20281589031219482,0.20281589031219482,0.20281589031219482,69600,0.0,0.0,WFC
1977-09-19,0.20281604876895323,0.20281604876895323,0.19850068339924437,0.20065836608409882,516000,0.0,0.0,WFC
1977-09-20,0.20065816474801842,0.20065816474801842,0.19634300124377307,0.19850048422813416,60000,0.0,0.0,WFC
1977-09-21,0.19850048422813416,0.20065816474801842,0.19850048422813416,0.19850048422813416,79200,0.0,0.0,WFC
1977-09-22,0.19850048422813416,0.20065816474801842,0.19850048422813416,0.19850048422813416,357600,0.0,0.0,WFC
1977-09-23,0.19850065343980156,0.19850065343980156,0.1963431686162949,0.19634316861629486,60000,0.0,0.0,WFC
1977-09-26,0.19634300124377307,0.20065816474801842,0.19634300124377307,0.19850048422813416,163200,0.0,0.0,WFC
1977-09-27,0.19850048422813416,0.20065816474801842,0.19850048422813416,0.19850048422813416,261600,0.0,0.0,WFC
1977-09-28,0.19850048422813416,0.19850048422813416,0.19850048422813416,0.19850048422813416,136800,0.0,0.0,WFC
1977-09-29,0.19850068339924437,0.20281604876895323,0.19850068339924437,0.20065836608409882,199200,0.0,0.0,WFC
1977-09-30,0.20065812580287457,0.20713096857070923,0.20065812580287457,0.20713096857070923,96000,0.0,0.0,WFC
1977-10-03,0.20713107976033954,0.2092887610197067,0.20497339850097238,0.20928876101970673,192000,0.0,0.0,WFC
1977-10-04,0.21144627034664154,0.21144627034664154,0.21144627034664154,0.21144627034664154,204000,0.0,0.0,WFC
1977-10-05,0.21144635351965238,0.2136040358890147,0.204973503947258,0.204973503947258,129600,0.0,0.0,WFC
1977-10-06,0.20497339850097238,0.2092887610197067,0.20497339850097238,0.20928876101970673,1368000,0.0,0.0,WFC
1977-10-07,0.2092887610197067,0.21144624474348298,0.20713107976033954,0.20928876101970673,52800,0.0,0.0,WFC
1977-10-10,0.2092887610197067,0.2092887610197067,0.2092887610197067,0.20928876101970673,38400,0.0,0.0,WFC
1977-10-11,0.21144627034664154,0.21144627034664154,0.21144627034664154,0.21144627034664154,55200,0.0,0.0,WFC
1977-10-12,0.2092887610197067,0.2092887610197067,0.20713107976033954,0.20928876101970673,189600,0.0,0.0,WFC
1977-10-13,0.20928864867181574,0.2136038113385439,0.20713096857070923,0.20713096857070923,213600,0.0,0.0,WFC
1977-10-14,0.20713096857070923,0.20713096857070923,0.20497328846960272,0.20713096857070923,60000,0.0,0.0,WFC
1977-10-17,0.20713105477481442,0.20713105477481442,0.20281589031219482,0.20281589031219482,480000,0.0,0.0,WFC
1977-10-18,0.20281589031219482,0.20281589031219482,0.20281589031219482,0.20281589031219482,19200,0.0,0.0,WFC
1977-10-19,0.20281589031219482,0.20497337377572108,0.20281589031219482,0.20281589031219482,295200,0.0,0.0,WFC
1977-10-20,0.20281589031219482,0.20497337377572108,0.20281589031219482,0.20281589031219482,484800,0.0,0.0,WFC
1977-10-21,0.20497328846960272,0.20713096857070923,0.20497328846960272,0.20713096857070923,434400,0.0,0.0,WFC
1977-10-24,0.20713096857070923,0.20928864867181574,0.20713096857070923,0.20713096857070923,84000,0.0,0.0,WFC
1977-10-25,0.20713107976033954,0.2092887610197067,0.2028159147771961,0.20928876101970673,124800,0.0,0.0,WFC
1977-10-26,0.20713105477481442,0.20713105477481442,0.20281589031219482,0.20281589031219482,254400,0.0,0.0,WFC
1977-10-27,0.20281584526790272,0.20281584526790272,0.19850048422813416,0.19850048422813416,81600,0.0,0.0,WFC
1977-10-28,0.19850048422813416,0.20281584526790272,0.19634300124377307,0.19850048422813416,285600,0.0,0.0,WFC
1977-10-31,0.19858719571609867,0.19858719571609867,0.19313143875792266,0.19531378149986267,151200,0.01083,0.0,WFC
1977-11-01,0.19313147017500246,0.19313147017500246,0.18658464067754474,0.19094912707805634,324000,0.0,0.0,WFC
1977-11-02,0.19094925133294502,0.19313159584999087,0.19094925133294502,0.19313159584999084,96000,0.0,0.0,WFC
1977-11-03,0.19313143875792266,0.19640485297415863,0.19313143875792266,0.19531378149986267,62400,0.0,0.0,WFC
1977-11-04,0.19640490772886948,0.20076939463615417,0.19640490772886948,0.20076939463615417,74400,0.0,0.0,WFC
1977-11-07,0.20076940679639432,0.2051340937614441,0.20076940679639432,0.2051340937614441,91200,0.0,0.0,WFC
1977-11-08,0.2051340937614441,0.2051340937614441,0.2029517502789192,0.2051340937614441,276000,0.0,0.0,WFC
1977-11-09,0.20513398030351482,0.20949846506118774,0.20513398030351482,0.20949846506118774,405600,0.0,0.0,WFC
1977-11-10,0.20949858747165834,0.2138630747795105,0.20949858747165834,0.2138630747795105,465600,0.0,0.0,WFC
1977-11-11,0.21604545657308608,0.22040994465351105,0.21604545657308608,0.22040994465351105,499200,0.0,0.0,WFC
1977-11-14,0.21822776188078483,0.21822776188078483,0.2138630747795105,0.2138630747795105,213600,0.0,0.0,WFC
1977-11-15,0.21604548924249975,0.21822783350944516,0.21604548924249975,0.2182278335094452,151200,0.0,0.0,WFC
1977-11-16,0.21604541833014768,0.21604541833014768,0.2138630747795105,0.2138630747795105,36000,0.0,0.0,WFC
1977-11-17,0.21386306256454107,0.21386306256454107,0.21168091893196106,0.21168091893196106,108000,0.0,0.0,WFC
1977-11-18,0.21168080733667693,0.21168080733667693,0.20949846506118774,0.20949846506118774,88800,0.0,0.0,WFC
1977-11-21,0.20949858747165834,0.2138630747795105,0.20731624392102116,0.2138630747795105,1015200,0.0,0.0,WFC
1977-11-22,0.21386294981886067,0.21386294981886067,0.20949846506118774,0.20949846506118774,50400,0.0,0.0,WFC
1977-11-23,0.20949857550597029,0.21168091893196106,0.20949857550597029,0.21168091893196106,312000,0.0,0.0,WFC
1977-11-25,0.21168093691285045,0.21604542434215546,0.20949859330148407,0.21604542434215546,86400,0.0,0.0,WFC
1977-11-28,0.21604548924249975,0.21822783350944516,0.21386314497555434,0.2182278335094452,103200,0.0,0.0,WFC
1977-11-29,0.21822783350944516,0.21822783350944516,0.21822783350944516,0.2182278335094452,93600,0.0,0.0,WFC
1977-11-30,0.21822776795352183,0.21822776795352183,0.21604542434215546,0.21604542434215546,120000,0.0,0.0,WFC
1977-12-01,0.21604548924249975,0.21822783350944516,0.21386314497555434,0.2182278335094452,280800,0.0,0.0,WFC
1977-12-02,0.21822776188078483,0.2204099056379998,0.2138630747795105,0.2138630747795105,122400,0.0,0.0,WFC
1977-12-05,0.21386308073078908,0.21822776795352183,0.21386308073078908,0.21604542434215546,494400,0.0,0.0,WFC
1977-12-06,0.21386294981886067,0.21386294981886067,0.20949846506118774,0.20949846506118774,36000,0.0,0.0,WFC
1977-12-07,0.20949856824412744,0.20949856824412744,0.20076939463615417,0.20076939463615417,153600,0.0,0.0,WFC
1977-12-08,0.20076940679639432,0.2051340937614441,0.20076940679639432,0.2051340937614441,211200,0.0,0.0,WFC
1977-12-09,0.20731612278569855,0.21168080733667693,0.20731612278569855,0.20949846506118774,331200,0.0,0.0,WFC
1977-12-12,0.20949846506118774,0.20949846506118774,0.20949846506118774,0.20949846506118774,117600,0.0,0.0,WFC
1977-12-13,0.21168091893196106,0.21386306256454107,0.21168091893196106,0.21168091893196106,535200,0.0,0.0,WFC
1977-12-14,0.21168080733667693,0.21168080733667693,0.20513398030351482,0.20949846506118774,544800,0.0,0.0,WFC
1977-12-15,0.20949865345158739,0.20949865345158739,0.2073163092136383,0.2073163092136383,592800,0.0,0.0,WFC
1977-12-16,0.20731623745055303,0.20949858093307788,0.2051340937614441,0.2051340937614441,31200,0.0,0.0,WFC
1977-12-19,0.20513413021068133,0.20513413021068133,0.1985872983932495,0.1985872983932495,376800,0.0,0.0,WFC
1977-12-20,0.19858723237070988,0.19858723237070988,0.19640488922595978,0.19640488922595978,448800,0.0,0.0,WFC
1977-12-21,0.19640490772886948,0.20076939463615417,0.19640490772886948,0.20076939463615417,427200,0.0,0.0,WFC
1977-12-22,0.20076940679639432,0.2051340937614441,0.20076940679639432,0.2051340937614441,170400,0.0,0.0,WFC
1977-12-23,0.20513416476917434,0.20949865345158739,0.20513416476917434,0.2073163092136383,753600,0.0,0.0,WFC
1977-12-27,0.2073163092136383,0.2073163092136383,0.2073163092136383,0.2073163092136383,36000,0.0,0.0,WFC
1977-12-28,0.20731623745055303,0.20731623745055303,0.2051340937614441,0.2051340937614441,139200,0.0,0.0,WFC
1977-12-29,0.2051340937614441,0.20949858093307788,0.2051340937614441,0.2051340937614441,801600,0.0,0.0,WFC
1977-12-30,0.20513422316848698,0.20949871309341922,0.20295187830924988,0.20295187830924988,153600,0.0,0.0,WFC
1978-01-03,0.2029517502789192,0.20731623745055303,0.2029517502789192,0.2051340937614441,96000,0.0,0.0,WFC
1978-01-04,0.20513413021068133,0.20513413021068133,0.1985872983932495,0.1985872983932495,352800,0.0,0.0,WFC
1978-01-05,0.1985872983932495,0.20076944247009249,0.1985872983932495,0.1985872983932495,134400,0.0,0.0,WFC
1978-01-06,0.19640501272880426,0.19640501272880426,0.19313159584999087,0.19313159584999084,549600,0.0,0.0,WFC
1978-01-09,0.19313147017500246,0.19313147017500246,0.18876698377449086,0.19094912707805634,520800,0.0,0.0,WFC
1978-01-10,0.19094921990299274,0.19313156406082801,0.18876707553863523,0.18876707553863525,972000,0.0,0.0,WFC
1978-01-11,0.18876698377449086,0.19094912707805634,0.18876698377449086,0.19094912707805634,2061600,0.0,0.0,WFC
1978-01-12,0.19094912707805634,0.19313147017500246,0.19094912707805634,0.19094912707805634,600000,0.0,0.0,WFC
1978-01-13,0.19094925133294502,0.19313159584999087,0.19094925133294502,0.19313159584999084,81600,0.0,0.0,WFC
1978-01-16,0.19313147017500246,0.19313147017500246,0.19094912707805634,0.19094912707805634,441600,0.0,0.0,WFC
1978-01-17,0.19094909601598262,0.1953137814998627,0.18876695306739072,0.19531378149986267,141600,0.0,0.0,WFC
1978-01-18,0.1953139403670367,0.1953139403670367,0.19313159584999087,0.19313159584999084,597600,0.0,0.0,WFC
1978-01-19,0.19313159584999087,0.19640501272880426,0.19313159584999087,0.19313159584999084,91200,0.0,0.0,WFC
1978-01-20,0.19313159584999087,0.19313159584999087,0.19313159584999087,0.19313159584999084,50400,0.0,0.0,WFC
1978-01-23,0.19313159584999087,0.19313159584999087,0.19094925133294502,0.19313159584999084,180000,0.0,0.0,WFC
1978-01-24,0.19313159584999087,0.19313159584999087,0.19094925133294502,0.19313159584999084,28800,0.0,0.0,WFC
1978-01-25,0.19313147017500246,0.19313147017500246,0.18876698377449086,0.19094912707805634,180000,0.0,0.0,WFC
1978-01-26,0.19313159584999087,0.19313159584999087,0.19313159584999087,0.19313159584999084,405600,0.0,0.0,WFC
1978-01-27,0.19094921990299274,0.19094921990299274,0.18876707553863523,0.18876707553863525,645600,0.0,0.0,WFC
1978-01-30,0.19106346800560314,0.19106346800560314,0.18664568230872788,0.18885457515716553,88800,0.01083,0.0,WFC
1978-01-31,0.18885465926270573,0.19106355309486392,0.18885465926270573,0.1910635530948639,734400,0.0,0.0,WFC
1978-02-01,0.1954810428144586,0.198794280828263,0.1954810428144586,0.1976899355649948,336000,0.0,0.0,WFC
1978-02-02,0.19768995490202373,0.19879430027331338,0.1954810619354248,0.1954810619354248,264000,0.0,0.0,WFC
1978-02-03,0.1954810428144586,0.198794280828263,0.1954810428144586,0.1976899355649948,86400,0.0,0.0,WFC
1978-02-06,0.1976899355649948,0.1976899355649948,0.1954810428144586,0.1976899355649948,254400,0.0,0.0,WFC
1978-02-07,0.1976899355649948,0.198794280828263,0.1976899355649948,0.1976899355649948,158400,0.0,0.0,WFC
1978-02-08,0.19768998481832906,0.20100322365760803,0.19768998481832906,0.20100322365760803,312000,0.0,0.0,WFC
1978-02-09,0.20100315314707587,0.20321184344910156,0.19879426062107086,0.19879426062107086,196800,0.0,0.0,WFC
1978-02-10,0.19879426062107086,0.20100315314707587,0.19879426062107086,0.19879426062107086,91200,0.0,0.0,WFC
1978-02-13,0.19879433035673863,0.20100322365760803,0.19879433035673863,0.20100322365760803,175200,0.0,0.0,WFC
1978-02-14,0.20100315314707587,0.20100315314707587,0.19879426062107086,0.19879426062107086,28800,0.0,0.0,WFC
1978-02-15,0.19879433035673863,0.20100322365760803,0.19879433035673863,0.20100322365760803,182400,0.0,0.0,WFC
1978-02-16,0.19879426062107086,0.19879426062107086,0.19879426062107086,0.19879426062107086,314400,0.0,0.0,WFC
1978-02-17,0.19879426062107086,0.19879426062107086,0.19768991547005801,0.19879426062107086,422400,0.0,0.0,WFC
1978-02-21,0.19879430027331338,0.19879430027331338,0.1954810619354248,0.1954810619354248,513600,0.0,0.0,WFC
1978-02-22,0.1954810428144586,0.1976899355649948,0.1954810428144586,0.1976899355649948,98400,0.0,0.0,WFC
1978-02-23,0.1976899355649948,0.1976899355649948,0.1954810428144586,0.1976899355649948,547200,0.0,0.0,WFC
1978-02-24,0.1976899355649948,0.1976899355649948,0.1954810428144586,0.1976899355649948,943200,0.0,0.0,WFC
1978-02-27,0.1976899355649948,0.1976899355649948,0.1976899355649948,0.1976899355649948,151200,0.0,0.0,WFC
1978-02-28,0.19548108149345514,0.19548108149345514,0.1932721883058548,0.1932721883058548,446400,0.0,0.0,WFC
1978-03-01,0.1932721883058548,0.19548108149345514,0.1910634973422943,0.1932721883058548,434400,0.0,0.0,WFC
1978-03-02,0.1932721883058548,0.1932721883058548,0.1910634973422943,0.1932721883058548,333600,0.0,0.0,WFC
1978-03-03,0.1932721883058548,0.1976899746810555,0.1932721883058548,0.1932721883058548,220800,0.0,0.0,WFC
1978-03-06,0.1932721689688259,0.19768995490202373,0.1932721689688259,0.1954810619354248,124800,0.0,0.0,WFC
1978-03-07,0.19548108149345514,0.19548108149345514,0.1932721883058548,0.1932721883058548,182400,0.0,0.0,WFC
1978-03-08,0.1932721883058548,0.1932721883058548,0.1932721883058548,0.1932721883058548,31200,0.0,0.0,WFC
1978-03-09,0.1932721883058548,0.1932721883058548,0.1932721883058548,0.1932721883058548,52800,0.0,0.0,WFC
1978-03-10,0.1932721883058548,0.1976899746810555,0.1932721883058548,0.1932721883058548,434400,0.0,0.0,WFC
1978-03-13,0.1954810428144586,0.1976899355649948,0.1954810428144586,0.1976899355649948,787200,0.0,0.0,WFC
1978-03-14,0.1976899355649948,0.1976899355649948,0.1954810428144586,0.1976899355649948,100800,0.0,0.0,WFC
1978-03-15,0.19768995490202373,0.19768995490202373,0.1954810619354248,0.1954810619354248,1591200,0.0,0.0,WFC
1978-03-16,0.1954810619354248,0.19768995490202373,0.1954810619354248,0.1954810619354248,259200,0.0,0.0,WFC
1978-03-17,0.1954810428144586,0.1976899355649948,0.1954810428144586,0.1976899355649948,148800,0.0,0.0,WFC
1978-03-20,0.1976899355649948,0.198794280828263,0.1954810428144586,0.1976899355649948,40800,0.0,0.0,WFC
1978-03-21,0.1976899355649948,0.1976899355649948,0.1954810428144586,0.1976899355649948,460800,0.0,0.0,WFC
1978-03-22,0.1954810619354248,0.1954810619354248,0.1932721689688259,0.1954810619354248,374400,0.0,0.0,WFC
1978-03-23,0.1954810619354248,0.1954810619354248,0.1932721689688259,0.1954810619354248,448800,0.0,0.0,WFC
1978-03-27,0.1954810619354248,0.1954810619354248,0.1932721689688259,0.1954810619354248,86400,0.0,0.0,WFC
1978-03-28,0.19548108149345514,0.19548108149345514,0.1910634973422943,0.1932721883058548,384000,0.0,0.0,WFC
1978-03-29,0.1954810619354248,0.1954810619354248,0.1954810619354248,0.1954810619354248,105600,0.0,0.0,WFC
1978-03-30,0.1954810619354248,0.1954810619354248,0.1932721689688259,0.1954810619354248,254400,0.0,0.0,WFC
1978-03-31,0.1954810428144586,0.1976899355649948,0.1954810428144586,0.1976899355649948,400800,0.0,0.0,WFC
1978-04-03,0.19548108149345514,0.19548108149345514,0.1932721883058548,0.1932721883058548,304800,0.0,0.0,WFC
1978-04-04,0.19327215863003194,0.19327215863003194,0.18885457515716553,0.18885457515716553,710400,0.0,0.0,WFC
1978-04-05,0.1910634973422943,0.1932721883058548,0.1910634973422943,0.1932721883058548,628800,0.0,0.0,WFC
1978-04-06,0.1932721689688259,0.19768995490202373,0.1932721689688259,0.1954810619354248,1132800,0.0,0.0,WFC
1978-04-07,0.19768991547005801,0.19879426062107086,0.19768991547005801,0.19879426062107086,904800,0.0,0.0,WFC
1978-04-10,0.19879426062107086,0.20100315314707587,0.19879426062107086,0.19879426062107086,2956800,0.0,0.0,WFC
1978-04-11,0.198794280828263,0.198794280828263,0.1976899355649948,0.1976899355649948,1228800,0.0,0.0,WFC
1978-04-12,0.19768998481832906,0.20100322365760803,0.19768998481832906,0.20100322365760803,612000,0.0,0.0,WFC
1978-04-13,0.201003174805507,0.21204723417758942,0.201003174805507,0.21204723417758942,957600,0.0,0.0,WFC
1978-04-14,0.21646479858236486,0.22309127407186566,0.21646479858236486,0.2186736911535263,1876800,0.0,0.0,WFC
1978-04-17,0.21867366029987997,0.21867366029987997,0.21204718574533815,0.21425607800483704,825600,0.0,0.0,WFC
1978-04-18,0.21425620733841425,0.21425620733841425,0.20983842015266418,0.20983842015266418,417600,0.0,0.0,WFC
1978-04-19,0.2098383112514391,0.21204720369795008,0.20542072858238916,0.20762962102890015,112800,0.0,0.0,WFC
1978-04-20,0.21204718574533815,0.21425607800483706,0.21204718574533815,0.21425607800483704,523200,0.0,0.0,WFC
1978-04-21,0.21646479858236486,0.21867369115352628,0.21646479858236486,0.2186736911535263,372000,0.0,0.0,WFC
1978-04-24,0.2186737756663721,0.22530025371686824,0.2186737756663721,0.22088266909122467,698400,0.0,0.0,WFC
1978-04-25,0.2253003567457199,0.22640470285112796,0.2253003567457199,0.2253003567457199,523200,0.0,0.0,WFC
1978-04-26,0.2253003567457199,0.2253003567457199,0.22309146231074972,0.2253003567457199,374400,0.0,0.0,WFC
1978-04-27,0.22530030251361055,0.22530030251361055,0.22088271693118272,0.22309140861034393,720000,0.0,0.0,WFC
1978-04-28,0.22309146231074972,0.2253003567457199,0.22309146231074972,0.2253003567457199,62400,0.0,0.0,WFC
1978-05-01,0.2276204526424408,0.22873617107279642,0.2276204526424408,0.2276204526424408,276000,0.01083,0.0,WFC
1978-05-02,0.2276204526424408,0.22873617107279642,0.22538881147511347,0.2276204526424408,674400,0.0,0.0,WFC
1978-05-03,0.22762040604556427,0.22762040604556427,0.225388765335083,0.225388765335083,132000,0.0,0.0,WFC
1978-05-04,0.22538870757487928,0.22538870757487928,0.2209256316042403,0.22315727174282074,398400,0.0,0.0,WFC
1978-05-05,0.22538884676732765,0.22873620688915255,0.22538884676732765,0.22873620688915253,494400,0.0,0.0,WFC
1978-05-08,0.22873606039391473,0.2331993405689149,0.22873606039391473,0.2309677004814148,31200,0.0,0.0,WFC
1978-05-09,0.23096782104220437,0.23319946229457855,0.22873617978983019,0.23319946229457855,110400,0.0,0.0,WFC
1978-05-10,0.2309678484059185,0.2309678484059185,0.22873620688915255,0.22873620688915253,206400,0.0,0.0,WFC
1978-05-11,0.22873617978983019,0.23319946229457855,0.22873617978983019,0.23319946229457855,79200,0.0,0.0,WFC
1978-05-12,0.2354308258703334,0.23989410698413852,0.2354308258703334,0.2398941069841385,871200,0.0,0.0,WFC
1978-05-15,0.23989414903376188,0.24435722662331325,0.23989414903376188,0.24212558567523956,1087200,0.0,0.0,WFC
1978-05-16,0.2421254426124127,0.24658872187137604,0.23989400728940632,0.24658872187137604,1596000,0.0,0.0,WFC
1978-05-17,0.24658889775828238,0.25105197589419437,0.24435725653701587,0.24882033467292786,1015200,0.0,0.0,WFC
1978-05-18,0.24882026037893448,0.25105190093386665,0.2443571835756302,0.2443571835756302,237600,0.0,0.0,WFC
1978-05-19,0.24435718379138344,0.246588824348286,0.2354308258703334,0.2398941069841385,158400,0.0,0.0,WFC
1978-05-22,0.23989418174507723,0.24435725994320173,0.23319946229457855,0.23319946229457855,456000,0.0,0.0,WFC
1978-05-23,0.23319946229457855,0.23543089924032887,0.23319946229457855,0.23319946229457855,67200,0.0,0.0,WFC
1978-05-24,0.23319945340745107,0.23319945340745107,0.2276204526424408,0.2276204526424408,103200,0.0,0.0,WFC
1978-05-25,0.2276204526424408,0.22873617107279642,0.22315737461440222,0.2276204526424408,324000,0.0,0.0,WFC
1978-05-26,0.2276204882840936,0.22873620688915255,0.22315740955720975,0.22873620688915253,338400,0.0,0.0,WFC
1978-05-30,0.22873620688915255,0.22873620688915255,0.2276204882840936,0.22873620688915253,276000,0.0,0.0,WFC
1978-05-31,0.22873617107279642,0.22873617107279642,0.2276204526424408,0.2276204526424408,278400,0.0,0.0,WFC
1978-06-01,0.22873617978983019,0.23543089924032887,0.22873617978983019,0.23319946229457855,540000,0.0,0.0,WFC
1978-06-02,0.2354308258703334,0.23989410698413852,0.2354308258703334,0.2398941069841385,216000,0.0,0.0,WFC
1978-06-05,0.23989414903376188,0.24212558567523956,0.23766250808568823,0.24212558567523956,297600,0.0,0.0,WFC
1978-06-06,0.24435725653701587,0.24882033467292788,0.24435725653701587,0.24882033467292786,770400,0.0,0.0,WFC
1978-06-07,0.2488201571943824,0.2488201571943824,0.24658872187137604,0.24658872187137604,326400,0.0,0.0,WFC
1978-06-08,0.24658872187137604,0.24658872187137604,0.24658872187137604,0.24658872187137604,160800,0.0,0.0,WFC
1978-06-09,0.24435710508218955,0.24435710508218955,0.23766238987445834,0.2376623898744583,223200,0.0,0.0,WFC
1978-06-12,0.23543089924032887,0.23543089924032887,0.23319946229457855,0.23319946229457855,148800,0.0,0.0,WFC
1978-06-13,0.23319946229457855,0.23319946229457855,0.23319946229457855,0.23319946229457855,14400,0.0,0.0,WFC
1978-06-14,0.23319945340745107,0.23319945340745107,0.22538881147511347,0.2276204526424408,1908000,0.0,0.0,WFC
1978-06-15,0.225388765335083,0.225388765335083,0.225388765335083,0.225388765335083,127200,0.0,0.0,WFC
1978-06-16,0.225388765335083,0.22762040604556427,0.22315732893117599,0.225388765335083,105600,0.0,0.0,WFC
1978-06-19,0.22538864425102173,0.22538864425102173,0.22092556953430176,0.22092556953430176,324000,0.0,0.0,WFC
1978-06-20,0.2209256588712566,0.22315729928526984,0.21646258234977722,0.21646258234977722,333600,0.0,0.0,WFC
1978-06-21,0.2164626539522454,0.2164626539522454,0.21199937164783478,0.21199937164783478,115200,0.0,0.0,WFC
1978-06-22,0.21199926986282946,0.2164625500243318,0.2097678340885949,0.21423090994358063,660000,0.0,0.0,WFC
1978-06-23,0.2164624948175818,0.22092556953430176,0.2164624948175818,0.22092556953430176,379200,0.0,0.0,WFC
1978-06-26,0.22092567178299474,0.22092567178299474,0.21646259500067616,0.2186940312385559,381600,0.0,0.0,WFC
1978-06-27,0.21869393002270954,0.22092556953430176,0.21869393002270954,0.22092556953430176,57600,0.0,0.0,WFC
1978-06-28,0.2209256316042403,0.22315727174282074,0.21869399146565988,0.22315727174282074,103200,0.0,0.0,WFC
1978-06-29,0.22315727174282074,0.22538870757487928,0.22315727174282074,0.22315727174282074,518400,0.0,0.0,WFC
1978-06-30,0.22315727174282074,0.22538870757487928,0.22315727174282074,0.22315727174282074,201600,0.0,0.0,WFC
1978-07-03,0.22315727174282074,0.22315727174282074,0.22315727174282074,0.22315727174282074,355200,0.0,0.0,WFC
1978-07-05,0.22092556953430176,0.22092556953430176,0.21869393002270954,0.22092556953430176,7200,0.0,0.0,WFC
1978-07-06,0.21869409079783603,0.21869409079783603,0.21199937164783478,0.21199937164783478,242400,0.0,0.0,WFC
1978-07-07,0.21199926986282946,0.21423090994358063,0.2097678340885949,0.21423090994358063,218400,0.0,0.0,WFC
1978-07-10,0.21423094193576397,0.21646258234977722,0.21423094193576397,0.21646258234977722,508800,0.0,0.0,WFC
1978-07-11,0.2164625500243318,0.2164625500243318,0.21423090994358063,0.21423090994358063,45600,0.0,0.0,WFC
1978-07-12,0.21423090994358063,0.2164625500243318,0.21423090994358063,0.21423090994358063,86400,0.0,0.0,WFC
1978-07-13,0.21423090994358063,0.2164625500243318,0.2097678340885949,0.21423090994358063,324000,0.0,0.0,WFC
1978-07-14,0.21423095445623733,0.21869403123855594,0.21199931391179852,0.2186940312385559,600000,0.0,0.0,WFC
1978-07-17,0.21869393002270954,0.22092556953430176,0.2164624948175818,0.22092556953430176,537600,0.0,0.0,WFC
1978-07-18,0.22092556953430176,0.22092556953430176,0.21869393002270954,0.22092556953430176,220800,0.0,0.0,WFC
1978-07-19,0.2209256316042403,0.22538870757487928,0.21869399146565988,0.22315727174282074,451200,0.0,0.0,WFC
1978-07-20,0.22315732893117599,0.225388765335083,0.22092568822069475,0.225388765335083,777600,0.0,0.0,WFC
1978-07-21,0.22538864425102173,0.22538864425102173,0.22092556953430176,0.22092556953430176,1056000,0.0,0.0,WFC
1978-07-24,0.2209256588712566,0.2209256588712566,0.21646258234977722,0.21646258234977722,196800,0.0,0.0,WFC
1978-07-25,0.2164625500243318,0.21869398579856636,0.21199926986282946,0.21423090994358063,588000,0.0,0.0,WFC
1978-07-26,0.21423095445623733,0.21869403123855594,0.21423095445623733,0.2186940312385559,921600,0.0,0.0,WFC
1978-07-27,0.21869393002270954,0.22315720904589398,0.21869393002270954,0.22092556953430176,285600,0.0,0.0,WFC
1978-07-28,0.2209256588712566,0.22315729928526984,0.21646258234977722,0.21646258234977722,192000,0.0,0.0,WFC
1978-07-31,0.21908175853924616,0.22359883785247803,0.21908175853924616,0.22359883785247803,436800,0.01208,0.0,WFC
1978-08-01,0.22359883785247803,0.22585748089841218,0.22359883785247803,0.22359883785247803,600000,0.0,0.0,WFC
1978-08-02,0.22359883785247803,0.22359883785247803,0.22359883785247803,0.22359883785247803,624000,0.0,0.0,WFC
1978-08-03,0.22359883785247803,0.22811591716570986,0.22359883785247803,0.22359883785247803,698400,0.0,0.0,WFC
1978-08-04,0.2258574658467296,0.2303745448589325,0.2258574658467296,0.2303745448589325,1327200,0.0,0.0,WFC
1978-08-07,0.2303745381844879,0.23827947792147555,0.22811589535451285,0.2360210418701172,736800,0.0,0.0,WFC
1978-08-08,0.2360210418701172,0.2360210418701172,0.23376239904014212,0.2360210418701172,451200,0.0,0.0,WFC
1978-08-09,0.23602095216189167,0.24279667129784516,0.23602095216189167,0.23827938735485077,926400,0.0,0.0,WFC
1978-08-10,0.23827953660981804,0.24731390337626963,0.23827953660981804,0.24279682338237762,127200,0.0,0.0,WFC
1978-08-11,0.24279682338237765,0.24279682338237765,0.23827953660981804,0.24279682338237762,278400,0.0,0.0,WFC
1978-08-14,0.24279682338237765,0.24279682338237765,0.24279682338237765,0.24279682338237762,367200,0.0,0.0,WFC
1978-08-15,0.2427968232595574,0.24505525986602714,0.24053817987442017,0.24053817987442017,350400,0.0,0.0,WFC
1978-08-16,0.24279682338237765,0.24279682338237765,0.24279682338237765,0.24279682338237762,177600,0.0,0.0,WFC
1978-08-17,0.24279667129784516,0.24731374846230142,0.23827938735485077,0.23827938735485077,336000,0.0,0.0,WFC
1978-08-18,0.24279682338237765,0.24279682338237765,0.24279682338237765,0.24279682338237762,232800,0.0,0.0,WFC
1978-08-21,0.24279682338237765,0.24731390337626963,0.24279682338237765,0.24279682338237762,160800,0.0,0.0,WFC
1978-08-22,0.24279667129784516,0.24279667129784516,0.23602095216189167,0.23827938735485077,1855200,0.0,0.0,WFC
1978-08-23,0.2360210418701172,0.2360210418701172,0.23150375621016708,0.2360210418701172,686400,0.0,0.0,WFC
1978-08-24,0.2360210418701172,0.23827947792147555,0.23376239904014212,0.2360210418701172,139200,0.0,0.0,WFC
1978-08-25,0.23602107127586033,0.23602107127586033,0.2337624281644821,0.23376242816448212,189600,0.0,0.0,WFC
1978-08-28,0.23376239904014212,0.2360210418701172,0.23150375621016708,0.2360210418701172,1370400,0.0,0.0,WFC
1978-08-29,0.23602107127586033,0.23602107127586033,0.23037456688673597,0.23376242816448212,429600,0.0,0.0,WFC
1978-08-30,0.23376245661592607,0.24279682338237765,0.23150381322964628,0.24279682338237762,408000,0.0,0.0,WFC
1978-08-31,0.24053817987442017,0.24053817987442017,0.2382795364892829,0.24053817987442017,108000,0.0,0.0,WFC
1978-09-01,0.24053817999609786,0.24279682338237765,0.23827953660981804,0.24279682338237762,86400,0.0,0.0,WFC
1978-09-05,0.24279682338237765,0.24279682338237765,0.24279682338237765,0.24279682338237762,1250400,0.0,0.0,WFC
1978-09-06,0.24505512686104824,0.24957241117954254,0.24505512686104824,0.24957241117954254,343200,0.0,0.0,WFC
1978-09-07,0.24957241117954254,0.25408948871948156,0.24957241117954254,0.24957241117954254,235200,0.0,0.0,WFC
1978-09-08,0.24957241117954254,0.25408948871948156,0.24957241117954254,0.24957241117954254,220800,0.0,0.0,WFC
1978-09-11,0.25183080310620426,0.25408944487571716,0.25183080310620426,0.25408944487571716,141600,0.0,0.0,WFC
1978-09-12,0.25634828209877014,0.2574775004552428,0.25634828209877014,0.25634828209877014,60000,0.0,0.0,WFC
1978-09-13,0.25634828209877014,0.25973614394686545,0.25634828209877014,0.25634828209877014,549600,0.0,0.0,WFC
1978-09-14,0.25634808664523007,0.2574773041407267,0.25408944487571716,0.25408944487571716,98400,0.0,0.0,WFC
1978-09-15,0.2518308465602344,0.2518308465602344,0.24957241117954254,0.24957241117954254,136800,0.0,0.0,WFC
1978-09-18,0.2518309950828552,0.2518309950828552,0.2518309950828552,0.2518309950828552,84000,0.0,0.0,WFC
1978-09-19,0.2518308465602344,0.2518308465602344,0.24957241117954254,0.24957241117954254,158400,0.0,0.0,WFC
1978-09-20,0.24957255837020284,0.2518309950828552,0.24731391487887322,0.2518309950828552,206400,0.0,0.0,WFC
1978-09-21,0.24957256019100496,0.24957256019100496,0.24505527317538905,0.24731391668319702,333600,0.0,0.0,WFC
1978-09-22,0.24731390337626963,0.24731390337626963,0.24279682338237765,0.24279682338237762,513600,0.0,0.0,WFC
1978-09-25,0.24279682338237765,0.24279682338237765,0.24279682338237765,0.24279682338237762,501600,0.0,0.0,WFC
1978-09-26,0.24731372634569804,0.25408944487571716,0.24731372634569804,0.25408944487571716,357600,0.0,0.0,WFC
1978-09-27,0.2518308465602344,0.2518308465602344,0.24957241117954254,0.24957241117954254,1200000,0.0,0.0,WFC
1978-09-28,0.24279682338237765,0.24279682338237765,0.24279682338237765,0.24279682338237762,1982400,0.0,0.0,WFC
1978-09-29,0.24279682338237765,0.24279682338237765,0.24279682338237765,0.24279682338237762,129600,0.0,0.0,WFC
1978-10-02,0.24279667129784516,0.24279667129784516,0.23602095216189167,0.23827938735485077,199200,0.0,0.0,WFC
1978-10-03,0.23827953660981804,0.24279682338237765,0.23827953660981804,0.24279682338237762,57600,0.0,0.0,WFC
1978-10-04,0.24279667129784516,0.24279667129784516,0.23827938735485077,0.23827938735485077,201600,0.0,0.0,WFC
1978-10-05,0.24053817987442017,0.2427968232595574,0.24053817987442017,0.24053817987442017,115200,0.0,0.0,WFC
1978-10-06,0.24053817987442017,0.2427968232595574,0.23602109988281317,0.24053817987442017,295200,0.0,0.0,WFC
1978-10-09,0.2405381207514506,0.24279676358142566,0.2360210418701172,0.2360210418701172,312000,0.0,0.0,WFC
1978-10-10,0.2360210418701172,0.23827947792147555,0.2360210418701172,0.2360210418701172,60000,0.0,0.0,WFC
1978-10-11,0.23602095216189167,0.23827938735485077,0.23602095216189167,0.23827938735485077,273600,0.0,0.0,WFC
1978-10-12,0.2382795364892829,0.2427968232595574,0.2382795364892829,0.24053817987442017,3664800,0.0,0.0,WFC
1978-10-13,0.24053817999609786,0.24279682338237765,0.24053817999609786,0.24279682338237762,348000,0.0,0.0,WFC
1978-10-16,0.2405381207514506,0.2405381207514506,0.2360210418701172,0.2360210418701172,513600,0.0,0.0,WFC
1978-10-17,0.23602113163924082,0.23602113163924082,0.23037462580599927,0.23150384426116943,556800,0.0,0.0,WFC
1978-10-18,0.23150376229568567,0.23150376229568567,0.22585746524024936,0.22811590135097504,283200,0.0,0.0,WFC
1978-10-19,0.22811590135097504,0.23037454424032283,0.22811590135097504,0.22811590135097504,472800,0.0,0.0,WFC
1978-10-20,0.22811590258218947,0.23037454548372788,0.2258574664592743,0.2258574664592743,288000,0.0,0.0,WFC
1978-10-23,0.2258574664592743,0.22811590258218947,0.2258574664592743,0.2258574664592743,76800,0.0,0.0,WFC
1978-10-24,0.22811590196351972,0.2303745448589325,0.22811590196351972,0.2303745448589325,57600,0.0,0.0,WFC
1978-10-25,0.23037454424032283,0.23150376229568567,0.22811590135097504,0.22811590135097504,842400,0.0,0.0,WFC
1978-10-26,0.2303745448589325,0.2303745448589325,0.2303745448589325,0.2303745448589325,638400,0.0,0.0,WFC
1978-10-27,0.2303745448589325,0.2303745448589325,0.22811590196351972,0.2303745448589325,211200,0.0,0.0,WFC
1978-10-30,0.2307392805814743,0.2307392805814743,0.22845487199644413,0.2307392805814743,393600,0.01208,0.0,WFC
1978-10-31,0.2330239862203598,0.2341661909437174,0.2330239862203598,0.2330239862203598,160800,0.0,0.0,WFC
1978-11-01,0.2330239862203598,0.2410198375972574,0.2330239862203598,0.2330239862203598,616800,0.0,0.0,WFC
1978-11-02,0.23302400013777574,0.2341662049293518,0.23073938139791395,0.2341662049293518,388800,0.0,0.0,WFC
1978-11-03,0.23416610261563786,0.23416610261563786,0.2307392805814743,0.2307392805814743,554400,0.0,0.0,WFC
1978-11-06,0.2307392805814743,0.23416610261563786,0.2307392805814743,0.2307392805814743,110400,0.0,0.0,WFC
1978-11-07,0.2307392805814743,0.23302389832312279,0.2307392805814743,0.2307392805814743,367200,0.0,0.0,WFC
1978-11-08,0.2307392805814743,0.2307392805814743,0.2307392805814743,0.2307392805814743,127200,0.0,0.0,WFC
1978-11-09,0.2307392805814743,0.2307392805814743,0.2307392805814743,0.2307392805814743,295200,0.0,0.0,WFC
1978-11-10,0.23073938139791395,0.2341662049293518,0.22845497181476182,0.2341662049293518,432000,0.0,0.0,WFC
1978-11-13,0.2341661909437174,0.2364508095471298,0.2330239862203598,0.2330239862203598,81600,0.0,0.0,WFC
1978-11-14,0.2307392805814743,0.2307392805814743,0.2307392805814743,0.2307392805814743,2436000,0.0,0.0,WFC
1978-11-15,0.23073925146020863,0.23073925146020863,0.2284548431634903,0.2284548431634903,475200,0.0,0.0,WFC
1978-11-16,0.2284548431634903,0.23073925146020863,0.2284548431634903,0.2284548431634903,244800,0.0,0.0,WFC
1978-11-17,0.2284548431634903,0.23073925146020863,0.22617022571018006,0.2284548431634903,408000,0.0,0.0,WFC
1978-11-20,0.22845493470731523,0.22845493470731523,0.22388569796976296,0.22617031633853912,223200,0.0,0.0,WFC
1978-11-21,0.2261702582843281,0.2261702582843281,0.223885640501976,0.223885640501976,796800,0.0,0.0,WFC
1978-11-22,0.2261703163385391,0.2261703163385391,0.2261703163385391,0.22617031633853912,729600,0.0,0.0,WFC
1978-11-24,0.2261703163385391,0.2261703163385391,0.2261703163385391,0.22617031633853912,158400,0.0,0.0,WFC
1978-11-27,0.2261702582843281,0.22845487606668016,0.223885640501976,0.223885640501976,288000,0.0,0.0,WFC
1978-11-28,0.2261703163385391,0.22845493470731523,0.2261703163385391,0.22617031633853912,184800,0.0,0.0,WFC
1978-11-29,0.22617025931522236,0.22617025931522236,0.2216012328863144,0.2216012328863144,552000,0.0,0.0,WFC
1978-11-30,0.2216012328863144,0.22388564152245688,0.2216012328863144,0.2216012328863144,115200,0.0,0.0,WFC
1978-12-01,0.223885640501976,0.223885640501976,0.223885640501976,0.223885640501976,60000,0.0,0.0,WFC
1978-12-04,0.22388560825686982,0.2284548431634903,0.22388560825686982,0.2284548431634903,213600,0.0,0.0,WFC
1978-12-05,0.2284548431634903,0.2284548431634903,0.22617022571018006,0.2284548431634903,213600,0.0,0.0,WFC
1978-12-06,0.22845493470731523,0.22845493470731523,0.2261703163385391,0.22617031633853912,441600,0.0,0.0,WFC
1978-12-07,0.2261703163385391,0.22845493470731523,0.2261703163385391,0.22617031633853912,55200,0.0,0.0,WFC
1978-12-08,0.2261703163385391,0.22845493470731523,0.2261703163385391,0.22617031633853912,216000,0.0,0.0,WFC
1978-12-11,0.2261702582843281,0.2261702582843281,0.223885640501976,0.223885640501976,19200,0.0,0.0,WFC
1978-12-12,0.223885640501976,0.2261702582843281,0.223885640501976,0.223885640501976,124800,0.0,0.0,WFC
1978-12-13,0.2284548431634903,0.2284548431634903,0.2284548431634903,0.2284548431634903,415200,0.0,0.0,WFC
1978-12-14,0.2261703163385391,0.2261703163385391,0.2261703163385391,0.22617031633853912,110400,0.0,0.0,WFC
1978-12-15,0.2261702582843281,0.2261702582843281,0.223885640501976,0.223885640501976,151200,0.0,0.0,WFC
1978-12-18,0.223885640501976,0.223885640501976,0.22160123187624597,0.223885640501976,172800,0.0,0.0,WFC
1978-12-19,0.22388569796976296,0.2261703163385391,0.22388569796976296,0.22617031633853912,33600,0.0,0.0,WFC
1978-12-20,0.2261702582843281,0.2261702582843281,0.223885640501976,0.223885640501976,720000,0.0,0.0,WFC
1978-12-21,0.22617022571018006,0.2284548431634903,0.22617022571018006,0.2284548431634903,477600,0.0,0.0,WFC
1978-12-22,0.22845487199644413,0.2307392805814743,0.22617025425479564,0.2307392805814743,141600,0.0,0.0,WFC
1978-12-26,0.2307392805814743,0.2307392805814743,0.22845487199644413,0.2307392805814743,319200,0.0,0.0,WFC
1978-12-27,0.2307392805814743,0.2307392805814743,0.22845487199644413,0.2307392805814743,928800,0.0,0.0,WFC
1978-12-28,0.2307392805814743,0.2307392805814743,0.2307392805814743,0.2307392805814743,91200,0.0,0.0,WFC
1978-12-29,0.2307392805814743,0.2307392805814743,0.22845487199644413,0.2307392805814743,199200,0.0,0.0,WFC
1979-01-02,0.2307392805814743,0.2307392805814743,0.22845487199644413,0.2307392805814743,201600,0.0,0.0,WFC
1979-01-03,0.23302400013777574,0.23873544240907543,0.23302400013777574,0.2341662049293518,508800,0.0,0.0,WFC
1979-01-04,0.23416610974558175,0.24558898964501233,0.23416610974558175,0.24330437183380127,408000,0.0,0.0,WFC
1979-01-05,0.2433043949896123,0.2547270668195389,0.2433043949896123,0.2524426579475403,249600,0.0,0.0,WFC
1979-01-08,0.2524426579475403,0.2547270668195389,0.2524426579475403,0.2524426579475403,547200,0.0,0.0,WFC
1979-01-09,0.2524426579475403,0.2524426579475403,0.2501580399188971,0.2524426579475403,146400,0.0,0.0,WFC
1979-01-10,0.25244277015172173,0.25244277015172173,0.24558912217617035,0.24558912217617035,285600,0.0,0.0,WFC
1979-01-11,0.2455889855241678,0.25015801191329956,0.2455889855241678,0.25015801191329956,225600,0.0,0.0,WFC
1979-01-12,0.25015815110762546,0.25244277015172173,0.24558912217617035,0.24558912217617035,660000,0.0,0.0,WFC
1979-01-15,0.25015801191329956,0.25244262968617603,0.25015801191329956,0.25015801191329956,376800,0.0,0.0,WFC
1979-01-16,0.25015801191329956,0.25244262968617603,0.25015801191329956,0.25015801191329956,201600,0.0,0.0,WFC
1979-01-17,0.24787330627441406,0.24787330627441406,0.24558889846793455,0.24787330627441406,259200,0.0,0.0,WFC
1979-01-18,0.24558912217617035,0.24558912217617035,0.24558912217617035,0.24558912217617035,309600,0.0,0.0,WFC
1979-01-19,0.24101968109607697,0.24101968109607697,0.23873527313269516,0.24101968109607697,273600,0.0,0.0,WFC
1979-01-22,0.24101988408797775,0.24558912217617035,0.24101988408797775,0.24558912217617035,427200,0.0,0.0,WFC
1979-01-23,0.24330437183380127,0.24330437183380127,0.2410197540225902,0.24330437183380127,640800,0.0,0.0,WFC
1979-01-24,0.24330450313207405,0.24558912217617035,0.24330450313207405,0.24558912217617035,458400,0.0,0.0,WFC
1979-01-25,0.24558912217617035,0.25015815110762546,0.24558912217617035,0.24558912217617035,237600,0.0,0.0,WFC
1979-01-26,0.24558898964501233,0.24558898964501233,0.24330437183380127,0.24330437183380127,60000,0.0,0.0,WFC
1979-01-29,0.24598282575607303,0.24829259413688218,0.24367305737526385,0.245982825756073,225600,0.01208,0.0,WFC
1979-01-30,0.24598279465046585,0.24598279465046585,0.2413634699321393,0.24367302656173706,662400,0.0,0.0,WFC
1979-01-31,0.243673140501944,0.243673140501944,0.2332794964313507,0.2332794964313507,1276800,0.0,0.0,WFC
1979-02-01,0.23096980154514316,0.23096980154514316,0.22866003374818727,0.23096980154514313,374400,0.0,0.0,WFC
1979-02-02,0.23096984508902096,0.23096984508902096,0.22866007685661316,0.22866007685661316,381600,0.0,0.0,WFC
1979-02-05,0.22866003374818727,0.23096980154514316,0.2263502659512314,0.23096980154514313,1051200,0.0,0.0,WFC
1979-02-06,0.23096984508902096,0.23096984508902096,0.22635030862420535,0.22866007685661316,487200,0.0,0.0,WFC
1979-02-07,0.2263502883541201,0.2263502883541201,0.22404073178768158,0.22404073178768158,544800,0.0,0.0,WFC
1979-02-08,0.22404089819434564,0.2286602262173598,0.22404089819434564,0.22635045647621155,100800,0.0,0.0,WFC
1979-02-09,0.22635045647621155,0.22635045647621155,0.22635045647621155,0.22635045647621155,297600,0.0,0.0,WFC
1979-02-12,0.2263502883541201,0.2263502883541201,0.22404073178768158,0.22404073178768158,52800,0.0,0.0,WFC
1979-02-13,0.22404073178768158,0.22404073178768158,0.22404073178768158,0.22404073178768158,55200,0.0,0.0,WFC
1979-02-14,0.22404089819434564,0.22635045647621155,0.22404089819434564,0.22635045647621155,660000,0.0,0.0,WFC
1979-02-15,0.22635045647621155,0.22635045647621155,0.22173112845319737,0.22635045647621155,424800,0.0,0.0,WFC
1979-02-16,0.2263502883541201,0.2263502883541201,0.22404073178768158,0.22404073178768158,235200,0.0,0.0,WFC
1979-02-20,0.22404089819434564,0.22635045647621155,0.22404089819434564,0.22635045647621155,160800,0.0,0.0,WFC
1979-02-21,0.2263502883541201,0.2263502883541201,0.22404073178768158,0.22404073178768158,108000,0.0,0.0,WFC
1979-02-22,0.22404070029422482,0.22404070029422482,0.22173093259334561,0.22173093259334564,429600,0.0,0.0,WFC
1979-02-23,0.22173093259334561,0.22173093259334561,0.2194211648924664,0.22173093259334564,100800,0.0,0.0,WFC
1979-02-26,0.22173108146461293,0.22404085071628185,0.21942131221294403,0.21942131221294403,309600,0.0,0.0,WFC
1979-02-27,0.219421309197883,0.219421309197883,0.2171117514371872,0.2171117514371872,235200,0.0,0.0,WFC
1979-02-28,0.2171117514371872,0.2171117514371872,0.2171117514371872,0.2171117514371872,254400,0.0,0.0,WFC
1979-03-01,0.2194211648924664,0.22404070029422482,0.2194211648924664,0.22173093259334564,381600,0.0,0.0,WFC
1979-03-02,0.22173108146461293,0.22173108146461293,0.2171117544205127,0.21942131221294403,727200,0.0,0.0,WFC
1979-03-05,0.2194211648924664,0.22173093259334561,0.21711160865068277,0.22173093259334564,244800,0.0,0.0,WFC
1979-03-06,0.22173108146461293,0.22173108146461293,0.21942131221294403,0.21942131221294403,362400,0.0,0.0,WFC
1979-03-07,0.21942131221294403,0.22173108146461293,0.2171117544205127,0.21942131221294403,194400,0.0,0.0,WFC
1979-03-08,0.22173093259334561,0.22173093259334561,0.22173093259334561,0.22173093259334564,196800,0.0,0.0,WFC
1979-03-09,0.22173107841781345,0.22404084763774387,0.2171117514371872,0.2171117514371872,837600,0.0,0.0,WFC
1979-03-12,0.2171117514371872,0.219421309197883,0.2171117514371872,0.2171117514371872,40800,0.0,0.0,WFC
1979-03-13,0.21942131221294403,0.22173108146461293,0.21942131221294403,0.21942131221294403,139200,0.0,0.0,WFC
1979-03-14,0.219421309197883,0.22173107841781345,0.2171117514371872,0.2171117514371872,422400,0.0,0.0,WFC
1979-03-15,0.2171117514371872,0.22173107841781345,0.2171117514371872,0.2171117514371872,134400,0.0,0.0,WFC
1979-03-16,0.2171117514371872,0.2171117514371872,0.21480198221725677,0.2171117514371872,242400,0.0,0.0,WFC
1979-03-19,0.21711190187718993,0.21711190187718993,0.2124923602363813,0.21480213105678558,76800,0.0,0.0,WFC
1979-03-20,0.21480196680621413,0.2171117358604294,0.2124921977519989,0.2124921977519989,1828800,0.0,0.0,WFC
1979-03-21,0.21249207324892436,0.22173093259334561,0.21249207324892436,0.22173093259334564,1058400,0.0,0.0,WFC
1979-03-22,0.22173107841781345,0.22173107841781345,0.21480198221725677,0.2171117514371872,314400,0.0,0.0,WFC
1979-03-23,0.2171117514371872,0.2171117514371872,0.2171117514371872,0.2171117514371872,235200,0.0,0.0,WFC
1979-03-26,0.21711190187718993,0.21711190187718993,0.2148021310567856,0.21480213105678558,324000,0.0,0.0,WFC
1979-03-27,0.21480198221725677,0.2171117514371872,0.21480198221725677,0.2171117514371872,412800,0.0,0.0,WFC
1979-03-28,0.2171117514371872,0.219421309197883,0.2171117514371872,0.2171117514371872,321600,0.0,0.0,WFC
1979-03-29,0.2171117544205127,0.22173108146461293,0.2171117544205127,0.21942131221294403,391200,0.0,0.0,WFC
1979-03-30,0.21942131221294403,0.22173108146461293,0.2171117544205127,0.21942131221294403,338400,0.0,0.0,WFC
1979-04-02,0.219421309197883,0.22173107841781345,0.2171117514371872,0.2171117514371872,103200,0.0,0.0,WFC
1979-04-03,0.21711160865068277,0.22173093259334561,0.21711160865068277,0.22173093259334564,638400,0.0,0.0,WFC
1979-04-04,0.22173093259334561,0.22173093259334561,0.22173093259334561,0.22173093259334564,208800,0.0,0.0,WFC
1979-04-05,0.22173093259334561,0.22173093259334561,0.2194211648924664,0.22173093259334564,408000,0.0,0.0,WFC
1979-04-06,0.22173093259334561,0.22404070029422482,0.22173093259334561,0.22173093259334564,146400,0.0,0.0,WFC
1979-04-09,0.22173096376211776,0.22404073178768158,0.22173096376211776,0.22404073178768158,110400,0.0,0.0,WFC
1979-04-10,0.22404073178768158,0.2263502883541201,0.22173096376211776,0.22404073178768158,213600,0.0,0.0,WFC
1979-04-11,0.2240407096133799,0.23096980154514316,0.2240407096133799,0.23096980154514313,264000,0.0,0.0,WFC
1979-04-12,0.22866007685661316,0.22866007685661316,0.22635030862420535,0.22866007685661316,60000,0.0,0.0,WFC
1979-04-16,0.2286602262173598,0.2286602262173598,0.22635045647621155,0.22635045647621155,84000,0.0,0.0,WFC
1979-04-17,0.22635045647621155,0.2286602262173598,0.22404089819434564,0.22635045647621155,170400,0.0,0.0,WFC
1979-04-18,0.22635030862420535,0.23096984508902096,0.22635030862420535,0.22866007685661316,50400,0.0,0.0,WFC
1979-04-19,0.22866003374818727,0.23327935788299464,0.2263502659512314,0.23096980154514313,816000,0.0,0.0,WFC
1979-04-20,0.2286602262173598,0.2286602262173598,0.22635045647621155,0.22635045647621155,482400,0.0,0.0,WFC
1979-04-23,0.2263502883541201,0.2263502883541201,0.22404073178768158,0.22404073178768158,264000,0.0,0.0,WFC
1979-04-24,0.22635030862420535,0.22866007685661316,0.22635030862420535,0.22866007685661316,331200,0.0,0.0,WFC
1979-04-25,0.22866005637968392,0.22866005637968392,0.22404073178768158,0.22404073178768158,422400,0.0,0.0,WFC
1979-04-26,0.22404073178768158,0.22404073178768158,0.21942119573655394,0.22404073178768158,264000,0.0,0.0,WFC
1979-04-27,0.22404089819434564,0.22635045647621155,0.22173112845319737,0.22635045647621155,604800,0.0,0.0,WFC
1979-04-30,0.22709960091626155,0.22709960091626155,0.22241699349368102,0.2247582972049713,434400,0.01375,0.0,WFC
1979-05-01,0.22475829720497129,0.22709960091626155,0.22475829720497129,0.2247582972049713,412800,0.0,0.0,WFC
1979-05-02,0.2270996272563934,0.22944071689299933,0.2270996272563934,0.22709962725639343,153600,0.0,0.0,WFC
1979-05-03,0.2270997472252041,0.22944083809852597,0.2270997472252041,0.229440838098526,81600,0.0,0.0,WFC
1979-05-04,0.22944083809852597,0.23178214331820143,0.22944083809852597,0.229440838098526,153600,0.0,0.0,WFC
1979-05-07,0.22944071689299933,0.23178202087584554,0.2270996272563934,0.22709962725639343,98400,0.0,0.0,WFC
1979-05-08,0.2270996272563934,0.2270996272563934,0.2247583232735472,0.22709962725639343,168000,0.0,0.0,WFC
1979-05-09,0.22709964015411696,0.2317820340394974,0.22709964015411696,0.23178203403949738,74400,0.0,0.0,WFC
1979-05-10,0.2317820340394974,0.2317820340394974,0.22944072992368095,0.23178203403949738,256800,0.0,0.0,WFC
1979-05-11,0.23178214331820143,0.23412344853787687,0.22944083809852597,0.229440838098526,187200,0.0,0.0,WFC
1979-05-14,0.22944071689299933,0.22944071689299933,0.2270996272563934,0.22709962725639343,93600,0.0,0.0,WFC
1979-05-15,0.2270996272563934,0.2270996272563934,0.2270996272563934,0.22709962725639343,45600,0.0,0.0,WFC
1979-05-16,0.2270995785868957,0.2341232746839523,0.2270995785868957,0.23412327468395233,60000,0.0,0.0,WFC
1979-05-17,0.22944083809852597,0.22944083809852597,0.2270997472252041,0.229440838098526,69600,0.0,0.0,WFC
1979-05-18,0.22944069028133637,0.22944069028133637,0.2200759041286062,0.2247582972049713,513600,0.0,0.0,WFC
1979-05-21,0.2247583232735472,0.22944071689299933,0.2247583232735472,0.22709962725639343,223200,0.0,0.0,WFC
1979-05-22,0.2270996272563934,0.2270996272563934,0.2247583232735472,0.22709962725639343,93600,0.0,0.0,WFC
1979-05-23,0.2270997472252041,0.22944083809852597,0.2270997472252041,0.229440838098526,472800,0.0,0.0,WFC
1979-05-24,0.2270996272563934,0.2270996272563934,0.2247583232735472,0.22709962725639343,667200,0.0,0.0,WFC
1979-05-25,0.22709960091626155,0.22709960091626155,0.22475829720497129,0.2247582972049713,254400,0.0,0.0,WFC
1979-05-29,0.22475829720497129,0.22709960091626155,0.22475829720497129,0.2247582972049713,48000,0.0,0.0,WFC
1979-05-30,0.2247584061097496,0.2247584061097496,0.22241710126399994,0.22241710126399994,439200,0.0,0.0,WFC
1979-05-31,0.22241699349368102,0.22475829720497129,0.22241699349368102,0.2247582972049713,98400,0.0,0.0,WFC
1979-06-01,0.22475829720497129,0.22475829720497129,0.2200759041286062,0.2247582972049713,909600,0.0,0.0,WFC
1979-06-04,0.22475844200552866,0.22944083809852597,0.2224171367858532,0.229440838098526,256800,0.0,0.0,WFC
1979-06-05,0.22944072992368095,0.2317820340394974,0.2247583360383005,0.23178203403949738,988800,0.0,0.0,WFC
1979-06-06,0.23178197120286864,0.2341232746839523,0.23178197120286864,0.23412327468395233,696000,0.0,0.0,WFC
1979-06-07,0.23412358075302106,0.23880597949028012,0.23412358075302106,0.23880597949028015,148800,0.0,0.0,WFC
1979-06-08,0.23880586545573787,0.23880586545573787,0.2341234689544161,0.23646456003189087,45600,0.0,0.0,WFC
1979-06-11,0.2364646729484133,0.23880597949028012,0.23412358075302106,0.23880597949028015,122400,0.0,0.0,WFC
1979-06-12,0.23646436381884162,0.23646436381884162,0.2341232746839523,0.23412327468395233,477600,0.0,0.0,WFC
1979-06-13,0.23646456003189087,0.23646456003189087,0.23646456003189087,0.23646456003189087,216000,0.0,0.0,WFC
1979-06-14,0.23646456003189087,0.23646456003189087,0.23646456003189087,0.23646456003189087,33600,0.0,0.0,WFC
1979-06-15,0.23880597949028012,0.23880597949028012,0.23880597949028012,0.23880597949028015,24000,0.0,0.0,WFC
1979-06-18,0.23880586545573787,0.23880586545573787,0.23646456003189087,0.23646456003189087,199200,0.0,0.0,WFC
1979-06-19,0.23646456003189087,0.23646456003189087,0.23646456003189087,0.23646456003189087,110400,0.0,0.0,WFC
1979-06-20,0.23646456003189087,0.23880586545573787,0.23646456003189087,0.23646456003189087,91200,0.0,0.0,WFC
1979-06-21,0.2364646729484133,0.23880597949028012,0.2364646729484133,0.23880597949028015,50400,0.0,0.0,WFC
1979-06-22,0.23880597949028012,0.23997652558797625,0.23880597949028012,0.23880597949028015,504000,0.0,0.0,WFC
1979-06-25,0.23997654020786285,0.2423178468923671,0.23997654020786285,0.23997654020786285,945600,0.0,0.0,WFC
1979-06-26,0.24231752658148714,0.24699991941452024,0.24231752658148714,0.24699991941452026,1094400,0.0,0.0,WFC
1979-06-27,0.24465894699096682,0.24465894699096682,0.24231764228342093,0.2446589469909668,1099200,0.0,0.0,WFC
1979-06-28,0.24465915357687137,0.24465915357687137,0.23997654020786285,0.23997654020786285,91200,0.0,0.0,WFC
1979-06-29,0.23997654020786285,0.24465915357687137,0.23997654020786285,0.23997654020786285,165600,0.0,0.0,WFC
1979-07-02,0.23997654020786285,0.2423178468923671,0.23997654020786285,0.23997654020786285,302400,0.0,0.0,WFC
1979-07-03,0.23997654020786285,0.2423178468923671,0.23880599403885455,0.23997654020786285,410400,0.0,0.0,WFC
1979-07-05,0.23997637150561155,0.24465898158276736,0.23997637150561155,0.24231767654418945,132000,0.0,0.0,WFC
1979-07-06,0.2423178468923671,0.24465915357687137,0.23997654020786285,0.23997654020786285,818400,0.0,0.0,WFC
1979-07-09,0.23997622299186844,0.24699991941452024,0.23997622299186844,0.24699991941452026,602400,0.0,0.0,WFC
1979-07-10,0.24465894699096682,0.24465894699096682,0.23997633757587503,0.2446589469909668,616800,0.0,0.0,WFC
1979-07-11,0.24465894699096682,0.24465894699096682,0.23997633757587503,0.2446589469909668,576000,0.0,0.0,WFC
1979-07-12,0.24465894699096682,0.24700003735220605,0.24465894699096682,0.2446589469909668,295200,0.0,0.0,WFC
1979-07-13,0.24465883017110585,0.24699991941452024,0.24465883017110585,0.24699991941452026,132000,0.0,0.0,WFC
1979-07-16,0.24699991941452024,0.24699991941452024,0.24699991941452024,0.24699991941452026,36000,0.0,0.0,WFC
1979-07-17,0.25168272852897644,0.25168272852897644,0.25168272852897644,0.25168272852897644,328800,0.0,0.0,WFC
1979-07-18,0.24934122300413894,0.24934122300413894,0.24699991941452024,0.24699991941452026,391200,0.0,0.0,WFC
1979-07-19,0.24700011759269114,0.25168272852897644,0.24700011759269114,0.25168272852897644,1147200,0.0,0.0,WFC
1979-07-20,0.25168272852897644,0.25168272852897644,0.2493414230608338,0.25168272852897644,249600,0.0,0.0,WFC
1979-07-23,0.25168272852897644,0.25168272852897644,0.25168272852897644,0.25168272852897644,14400,0.0,0.0,WFC
1979-07-24,0.25168272852897644,0.25636512511888543,0.25168272852897644,0.25168272852897644,410400,0.0,0.0,WFC
1979-07-25,0.25636497139930725,0.25870627546357533,0.25636497139930725,0.25636497139930725,280800,0.0,0.0,WFC
1979-07-26,0.25870636105537415,0.26338875638681125,0.25870636105537415,0.25870636105537415,420000,0.0,0.0,WFC
1979-07-27,0.2587064212555383,0.26104751229286194,0.2587064212555383,0.26104751229286194,105600,0.0,0.0,WFC
1979-07-30,0.264174760169057,0.264174760169057,0.26180562376976013,0.26180562376976013,165600,0.01375,0.0,WFC
1979-07-31,0.2618058592761038,0.26654435325134435,0.2618058592761038,0.2641749978065491,422400,0.0,0.0,WFC
1979-08-01,0.2641747799340374,0.2665441334247589,0.2641747799340374,0.2665441334247589,636000,0.0,0.0,WFC
1979-08-02,0.26654421523760014,0.27720598384710415,0.26654421523760014,0.27483662962913513,636000,0.0,0.0,WFC
1979-08-03,0.2748367324783622,0.27720608758298976,0.2700982391834259,0.2700982391834259,72000,0.0,0.0,WFC
1979-08-06,0.2700982391834259,0.27246759428805345,0.2700982391834259,0.2700982391834259,168000,0.0,0.0,WFC
1979-08-07,0.2700980806919713,0.27483657120639815,0.26891351229191246,0.2724674344062805,314400,0.0,0.0,WFC
1979-08-08,0.27246759428805345,0.27246759428805345,0.26891367008827155,0.2700982391834259,748800,0.0,0.0,WFC
1979-08-09,0.26891377568244934,0.26891377568244934,0.26654441964744846,0.26891377568244934,64800,0.0,0.0,WFC
1979-08-10,0.26891367008827155,0.27246759428805345,0.26891367008827155,0.2700982391834259,974400,0.0,0.0,WFC
1979-08-13,0.2724674923254038,0.27483662962913513,0.2724674923254038,0.27483662962913513,348000,0.0,0.0,WFC
1979-08-14,0.2748367324783622,0.2748367324783622,0.26891367008827155,0.2700982391834259,273600,0.0,0.0,WFC
1979-08-15,0.2700982391834259,0.27246759428805345,0.2700982391834259,0.2700982391834259,1161600,0.0,0.0,WFC
1979-08-16,0.2724674923254038,0.27720598384710415,0.2724674923254038,0.27483662962913513,3672000,0.0,0.0,WFC
1979-08-17,0.27483662962913513,0.27720598384710415,0.27483662962913513,0.27483662962913513,295200,0.0,0.0,WFC
1979-08-20,0.27483662962913513,0.27483662962913513,0.2724674923254038,0.27483662962913513,81600,0.0,0.0,WFC
1979-08-21,0.27483662962913513,0.27483662962913513,0.2724674923254038,0.27483662962913513,607200,0.0,0.0,WFC
1979-08-22,0.27483657120639815,0.27483657120639815,0.2700980806919713,0.2724674344062805,168000,0.0,0.0,WFC
1979-08-23,0.27246759428805345,0.27246759428805345,0.2700982391834259,0.2700982391834259,91200,0.0,0.0,WFC
1979-08-24,0.26891377568244934,0.26891377568244934,0.26654441964744846,0.26891377568244934,225600,0.0,0.0,WFC
1979-08-27,0.26891348691548045,0.26891348691548045,0.2665441334247589,0.2665441334247589,333600,0.0,0.0,WFC
1979-08-28,0.26654441964744846,0.2700983452427478,0.26654441964744846,0.26891377568244934,146400,0.0,0.0,WFC
1979-08-29,0.26891377568244934,0.2700983452427478,0.26891377568244934,0.26891377568244934,74400,0.0,0.0,WFC
1979-08-30,0.26891351229191246,0.2724674344062805,0.26891351229191246,0.2724674344062805,268800,0.0,0.0,WFC
1979-08-31,0.2700982391834259,0.2700982391834259,0.2700982391834259,0.2700982391834259,180000,0.0,0.0,WFC
1979-09-04,0.2700983452427478,0.2700983452427478,0.26891377568244934,0.26891377568244934,201600,0.0,0.0,WFC
1979-09-05,0.261805783304151,0.261805783304151,0.25706707378966,0.2594364285469055,645600,0.0,0.0,WFC
1979-09-06,0.2594364285469055,0.2594364285469055,0.2594364285469055,0.2594364285469055,549600,0.0,0.0,WFC
1979-09-07,0.26180562376976013,0.26180562376976013,0.26180562376976013,0.26180562376976013,67200,0.0,0.0,WFC
1979-09-10,0.26180562376976013,0.264174760169057,0.26180562376976013,0.26180562376976013,91200,0.0,0.0,WFC
1979-09-11,0.2618058592761038,0.26654435325134435,0.2618058592761038,0.2641749978065491,391200,0.0,0.0,WFC
1979-09-12,0.261805783304151,0.261805783304151,0.2594364285469055,0.2594364285469055,276000,0.0,0.0,WFC
1979-09-13,0.26180562376976013,0.26180562376976013,0.26180562376976013,0.26180562376976013,410400,0.0,0.0,WFC
1979-09-14,0.2618058592761038,0.26654435325134435,0.2618058592761038,0.2641749978065491,144000,0.0,0.0,WFC
1979-09-17,0.26891377568244934,0.26891377568244934,0.26891377568244934,0.26891377568244934,112800,0.0,0.0,WFC
1979-09-18,0.26891346679596034,0.26891346679596034,0.26180562376976013,0.26180562376976013,232800,0.0,0.0,WFC
1979-09-19,0.2618058592761038,0.2641749978065491,0.2618058592761038,0.2641749978065491,331200,0.0,0.0,WFC
1979-09-20,0.2641747799340374,0.2665441334247589,0.2641747799340374,0.2665441334247589,168000,0.0,0.0,WFC
1979-09-21,0.2665441334247589,0.2665441334247589,0.2641747799340374,0.2665441334247589,194400,0.0,0.0,WFC
1979-09-24,0.26654411348250867,0.26654411348250867,0.26180562376976013,0.26180562376976013,976800,0.0,0.0,WFC
1979-09-25,0.26180562376976013,0.264174760169057,0.25943627045630846,0.26180562376976013,242400,0.0,0.0,WFC
1979-09-26,0.26180562376976013,0.26180562376976013,0.26180562376976013,0.26180562376976013,388800,0.0,0.0,WFC
1979-09-27,0.26180562376976013,0.264174760169057,0.26180562376976013,0.26180562376976013,136800,0.0,0.0,WFC
1979-09-28,0.26180594957749775,0.26417508892510017,0.25469809770584106,0.25469809770584106,780000,0.0,0.0,WFC
1979-10-01,0.25469801959984517,0.25469801959984517,0.24995930852896955,0.25232866406440735,110400,0.0,0.0,WFC
1979-10-02,0.25232866406440735,0.25469801959984517,0.24995930852896955,0.25232866406440735,235200,0.0,0.0,WFC
1979-10-03,0.2523285551332299,0.2546979096458085,0.24995920062065125,0.24995920062065125,477600,0.0,0.0,WFC
1979-10-04,0.2499593851817867,0.2570672370534434,0.2499593851817867,0.25469809770584106,753600,0.0,0.0,WFC
1979-10-05,0.25469809770584106,0.25469809770584106,0.25469809770584106,0.25469809770584106,184800,0.0,0.0,WFC
1979-10-08,0.25469801959984517,0.25469801959984517,0.25232866406440735,0.25232866406440735,40800,0.0,0.0,WFC
1979-10-09,0.24285140758728202,0.24285140758728202,0.24166683852672577,0.24166683852672577,362400,0.0,0.0,WFC
1979-10-10,0.2416668283291107,0.2416668283291107,0.22745113254504537,0.2321896255016327,350400,0.0,0.0,WFC
1979-10-11,0.23455886542797091,0.23692821920167265,0.23455886542797091,0.2345588654279709,825600,0.0,0.0,WFC
1979-10-12,0.23455898043707804,0.23455898043707804,0.23218962550163272,0.2321896255016327,420000,0.0,0.0,WFC
1979-10-15,0.23218950749115994,0.23218950749115994,0.22745101694291361,0.2298203706741333,374400,0.0,0.0,WFC
1979-10-16,0.22982037067413333,0.23218950749115994,0.22982037067413333,0.2298203706741333,24000,0.0,0.0,WFC
1979-10-17,0.23218951165426918,0.23455886542797091,0.23218951165426918,0.2345588654279709,76800,0.0,0.0,WFC
1979-10-18,0.23455886542797091,0.23929735606117739,0.23455886542797091,0.2345588654279709,132000,0.0,0.0,WFC
1979-10-19,0.23455886542797091,0.23692821920167265,0.23455886542797091,0.2345588654279709,117600,0.0,0.0,WFC
1979-10-22,0.23218962550163272,0.23218962550163272,0.22982048748049072,0.2321896255016327,88800,0.0,0.0,WFC
1979-10-23,0.23218951165426918,0.23455886542797091,0.23218951165426918,0.2345588654279709,60000,0.0,0.0,WFC
1979-10-24,0.23455886542797091,0.23455886542797091,0.23455886542797091,0.2345588654279709,64800,0.0,0.0,WFC
1979-10-25,0.23455900350558176,0.2369283586740494,0.23455900350558176,0.23692835867404938,189600,0.0,0.0,WFC
1979-10-26,0.2369283586740494,0.23929749692819235,0.2369283586740494,0.23692835867404938,84000,0.0,0.0,WFC
1979-10-29,0.24009770154953003,0.2448995808430997,0.23769665199477324,0.24009770154953003,324000,0.01375,0.0,WFC
1979-10-30,0.24009762842418886,0.2424984574317932,0.24009762842418886,0.2424984574317932,57600,0.0,0.0,WFC
1979-10-31,0.2448994897566416,0.2460999041795731,0.2448994897566416,0.24609990417957306,98400,0.0,0.0,WFC
1979-11-01,0.2460999041795731,0.2509020015030231,0.24249844109491658,0.24609990417957306,578400,0.0,0.0,WFC
1979-11-02,0.2460999041795731,0.2509020015030231,0.2460999041795731,0.24609990417957306,1082400,0.0,0.0,WFC
1979-11-05,0.2460999041795731,0.2460999041795731,0.24249844109491658,0.24609990417957306,194400,0.0,0.0,WFC
1979-11-06,0.2460999041795731,0.2460999041795731,0.24249844109491658,0.24609990417957306,105600,0.0,0.0,WFC
1979-11-07,0.24609992075907666,0.24609992075907666,0.2424984574317932,0.2424984574317932,408000,0.0,0.0,WFC
1979-11-08,0.2448994666337967,0.2448994666337967,0.2448994666337967,0.2448994666337967,76800,0.0,0.0,WFC
1979-11-09,0.2448994897566416,0.2485009528412981,0.2448994897566416,0.24609990417957306,477600,0.0,0.0,WFC
1979-11-12,0.2460999041795731,0.2460999041795731,0.2448994897566416,0.24609990417957306,312000,0.0,0.0,WFC
1979-11-13,0.2460999041795731,0.2509020015030231,0.2460999041795731,0.24609990417957306,278400,0.0,0.0,WFC
1979-11-14,0.2460999041795731,0.2460999041795731,0.24249844109491658,0.24609990417957306,69600,0.0,0.0,WFC
1979-11-15,0.2460998809433878,0.24850092937841137,0.24249841819877316,0.2448994666337967,492000,0.0,0.0,WFC
1979-11-16,0.2448994666337967,0.2460998809433878,0.2448994666337967,0.2448994666337967,103200,0.0,0.0,WFC
1979-11-19,0.2448994666337967,0.2448994666337967,0.2448994666337967,0.2448994666337967,45600,0.0,0.0,WFC
1979-11-20,0.2448994897566416,0.2460999041795731,0.2448994897566416,0.24609990417957306,88800,0.0,0.0,WFC
1979-11-21,0.2460999041795731,0.2460999041795731,0.24249844109491658,0.24609990417957306,624000,0.0,0.0,WFC
1979-11-23,0.2448995808430997,0.2448995808430997,0.24009770154953003,0.24009770154953003,436800,0.0,0.0,WFC
1979-11-26,0.24009762842418886,0.24489950625527449,0.24009762842418886,0.2424984574317932,225600,0.0,0.0,WFC
1979-11-27,0.2448994666337967,0.2448994666337967,0.2448994666337967,0.2448994666337967,184800,0.0,0.0,WFC
1979-11-28,0.24489956835041873,0.25090208202314185,0.24249851891814297,0.2485010325908661,1233600,0.0,0.0,WFC
1979-11-29,0.24850100750414614,0.25090205669403076,0.24609995831426154,0.25090205669403076,979200,0.0,0.0,WFC
1979-11-30,0.24850092937841137,0.24850092937841137,0.2448994666337967,0.2448994666337967,333600,0.0,0.0,WFC
1979-12-03,0.2448994897566416,0.2460999041795731,0.2448994897566416,0.24609990417957306,223200,0.0,0.0,WFC
1979-12-04,0.2460999041795731,0.2485009528412981,0.2460999041795731,0.24609990417957306,314400,0.0,0.0,WFC
1979-12-05,0.2460999041795731,0.2485009528412981,0.2460999041795731,0.24609990417957306,1106400,0.0,0.0,WFC
1979-12-06,0.2460998809433878,0.2460998809433878,0.2448994666337967,0.2448994666337967,897600,0.0,0.0,WFC
1979-12-07,0.2448994666337967,0.25090197781343493,0.2448994666337967,0.2448994666337967,436800,0.0,0.0,WFC
1979-12-10,0.2448994666337967,0.2460998809433878,0.2448994666337967,0.2448994666337967,357600,0.0,0.0,WFC
1979-12-11,0.2448994666337967,0.2448994666337967,0.2448994666337967,0.2448994666337967,292800,0.0,0.0,WFC
1979-12-12,0.2448994666337967,0.24850092937841137,0.2448994666337967,0.2448994666337967,386400,0.0,0.0,WFC
1979-12-13,0.24489950625527449,0.24489950625527449,0.24009762842418886,0.2424984574317932,614400,0.0,0.0,WFC
1979-12-14,0.24249853128834295,0.24249853128834295,0.24009770154953003,0.24009770154953003,134400,0.0,0.0,WFC
1979-12-17,0.24009762842418886,0.24489950625527449,0.24009762842418886,0.2424984574317932,624000,0.0,0.0,WFC
1979-12-18,0.24249853128834295,0.24249853128834295,0.24009770154953003,0.24009770154953003,1622400,0.0,0.0,WFC
1979-12-19,0.24009770154953003,0.24249853128834295,0.24009770154953003,0.24009770154953003,261600,0.0,0.0,WFC
1979-12-20,0.24009762842418886,0.24489950625527449,0.24009762842418886,0.2424984574317932,1041600,0.0,0.0,WFC
1979-12-21,0.24249841819877316,0.2448994666337967,0.24249841819877316,0.2448994666337967,1180800,0.0,0.0,WFC
1979-12-24,0.2424984574317932,0.2424984574317932,0.2424984574317932,0.2424984574317932,38400,0.0,0.0,WFC
1979-12-26,0.24249844109491658,0.2485009528412981,0.24249844109491658,0.24609990417957306,184800,0.0,0.0,WFC
1979-12-27,0.2460998809433878,0.2460998809433878,0.2448994666337967,0.2448994666337967,422400,0.0,0.0,WFC
1979-12-28,0.24489954362727445,0.25090205669403076,0.24489954362727445,0.25090205669403076,297600,0.0,0.0,WFC
1979-12-31,0.2448994666337967,0.2448994666337967,0.2448994666337967,0.2448994666337967,115200,0.0,0.0,WFC
1980-01-02,0.2448994897566416,0.2460999041795731,0.2448994897566416,0.24609990417957306,398400,0.0,0.0,WFC
1980-01-03,0.24489950625527449,0.24489950625527449,0.2424984574317932,0.2424984574317932,132000,0.0,0.0,WFC
1980-01-04,0.24249841819877316,0.2448994666337967,0.24249841819877316,0.2448994666337967,93600,0.0,0.0,WFC
1980-01-07,0.2448994666337967,0.25090197781343493,0.2448994666337967,0.2448994666337967,2124000,0.0,0.0,WFC
1980-01-08,0.2448994897566416,0.2460999041795731,0.24249844109491658,0.24609990417957306,4312800,0.0,0.0,WFC
1980-01-09,0.24609999571250618,0.2509020948220197,0.24009770154953003,0.24009770154953003,2817600,0.0,0.0,WFC
1980-01-10,0.2400974864312957,0.2400974864312957,0.23529539162427682,0.23769643902778625,1855200,0.0,0.0,WFC
1980-01-11,0.23769665199477324,0.24009770154953003,0.23769665199477324,0.24009770154953003,2364000,0.0,0.0,WFC
1980-01-14,0.2400974864312957,0.2400974864312957,0.23769643902778625,0.23769643902778625,729600,0.0,0.0,WFC
1980-01-15,0.23769643902778625,0.23769643902778625,0.2328945640365143,0.23769643902778625,787200,0.0,0.0,WFC
1980-01-16,0.23769645995049898,0.24009750756535542,0.2328945845365524,0.23289458453655243,2294400,0.0,0.0,WFC
1980-01-17,0.23289474933941023,0.23529557883739471,0.23289474933941023,0.23529557883739471,732000,0.0,0.0,WFC
1980-01-18,0.23529557883739471,0.23529557883739471,0.23289474933941023,0.23529557883739471,144000,0.0,0.0,WFC
1980-01-21,0.23529541233564258,0.24009750756535542,0.2328945845365524,0.23289458453655243,4255200,0.0,0.0,WFC
1980-01-22,0.2328945845365524,0.23529541233564258,0.2328945845365524,0.23289458453655243,976800,0.0,0.0,WFC
1980-01-23,0.23289470176962196,0.2424984574317932,0.23289470176962196,0.2424984574317932,302400,0.0,0.0,WFC
1980-01-24,0.2424984574317932,0.24489950625527449,0.24009762842418886,0.2424984574317932,592800,0.0,0.0,WFC
1980-01-25,0.24009770154953003,0.24009770154953003,0.24009770154953003,0.24009770154953003,446400,0.0,0.0,WFC
1980-01-28,0.24330927322073906,0.24574221670627594,0.24330927322073906,0.24574221670627594,422400,0.01375,0.0,WFC
1980-01-29,0.24574241579261288,0.24574241579261288,0.24087630212306974,0.24087630212306976,496800,0.0,0.0,WFC
1980-01-30,0.24087612381308382,0.243309290224892,0.23844295740127563,0.23844295740127563,153600,0.0,0.0,WFC
1980-01-31,0.23844295740127563,0.243309290224892,0.23601001374570765,0.23844295740127563,2215200,0.0,0.0,WFC
1980-02-01,0.23844294073721603,0.24574221670627594,0.23600999725167915,0.24574221670627594,456000,0.0,0.0,WFC
1980-02-04,0.2457422178123212,0.2457422178123212,0.24330927431583402,0.24330927431583405,355200,0.0,0.0,WFC
1980-02-05,0.243309290224892,0.243309290224892,0.23844295740127563,0.23844295740127563,240000,0.0,0.0,WFC
1980-02-06,0.23844298963039987,0.23844298963039987,0.2335768789052963,0.23357687890529633,1848000,0.0,0.0,WFC
1980-02-07,0.2335768789052963,0.23844298963039987,0.2335768789052963,0.23357687890529633,724800,0.0,0.0,WFC
1980-02-08,0.23601001374570765,0.23844295740127563,0.23601001374570765,0.23844295740127563,204000,0.0,0.0,WFC
1980-02-11,0.23600992513639613,0.23600992513639613,0.22871065139770508,0.22871065139770508,460800,0.0,0.0,WFC
1980-02-12,0.22871060852981565,0.236009880900383,0.22871060852981565,0.236009880900383,542400,0.0,0.0,WFC
1980-02-13,0.236009880900383,0.23844282318649557,0.2335767158581556,0.236009880900383,602400,0.0,0.0,WFC
1980-02-14,0.23600992477730798,0.23844286751573224,0.231143593788147,0.23114359378814697,1207200,0.0,0.0,WFC
1980-02-15,0.231143593788147,0.23357675928272748,0.22871065104972274,0.23114359378814697,424800,0.0,0.0,WFC
1980-02-19,0.231143593788147,0.231143593788147,0.231143593788147,0.23114359378814697,559200,0.0,0.0,WFC
1980-02-20,0.23114359413983104,0.23357675963811358,0.22627748589942254,0.22871065139770508,684000,0.0,0.0,WFC
1980-02-21,0.22871086640853694,0.22871086640853694,0.2214115858078003,0.2214115858078003,4406400,0.0,0.0,WFC
1980-02-22,0.2214115858078003,0.2214115858078003,0.2214115858078003,0.2214115858078003,1404000,0.0,0.0,WFC
1980-02-25,0.2189782418702778,0.2189782418702778,0.20316322087615335,0.20802932977676392,1377600,0.0,0.0,WFC
1980-02-26,0.20802931513542947,0.2128954236935579,0.20073004092015123,0.20316320657730103,417600,0.0,0.0,WFC
1980-02-27,0.20316322087615335,0.20802932977676392,0.20316322087615335,0.20802932977676392,2488800,0.0,0.0,WFC
1980-02-28,0.2080293784518851,0.2080293784518851,0.1958639919757843,0.1958639919757843,465600,0.0,0.0,WFC
1980-02-29,0.1958639323620228,0.20559614947827967,0.1958639323620228,0.20316320657730103,285600,0.0,0.0,WFC
1980-03-03,0.2031632944217665,0.21046257179313216,0.2031632944217665,0.20559623837471008,1994400,0.0,0.0,WFC
1980-03-04,0.20316316107819146,0.20316316107819146,0.2007299959659576,0.20072999596595764,333600,0.0,0.0,WFC
1980-03-05,0.20073010201497685,0.20316326841269255,0.1958639919757843,0.1958639919757843,688800,0.0,0.0,WFC
1980-03-06,0.19586405514753724,0.20073016675618977,0.1897812485694885,0.18978124856948853,453600,0.0,0.0,WFC
1980-03-07,0.18978123275185174,0.19586403882291875,0.18978123275185174,0.19099770486354828,5277600,0.0,0.0,WFC
1980-03-10,0.1909976916991388,0.19586402532309993,0.18734805285930636,0.18734805285930634,2035200,0.0,0.0,WFC
1980-03-11,0.18978118735961447,0.1958639919757843,0.18978118735961447,0.1958639919757843,256800,0.0,0.0,WFC
1980-03-12,0.1958639919757843,0.1958639919757843,0.19099765918035286,0.1958639919757843,424800,0.0,0.0,WFC
1980-03-13,0.1958639919757843,0.1958639919757843,0.1958639919757843,0.1958639919757843,295200,0.0,0.0,WFC
1980-03-14,0.1958639323620228,0.20316320657730103,0.1958639323620228,0.20316320657730103,386400,0.0,0.0,WFC
1980-03-17,0.20073016675618977,0.20073016675618977,0.18491513696083597,0.18978124856948853,1792800,0.0,0.0,WFC
1980-03-18,0.18978118735961447,0.1958639919757843,0.18978118735961447,0.1958639919757843,240000,0.0,0.0,WFC
1980-03-19,0.19586403882291875,0.19586403882291875,0.18978123275185174,0.19099770486354828,2268000,0.0,0.0,WFC
1980-03-20,0.19099772078257396,0.1934308879650556,0.1897812485694885,0.18978124856948853,417600,0.0,0.0,WFC
1980-03-21,0.1897812485694885,0.19099772078257396,0.1897812485694885,0.18978124856948853,746400,0.0,0.0,WFC
1980-03-24,0.18978121967128692,0.1909976916991388,0.18734805285930636,0.18734805285930634,559200,0.0,0.0,WFC
1980-03-25,0.1873480394492611,0.1873480394492611,0.1824819289298845,0.18491509556770325,288000,0.0,0.0,WFC
1980-03-26,0.18491509556770325,0.18978120608707985,0.18491509556770325,0.18491509556770325,645600,0.0,0.0,WFC
1980-03-27,0.18491506645926414,0.18491506645926414,0.1751826241962842,0.18004873394966125,969600,0.0,0.0,WFC
1980-03-28,0.18004877517964146,0.18734805285930636,0.18004877517964146,0.18734805285930634,948000,0.0,0.0,WFC
1980-03-31,0.18734802096189876,0.1958639919757843,0.18734802096189876,0.1958639919757843,991200,0.0,0.0,WFC
1980-04-01,0.19586403882291875,0.20073015002599703,0.19099770486354828,0.19099770486354828,559200,0.0,0.0,WFC
1980-04-02,0.19099765918035286,0.1958639919757843,0.19099765918035286,0.1958639919757843,895200,0.0,0.0,WFC
1980-04-03,0.20073004092015123,0.20802931513542947,0.20073004092015123,0.20316320657730103,758400,0.0,0.0,WFC
1980-04-07,0.20316323533721667,0.21289545383117256,0.20316323533721667,0.2104625105857849,873600,0.0,0.0,WFC
1980-04-08,0.2104625097406094,0.21289545297622683,0.2031632345213536,0.2128954529762268,465600,0.0,0.0,WFC
1980-04-09,0.2153287777217311,0.2214115858078003,0.2153287777217311,0.2214115858078003,225600,0.0,0.0,WFC
1980-04-10,0.22384432040114,0.22871065139770508,0.22384432040114,0.22871065139770508,1576800,0.0,0.0,WFC
1980-04-11,0.22384453083713518,0.22384453083713518,0.2214115858078003,0.2214115858078003,216000,0.0,0.0,WFC
1980-04-14,0.2214115858078003,0.22384453083713518,0.2214115858078003,0.2214115858078003,333600,0.0,0.0,WFC
1980-04-15,0.2214115858078003,0.22384453083713518,0.2214115858078003,0.2214115858078003,33600,0.0,0.0,WFC
1980-04-16,0.2238444238901138,0.2287107571365086,0.2238444238901138,0.22384442389011383,897600,0.0,0.0,WFC
1980-04-17,0.2238444238901138,0.2262775905133112,0.2238444238901138,0.22384442389011383,88800,0.0,0.0,WFC
1980-04-18,0.22384453083713518,0.22384453083713518,0.2189784180220994,0.2214115858078003,729600,0.0,0.0,WFC
1980-04-21,0.21897828679973794,0.21897828679973794,0.21532864868640897,0.215328648686409,504000,0.0,0.0,WFC
1980-04-22,0.21532869165142376,0.21897833049297333,0.21532869165142376,0.21897833049297333,835200,0.0,0.0,WFC
1980-04-23,0.2189784180220994,0.22384453083713518,0.21776194550743197,0.2214115858078003,184800,0.0,0.0,WFC
1980-04-24,0.22141139209695754,0.22141139209695754,0.217761754989624,0.21776175498962402,340800,0.0,0.0,WFC
1980-04-25,0.21776194550743197,0.2214115858078003,0.21776194550743197,0.2214115858078003,720000,0.0,0.0,WFC
1980-04-28,0.22259944677352902,0.22259944677352902,0.2213628586602984,0.22259944677352905,153600,0.01542,0.0,WFC
1980-04-29,0.22259920737543973,0.22259920737543973,0.22136262059211728,0.2213626205921173,67200,0.0,0.0,WFC
1980-04-30,0.2213628586602984,0.22259944677352902,0.21888945599397022,0.22259944677352905,163200,0.0,0.0,WFC
1980-05-01,0.2225992516038072,0.22507265210151675,0.22136266457478662,0.22507265210151672,127200,0.0,0.0,WFC
1980-05-02,0.22507265210151675,0.22507265210151675,0.2225992516038072,0.22507265210151672,81600,0.0,0.0,WFC
1980-05-05,0.22507274198840066,0.23001931851965646,0.2213627529800191,0.22754591703414917,448800,0.0,0.0,WFC
1980-05-06,0.23496597675050168,0.2399127814415607,0.23496597675050168,0.2374393790960312,547200,0.0,0.0,WFC
1980-05-07,0.2374393723227761,0.24485935270786283,0.23249279421266195,0.24485935270786285,693600,0.0,0.0,WFC
1980-05-08,0.24485935270786283,0.24980593081797697,0.24485935270786283,0.24485935270786285,1651200,0.0,0.0,WFC
1980-05-09,0.2448593409195132,0.24733274307540792,0.24238593876361844,0.24238593876361847,578400,0.0,0.0,WFC
1980-05-12,0.24238587873690265,0.24238587873690265,0.2399127036333084,0.2399127036333084,1044000,0.0,0.0,WFC
1980-05-13,0.2399127745977487,0.24485935270786283,0.2399127745977487,0.24485935270786285,722400,0.0,0.0,WFC
1980-05-14,0.24485926099542282,0.24733266234397888,0.24485926099542282,0.24733266234397888,585600,0.0,0.0,WFC
1980-05-15,0.24733274307540792,0.24733274307540792,0.24238593876361844,0.24238593876361847,345600,0.0,0.0,WFC
1980-05-16,0.24238595734725266,0.24238595734725266,0.2374393790960312,0.2374393790960312,844800,0.0,0.0,WFC
1980-05-19,0.2374393790960312,0.2374393790960312,0.2374393790960312,0.2374393790960312,72000,0.0,0.0,WFC
1980-05-20,0.23743950936102098,0.23743950936102098,0.22507294372845504,0.23001952469348907,1281600,0.0,0.0,WFC
1980-05-21,0.2275458261595579,0.2275458261595579,0.22507265210151675,0.22507265210151672,182400,0.0,0.0,WFC
1980-05-22,0.2275459961537507,0.2374393790960312,0.2275459961537507,0.2374393790960312,348000,0.0,0.0,WFC
1980-05-23,0.23496589011410077,0.23496589011410077,0.23249271512031555,0.23249271512031555,220800,0.0,0.0,WFC
1980-05-27,0.23249271512031555,0.23249271512031555,0.2300193136867763,0.23249271512031555,487200,0.0,0.0,WFC
1980-05-28,0.23249272000516377,0.23249272000516377,0.22754591703414914,0.22754591703414917,396000,0.0,0.0,WFC
1980-05-29,0.22754591703414914,0.23249272000516377,0.22754591703414914,0.22754591703414917,352800,0.0,0.0,WFC
1980-05-30,0.22754582618473254,0.2349658012390137,0.22507265212641775,0.23496580123901367,568800,0.0,0.0,WFC
1980-06-02,0.23496589011410077,0.23743929154764004,0.23249271512031555,0.23249271512031555,160800,0.0,0.0,WFC
1980-06-03,0.23249271512031555,0.23743929154764004,0.23249271512031555,0.23249271512031555,199200,0.0,0.0,WFC
1980-06-04,0.23249280084480972,0.2374393790960312,0.23249280084480972,0.2374393790960312,160800,0.0,0.0,WFC
1980-06-05,0.23743920173699687,0.23743920173699687,0.2324926271806989,0.23496580123901367,220800,0.0,0.0,WFC
1980-06-06,0.2349658012390137,0.23743920173699687,0.2324926271806989,0.23496580123901367,141600,0.0,0.0,WFC
1980-06-09,0.2349658012390137,0.2349658012390137,0.2324926271806989,0.23496580123901367,232800,0.0,0.0,WFC
1980-06-10,0.2349659005465917,0.2399127036333084,0.23249272544299746,0.2399127036333084,535200,0.0,0.0,WFC
1980-06-11,0.2399127814415607,0.2399127814415607,0.23496597675050168,0.2374393790960312,232800,0.0,0.0,WFC
1980-06-12,0.23743930208995007,0.244859280280261,0.23743930208995007,0.2399127036333084,2853600,0.0,0.0,WFC
1980-06-13,0.24238593876361844,0.24733274307540792,0.24238593876361844,0.24238593876361847,1214400,0.0,0.0,WFC
1980-06-16,0.2423859504328902,0.24485935270786283,0.2423859504328902,0.24485935270786285,420000,0.0,0.0,WFC
1980-06-17,0.24733270721562897,0.24980588257312772,0.24733270721562897,0.24980588257312775,1418400,0.0,0.0,WFC
1980-06-18,0.24733275498283544,0.24733275498283544,0.24485935270786283,0.24485935270786285,256800,0.0,0.0,WFC
1980-06-19,0.2448593409195132,0.24733274307540792,0.24238593876361844,0.24238593876361847,139200,0.0,0.0,WFC
1980-06-20,0.24238595734725266,0.24238595734725266,0.2374393790960312,0.2374393790960312,391200,0.0,0.0,WFC
1980-06-23,0.2399127630475439,0.24238593876361844,0.2399127630475439,0.24238593876361847,19200,0.0,0.0,WFC
1980-06-24,0.2423859504328902,0.24485935270786283,0.2423859504328902,0.24485935270786285,261600,0.0,0.0,WFC
1980-06-25,0.24485926099542282,0.24733266234397888,0.24485926099542282,0.24733266234397888,307200,0.0,0.0,WFC
1980-06-26,0.2448593409195132,0.2448593409195132,0.24238593876361844,0.24238593876361847,379200,0.0,0.0,WFC
1980-06-27,0.24238585964686676,0.24733266234397888,0.24238585964686676,0.24733266234397888,880800,0.0,0.0,WFC
1980-06-30,0.2448593409195132,0.2448593409195132,0.24238593876361844,0.24238593876361847,566400,0.0,0.0,WFC
1980-07-01,0.24238593876361844,0.24238593876361844,0.23743936089164916,0.24238593876361847,206400,0.0,0.0,WFC
1980-07-02,0.24238587873690265,0.24238587873690265,0.2399127036333084,0.2399127036333084,1185600,0.0,0.0,WFC
1980-07-03,0.2399127036333084,0.24238587873690265,0.23743930208995007,0.2399127036333084,583200,0.0,0.0,WFC
1980-07-07,0.24238593876361844,0.2448593409195132,0.24238593876361844,0.24238593876361847,321600,0.0,0.0,WFC
1980-07-08,0.2423859504328902,0.24485935270786283,0.2399127745977487,0.24485935270786285,832800,0.0,0.0,WFC
1980-07-09,0.24485935969278216,0.24485935969278216,0.2374393790960312,0.2374393790960312,4735200,0.0,0.0,WFC
1980-07-10,0.2374393790960312,0.24485935969278216,0.2374393790960312,0.2374393790960312,4351200,0.0,0.0,WFC
1980-07-11,0.23743920173699687,0.23743920173699687,0.2349658012390137,0.23496580123901367,88800,0.0,0.0,WFC
1980-07-14,0.2349658012390137,0.23743920173699687,0.2324926271806989,0.23496580123901367,348000,0.0,0.0,WFC
1980-07-15,0.23496589011410077,0.23743929154764004,0.22754591225323703,0.23249271512031555,2484000,0.0,0.0,WFC
1980-07-16,0.2324926271806989,0.23743920173699687,0.2324926271806989,0.23496580123901367,355200,0.0,0.0,WFC
1980-07-17,0.23496597675050168,0.2399127814415607,0.23249280084480972,0.2374393790960312,1320000,0.0,0.0,WFC
1980-07-18,0.23743930208995007,0.2399127036333084,0.23743930208995007,0.2399127036333084,338400,0.0,0.0,WFC
1980-07-21,0.2399127036333084,0.24238587873690265,0.2399127036333084,0.2399127036333084,676800,0.0,0.0,WFC
1980-07-22,0.2423859504328902,0.24733275498283544,0.2423859504328902,0.24485935270786285,866400,0.0,0.0,WFC
1980-07-23,0.2448593409195132,0.2448593409195132,0.24238593876361844,0.24238593876361847,100800,0.0,0.0,WFC
1980-07-24,0.24485926099542282,0.24980583725278865,0.24485926099542282,0.24733266234397888,986400,0.0,0.0,WFC
1980-07-25,0.24733266234397888,0.24733266234397888,0.24485926099542282,0.24733266234397888,1017600,0.0,0.0,WFC
1980-07-28,0.24853836258555045,0.24853836258555045,0.2435174621776494,0.24602779746055603,2815200,0.01542,0.0,WFC
1980-07-29,0.24602785390232618,0.24602785390232618,0.2435175180435181,0.24351751804351807,379200,0.0,0.0,WFC
1980-07-30,0.24351764944571408,0.25104912077040353,0.24351764944571408,0.2485385537147522,760800,0.0,0.0,WFC
1980-07-31,0.24853836258555045,0.24853836258555045,0.24602779746055603,0.24602779746055603,211200,0.0,0.0,WFC
1980-08-01,0.24602779746055603,0.24853836258555045,0.2435174621776494,0.24602779746055603,386400,0.0,0.0,WFC
1980-08-04,0.2460279866591009,0.24853855371475223,0.24351764944571408,0.2485385537147522,482400,0.0,0.0,WFC
1980-08-05,0.24853844881747372,0.25606991696345777,0.24602788282142318,0.2535593509674072,441600,0.0,0.0,WFC
1980-08-06,0.25355922766962197,0.25355922766962197,0.25104889273643494,0.25104889273643494,266400,0.0,0.0,WFC
1980-08-07,0.25104912077040353,0.25104912077040353,0.24853855371475223,0.2485385537147522,360000,0.0,0.0,WFC
1980-08-08,0.2485383279611922,0.25104889273643494,0.24602776318594946,0.25104889273643494,2200800,0.0,0.0,WFC
1980-08-11,0.25104889273643494,0.25355922766962197,0.2485383279611922,0.25104889273643494,362400,0.0,0.0,WFC
1980-08-12,0.25104901481352426,0.25606991696345777,0.25104901481352426,0.2535593509674072,477600,0.0,0.0,WFC
1980-08-13,0.2535593196077721,0.2623461845861259,0.2535593196077721,0.25732505321502686,1113600,0.0,0.0,WFC
1980-08-14,0.25732505321502686,0.25732505321502686,0.25606988529332164,0.25732505321502686,523200,0.0,0.0,WFC
1980-08-15,0.25732505321502686,0.25732505321502686,0.25732505321502686,0.25732505321502686,873600,0.0,0.0,WFC
1980-08-18,0.25732518638591606,0.25732518638591606,0.25607001781463623,0.25607001781463623,302400,0.0,0.0,WFC
1980-08-19,0.25606991696345777,0.25606991696345777,0.2535593509674072,0.2535593509674072,163200,0.0,0.0,WFC
1980-08-20,0.2535593509674072,0.25606991696345777,0.25104901481352426,0.2535593509674072,480000,0.0,0.0,WFC
1980-08-21,0.25355945082981846,0.25732518638591606,0.25355945082981846,0.25607001781463623,660000,0.0,0.0,WFC
1980-08-22,0.25607001781463623,0.25732518638591606,0.25607001781463623,0.25607001781463623,67200,0.0,0.0,WFC
1980-08-25,0.25606991696345777,0.25732508504039925,0.25104901481352426,0.2535593509674072,1509600,0.0,0.0,WFC
1980-08-26,0.2535593509674072,0.25606991696345777,0.25104901481352426,0.2535593509674072,446400,0.0,0.0,WFC
1980-08-27,0.25355922766962197,0.25355922766962197,0.25104889273643494,0.25104889273643494,984000,0.0,0.0,WFC
1980-08-28,0.25104889273643494,0.25104889273643494,0.25104889273643494,0.25104889273643494,328800,0.0,0.0,WFC
1980-08-29,0.25104889273643494,0.25355922766962197,0.25104889273643494,0.25104889273643494,165600,0.0,0.0,WFC
1980-09-02,0.25104889273643494,0.25355922766962197,0.25104889273643494,0.25104889273643494,381600,0.0,0.0,WFC
1980-09-03,0.2510491136872588,0.25607001781463623,0.2510491136872588,0.25607001781463623,660000,0.0,0.0,WFC
1980-09-04,0.25606991696345777,0.25732508504039925,0.2535593509674072,0.2535593509674072,268800,0.0,0.0,WFC
1980-09-05,0.2535593509674072,0.25606991696345777,0.2535593509674072,0.2535593509674072,127200,0.0,0.0,WFC
1980-09-08,0.2535594579837903,0.2535594579837903,0.24853855371475223,0.2485385537147522,816000,0.0,0.0,WFC
1980-09-09,0.2485383279611922,0.25104889273643494,0.2485383279611922,0.25104889273643494,364800,0.0,0.0,WFC
1980-09-10,0.2535593196077721,0.2623461845861259,0.2535593196077721,0.25732505321502686,1497600,0.0,0.0,WFC
1980-09-11,0.25732505321502686,0.2623461845861259,0.25732505321502686,0.25732505321502686,108000,0.0,0.0,WFC
1980-09-12,0.25732505321502686,0.2623461845861259,0.25732505321502686,0.25732505321502686,573600,0.0,0.0,WFC
1980-09-15,0.25607001781463623,0.25607001781463623,0.25355945082981846,0.25607001781463623,216000,0.0,0.0,WFC
1980-09-16,0.25606988529332164,0.25732505321502686,0.25606988529332164,0.25732505321502686,472800,0.0,0.0,WFC
1980-09-17,0.2573251347383483,0.2623462677001953,0.2560699664189925,0.2623462677001953,585600,0.0,0.0,WFC
1980-09-18,0.2623461845861259,0.2623461845861259,0.25732505321502686,0.25732505321502686,979200,0.0,0.0,WFC
1980-09-19,0.25732508504039925,0.25732508504039925,0.2535593509674072,0.2535593509674072,1173600,0.0,0.0,WFC
1980-09-22,0.25355922766962197,0.2560697924448647,0.25104889273643494,0.25104889273643494,607200,0.0,0.0,WFC
1980-09-23,0.25104912077040353,0.25607002503944165,0.24853855371475223,0.2485385537147522,1329600,0.0,0.0,WFC
1980-09-24,0.24853841960327477,0.25104898530422337,0.2435175180435181,0.24351751804351807,962400,0.0,0.0,WFC
1980-09-25,0.2435174621776494,0.24602779746055603,0.2435174621776494,0.24602779746055603,1209600,0.0,0.0,WFC
1980-09-26,0.24351764168939383,0.24351764168939383,0.24100707471370697,0.24100707471370697,578400,0.0,0.0,WFC
1980-09-29,0.24100695234256947,0.2435175180435181,0.2359860507828128,0.24351751804351807,883200,0.0,0.0,WFC
1980-09-30,0.2435175180435181,0.24602785390232618,0.24100695234256947,0.24351751804351807,343200,0.0,0.0,WFC
1980-10-01,0.2435175180435181,0.2435175180435181,0.23849638664162087,0.24351751804351807,741600,0.0,0.0,WFC
1980-10-02,0.24351764168939383,0.2485385457985103,0.24100707471370697,0.24100707471370697,288000,0.0,0.0,WFC
1980-10-03,0.24100695234256947,0.2435175180435181,0.23849638664162087,0.24351751804351807,403200,0.0,0.0,WFC
1980-10-06,0.2435174621776494,0.24853836258555045,0.2435174621776494,0.24602779746055603,729600,0.0,0.0,WFC
1980-10-07,0.2460279866591009,0.25104912077040353,0.2460279866591009,0.2485385537147522,664800,0.0,0.0,WFC
1980-10-08,0.2485383279611922,0.25355922766962197,0.2485383279611922,0.25104889273643494,1053600,0.0,0.0,WFC
1980-10-09,0.25104901481352426,0.25606991696345777,0.24853844881747372,0.2535593509674072,748800,0.0,0.0,WFC
1980-10-10,0.2535594579837903,0.2573251936461351,0.24853855371475223,0.2485385537147522,8589600,0.0,0.0,WFC
1980-10-13,0.25104889273643494,0.25355922766962197,0.25104889273643494,0.25104889273643494,439200,0.0,0.0,WFC
1980-10-14,0.25104889273643494,0.25104889273643494,0.2485383279611922,0.25104889273643494,3472800,0.0,0.0,WFC
1980-10-15,0.25104889273643494,0.25355922766962197,0.2485383279611922,0.25104889273643494,1560000,0.0,0.0,WFC
1980-10-16,0.25104889273643494,0.2560697924448647,0.25104889273643494,0.25104889273643494,772800,0.0,0.0,WFC
1980-10-17,0.25104912077040353,0.25104912077040353,0.24853855371475223,0.2485385537147522,177600,0.0,0.0,WFC
1980-10-20,0.2485383279611922,0.25104889273643494,0.2485383279611922,0.25104889273643494,57600,0.0,0.0,WFC
1980-10-21,0.25104912077040353,0.25104912077040353,0.24853855371475223,0.2485385537147522,108000,0.0,0.0,WFC
1980-10-22,0.24853836258555045,0.24853836258555045,0.24602779746055603,0.24602779746055603,2659200,0.0,0.0,WFC
1980-10-23,0.24602785390232618,0.24853841960327477,0.2435175180435181,0.24351751804351807,844800,0.0,0.0,WFC
1980-10-24,0.24351764168939383,0.24602797882282346,0.24100707471370697,0.24100707471370697,1164000,0.0,0.0,WFC
1980-10-27,0.24100695234256947,0.2435175180435181,0.24100695234256947,0.24351751804351807,309600,0.0,0.0,WFC
1980-10-28,0.2435175180435181,0.2435175180435181,0.24100695234256947,0.24351751804351807,201600,0.0,0.0,WFC
1980-10-29,0.24351764168939383,0.24351764168939383,0.24100707471370697,0.24100707471370697,288000,0.0,0.0,WFC
1980-10-30,0.24100707471370697,0.24351764168939383,0.24100707471370697,0.24100707471370697,151200,0.0,0.0,WFC
1980-10-31,0.24478153884410855,0.24733142435435693,0.23968200126547853,0.24478153884410858,873600,0.01542,0.0,WFC
1980-11-03,0.24478136305461354,0.24988089697101828,0.24223147937556164,0.24733124673366547,283200,0.0,0.0,WFC
1980-11-05,0.24988107383251193,0.25753049684209767,0.24988107383251193,0.2498810738325119,645600,0.0,0.0,WFC
1980-11-06,0.24478141717414204,0.24478141717414204,0.2371319978874501,0.24223153293132782,1056000,0.0,0.0,WFC
1980-11-07,0.24478153884410855,0.24733142435435693,0.24478153884410855,0.24478153884410858,554400,0.0,0.0,WFC
1980-11-10,0.24478153884410855,0.24478153884410855,0.24223165333386018,0.24478153884410858,600000,0.0,0.0,WFC
1980-11-11,0.24478153630674288,0.24988107383251193,0.24478153630674288,0.2498810738325119,604800,0.0,0.0,WFC
1980-11-12,0.25243088690673604,0.2600803077220917,0.25243088690673604,0.2600803077220917,528000,0.0,0.0,WFC
1980-11-13,0.2600803077220917,0.2600803077220917,0.25498077165912036,0.2600803077220917,734400,0.0,0.0,WFC
1980-11-14,0.2600803077220917,0.26645490288215384,0.25753042296970735,0.2600803077220917,2210400,0.0,0.0,WFC
1980-11-17,0.2600803077220917,0.2613551333773852,0.25753042296970735,0.2600803077220917,384000,0.0,0.0,WFC
1980-11-18,0.2600803077220917,0.2600803077220917,0.2600803077220917,0.2600803077220917,290400,0.0,0.0,WFC
1980-11-19,0.2600803077220917,0.2600803077220917,0.25753042296970735,0.2600803077220917,343200,0.0,0.0,WFC
1980-11-20,0.2600803077220917,0.2613551333773852,0.2600803077220917,0.2600803077220917,1166400,0.0,0.0,WFC
1980-11-21,0.26008043041158896,0.26008043041158896,0.24733146751910767,0.2549808919429779,4912800,0.0,0.0,WFC
1980-11-24,0.2549808911871878,0.2575305436929822,0.2524310052394867,0.2524310052394867,703200,0.0,0.0,WFC
1980-11-25,0.2524310052394867,0.2549808911871878,0.2524310052394867,0.2524310052394867,1728000,0.0,0.0,WFC
1980-11-26,0.2524310052394867,0.2549808911871878,0.2524310052394867,0.2524310052394867,996000,0.0,0.0,WFC
1980-11-28,0.2524309593163286,0.2524309593163286,0.24988107383251193,0.2498810738325119,153600,0.0,0.0,WFC
1980-12-01,0.2524310052394867,0.2575305436929822,0.2524310052394867,0.2524310052394867,1891200,0.0,0.0,WFC
1980-12-02,0.25243100598771867,0.2549808919429779,0.25243100598771867,0.2549808919429779,434400,0.0,0.0,WFC
1980-12-03,0.2575305104255676,0.2575305104255676,0.2575305104255676,0.2575305104255676,81600,0.0,0.0,WFC
1980-12-04,0.25753042296970735,0.2613551333773852,0.25753042296970735,0.2600803077220917,950400,0.0,0.0,WFC
1980-12-05,0.2600803960438783,0.2600803960438783,0.25498085824913364,0.2575305104255676,825600,0.0,0.0,WFC
1980-12-08,0.2575305436929822,0.26135525589358044,0.2524310052394867,0.2524310052394867,374400,0.0,0.0,WFC
1980-12-09,0.2524310052394867,0.2549808911871878,0.2524310052394867,0.2524310052394867,528000,0.0,0.0,WFC
1980-12-10,0.2524310052394867,0.2524310052394867,0.2524310052394867,0.2524310052394867,0,0.0,0.0,WFC
1980-12-11,0.2524310052394867,0.2549808911871878,0.2524310052394867,0.2524310052394867,566400,0.0,0.0,WFC
1980-12-12,0.2600803077220917,0.2613551333773852,0.2600803077220917,0.2600803077220917,564000,0.0,0.0,WFC
1980-12-15,0.26008051367968293,0.26645511388778687,0.2575306269080449,0.26645511388778687,2030400,0.0,0.0,WFC
1980-12-16,0.26645507533535184,0.2792040404649752,0.26645507533535184,0.2766541540622711,921600,0.0,0.0,WFC
1980-12-17,0.2792038023217092,0.2868532215633999,0.2792038023217092,0.28430333733558655,1113600,0.0,0.0,WFC
1980-12-18,0.2868532013747454,0.30597674813306175,0.2868532013747454,0.3008772134780884,3002400,0.0,0.0,WFC
1980-12-19,0.3008774189453334,0.3059769570827484,0.2957776473660261,0.3059769570827484,1221600,0.0,0.0,WFC
1980-12-22,0.30597701710106284,0.3085269033908844,0.30597701710106284,0.3085269033908844,268800,0.0,0.0,WFC
1980-12-23,0.3085266321814149,0.3085266321814149,0.2983273294297352,0.3008772134780884,1536000,0.0,0.0,WFC
1980-12-24,0.29832741735103974,0.29832741735103974,0.293227881193161,0.293227881193161,211200,0.0,0.0,WFC
1980-12-26,0.293227881193161,0.29577753255119954,0.29067799639332076,0.293227881193161,76800,0.0,0.0,WFC
1980-12-29,0.29067793118424523,0.29067793118424523,0.28430333733558655,0.28430333733558655,261600,0.0,0.0,WFC
1980-12-30,0.2843033693266625,0.2894031383561378,0.2843033693266625,0.28685325384140015,132000,0.0,0.0,WFC
1980-12-31,0.2894031707143015,0.29577753255119954,0.2894031707143015,0.293227881193161,429600,0.0,0.0,WFC
1981-01-02,0.29067796468734747,0.29067796468734747,0.28940313914738097,0.2906779646873474,1029600,0.0,0.0,WFC
1981-01-05,0.29067810922861104,0.3059769570827484,0.29067810922861104,0.3059769570827484,1502400,0.0,0.0,WFC
1981-01-06,0.30597701710106284,0.31107655623876784,0.3034271308112413,0.3085269033908844,684000,0.0,0.0,WFC
1981-01-07,0.30852669195892085,0.3110763430595398,0.30087727177350776,0.3110763430595398,1365600,0.0,0.0,WFC
1981-01-08,0.3110763430595398,0.3110763430595398,0.3059768074165238,0.3110763430595398,972000,0.0,0.0,WFC
1981-01-09,0.3085268428724021,0.3085268428724021,0.30342707129309476,0.3059769570827484,1471200,0.0,0.0,WFC
1981-01-12,0.30597701710106284,0.31107655623876784,0.30597701710106284,0.3085269033908844,1024800,0.0,0.0,WFC
1981-01-13,0.3085269033908844,0.3085269033908844,0.30597701710106284,0.3085269033908844,789600,0.0,0.0,WFC
1981-01-14,0.3085268428724021,0.3085268428724021,0.3059769570827484,0.3059769570827484,1212000,0.0,0.0,WFC
1981-01-15,0.3059769570827484,0.31107649522016345,0.3059769570827484,0.3059769570827484,768000,0.0,0.0,WFC
1981-01-16,0.30597701710106284,0.3085269033908844,0.30597701710106284,0.3085269033908844,348000,0.0,0.0,WFC
1981-01-19,0.30597692610846156,0.30597692610846156,0.29832750295575,0.3034270405769348,924000,0.0,0.0,WFC
1981-01-20,0.30342698092938697,0.30342698092938697,0.2957775592803955,0.2957775592803955,3074400,0.0,0.0,WFC
1981-01-21,0.29577753255119954,0.29832741735103974,0.29067799639332076,0.293227881193161,705600,0.0,0.0,WFC
1981-01-22,0.2957775592803955,0.29832744431066693,0.2957775592803955,0.2957775592803955,962400,0.0,0.0,WFC
1981-01-23,0.2957775592803955,0.30087732934093836,0.2957775592803955,0.2957775592803955,724800,0.0,0.0,WFC
1981-01-26,0.2957775592803955,0.2957775592803955,0.2957775592803955,0.2957775592803955,247200,0.0,0.0,WFC
1981-01-27,0.2957775002889895,0.2957775002889895,0.29067796468734747,0.2906779646873474,357600,0.0,0.0,WFC
1981-01-28,0.29067799639332076,0.293227881193161,0.29067799639332076,0.293227881193161,57600,0.0,0.0,WFC
1981-01-29,0.2932278492090566,0.2932278492090566,0.29067796468734747,0.2906779646873474,112800,0.0,0.0,WFC
1981-01-30,0.29067799639332076,0.29577753255119954,0.29067799639332076,0.293227881193161,110400,0.0,0.0,WFC
1981-02-02,0.2970516373381653,0.3048008084297181,0.29446850147900305,0.304800808429718,259200,0.01542,0.0,WFC
1981-02-03,0.3048008179206819,0.3048008179206819,0.2970516465878336,0.29963454604148865,331200,0.0,0.0,WFC
1981-02-04,0.29705166816711426,0.29705166816711426,0.29446853203986606,0.29705166816711426,55200,0.0,0.0,WFC
1981-02-05,0.29705166816711426,0.29705166816711426,0.29705166816711426,0.29705166816711426,136800,0.0,0.0,WFC
1981-02-06,0.2970516465878336,0.3022176819810853,0.294468510648237,0.29963454604148865,480000,0.0,0.0,WFC
1981-02-09,0.2996344970151767,0.3022176325321197,0.29446846246719355,0.2944684624671936,561600,0.0,0.0,WFC
1981-02-10,0.29317701735204377,0.29317701735204377,0.28801074624061584,0.28801074624061584,103200,0.0,0.0,WFC
1981-02-11,0.28801074191778747,0.2996344970151767,0.28801074191778747,0.2944684624671936,904800,0.0,0.0,WFC
1981-02-12,0.29446846246719355,0.29705159798413655,0.29446846246719355,0.2944684624671936,60000,0.0,0.0,WFC
1981-02-13,0.29446846246719355,0.3022176325321197,0.29446846246719355,0.2944684624671936,151200,0.0,0.0,WFC
1981-02-17,0.294468510648237,0.2996345460414887,0.294468510648237,0.29963454604148865,211200,0.0,0.0,WFC
1981-02-18,0.2996346743007402,0.3022178113460541,0.2970517737414691,0.3022178113460541,26400,0.0,0.0,WFC
1981-02-19,0.302217703935652,0.302217703935652,0.29705166816711426,0.29705166816711426,304800,0.0,0.0,WFC
1981-02-20,0.29705166816711426,0.29705166816711426,0.29705166816711426,0.29705166816711426,76800,0.0,0.0,WFC
1981-02-23,0.2970517737414691,0.3022178113460541,0.2970517737414691,0.3022178113460541,36000,0.0,0.0,WFC
1981-02-24,0.3022176819810853,0.3048008179206819,0.2996345460414887,0.29963454604148865,549600,0.0,0.0,WFC
1981-02-25,0.2996346743007402,0.30480094839136795,0.2996346743007402,0.3022178113460541,117600,0.0,0.0,WFC
1981-02-26,0.3048008084297181,0.3048008084297181,0.3048008084297181,0.304800808429718,278400,0.0,0.0,WFC
1981-02-27,0.3048009731884349,0.3099670112133026,0.3048009731884349,0.3099670112133026,1924800,0.0,0.0,WFC
1981-03-02,0.3099670112133026,0.3099670112133026,0.3048009731884349,0.3099670112133026,844800,0.0,0.0,WFC
1981-03-03,0.3099670199800551,0.3125501573085785,0.3099670199800551,0.3125501573085785,4831200,0.0,0.0,WFC
1981-03-04,0.3125501573085785,0.31513305815103315,0.3099670199800551,0.3125501573085785,2037600,0.0,0.0,WFC
1981-03-05,0.3125499867384702,0.31513288617134094,0.3125499867384702,0.31513288617134094,691200,0.0,0.0,WFC
1981-03-06,0.31513288617134094,0.31513288617134094,0.31513288617134094,0.31513288617134094,86400,0.0,0.0,WFC
1981-03-09,0.3177160322666168,0.3202991682681652,0.3177160322666168,0.3177160322666168,223200,0.0,0.0,WFC
1981-03-10,0.3177160220901513,0.3202991580089617,0.31513288617134094,0.31513288617134094,81600,0.0,0.0,WFC
1981-03-11,0.31513305815103315,0.31513305815103315,0.3125501573085785,0.3125501573085785,206400,0.0,0.0,WFC
1981-03-12,0.3125499867384702,0.31513288617134094,0.3125499867384702,0.31513288617134094,72000,0.0,0.0,WFC
1981-03-13,0.31513290619598894,0.3202991783618927,0.31513290619598894,0.3202991783618927,1910400,0.0,0.0,WFC
1981-03-16,0.3202991682681652,0.3202991682681652,0.3177160322666168,0.3177160322666168,1214400,0.0,0.0,WFC
1981-03-17,0.3177161954795565,0.3177161954795565,0.3099670199800551,0.3125501573085785,1094400,0.0,0.0,WFC
1981-03-18,0.3125499967494672,0.3177160322666168,0.3125499967494672,0.3177160322666168,559200,0.0,0.0,WFC
1981-03-19,0.3177161954795565,0.3177161954795565,0.3125501573085785,0.3125501573085785,1039200,0.0,0.0,WFC
1981-03-20,0.3125501573085785,0.31513305815103315,0.30738388265153177,0.3125501573085785,384000,0.0,0.0,WFC
1981-03-23,0.3125501573085785,0.3125501573085785,0.3125501573085785,0.3125501573085785,91200,0.0,0.0,WFC
1981-03-24,0.31255014846876744,0.3151330492381703,0.3099670112133026,0.3099670112133026,1027200,0.0,0.0,WFC
1981-03-25,0.3099668508196598,0.31513288617134094,0.3099668508196598,0.31513288617134094,698400,0.0,0.0,WFC
1981-03-26,0.3151330492381703,0.3151330492381703,0.3099670112133026,0.3099670112133026,340800,0.0,0.0,WFC
1981-03-27,0.30996684366210847,0.3125499795212708,0.3048008084297181,0.304800808429718,249600,0.0,0.0,WFC
1981-03-30,0.3048009731884349,0.3099670112133026,0.3048009731884349,0.3099670112133026,36000,0.0,0.0,WFC
1981-03-31,0.3099670199800551,0.31513305815103315,0.3099670199800551,0.3125501573085785,967200,0.0,0.0,WFC
1981-04-01,0.31255014846876744,0.31255014846876744,0.3099670112133026,0.3099670112133026,271200,0.0,0.0,WFC
1981-04-02,0.3099670199800551,0.31513305815103315,0.3099670199800551,0.3125501573085785,350400,0.0,0.0,WFC
1981-04-03,0.3125499867384702,0.31513288617134094,0.3125499867384702,0.31513288617134094,352800,0.0,0.0,WFC
1981-04-06,0.31255001826751494,0.31255001826751494,0.3073837459087372,0.3073837459087372,2853600,0.0,0.0,WFC
1981-04-07,0.30738388265153177,0.3125501573085785,0.30738388265153177,0.3125501573085785,1857600,0.0,0.0,WFC
1981-04-08,0.3125501573085785,0.3125501573085785,0.3125501573085785,0.3125501573085785,427200,0.0,0.0,WFC
1981-04-09,0.3125501573085785,0.31513305815103315,0.3125501573085785,0.3125501573085785,436800,0.0,0.0,WFC
1981-04-10,0.31255001826751494,0.31255001826751494,0.3073837459087372,0.3073837459087372,187200,0.0,0.0,WFC
1981-04-13,0.307383717374337,0.307383717374337,0.2996345460414887,0.29963454604148865,3674400,0.0,0.0,WFC
1981-04-14,0.29963453671139345,0.3048008084297181,0.29963453671139345,0.304800808429718,67200,0.0,0.0,WFC
1981-04-15,0.3048008084297181,0.3048008084297181,0.29963453671139345,0.304800808429718,122400,0.0,0.0,WFC
1981-04-16,0.3048008084297181,0.30996684366210847,0.3048008084297181,0.304800808429718,244800,0.0,0.0,WFC
1981-04-20,0.3048008084297181,0.30996684366210847,0.30221767257055576,0.304800808429718,280800,0.0,0.0,WFC
1981-04-21,0.3048008084297181,0.30996684366210847,0.30221767257055576,0.304800808429718,696000,0.0,0.0,WFC
1981-04-22,0.3048008179206819,0.3048008179206819,0.2996345460414887,0.29963454604148865,93600,0.0,0.0,WFC
1981-04-23,0.2996346144321143,0.2996346144321143,0.29317712783813477,0.29317712783813477,837600,0.0,0.0,WFC
1981-04-24,0.2931770129516735,0.3022176325321197,0.2931770129516735,0.2944684624671936,2649600,0.0,0.0,WFC
1981-04-27,0.29446853203986606,0.29963456780840375,0.29446853203986606,0.29705166816711426,770400,0.0,0.0,WFC
1981-04-28,0.2970516465878336,0.2996345460414887,0.294468510648237,0.29963454604148865,367200,0.0,0.0,WFC
1981-04-29,0.29705159798413655,0.29705159798413655,0.29446846246719355,0.2944684624671936,163200,0.0,0.0,WFC
1981-04-30,0.294468510648237,0.2996345460414887,0.294468510648237,0.29963454604148865,307200,0.0,0.0,WFC
1981-05-01,0.2996345460414887,0.2996345460414887,0.2970516465878336,0.29963454604148865,129600,0.0,0.0,WFC
1981-05-04,0.2973806987430726,0.2973806987430726,0.294760525226593,0.294760525226593,148800,0.01708,0.0,WFC
1981-05-05,0.294760525226593,0.2973806987430726,0.294760525226593,0.294760525226593,420000,0.0,0.0,WFC
1981-05-06,0.29476048286404,0.2986906226355605,0.29476048286404,0.297380656003952,88800,0.0,0.0,WFC
1981-05-07,0.2973805614623847,0.298690527677536,0.2973805614623847,0.298690527677536,912000,0.0,0.0,WFC
1981-05-08,0.297380656003952,0.297380656003952,0.297380656003952,0.297380656003952,21600,0.0,0.0,WFC
1981-05-11,0.2973806987430726,0.2986906655629476,0.294760525226593,0.294760525226593,321600,0.0,0.0,WFC
1981-05-12,0.2921403727632865,0.2921403727632865,0.28428009152412415,0.28428009152412415,379200,0.0,0.0,WFC
1981-05-13,0.2842801080485216,0.2895204557637343,0.28166017406767596,0.28690028190612793,693600,0.0,0.0,WFC
1981-05-14,0.28690024455388385,0.294760525226593,0.2816601373976543,0.294760525226593,1531200,0.0,0.0,WFC
1981-05-15,0.294760525226593,0.294760525226593,0.2921403517101135,0.294760525226593,1072800,0.0,0.0,WFC
1981-05-18,0.29476048286404,0.297380656003952,0.29214030972412797,0.297380656003952,108000,0.0,0.0,WFC
1981-05-19,0.2973805614623847,0.298690527677536,0.29476038915546315,0.298690527677536,880800,0.0,0.0,WFC
1981-05-20,0.2986906226355605,0.2986906226355605,0.297380656003952,0.297380656003952,314400,0.0,0.0,WFC
1981-05-21,0.2973805614623847,0.298690527677536,0.2973805614623847,0.298690527677536,1617600,0.0,0.0,WFC
1981-05-22,0.298690527677536,0.3013106999844575,0.298690527677536,0.298690527677536,756000,0.0,0.0,WFC
1981-05-26,0.2986906226355605,0.2986906226355605,0.297380656003952,0.297380656003952,194400,0.0,0.0,WFC
1981-05-27,0.2973805614623847,0.3013106999844575,0.2973805614623847,0.298690527677536,168000,0.0,0.0,WFC
1981-05-28,0.30131076681389424,0.30655087271335146,0.30131076681389424,0.30393069982528687,1082400,0.0,0.0,WFC
1981-05-29,0.3039307342201324,0.30917108058929443,0.3013108009122505,0.30917108058929443,357600,0.0,0.0,WFC
1981-06-01,0.30917104560141606,0.30917104560141606,0.30393069982528687,0.30393069982528687,374400,0.0,0.0,WFC
1981-06-02,0.30393074671729453,0.30917109330193154,0.301310813301685,0.30655092000961304,856800,0.0,0.0,WFC
1981-06-03,0.3065509074047134,0.30917108058929443,0.3039307342201324,0.30917108058929443,748800,0.0,0.0,WFC
1981-06-04,0.30917108058929443,0.30917108058929443,0.30917108058929443,0.30917108058929443,72000,0.0,0.0,WFC
1981-06-05,0.3091710572334705,0.3144111633300781,0.3091710572334705,0.3144111633300781,225600,0.0,0.0,WFC
1981-06-08,0.3144111110433637,0.31965121626853943,0.3117909384924553,0.31965121626853943,470400,0.0,0.0,WFC
1981-06-09,0.3222713255896181,0.32751142978668213,0.3222713255896181,0.32751142978668213,842400,0.0,0.0,WFC
1981-06-10,0.32751154850993774,0.33930196713481564,0.32751154850993774,0.334061861038208,3055200,0.0,0.0,WFC
1981-06-11,0.3340618435053316,0.336682016354459,0.32751153132084737,0.3314416706562042,1783200,0.0,0.0,WFC
1981-06-12,0.334061861038208,0.33668203402485236,0.334061861038208,0.334061861038208,2995200,0.0,0.0,WFC
1981-06-15,0.334061861038208,0.33668203402485236,0.334061861038208,0.334061861038208,278400,0.0,0.0,WFC
1981-06-16,0.3340618435053316,0.336682016354459,0.3314416706562042,0.3314416706562042,309600,0.0,0.0,WFC
1981-06-17,0.33406184872780026,0.3366820216178894,0.33406184872780026,0.3366820216178894,398400,0.0,0.0,WFC
1981-06-18,0.3366820216178894,0.33930195463130636,0.3366820216178894,0.3366820216178894,710400,0.0,0.0,WFC
1981-06-19,0.3314416706562042,0.3314416706562042,0.3314416706562042,0.3314416706562042,196800,0.0,0.0,WFC
1981-06-22,0.33144167583771106,0.3366820216178894,0.33144167583771106,0.3366820216178894,302400,0.0,0.0,WFC
1981-06-23,0.3366820216178894,0.3366820216178894,0.33144167583771106,0.3366820216178894,1089600,0.0,0.0,WFC
1981-06-24,0.3366819119772868,0.3366819119772868,0.32751142978668213,0.32751142978668213,952800,0.0,0.0,WFC
1981-06-25,0.32751142978668213,0.3301316018235112,0.32751142978668213,0.32751142978668213,151200,0.0,0.0,WFC
1981-06-26,0.32751142978668213,0.3301316018235112,0.32489149762644715,0.32751142978668213,136800,0.0,0.0,WFC
1981-06-29,0.32751142978668213,0.3301316018235112,0.32751142978668213,0.32751142978668213,45600,0.0,0.0,WFC
1981-06-30,0.32751142978668213,0.32751142978668213,0.32489149762644715,0.32751142978668213,360000,0.0,0.0,WFC
1981-07-01,0.3248916399433823,0.3248916399433823,0.3065509074047134,0.30917108058929443,432000,0.0,0.0,WFC
1981-07-02,0.3091710572334705,0.31965126942668576,0.3091710572334705,0.3144111633300781,182400,0.0,0.0,WFC
1981-07-06,0.31441114578853463,0.317031318628995,0.30917103998428164,0.31179097294807434,288000,0.0,0.0,WFC
1981-07-07,0.31179097294807434,0.31441114578853463,0.30917103998428164,0.31179097294807434,151200,0.0,0.0,WFC
1981-07-08,0.31179097294807434,0.31441114578853463,0.31179097294807434,0.31179097294807434,168000,0.0,0.0,WFC
1981-07-09,0.3144111110433637,0.31965121626853943,0.3144111110433637,0.31965121626853943,1128000,0.0,0.0,WFC
1981-07-10,0.317031318628995,0.317031318628995,0.31179097294807434,0.31179097294807434,228000,0.0,0.0,WFC
1981-07-13,0.31179102671754105,0.317031373302178,0.30655092000961304,0.30655092000961304,266400,0.0,0.0,WFC
1981-07-14,0.3065505934226007,0.3065505934226007,0.2895200848579407,0.2895200848579407,163200,0.0,0.0,WFC
1981-07-15,0.28952037646091094,0.2986906226355605,0.2869002033209989,0.297380656003952,424800,0.0,0.0,WFC
1981-07-16,0.2973805614623847,0.3013106999844575,0.2973805614623847,0.298690527677536,316800,0.0,0.0,WFC
1981-07-17,0.30131083726882935,0.30393077089283604,0.30131083726882935,0.30131083726882935,76800,0.0,0.0,WFC
1981-07-20,0.2986906226355605,0.2986906226355605,0.297380656003952,0.297380656003952,40800,0.0,0.0,WFC
1981-07-21,0.2947603578617237,0.2947603578617237,0.2895202536808242,0.2921401858329773,297600,0.0,0.0,WFC
1981-07-22,0.294760525226593,0.294760525226593,0.294760525226593,0.294760525226593,88800,0.0,0.0,WFC
1981-07-23,0.2895200848579407,0.2895200848579407,0.2895200848579407,0.2895200848579407,132000,0.0,0.0,WFC
1981-07-24,0.2895200848579407,0.2947601859832699,0.2895200848579407,0.2895200848579407,914400,0.0,0.0,WFC
1981-07-27,0.29214030972412797,0.2986906226355605,0.29214030972412797,0.297380656003952,638400,0.0,0.0,WFC
1981-07-28,0.2973806987430726,0.2986906655629476,0.294760525226593,0.294760525226593,170400,0.0,0.0,WFC
1981-07-29,0.2921403897445799,0.2921403897445799,0.28690028190612793,0.28690028190612793,153600,0.0,0.0,WFC
1981-07-30,0.2895200848579407,0.29214001548237856,0.2895200848579407,0.2895200848579407,494400,0.0,0.0,WFC
1981-07-31,0.28952028441823896,0.298690527677536,0.28952028441823896,0.298690527677536,304800,0.0,0.0,WFC
1981-08-03,0.29906192421913147,0.29906192421913147,0.29640351487811134,0.29906192421913147,506400,0.01708,0.0,WFC
1981-08-04,0.29906192421913147,0.29906192421913147,0.29640351487811134,0.29906192421913147,158400,0.0,0.0,WFC
1981-08-05,0.29906192421913147,0.29906192421913147,0.29640351487811134,0.29906192421913147,81600,0.0,0.0,WFC
1981-08-06,0.29906191194650944,0.30570781333772307,0.29906191194650944,0.3017203211784363,823200,0.0,0.0,WFC
1981-08-07,0.30172016414250946,0.3030492463781236,0.2937451839746641,0.29640334844589233,607200,0.0,0.0,WFC
1981-08-10,0.29640351487811134,0.30172033356015165,0.29374534891430815,0.29906192421913147,81600,0.0,0.0,WFC
1981-08-11,0.30172046723137574,0.3057079613208771,0.30172046723137574,0.3057079613208771,278400,0.0,0.0,WFC
1981-08-12,0.3083660054565482,0.31368282437324524,0.3083660054565482,0.31368282437324524,201600,0.0,0.0,WFC
1981-08-13,0.3136828801185188,0.3136828801185188,0.308366060256958,0.308366060256958,619200,0.0,0.0,WFC
1981-08-14,0.3083660178487592,0.31368283697912164,0.3083660178487592,0.31102442741394043,1358400,0.0,0.0,WFC
1981-08-17,0.31102447018773843,0.3136828801185188,0.308366060256958,0.308366060256958,146400,0.0,0.0,WFC
1981-08-18,0.3083660054565482,0.31368282437324524,0.3083660054565482,0.31368282437324524,540000,0.0,0.0,WFC
1981-08-19,0.31368283697912164,0.31634100316706537,0.31102442741394043,0.31102442741394043,326400,0.0,0.0,WFC
1981-08-20,0.31102453898110394,0.31368294949987974,0.3057079613208771,0.3057079613208771,172800,0.0,0.0,WFC
1981-08-21,0.3030492463781236,0.3030492463781236,0.2937451839746641,0.29640334844589233,667200,0.0,0.0,WFC
1981-08-24,0.2964032642140309,0.2964032642140309,0.29374510049819946,0.29374510049819946,381600,0.0,0.0,WFC
1981-08-25,0.2937452732328884,0.2937452732328884,0.28045347332954407,0.28045347332954407,504000,0.0,0.0,WFC
1981-08-26,0.28045347332954407,0.2831118819856438,0.2777953080505986,0.28045347332954407,945600,0.0,0.0,WFC
1981-08-27,0.28045347332954407,0.28577029064174353,0.28045347332954407,0.28045347332954407,55200,0.0,0.0,WFC
1981-08-28,0.28045345037119696,0.2857702672481537,0.277795285309853,0.2857702672481537,122400,0.0,0.0,WFC
1981-08-31,0.2857704543830924,0.2910870313644409,0.2857704543830924,0.2910870313644409,847200,0.0,0.0,WFC
1981-09-01,0.2910870313644409,0.29374544154376203,0.2831120442037713,0.2910870313644409,1312800,0.0,0.0,WFC
1981-09-02,0.29108677612635553,0.2990617562942009,0.29108677612635553,0.29640334844589233,374400,0.0,0.0,WFC
1981-09-03,0.2937452491864544,0.2937452491864544,0.2857702672481537,0.2857702672481537,180000,0.0,0.0,WFC
1981-09-04,0.2857702672481537,0.2857702672481537,0.277795285309853,0.2857702672481537,84000,0.0,0.0,WFC
1981-09-08,0.28045346174258157,0.28045346174258157,0.27513688802719116,0.27513688802719116,297600,0.0,0.0,WFC
1981-09-09,0.27513693772547715,0.27513693772547715,0.2658328711986542,0.2658328711986542,1682400,0.0,0.0,WFC
1981-09-10,0.2711495310333015,0.2777954339981079,0.2711495310333015,0.2777954339981079,84000,0.0,0.0,WFC
1981-09-11,0.2777954339981079,0.2777954339981079,0.2777954339981079,0.2777954339981079,403200,0.0,0.0,WFC
1981-09-14,0.2777954339981079,0.2804536004822188,0.2777954339981079,0.2777954339981079,136800,0.0,0.0,WFC
1981-09-15,0.2777953080505986,0.28577029064174353,0.2777953080505986,0.28045347332954407,316800,0.0,0.0,WFC
1981-09-16,0.28045345037119696,0.2857702672481537,0.28045345037119696,0.2857702672481537,271200,0.0,0.0,WFC
1981-09-17,0.2831119767824801,0.2831119767824801,0.26849108934402466,0.26849108934402466,950400,0.0,0.0,WFC
1981-09-18,0.26849103834785704,0.26849103834785704,0.25519947989568653,0.25785788893699646,619200,0.0,0.0,WFC
1981-09-21,0.25785788893699646,0.2605160546011169,0.25519947989568653,0.25785788893699646,643200,0.0,0.0,WFC
1981-09-22,0.2578579703809916,0.2631745467656534,0.2578579703809916,0.26051613688468933,492000,0.0,0.0,WFC
1981-09-23,0.2605160060884373,0.2658328231809719,0.2578578409193142,0.2631744146347046,463200,0.0,0.0,WFC
1981-09-24,0.26317446217219553,0.2711494458743833,0.26317446217219553,0.2658328711986542,273600,0.0,0.0,WFC
1981-09-25,0.2658328711986542,0.26849103684792464,0.26317446217219553,0.2658328711986542,600000,0.0,0.0,WFC
1981-09-28,0.2658329566466175,0.2658329566466175,0.26051613688468933,0.26051613688468933,223200,0.0,0.0,WFC
1981-09-29,0.2605160060884373,0.2631744146347046,0.2551994323730469,0.2631744146347046,307200,0.0,0.0,WFC
1981-09-30,0.2631744146347046,0.2711493968963623,0.2631744146347046,0.2631744146347046,79200,0.0,0.0,WFC
1981-10-01,0.26051609735802117,0.26051609735802117,0.2498829462020069,0.25519952178001404,1994400,0.0,0.0,WFC
1981-10-02,0.25519952178001404,0.25519952178001404,0.2498829462020069,0.25519952178001404,1792800,0.0,0.0,WFC
1981-10-05,0.25785788893699646,0.2605160546011169,0.25785788893699646,0.25785788893699646,410400,0.0,0.0,WFC
1981-10-06,0.25785793125763234,0.25785793125763234,0.25519952178001404,0.25519952178001404,304800,0.0,0.0,WFC
1981-10-07,0.25785788893699646,0.2605160546011169,0.25785788893699646,0.25785788893699646,907200,0.0,0.0,WFC
1981-10-08,0.2578578409193142,0.2658328231809719,0.2578578409193142,0.2631744146347046,667200,0.0,0.0,WFC
1981-10-09,0.26317446217219553,0.2658328711986542,0.26317446217219553,0.2658328711986542,1370400,0.0,0.0,WFC
1981-10-12,0.268490988350095,0.27513688802719116,0.268490988350095,0.27513688802719116,43200,0.0,0.0,WFC
1981-10-13,0.2724785286990185,0.2724785286990185,0.2658328711986542,0.2658328711986542,153600,0.0,0.0,WFC
1981-10-14,0.2658328231809719,0.268490988350095,0.2631744146347046,0.2631744146347046,441600,0.0,0.0,WFC
1981-10-15,0.2631744146347046,0.2631744146347046,0.2578578409193142,0.2631744146347046,885600,0.0,0.0,WFC
1981-10-16,0.26317446364242675,0.2658328726837367,0.25785788893699646,0.25785788893699646,76800,0.0,0.0,WFC
1981-10-19,0.2605160060884373,0.2631744146347046,0.2605160060884373,0.2631744146347046,331200,0.0,0.0,WFC
1981-10-20,0.2631744146347046,0.2658328231809719,0.2605160060884373,0.2631744146347046,2155200,0.0,0.0,WFC
1981-10-21,0.2631744146347046,0.2658328231809719,0.2631744146347046,0.2631744146347046,1490400,0.0,0.0,WFC
1981-10-22,0.2631745467656534,0.2631745467656534,0.2578579703809916,0.26051613688468933,424800,0.0,0.0,WFC
1981-10-23,0.26051613688468933,0.26051613688468933,0.25254115061906346,0.26051613688468933,338400,0.0,0.0,WFC
1981-10-26,0.25785793125763234,0.25785793125763234,0.2498829462020069,0.25519952178001404,1149600,0.0,0.0,WFC
1981-10-27,0.25519952178001404,0.25519952178001404,0.25254111230239573,0.25519952178001404,108000,0.0,0.0,WFC
1981-10-28,0.25519952178001404,0.25519952178001404,0.25519952178001404,0.25519952178001404,43200,0.0,0.0,WFC
1981-10-29,0.25519952178001404,0.25785793125763234,0.25519952178001404,0.25519952178001404,110400,0.0,0.0,WFC
1981-10-30,0.2596340477466583,0.2623386516127937,0.25692944388052297,0.2596340477466583,1029600,0.01708,0.0,WFC
1981-11-02,0.2596340477466583,0.2677476117387414,0.2596340477466583,0.2596340477466583,1003200,0.0,0.0,WFC
1981-11-03,0.2596340477466583,0.2623386516127937,0.2596340477466583,0.2596340477466583,360000,0.0,0.0,WFC
1981-11-04,0.2596340477466583,0.2596340477466583,0.25692944388052297,0.2596340477466583,523200,0.0,0.0,WFC
1981-11-05,0.2596340477466583,0.2596340477466583,0.25692944388052297,0.2596340477466583,228000,0.0,0.0,WFC
1981-11-06,0.2569295518504622,0.2569295518504622,0.2542251944541931,0.2542251944541931,57600,0.0,0.0,WFC
1981-11-09,0.2596340477466583,0.2596340477466583,0.2596340477466583,0.2596340477466583,883200,0.0,0.0,WFC
1981-11-10,0.25963403067578084,0.267747594134399,0.25963403067578084,0.2650429904460907,2032800,0.0,0.0,WFC
1981-11-11,0.26504305233144737,0.27045226097106934,0.26504305233144737,0.27045226097106934,1555200,0.0,0.0,WFC
1981-11-12,0.27315664291381836,0.27721342596504533,0.27315664291381836,0.27315664291381836,3302400,0.0,0.0,WFC
1981-11-13,0.27315661768451577,0.2758612220043268,0.2623386956180009,0.27045226097106934,1212000,0.0,0.0,WFC
1981-11-16,0.2704521978227073,0.2704521978227073,0.2650429904460907,0.2650429904460907,484800,0.0,0.0,WFC
1981-11-17,0.26504306595325033,0.2677476704120636,0.26504306595325033,0.2677476704120636,1692000,0.0,0.0,WFC
1981-11-18,0.26774768138097826,0.27315664291381836,0.26774768138097826,0.27315664291381836,844800,0.0,0.0,WFC
1981-11-19,0.27315664291381836,0.27586124748343216,0.27315664291381836,0.27315664291381836,729600,0.0,0.0,WFC
1981-11-20,0.27315657002030574,0.2758611738681793,0.2704522137787535,0.2758611738681793,777600,0.0,0.0,WFC
1981-11-23,0.2758612756269578,0.277213454246521,0.27315667078141864,0.277213454246521,2577600,0.0,0.0,WFC
1981-11-24,0.277213454246521,0.277213454246521,0.2758612756269578,0.277213454246521,2049600,0.0,0.0,WFC
1981-11-25,0.2772133677564722,0.2826225757598877,0.275861189558786,0.2826225757598877,1171200,0.0,0.0,WFC
1981-11-27,0.28262255924219853,0.28262255924219853,0.2772133515549206,0.27991795539855957,290400,0.0,0.0,WFC
1981-11-30,0.27991797175817995,0.2826225757598877,0.27991797175817995,0.2826225757598877,333600,0.0,0.0,WFC
1981-12-01,0.2826226639375992,0.2826226639375992,0.27315667078141864,0.277213454246521,3302400,0.0,0.0,WFC
1981-12-02,0.277213454246521,0.277213454246521,0.2758612756269578,0.277213454246521,132000,0.0,0.0,WFC
1981-12-03,0.277213454246521,0.277213454246521,0.27315667078141864,0.277213454246521,458400,0.0,0.0,WFC
1981-12-04,0.277213454246521,0.277213454246521,0.2758612756269578,0.277213454246521,105600,0.0,0.0,WFC
1981-12-07,0.2772133677564722,0.2826225757598877,0.275861189558786,0.2826225757598877,818400,0.0,0.0,WFC
1981-12-08,0.2826225757598877,0.2826225757598877,0.2826225757598877,0.2826225757598877,163200,0.0,0.0,WFC
1981-12-09,0.2826226639375992,0.2826226639375992,0.2758612756269578,0.277213454246521,290400,0.0,0.0,WFC
1981-12-10,0.2772133677564722,0.28532693215526,0.275861189558786,0.2826225757598877,528000,0.0,0.0,WFC
1981-12-11,0.2826226639375992,0.2826226639375992,0.277213454246521,0.277213454246521,158400,0.0,0.0,WFC
1981-12-14,0.27586115759301716,0.27586115759301716,0.26233863436408916,0.2650429904460907,120000,0.0,0.0,WFC
1981-12-15,0.26504306595325033,0.2677476704120636,0.2623387091008143,0.2677476704120636,225600,0.0,0.0,WFC
1981-12-16,0.2677476704120636,0.27045227487087686,0.2677476704120636,0.2677476704120636,278400,0.0,0.0,WFC
1981-12-17,0.26774762857403595,0.27045223261022994,0.26233866810798645,0.26233866810798645,2028000,0.0,0.0,WFC
1981-12-18,0.2623386516127937,0.2623386516127937,0.2596340477466583,0.2596340477466583,1430400,0.0,0.0,WFC
1981-12-21,0.2596340477466583,0.2623386516127937,0.25692944388052297,0.2596340477466583,11349600,0.0,0.0,WFC
1981-12-22,0.2596340477466583,0.2596340477466583,0.2542250876207106,0.2596340477466583,328800,0.0,0.0,WFC
1981-12-23,0.2596341568531582,0.2596341568531582,0.2542251944541931,0.2542251944541931,367200,0.0,0.0,WFC
1981-12-24,0.2542250876207106,0.2623386516127937,0.2542250876207106,0.2596340477466583,168000,0.0,0.0,WFC
1981-12-28,0.2596340477466583,0.2623386516127937,0.2596340477466583,0.2596340477466583,436800,0.0,0.0,WFC
1981-12-29,0.25963406119386734,0.26233866520008203,0.2569294571876526,0.2569294571876526,96000,0.0,0.0,WFC
1981-12-30,0.25692944388052297,0.2596340477466583,0.25692944388052297,0.2596340477466583,45600,0.0,0.0,WFC
1981-12-31,0.25963406119386734,0.25963406119386734,0.2569294571876526,0.2569294571876526,156000,0.0,0.0,WFC
1982-01-04,0.25692944388052297,0.2596340477466583,0.25692944388052297,0.2596340477466583,520800,0.0,0.0,WFC
1982-01-05,0.2596341568531582,0.2596341568531582,0.2542251944541931,0.2542251944541931,991200,0.0,0.0,WFC
1982-01-06,0.2542251007877737,0.25963406119386734,0.2542251007877737,0.2569294571876526,828000,0.0,0.0,WFC
1982-01-07,0.2569295518504622,0.2596341568531582,0.2542251944541931,0.2542251944541931,532800,0.0,0.0,WFC
1982-01-08,0.2542250876207106,0.2596340477466583,0.2542250876207106,0.2596340477466583,410400,0.0,0.0,WFC
1982-01-11,0.2596340477466583,0.2596340477466583,0.25692944388052297,0.2596340477466583,91200,0.0,0.0,WFC
1982-01-12,0.2569295518504622,0.2569295518504622,0.2542251944541931,0.2542251944541931,372000,0.0,0.0,WFC
1982-01-13,0.2542251944541931,0.2596341568531582,0.24881598444880096,0.2542251944541931,511200,0.0,0.0,WFC
1982-01-14,0.2542251944541931,0.2569295518504622,0.251520589451497,0.2542251944541931,163200,0.0,0.0,WFC
1982-01-15,0.2542251007877737,0.25963406119386734,0.25152049678155897,0.2569294571876526,355200,0.0,0.0,WFC
1982-01-18,0.2569295518504622,0.2569295518504622,0.2542251944541931,0.2542251944541931,1207200,0.0,0.0,WFC
1982-01-19,0.25422501422930316,0.25692936970840374,0.2461114525794983,0.2461114525794983,180000,0.0,0.0,WFC
1982-01-20,0.2461114525794983,0.25422501422930316,0.2461114525794983,0.2461114525794983,384000,0.0,0.0,WFC
1982-01-21,0.24611150823391958,0.25152046802152733,0.24611150823391958,0.2488158643245697,914400,0.0,0.0,WFC
1982-01-22,0.2488158080585989,0.2488158080585989,0.2461114525794983,0.2461114525794983,676800,0.0,0.0,WFC
1982-01-25,0.24611150823391958,0.25422507171848496,0.23935012279467924,0.2488158643245697,410400,0.0,0.0,WFC
1982-01-26,0.24881598444880096,0.2542251944541931,0.24881598444880096,0.2542251944541931,72000,0.0,0.0,WFC
1982-01-27,0.2542251944541931,0.2569295518504622,0.2542251944541931,0.2542251944541931,86400,0.0,0.0,WFC
1982-01-28,0.2542251007877737,0.25963406119386734,0.2542251007877737,0.2569294571876526,276000,0.0,0.0,WFC
1982-01-29,0.2569295518504622,0.2569295518504622,0.24881598444880096,0.2542251944541931,1680000,0.0,0.0,WFC
1982-02-01,0.25598566573749476,0.25598566573749476,0.25048068165779114,0.25048068165779114,847200,0.01708,0.0,WFC
1982-02-02,0.25048068165779114,0.253233047696634,0.2477280636169304,0.25048068165779114,228000,0.0,0.0,WFC
1982-02-03,0.25048068165779114,0.25048068165779114,0.2477280636169304,0.25048068165779114,525600,0.0,0.0,WFC
1982-02-04,0.25048070880476375,0.25323307514190674,0.25048070880476375,0.25323307514190674,273600,0.0,0.0,WFC
1982-02-05,0.25323314752327974,0.2559857666492462,0.24772816127346406,0.2559857666492462,2920800,0.0,0.0,WFC
1982-02-08,0.2559857666492462,0.2559857666492462,0.25323314752327974,0.2559857666492462,367200,0.0,0.0,WFC
1982-02-09,0.253233047696634,0.253233047696634,0.25048068165779114,0.25048068165779114,319200,0.0,0.0,WFC
1982-02-10,0.25048070880476375,0.25598569348109484,0.25048070880476375,0.25323307514190674,357600,0.0,0.0,WFC
1982-02-11,0.25323323154657373,0.25323323154657373,0.24772824347019196,0.24772824347019196,657600,0.0,0.0,WFC
1982-02-12,0.24772805086276914,0.25048066876191266,0.24359925001505633,0.24635186791419983,1413600,0.0,0.0,WFC
1982-02-16,0.24635197430873987,0.24635197430873987,0.2408467361328495,0.24359935522079468,132000,0.0,0.0,WFC
1982-02-17,0.24359926255664824,0.25048068165779114,0.24359926255664824,0.25048068165779114,763200,0.0,0.0,WFC
1982-02-18,0.24772805086276914,0.24772805086276914,0.24635186791419983,0.24635186791419983,448800,0.0,0.0,WFC
1982-02-19,0.24635186791419983,0.24772805086276914,0.24359925001505633,0.24635186791419983,825600,0.0,0.0,WFC
1982-02-22,0.24635196120107275,0.24635196120107275,0.24084672331809998,0.24084672331809998,571200,0.0,0.0,WFC
1982-02-23,0.24084672331809998,0.24084672331809998,0.2353417374372275,0.24084672331809998,2301600,0.0,0.0,WFC
1982-02-24,0.24084666631967705,0.24084666631967705,0.238094300031662,0.238094300031662,132000,0.0,0.0,WFC
1982-02-25,0.24359925001505633,0.24772805086276914,0.24359925001505633,0.24635186791419983,184800,0.0,0.0,WFC
1982-02-26,0.24635196120107275,0.24635196120107275,0.24084672331809998,0.24084672331809998,153600,0.0,0.0,WFC
1982-03-01,0.2408466321159128,0.24635186791419983,0.2408466321159128,0.24635186791419983,926400,0.0,0.0,WFC
1982-03-02,0.24635197430873987,0.24635197430873987,0.2408467361328495,0.24359935522079468,1010400,0.0,0.0,WFC
1982-03-03,0.24359934225958635,0.24359934225958635,0.24084672331809998,0.24084672331809998,492000,0.0,0.0,WFC
1982-03-04,0.24084666631967705,0.24084666631967705,0.238094300031662,0.238094300031662,607200,0.0,0.0,WFC
1982-03-05,0.235341809113578,0.235341809113578,0.2298368215560913,0.2298368215560913,436800,0.0,0.0,WFC
1982-03-08,0.2298366402115119,0.23809424103345872,0.2270840226035369,0.2353416234254837,2820000,0.0,0.0,WFC
1982-03-09,0.2353416483196307,0.24635186791419983,0.22983666452334856,0.24635186791419983,230400,0.0,0.0,WFC
1982-03-10,0.24635205945164673,0.24772824347019196,0.24359943941235543,0.24772824347019196,182400,0.0,0.0,WFC
1982-03-11,0.24772809046557567,0.25323307514190674,0.24359928895781607,0.25323307514190674,508800,0.0,0.0,WFC
1982-03-12,0.25048086350948323,0.25048086350948323,0.24635205945164673,0.24772824347019196,367200,0.0,0.0,WFC
1982-03-15,0.24772824347019196,0.24772824347019196,0.24635205945164673,0.24772824347019196,1588800,0.0,0.0,WFC
1982-03-16,0.24772805086276914,0.24772805086276914,0.24635186791419983,0.24635186791419983,312000,0.0,0.0,WFC
1982-03-17,0.24635196120107275,0.24635196120107275,0.23809435637871387,0.24084672331809998,280800,0.0,0.0,WFC
1982-03-18,0.24084672331809998,0.24084672331809998,0.2353417374372275,0.24084672331809998,391200,0.0,0.0,WFC
1982-03-19,0.238094300031662,0.238094300031662,0.22983669716353544,0.238094300031662,297600,0.0,0.0,WFC
1982-03-22,0.23809435637871387,0.24084672331809998,0.2353417374372275,0.24084672331809998,710400,0.0,0.0,WFC
1982-03-23,0.235341809113578,0.235341809113578,0.2298368215560913,0.2298368215560913,729600,0.0,0.0,WFC
1982-03-24,0.2298366402115119,0.23809424103345872,0.2298366402115119,0.2353416234254837,696000,0.0,0.0,WFC
1982-03-25,0.235341809113578,0.235341809113578,0.2298368215560913,0.2298368215560913,132000,0.0,0.0,WFC
1982-03-26,0.2298368215560913,0.23258918933374612,0.2298368215560913,0.2298368215560913,362400,0.0,0.0,WFC
1982-03-29,0.2298366402115119,0.2353416234254837,0.2298366402115119,0.2353416234254837,295200,0.0,0.0,WFC
1982-03-30,0.235341809113578,0.235341809113578,0.22708420177625946,0.2298368215560913,751200,0.0,0.0,WFC
1982-03-31,0.2298368215560913,0.23258918933374612,0.2298368215560913,0.2298368215560913,276000,0.0,0.0,WFC
1982-04-01,0.22983669716353544,0.238094300031662,0.22983669716353544,0.238094300031662,679200,0.0,0.0,WFC
1982-04-02,0.23809445133597365,0.24772824347019196,0.23809445133597365,0.24772824347019196,1046400,0.0,0.0,WFC
1982-04-05,0.24772824347019196,0.25048086350948323,0.24635205945164673,0.24772824347019196,405600,0.0,0.0,WFC
1982-04-06,0.24772824347019196,0.24772824347019196,0.24359943941235543,0.24772824347019196,1022400,0.0,0.0,WFC
1982-04-07,0.25048068165779114,0.253233047696634,0.25048068165779114,0.25048068165779114,213600,0.0,0.0,WFC
1982-04-08,0.25048070369855024,0.26149067282676697,0.25048070369855024,0.26149067282676697,122400,0.0,0.0,WFC
1982-04-12,0.26149075289906193,0.26424337202502834,0.2559857666492462,0.2559857666492462,456000,0.0,0.0,WFC
1982-04-13,0.2532331440254323,0.2532331440254323,0.24359935522079468,0.24359935522079468,278400,0.0,0.0,WFC
1982-04-14,0.24359935522079468,0.24359935522079468,0.238094369047018,0.24359935522079468,645600,0.0,0.0,WFC
1982-04-15,0.24359943941235543,0.24772824347019196,0.24359943941235543,0.24772824347019196,312000,0.0,0.0,WFC
1982-04-16,0.24772805086276914,0.25048066876191266,0.24359925001505633,0.24635186791419983,112800,0.0,0.0,WFC
1982-04-19,0.24635205945164673,0.25048086350948323,0.24635205945164673,0.24772824347019196,439200,0.0,0.0,WFC
1982-04-20,0.24772824347019196,0.24772824347019196,0.24772824347019196,0.24772824347019196,244800,0.0,0.0,WFC
1982-04-21,0.24772824347019196,0.24772824347019196,0.24772824347019196,0.24772824347019196,247200,0.0,0.0,WFC
1982-04-22,0.25048070880476375,0.25323307514190674,0.25048070880476375,0.25323307514190674,962400,0.0,0.0,WFC
1982-04-23,0.253233047696634,0.25598566573749476,0.2477280636169304,0.25048068165779114,381600,0.0,0.0,WFC
1982-04-26,0.25048086350948323,0.25048086350948323,0.24635205945164673,0.24772824347019196,398400,0.0,0.0,WFC
1982-04-27,0.24772805086276914,0.2532330346590513,0.24635186791419983,0.24635186791419983,3381600,0.0,0.0,WFC
1982-04-28,0.24635186791419983,0.24772805086276914,0.24359925001505633,0.24635186791419983,657600,0.0,0.0,WFC
1982-04-29,0.24635205945164673,0.24772824347019196,0.24635205945164673,0.24772824347019196,194400,0.0,0.0,WFC
1982-04-30,0.24772824347019196,0.24772824347019196,0.24635205945164673,0.24772824347019196,295200,0.0,0.0,WFC
1982-05-03,0.25232526564029606,0.25232526564029606,0.2509235441684723,0.2509235441684723,1538400,0.01708,0.0,WFC
1982-05-04,0.25092348614737786,0.25092348614737786,0.24531608819961548,0.24531608819961548,134400,0.0,0.0,WFC
1982-05-05,0.24531608819961548,0.24811978717349667,0.24531608819961548,0.24531608819961548,76800,0.0,0.0,WFC
1982-05-06,0.24531601023589084,0.24811970831873054,0.2425125688314438,0.2425125688314438,523200,0.0,0.0,WFC
1982-05-07,0.24531607268400585,0.2481197714805603,0.24531607268400585,0.2481197714805603,1118400,0.0,0.0,WFC
1982-05-10,0.2481197714805603,0.2481197714805603,0.24531607268400585,0.2481197714805603,444000,0.0,0.0,WFC
1982-05-11,0.24531608819961548,0.24531608819961548,0.2425126459042085,0.24531608819961548,31200,0.0,0.0,WFC
1982-05-12,0.24531601023589084,0.24811970831873054,0.2425125688314438,0.2425125688314438,276000,0.0,0.0,WFC
1982-05-13,0.2425125688314438,0.24811970831873054,0.2425125688314438,0.2425125688314438,559200,0.0,0.0,WFC
1982-05-14,0.24251250842922004,0.24251250842922004,0.239708811044693,0.239708811044693,153600,0.0,0.0,WFC
1982-05-17,0.23690522928395497,0.23690522928395497,0.2341017872095108,0.2341017872095108,590400,0.0,0.0,WFC
1982-05-18,0.23410181641478686,0.23410181641478686,0.22569097578525543,0.22569097578525543,268800,0.0,0.0,WFC
1982-05-19,0.22569090460184044,0.22849434614181519,0.22288720638346063,0.22849434614181519,266400,0.0,0.0,WFC
1982-05-20,0.22849441820944189,0.22849441820944189,0.22569097578525543,0.22569097578525543,928800,0.0,0.0,WFC
1982-05-21,0.22569097578525543,0.22849441820944189,0.22569097578525543,0.22569097578525543,163200,0.0,0.0,WFC
1982-05-24,0.2256908841546262,0.2256908841546262,0.21868176758289337,0.21868176758289337,432000,0.0,0.0,WFC
1982-05-25,0.21868185636781723,0.22849441820944189,0.21868185636781723,0.22569097578525543,112800,0.0,0.0,WFC
1982-05-26,0.22569100855498264,0.22569100855498264,0.2158781886100769,0.2158781886100769,1526400,0.0,0.0,WFC
1982-05-27,0.21307463943958282,0.21307463943958282,0.21027094132906357,0.21307463943958282,535200,0.0,0.0,WFC
1982-05-28,0.2130747457788381,0.21868188811983902,0.21027104626907597,0.2158781886100769,700800,0.0,0.0,WFC
1982-06-01,0.2158781886100769,0.2158781886100769,0.2130747457788381,0.2158781886100769,360000,0.0,0.0,WFC
1982-06-02,0.2158781886100769,0.21868188811983902,0.2158781886100769,0.2158781886100769,4653600,0.0,0.0,WFC
1982-06-03,0.2158781886100769,0.22008360953545844,0.2158781886100769,0.2158781886100769,278400,0.0,0.0,WFC
1982-06-04,0.2158781886100769,0.21868188811983902,0.2158781886100769,0.2158781886100769,228000,0.0,0.0,WFC
1982-06-07,0.21307463943958282,0.21307463943958282,0.21307463943958282,0.21307463943958282,168000,0.0,0.0,WFC
1982-06-08,0.2130746852042628,0.2130746852042628,0.20466384574460045,0.20746728777885437,235200,0.0,0.0,WFC
1982-06-09,0.20746736199290203,0.2102710617085298,0.2018602192401886,0.2018602192401886,566400,0.0,0.0,WFC
1982-06-10,0.2018602192401886,0.20746736199290203,0.19905651952456083,0.2018602192401886,1370400,0.0,0.0,WFC
1982-06-11,0.20186017546218032,0.20466387456976165,0.199056476354599,0.199056476354599,729600,0.0,0.0,WFC
1982-06-14,0.199056476354599,0.20186017546218032,0.19625303392550414,0.199056476354599,1382400,0.0,0.0,WFC
1982-06-15,0.19905651952456083,0.2018602192401886,0.19625307648747517,0.2018602192401886,3057600,0.0,0.0,WFC
1982-06-16,0.20186010360717774,0.2102709412574768,0.20186010360717774,0.2102709412574768,532800,0.0,0.0,WFC
1982-06-17,0.21027098649155856,0.21027098649155856,0.20746728777885437,0.20746728777885437,592800,0.0,0.0,WFC
1982-06-18,0.20746724314791207,0.21307463936704152,0.20746724314791207,0.2102709412574768,180000,0.0,0.0,WFC
1982-06-21,0.21027094132906357,0.21868177898222613,0.21027094132906357,0.21307463943958282,127200,0.0,0.0,WFC
1982-06-22,0.21307463936704152,0.21868177890777588,0.2102709412574768,0.2102709412574768,1456800,0.0,0.0,WFC
1982-06-23,0.2102709412574768,0.21587808079821114,0.2102709412574768,0.2102709412574768,264000,0.0,0.0,WFC
1982-06-24,0.21027094132906357,0.21587808087170687,0.21027094132906357,0.21307463943958282,2956800,0.0,0.0,WFC
1982-06-25,0.21307477432991112,0.22008363902568817,0.21307477432991112,0.22008363902568817,86400,0.0,0.0,WFC
1982-06-28,0.22008363902568817,0.22008363902568817,0.2186819174222443,0.22008363902568817,1101600,0.0,0.0,WFC
1982-06-29,0.22008357757991046,0.22569097578525543,0.22008357757991046,0.22569097578525543,379200,0.0,0.0,WFC
1982-06-30,0.22569097578525543,0.22569097578525543,0.22569097578525543,0.22569097578525543,1214400,0.0,0.0,WFC
1982-07-01,0.22569089584249014,0.22569089584249014,0.2102709412574768,0.2102709412574768,5277600,0.0,0.0,WFC
1982-07-02,0.21027094132906357,0.21587808087170687,0.21027094132906357,0.21307463943958282,1615200,0.0,0.0,WFC
1982-07-06,0.21307463943958282,0.21307463943958282,0.20746724321854434,0.21307463943958282,244800,0.0,0.0,WFC
1982-07-07,0.21027098649155856,0.21027098649155856,0.20746728777885437,0.20746728777885437,175200,0.0,0.0,WFC
1982-07-08,0.20746728777885437,0.20746728777885437,0.19064560885952966,0.20746728777885437,2551200,0.0,0.0,WFC
1982-07-09,0.20746728777885437,0.21027098649155856,0.20466384574460045,0.20746728777885437,1048800,0.0,0.0,WFC
1982-07-12,0.20746728777885437,0.20746728777885437,0.20186014703189623,0.20746728777885437,2258400,0.0,0.0,WFC
1982-07-13,0.20746736199290203,0.20746736199290203,0.2018602192401886,0.2018602192401886,2119200,0.0,0.0,WFC
1982-07-14,0.20186005034417273,0.20186005034417273,0.19064551754338735,0.19625291228294373,2668800,0.0,0.0,WFC
1982-07-15,0.19625307648747517,0.20466391895581637,0.19625307648747517,0.2018602192401886,225600,0.0,0.0,WFC
1982-07-16,0.2018601589395564,0.20466385781764984,0.19905646006146296,0.20466385781764984,537600,0.0,0.0,WFC
1982-07-19,0.20466385781764984,0.21027099889537126,0.20466385781764984,0.20466385781764984,180000,0.0,0.0,WFC
1982-07-20,0.20466391895581637,0.20746736199290203,0.2018602192401886,0.2018602192401886,1375200,0.0,0.0,WFC
1982-07-21,0.2018601589395564,0.20466385781764984,0.19905646006146296,0.20466385781764984,1536000,0.0,0.0,WFC
1982-07-22,0.20466385781764984,0.2074673000172778,0.20466385781764984,0.20466385781764984,129600,0.0,0.0,WFC
1982-07-23,0.20466385781764984,0.20466385781764984,0.20466385781764984,0.20466385781764984,360000,0.0,0.0,WFC
1982-07-26,0.20466385781764984,0.2074673000172778,0.20466385781764984,0.20466385781764984,962400,0.0,0.0,WFC
1982-07-27,0.20466385781764984,0.2074673000172778,0.2018601589395564,0.20466385781764984,412800,0.0,0.0,WFC
1982-07-28,0.20466391895581637,0.20466391895581637,0.19905651952456083,0.2018602192401886,288000,0.0,0.0,WFC
1982-07-29,0.2018601589395564,0.20466385781764984,0.19905646006146296,0.20466385781764984,775200,0.0,0.0,WFC
1982-07-30,0.20466391895581637,0.20466391895581637,0.2018602192401886,0.2018602192401886,208800,0.0,0.0,WFC
1982-08-02,0.2065642547607422,0.21517109870910645,0.2008264463485102,0.21517109870910645,232800,0.01708,0.0,WFC
1982-08-03,0.2151712176611388,0.2209090292453766,0.2151712176611388,0.2209090292453766,619200,0.0,0.0,WFC
1982-08-04,0.22090900244288256,0.2252124262739786,0.22090900244288256,0.22377803921699524,436800,0.0,0.0,WFC
1982-08-05,0.2209090292453766,0.2209090292453766,0.2180402547833466,0.2209090292453766,820800,0.0,0.0,WFC
1982-08-06,0.2209090292453766,0.2209090292453766,0.2180402547833466,0.2209090292453766,163200,0.0,0.0,WFC
1982-08-09,0.2209090292453766,0.2209090292453766,0.2151712176611388,0.2209090292453766,201600,0.0,0.0,WFC
1982-08-10,0.2209090292453766,0.2209090292453766,0.2209090292453766,0.2209090292453766,79200,0.0,0.0,WFC
1982-08-11,0.2209090292453766,0.2209090292453766,0.2180402547833466,0.2209090292453766,40800,0.0,0.0,WFC
1982-08-12,0.22090890712133843,0.22090890712133843,0.21517109870910645,0.21517109870910645,391200,0.0,0.0,WFC
1982-08-13,0.2180402547833466,0.2209090292453766,0.2180402547833466,0.2209090292453766,81600,0.0,0.0,WFC
1982-08-16,0.2209090292453766,0.22377806636758438,0.2209090292453766,0.2209090292453766,789600,0.0,0.0,WFC
1982-08-17,0.2209088988719078,0.22521232068538666,0.2209088988719078,0.22521232068538666,1965600,0.0,0.0,WFC
1982-08-18,0.22521240181405144,0.2309504747390747,0.22521240181405144,0.2309504747390747,1728000,0.0,0.0,WFC
1982-08-19,0.23095039154337368,0.23095039154337368,0.22521232068538666,0.22521232068538666,1588800,0.0,0.0,WFC
1982-08-20,0.22521236911683754,0.22808140516281128,0.22090894637791655,0.22808140516281128,907200,0.0,0.0,WFC
1982-08-23,0.22808144244055653,0.23955732583999634,0.22521240592566605,0.23955732583999634,708000,0.0,0.0,WFC
1982-08-24,0.23955732583999634,0.23955732583999634,0.23095047895544704,0.23955732583999634,124800,0.0,0.0,WFC
1982-08-25,0.23955712303850624,0.24529492855072021,0.23955712303850624,0.24529492855072021,232800,0.0,0.0,WFC
1982-08-26,0.24529492855072021,0.24816396263677712,0.24529492855072021,0.24529492855072021,1099200,0.0,0.0,WFC
1982-08-27,0.24529492855072021,0.24529492855072021,0.24242589446466328,0.24529492855072021,381600,0.0,0.0,WFC
1982-08-30,0.2452950961906171,0.2510329056241723,0.2452950961906171,0.2481641322374344,244800,0.0,0.0,WFC
1982-08-31,0.2481641322374344,0.2510329056241723,0.2452950961906171,0.2481641322374344,232800,0.0,0.0,WFC
1982-09-01,0.2481641224365376,0.2481641224365376,0.2309504321556233,0.23668824136257172,612000,0.0,0.0,WFC
1982-09-02,0.23668824136257174,0.23955727729608045,0.2309504321556233,0.23668824136257172,516000,0.0,0.0,WFC
1982-09-03,0.23668828932510586,0.23955732583999634,0.23668828932510586,0.23955732583999634,566400,0.0,0.0,WFC
1982-09-07,0.23955727729608045,0.23955727729608045,0.23668824136257174,0.23668824136257172,2172000,0.0,0.0,WFC
1982-09-08,0.23668828500398054,0.23668828500398054,0.2309504747390747,0.2309504747390747,566400,0.0,0.0,WFC
1982-09-09,0.2309504747390747,0.23955732146649217,0.2309504747390747,0.2309504747390747,278400,0.0,0.0,WFC
1982-09-10,0.233819205429063,0.23955727729608045,0.233819205429063,0.23668824136257172,122400,0.0,0.0,WFC
1982-09-13,0.23668831922968417,0.2510329782962799,0.23668831922968417,0.2510329782962799,600000,0.0,0.0,WFC
1982-09-14,0.2510329256872831,0.25820538504752555,0.2510329256872831,0.2567709982395172,626400,0.0,0.0,WFC
1982-09-15,0.2610744834637737,0.2668122947216034,0.2610744834637737,0.2668122947216034,1022400,0.0,0.0,WFC
1982-09-16,0.2668123225371043,0.2696813597952011,0.25677108612405086,0.25820547342300415,948000,0.0,0.0,WFC
1982-09-17,0.25677097771780694,0.25677097771780694,0.2452950961906171,0.2481641322374344,396000,0.0,0.0,WFC
1982-09-20,0.24816396263677712,0.2510327340629342,0.24529492855072021,0.24529492855072021,1084800,0.0,0.0,WFC
1982-09-21,0.2452951672016727,0.2510329782962799,0.23955735610706547,0.2510329782962799,1430400,0.0,0.0,WFC
1982-09-22,0.2510327340629342,0.2510327340629342,0.24529492855072021,0.24529492855072021,513600,0.0,0.0,WFC
1982-09-23,0.24529516403570964,0.248164200876061,0.2395573530151589,0.24242612719535828,182400,0.0,0.0,WFC
1982-09-24,0.2424261303242914,0.2510329782962799,0.23955735610706547,0.2510329782962799,199200,0.0,0.0,WFC
1982-09-27,0.2510329782962799,0.2510329782962799,0.23955735610706547,0.2510329782962799,996000,0.0,0.0,WFC
1982-09-28,0.2510329056241723,0.2510329056241723,0.2481641322374344,0.2481641322374344,350400,0.0,0.0,WFC
1982-09-29,0.2481641322374344,0.2481641322374344,0.2452950961906171,0.2481641322374344,681600,0.0,0.0,WFC
1982-09-30,0.24816396263677712,0.24816396263677712,0.23955712303850624,0.24529492855072021,1152000,0.0,0.0,WFC
1982-10-01,0.2452951672016727,0.2510329782962799,0.2424261303242914,0.2510329782962799,352800,0.0,0.0,WFC
1982-10-04,0.25103289276342106,0.2539019286632538,0.2481641195236542,0.2539019286632538,213600,0.0,0.0,WFC
1982-10-05,0.2539019933455458,0.2610744535923004,0.2539019933455458,0.2610744535923004,1490400,0.0,0.0,WFC
1982-10-06,0.2610744535923004,0.263943227562896,0.2610744535923004,0.2610744535923004,830400,0.0,0.0,WFC
1982-10-07,0.26394314628433335,0.2754190266132355,0.26394314628433335,0.2754190266132355,835200,0.0,0.0,WFC
1982-10-08,0.2754190266132355,0.28115683544766057,0.27254999086599696,0.2754190266132355,974400,0.0,0.0,WFC
1982-10-11,0.27541908494045664,0.27541908494045664,0.26968127489089966,0.26968127489089966,1646400,0.0,0.0,WFC
1982-10-12,0.26968127489089966,0.27541908494045664,0.26968127489089966,0.26968127489089966,1908000,0.0,0.0,WFC
1982-10-13,0.2696812177788104,0.2754190266132355,0.2696812177788104,0.2754190266132355,873600,0.0,0.0,WFC
1982-10-14,0.27541908494045664,0.27541908494045664,0.26968127489089966,0.26968127489089966,612000,0.0,0.0,WFC
1982-10-15,0.26968127489089966,0.26968127489089966,0.2668122385360674,0.26968127489089966,933600,0.0,0.0,WFC
1982-10-18,0.26968133168059966,0.26968133168059966,0.26394325776260713,0.2668122947216034,628800,0.0,0.0,WFC
1982-10-19,0.2754189706666816,0.2868948486644595,0.2754189706666816,0.2811567783355713,1401600,0.0,0.0,WFC
1982-10-20,0.28115681239978585,0.2868948834238836,0.28115681239978585,0.2840258479118347,2371200,0.0,0.0,WFC
1982-10-21,0.2840258816353968,0.29263272653343914,0.2840258816353968,0.28689491748809814,3830400,0.0,0.0,WFC
1982-10-22,0.2897638109805431,0.29406723521619554,0.2897638109805431,0.2926328480243683,1370400,0.0,0.0,WFC
1982-10-25,0.2926329355594327,0.29406732318032724,0.2897638976573944,0.2897638976573944,525600,0.0,0.0,WFC
1982-10-26,0.2897638976573944,0.2926329355594327,0.2897638976573944,0.2897638976573944,633600,0.0,0.0,WFC
1982-10-27,0.2926328480243683,0.29980530930384597,0.2926328480243683,0.2926328480243683,189600,0.0,0.0,WFC
1982-10-28,0.2926328480243683,0.29406723521619554,0.2926328480243683,0.2926328480243683,177600,0.0,0.0,WFC
1982-10-29,0.29788970947265625,0.29788970947265625,0.29204882390331477,0.29788970947265625,204000,0.01875,0.0,WFC
1982-11-01,0.2978895056074944,0.3051908081063669,0.2978895056074944,0.30227023363113403,309600,0.0,0.0,WFC
1982-11-02,0.3051909269210168,0.31395238637924194,0.3051909269210168,0.31395238637924194,782400,0.0,0.0,WFC
1982-11-03,0.3139523343186931,0.32271379232406616,0.3110317591907424,0.32271379232406616,792000,0.0,0.0,WFC
1982-11-04,0.3256341814994812,0.33147533321598266,0.3256341814994812,0.3256341814994812,732000,0.0,0.0,WFC
1982-11-05,0.3256341814994812,0.32855475735773193,0.3227138730197765,0.3256341814994812,410400,0.0,0.0,WFC
1982-11-08,0.32563411462571823,0.33147526514265335,0.32271380674574174,0.3285546898841858,271200,0.0,0.0,WFC
1982-11-09,0.32855483204381675,0.3358561396598816,0.32855483204381675,0.3358561396598816,936000,0.0,0.0,WFC
1982-11-10,0.3358559943411092,0.3358559943411092,0.3285546898841858,0.3285546898841858,902400,0.0,0.0,WFC
1982-11-11,0.32855457577266195,0.33293530344963074,0.32855457577266195,0.33293530344963074,326400,0.0,0.0,WFC
1982-11-12,0.3329355913831154,0.3329355913831154,0.3314754366874695,0.3314754366874695,244800,0.0,0.0,WFC
1982-11-15,0.33147526514265335,0.33147526514265335,0.3139523483488301,0.3285546898841858,180000,0.0,0.0,WFC
1982-11-16,0.3256341540711931,0.3256341540711931,0.30811123515474287,0.31395238637924194,652800,0.0,0.0,WFC
1982-11-17,0.31395238637924194,0.31395238637924194,0.30811123515474287,0.31395238637924194,213600,0.0,0.0,WFC
1982-11-18,0.31395238637924194,0.3227138458374671,0.31395238637924194,0.31395238637924194,556800,0.0,0.0,WFC
1982-11-19,0.31395238637924194,0.31979327022521753,0.31395238637924194,0.31395238637924194,324000,0.0,0.0,WFC
1982-11-22,0.31395238637924194,0.31395238637924194,0.31395238637924194,0.31395238637924194,364800,0.0,0.0,WFC
1982-11-23,0.31395238637924194,0.31395238637924194,0.3110318107669924,0.31395238637924194,163200,0.0,0.0,WFC
1982-11-24,0.31395224366289615,0.31395224366289615,0.31103166937828064,0.31103166937828064,244800,0.0,0.0,WFC
1982-11-26,0.3051910169682849,0.3051910169682849,0.2862076709553709,0.29788970947265625,1413600,0.0,0.0,WFC
1982-11-29,0.29788980833349954,0.3022705408089922,0.29496923089027405,0.29496923089027405,1392000,0.0,0.0,WFC
1982-11-30,0.2949690549879925,0.3022703605526393,0.2920487466649591,0.2993497848510742,588000,0.0,0.0,WFC
1982-12-01,0.29934979895378194,0.30519095063209534,0.2920487604237067,0.30519095063209534,1425600,0.0,0.0,WFC
1982-12-02,0.3051911182522176,0.3051911182522176,0.29496923089027405,0.29496923089027405,1072800,0.0,0.0,WFC
1982-12-03,0.2949690907876784,0.2949690907876784,0.28620762999815763,0.29204878211021423,1389600,0.0,0.0,WFC
1982-12-06,0.2920487466649591,0.2993497848510742,0.28620759526182904,0.2993497848510742,345600,0.0,0.0,WFC
1982-12-07,0.2993497848510742,0.3051909362542043,0.29788963068955754,0.2993497848510742,1500000,0.0,0.0,WFC
1982-12-08,0.2993498211824388,0.3022703972384671,0.29204878211021423,0.29204878211021423,499200,0.0,0.0,WFC
1982-12-09,0.2891281403625086,0.2891281403625086,0.2774461061711889,0.28328725695610046,1476000,0.0,0.0,WFC
1982-12-10,0.2803667266417579,0.2803667266417579,0.2745258422962367,0.2774461507797241,1466400,0.0,0.0,WFC
1982-12-13,0.27744618970682006,0.28036676597862537,0.27452588081359863,0.27452588081359863,813600,0.0,0.0,WFC
1982-12-14,0.27452588081359863,0.2862076511436521,0.27452588081359863,0.27452588081359863,528000,0.0,0.0,WFC
1982-12-15,0.2745257762246638,0.2803666591644287,0.2716052010655403,0.2803666591644287,540000,0.0,0.0,WFC
1982-12-16,0.28036676597862537,0.2832873422504307,0.27452588081359863,0.27452588081359863,472800,0.0,0.0,WFC
1982-12-17,0.2745257762246638,0.2832872343235522,0.2745257762246638,0.2803666591644287,628800,0.0,0.0,WFC
1982-12-20,0.2803666591644287,0.2803666591644287,0.27744608400530524,0.2803666591644287,422400,0.0,0.0,WFC
1982-12-21,0.2803666815636447,0.28328725695610046,0.2774461061711889,0.28328725695610046,172800,0.0,0.0,WFC
1982-12-22,0.28328725695610046,0.2891281403625086,0.2803666815636447,0.28328725695610046,556800,0.0,0.0,WFC
1982-12-23,0.28328725695610046,0.2920487157549644,0.28328725695610046,0.28328725695610046,597600,0.0,0.0,WFC
1982-12-27,0.2832871897982576,0.29204864652007545,0.2832871897982576,0.28620749711990356,544800,0.0,0.0,WFC
1982-12-28,0.28620756497005284,0.28620756497005284,0.28328725695610046,0.28328725695610046,177600,0.0,0.0,WFC
1982-12-29,0.2832872343235522,0.28620754210419364,0.2803666591644287,0.2803666591644287,273600,0.0,0.0,WFC
1982-12-30,0.2803666815636447,0.28328725695610046,0.2803666815636447,0.28328725695610046,98400,0.0,0.0,WFC
1982-12-31,0.28328732922441163,0.28912821412086487,0.28036675308689923,0.28912821412086487,350400,0.0,0.0,WFC
1983-01-03,0.2891281403625086,0.2891281403625086,0.28328725695610046,0.28328725695610046,340800,0.0,0.0,WFC
1983-01-04,0.2832871897982576,0.28620749711990356,0.2803666150981716,0.28620749711990356,1351200,0.0,0.0,WFC
1983-01-05,0.28620749711990356,0.28620749711990356,0.2803666150981716,0.28620749711990356,355200,0.0,0.0,WFC
1983-01-06,0.2891281709633941,0.2993497848510742,0.2891281709633941,0.2993497848510742,1620000,0.0,0.0,WFC
1983-01-07,0.2993496591559011,0.30227023363113403,0.2978895056074944,0.30227023363113403,1312800,0.0,0.0,WFC
1983-01-10,0.30227044049431295,0.3051910169682849,0.29788970947265625,0.29788970947265625,326400,0.0,0.0,WFC
1983-01-11,0.29788970947265625,0.3051910169682849,0.2949691329986843,0.29788970947265625,3026400,0.0,0.0,WFC
1983-01-12,0.29934979895378194,0.30519095063209534,0.29934979895378194,0.30519095063209534,1300800,0.0,0.0,WFC
1983-01-13,0.3051909125024629,0.3081112205982208,0.3051909125024629,0.3081112205982208,722400,0.0,0.0,WFC
1983-01-14,0.3081112590927077,0.3081112590927077,0.30519095063209534,0.30519095063209534,273600,0.0,0.0,WFC
1983-01-17,0.30519095063209534,0.3110318349318644,0.30519095063209534,0.30519095063209534,300000,0.0,0.0,WFC
1983-01-18,0.3051910169682849,0.3051910169682849,0.2949691329986843,0.29788970947265625,768000,0.0,0.0,WFC
1983-01-19,0.29496909901731805,0.29496909901731805,0.28912821412086487,0.28912821412086487,441600,0.0,0.0,WFC
1983-01-20,0.28912820605418593,0.29204878211021423,0.28912820605418593,0.29204878211021423,564000,0.0,0.0,WFC
1983-01-21,0.29204879025837727,0.29204879025837727,0.28328732922441163,0.28912821412086487,326400,0.0,0.0,WFC
1983-01-24,0.28620756497005284,0.28620756497005284,0.27452579815723654,0.28328725695610046,259200,0.0,0.0,WFC
1983-01-25,0.2832871897982576,0.2891280718199895,0.2803666150981716,0.28620749711990356,285600,0.0,0.0,WFC
1983-01-26,0.28620754210419364,0.2891281172633171,0.27744608400530524,0.2803666591644287,528000,0.0,0.0,WFC
1983-01-27,0.2803666815636447,0.28328725695610046,0.27452579815723654,0.28328725695610046,302400,0.0,0.0,WFC
1983-01-28,0.2832872343235522,0.2832872343235522,0.2716052010655403,0.2803666591644287,693600,0.0,0.0,WFC
1983-01-31,0.2857240485833399,0.2887004315853119,0.2827476655813678,0.2887004315853119,60000,0.01875,0.0,WFC
1983-02-01,0.28870039668598224,0.2916765068405027,0.285724014043808,0.285724014043808,388800,0.0,0.0,WFC
1983-02-02,0.285724014043808,0.28870039668598224,0.27977152124711324,0.285724014043808,244800,0.0,0.0,WFC
1983-02-03,0.285724014043808,0.28870039668598224,0.27977152124711324,0.285724014043808,535200,0.0,0.0,WFC
1983-02-04,0.2857240905845835,0.28870047402408183,0.2797715961933136,0.2797715961933136,396000,0.0,0.0,WFC
1983-02-07,0.27977152124711324,0.285724014043808,0.27977152124711324,0.285724014043808,333600,0.0,0.0,WFC
1983-02-08,0.2857240905845835,0.2857240905845835,0.27381882931431695,0.2797715961933136,458400,0.0,0.0,WFC
1983-02-09,0.2797716219701831,0.2797716219701831,0.27381885454272586,0.27679523825645447,969600,0.0,0.0,WFC
1983-02-10,0.27679521275381525,0.2797715961933136,0.27381882931431695,0.2797715961933136,931200,0.0,0.0,WFC
1983-02-11,0.27977152124711324,0.285724014043808,0.27977152124711324,0.285724014043808,888000,0.0,0.0,WFC
1983-02-14,0.2857240905845835,0.2857240905845835,0.2797715961933136,0.2797715961933136,472800,0.0,0.0,WFC
1983-02-15,0.27977152124711324,0.285724014043808,0.27977152124711324,0.285724014043808,492000,0.0,0.0,WFC
1983-02-16,0.285724014043808,0.285724014043808,0.2827476314016337,0.285724014043808,388800,0.0,0.0,WFC
1983-02-17,0.2857240905845835,0.2857240905845835,0.2797715961933136,0.2797715961933136,849600,0.0,0.0,WFC
1983-02-18,0.27977157518102097,0.28274768590927124,0.27977157518102097,0.28274768590927124,801600,0.0,0.0,WFC
1983-02-22,0.2827477071450852,0.2827477071450852,0.2797715961933136,0.2797715961933136,278400,0.0,0.0,WFC
1983-02-23,0.27977157518102097,0.2857240691252278,0.27977157518102097,0.28274768590927124,357600,0.0,0.0,WFC
1983-02-24,0.2827476314016337,0.285724014043808,0.27977152124711324,0.285724014043808,417600,0.0,0.0,WFC
1983-02-25,0.285724014043808,0.28870039668598224,0.27977152124711324,0.285724014043808,1514400,0.0,0.0,WFC
1983-02-28,0.28572404103573273,0.28572404103573273,0.27084267139434814,0.27084267139434814,847200,0.0,0.0,WFC
1983-03-01,0.27084267139434814,0.2797715476767148,0.27084267139434814,0.27084267139434814,825600,0.0,0.0,WFC
1983-03-02,0.2738187559627647,0.2916765068405027,0.2738187559627647,0.285724014043808,4212000,0.0,0.0,WFC
1983-03-03,0.28870035200272814,0.29167646169662476,0.28870035200272814,0.29167646169662476,4008000,0.0,0.0,WFC
1983-03-04,0.2916765310021735,0.29762929677963257,0.28870042060112033,0.29762929677963257,4298400,0.0,0.0,WFC
1983-03-07,0.3006054632665987,0.31102266907691956,0.3006054632665987,0.31102266907691956,1003200,0.0,0.0,WFC
1983-03-08,0.31102266907691956,0.31102266907691956,0.30506990218881413,0.31102266907691956,564000,0.0,0.0,WFC
1983-03-09,0.31102266907691956,0.31102266907691956,0.3006054632665987,0.31102266907691956,1339200,0.0,0.0,WFC
1983-03-10,0.31399869409172315,0.3259039521217346,0.31399869409172315,0.3259039521217346,1634400,0.0,0.0,WFC
1983-03-11,0.3259039521217346,0.3259039521217346,0.3199514593505552,0.3259039521217346,1896000,0.0,0.0,WFC
1983-03-14,0.32888034910751884,0.33185645937919617,0.32888034910751884,0.33185645937919617,628800,0.0,0.0,WFC
1983-03-15,0.3318562996888683,0.3318562996888683,0.3288801908493042,0.3288801908493042,1735200,0.0,0.0,WFC
1983-03-16,0.3288801908493042,0.3318562996888683,0.3288801908493042,0.3288801908493042,672000,0.0,0.0,WFC
1983-03-17,0.32888033475115064,0.33185644489291405,0.3229275694923186,0.3259039521217346,974400,0.0,0.0,WFC
1983-03-18,0.3259040973499062,0.3259040973499062,0.31995160192619787,0.32292771339416504,271200,0.0,0.0,WFC
1983-03-21,0.32292771339416504,0.3259040973499062,0.31995160192619787,0.32292771339416504,602400,0.0,0.0,WFC
1983-03-22,0.3229275694923186,0.32888033475115064,0.3229275694923186,0.3259039521217346,391200,0.0,0.0,WFC
1983-03-23,0.325903966348177,0.334832842138538,0.32292758358883517,0.33185645937919617,1711200,0.0,0.0,WFC
1983-03-24,0.33483291958495076,0.3422737419605255,0.33483291958495076,0.3422737419605255,948000,0.0,0.0,WFC
1983-03-25,0.3392974097716788,0.3392974097716788,0.33483297016941993,0.33780935406684875,460800,0.0,0.0,WFC
1983-03-28,0.33780935406684875,0.3392974097716788,0.33483297016941993,0.33780935406684875,804000,0.0,0.0,WFC
1983-03-29,0.33780922489787985,0.33780922489787985,0.33185645937919617,0.33185645937919617,1065600,0.0,0.0,WFC
1983-03-30,0.33185645937919617,0.33780922489787985,0.32888034910751884,0.33185645937919617,746400,0.0,0.0,WFC
1983-03-31,0.33483297016941993,0.3392974097716788,0.33483297016941993,0.33780935406684875,396000,0.0,0.0,WFC
1983-04-04,0.3378090623430633,0.3378090623430633,0.3288801908493042,0.3288801908493042,448800,0.0,0.0,WFC
1983-04-05,0.3259039521217346,0.3259039521217346,0.3199514593505552,0.3259039521217346,321600,0.0,0.0,WFC
1983-04-06,0.3259039521217346,0.32888033475115064,0.3229275694923186,0.3259039521217346,2032800,0.0,0.0,WFC
1983-04-07,0.3259038095222067,0.3288801908493042,0.3259038095222067,0.3288801908493042,708000,0.0,0.0,WFC
1983-04-08,0.3288801908493042,0.3288801908493042,0.3259038095222067,0.3288801908493042,223200,0.0,0.0,WFC
1983-04-11,0.3288801908493042,0.3318562996888683,0.3288801908493042,0.3288801908493042,465600,0.0,0.0,WFC
1983-04-12,0.33185658627199105,0.3422737936691077,0.33185658627199105,0.33780935406684875,1336800,0.0,0.0,WFC
1983-04-13,0.3422738717620702,0.3512027530037953,0.3422738717620702,0.3482263684272766,3777600,0.0,0.0,WFC
1983-04-14,0.35120264039076693,0.3690603971481323,0.35120264039076693,0.3690603971481323,2174400,0.0,0.0,WFC
1983-04-15,0.3660840953642505,0.3660840953642505,0.3601315992770268,0.36310771107673645,1704000,0.0,0.0,WFC
1983-04-18,0.36310747229108387,0.36310747229108387,0.35120248794555664,0.35120248794555664,1716000,0.0,0.0,WFC
1983-04-19,0.35120248794555664,0.35120248794555664,0.34822610561536227,0.35120248794555664,1276800,0.0,0.0,WFC
1983-04-20,0.35120253699455595,0.3601314127445221,0.3482261542486795,0.3601314127445221,472800,0.0,0.0,WFC
1983-04-21,0.3601315992770268,0.3660840953642505,0.3601315992770268,0.36310771107673645,1855200,0.0,0.0,WFC
1983-04-22,0.36310764600289247,0.3765009641647339,0.36310764600289247,0.3765009641647339,7226400,0.0,0.0,WFC
1983-04-25,0.37650073730316136,0.39733486605272617,0.37650073730316136,0.3824535012245178,801600,0.0,0.0,WFC
1983-04-26,0.3824537316729449,0.3824537316729449,0.37501290853155894,0.3765009641647339,1668000,0.0,0.0,WFC
1983-04-27,0.3765009641647339,0.38542984293929483,0.37501290853155894,0.3765009641647339,1490400,0.0,0.0,WFC
1983-04-28,0.37650091396487745,0.3973350524902344,0.37650091396487745,0.3973350524902344,5332800,0.0,0.0,WFC
1983-04-29,0.40031136003482,0.410728291080836,0.40031136003482,0.40328747034072876,1620000,0.0,0.0,WFC
1983-05-02,0.4026844683144719,0.4026844683144719,0.39363537913886576,0.39665183424949646,945600,0.01875,0.0,WFC
1983-05-03,0.39665183424949646,0.3996680132038412,0.39665183424949646,0.39665183424949646,559200,0.0,0.0,WFC
1983-05-04,0.3966517397025065,0.3996679179379068,0.39061883091926575,0.39061883091926575,1672800,0.0,0.0,WFC
1983-05-05,0.3876025080680847,0.3876025080680847,0.38156960153574143,0.3876025080680847,729600,0.0,0.0,WFC
1983-05-06,0.3876024644681632,0.393635094165802,0.3815695586144384,0.393635094165802,453600,0.0,0.0,WFC
1983-05-09,0.3906186486324259,0.3906186486324259,0.38006147742271423,0.38006147742271423,199200,0.0,0.0,WFC
1983-05-10,0.3815697439006247,0.3966517397025065,0.3815697439006247,0.39061883091926575,1344000,0.0,0.0,WFC
1983-05-11,0.39665169893328056,0.40570078502182544,0.39665169893328056,0.4026843309402466,1116000,0.0,0.0,WFC
1983-05-12,0.4026842919590874,0.4147498309612274,0.39665166053609985,0.4147498309612274,998400,0.0,0.0,WFC
1983-05-13,0.4147500072372761,0.41927455176656897,0.4117335521656534,0.4162580966949463,657600,0.0,0.0,WFC
1983-05-16,0.4162579436689581,0.4162579436689581,0.3996678611083524,0.40871694684028625,328800,0.0,0.0,WFC
1983-05-17,0.40871685199537294,0.41927430033683777,0.4057006748887687,0.41927430033683777,585600,0.0,0.0,WFC
1983-05-18,0.41927429709313724,0.4343560109778292,0.41927429709313724,0.42229047417640686,1519200,0.0,0.0,WFC
1983-05-19,0.4192743735675093,0.4192743735675093,0.4147498309612274,0.4147498309612274,1020000,0.0,0.0,WFC
1983-05-20,0.41474996285890753,0.41474996285890753,0.40871705336118525,0.4117335081100464,943200,0.0,0.0,WFC
1983-05-23,0.4117335521656534,0.4162580966949463,0.39665182912010455,0.4162580966949463,2140800,0.0,0.0,WFC
1983-05-24,0.41625784707411684,0.41927430033683777,0.4117333052580938,0.41927430033683777,1168800,0.0,0.0,WFC
1983-05-25,0.41927430033683777,0.42229047744344195,0.41625784707411684,0.41927430033683777,825600,0.0,0.0,WFC
1983-05-26,0.41927428607278727,0.4283233693969762,0.4162578329126886,0.42530691623687744,856800,0.0,0.0,WFC
1983-05-27,0.4253069315578341,0.4343560152080008,0.41625784790766746,0.4313395619392395,278400,0.0,0.0,WFC
1983-05-31,0.4313395619392395,0.4343560152080008,0.4253069315578341,0.4313395619392395,177600,0.0,0.0,WFC
1983-06-01,0.431339557738445,0.431339557738445,0.41927429709313724,0.42229047417640686,1461600,0.0,0.0,WFC
1983-06-02,0.4222908341067505,0.42832374572753906,0.4222908341067505,0.42832374572753906,662400,0.0,0.0,WFC
1983-06-03,0.4283236088812335,0.4343562424182892,0.4283236088812335,0.4343562424182892,204000,0.0,0.0,WFC
1983-06-06,0.4313399253815834,0.4313399253815834,0.4222908341067505,0.42832374572753906,4034400,0.0,0.0,WFC
1983-06-07,0.42832359499440353,0.42832359499440353,0.4117335081100464,0.4117335081100464,835200,0.0,0.0,WFC
1983-06-08,0.4117335081100464,0.4162580521552117,0.40570087476857686,0.4117335081100464,2479200,0.0,0.0,WFC
1983-06-09,0.41173337717165115,0.416257919777933,0.40871692338207494,0.4147498309612274,1173600,0.0,0.0,WFC
1983-06-10,0.41474975852081475,0.42229047744344195,0.41474975852081475,0.41927430033683777,2284800,0.0,0.0,WFC
1983-06-13,0.41927430033683777,0.42229047744344195,0.41625784707411684,0.41927430033683777,873600,0.0,0.0,WFC
1983-06-14,0.41927430033683777,0.42229047744344195,0.41927430033683777,0.41927430033683777,290400,0.0,0.0,WFC
1983-06-15,0.41927429709313724,0.42832338065517533,0.41927429709313724,0.42229047417640686,1099200,0.0,0.0,WFC
1983-06-16,0.4222908341067505,0.42832374572753906,0.4222908341067505,0.42832374572753906,1024800,0.0,0.0,WFC
1983-06-17,0.42832338065517533,0.42832338065517533,0.42229047417640686,0.42229047417640686,2815200,0.0,0.0,WFC
1983-06-20,0.42229047744344195,0.4253069307061629,0.41927430033683777,0.41927430033683777,849600,0.0,0.0,WFC
1983-06-21,0.41927430033683777,0.42229047744344195,0.41927430033683777,0.41927430033683777,460800,0.0,0.0,WFC
1983-06-22,0.41927429709313724,0.42229047417640686,0.416257843853753,0.42229047417640686,369600,0.0,0.0,WFC
1983-06-23,0.4222904630767787,0.4283233693969762,0.4222904630767787,0.42530691623687744,979200,0.0,0.0,WFC
1983-06-24,0.4283236088812335,0.4373726972649479,0.4283236088812335,0.4343562424182892,564000,0.0,0.0,WFC
1983-06-27,0.43435638119197767,0.43435638119197767,0.4253072899171448,0.42832374572753906,165600,0.0,0.0,WFC
1983-06-28,0.4283233693969762,0.4283233693969762,0.42530691623687744,0.42530691623687744,252000,0.0,0.0,WFC
1983-06-29,0.4253069307061629,0.4253069307061629,0.41625784707411684,0.41927430033683777,4408800,0.0,0.0,WFC
1983-06-30,0.41927428607278727,0.42530691623687744,0.41927428607278727,0.42530691623687744,369600,0.0,0.0,WFC
1983-07-01,0.4253069274157911,0.42832338065517533,0.42229047417640686,0.42229047417640686,1509600,0.0,0.0,WFC
1983-07-05,0.42229073068190937,0.42229073068190937,0.4162580966949463,0.4162580966949463,880800,0.0,0.0,WFC
1983-07-06,0.4162580966949463,0.4162580966949463,0.4162580966949463,0.4162580966949463,1408800,0.0,0.0,WFC
1983-07-07,0.41625819864231195,0.42832374572753906,0.41625819864231195,0.42832374572753906,225600,0.0,0.0,WFC
1983-07-08,0.42832338065517533,0.42832338065517533,0.41927429709313724,0.42229047417640686,787200,0.0,0.0,WFC
1983-07-11,0.4222904782890728,0.4313395619392395,0.4192743011764287,0.4313395619392395,3787200,0.0,0.0,WFC
1983-07-12,0.431339557738445,0.431339557738445,0.42229047417640686,0.42229047417640686,259200,0.0,0.0,WFC
1983-07-13,0.42229047744344195,0.42229047744344195,0.41625784707411684,0.41927430033683777,2832000,0.0,0.0,WFC
1983-07-14,0.41927429709313724,0.42229047417640686,0.416257843853753,0.42229047417640686,487200,0.0,0.0,WFC
1983-07-15,0.42229047744344195,0.42229047744344195,0.41927430033683777,0.41927430033683777,333600,0.0,0.0,WFC
1983-07-18,0.41927430033683777,0.42229047744344195,0.41625784707411684,0.41927430033683777,624000,0.0,0.0,WFC
1983-07-19,0.41927430033683777,0.41927430033683777,0.41474975852081475,0.41927430033683777,1377600,0.0,0.0,WFC
1983-07-20,0.41927430033683777,0.41927430033683777,0.41625784707411684,0.41927430033683777,1293600,0.0,0.0,WFC
1983-07-21,0.41927455176656897,0.41927455176656897,0.4162580966949463,0.4162580966949463,679200,0.0,0.0,WFC
1983-07-22,0.41625784707411684,0.41927430033683777,0.41625784707411684,0.41927430033683777,213600,0.0,0.0,WFC
1983-07-25,0.41927455176656897,0.42229073068190937,0.4162580966949463,0.4162580966949463,129600,0.0,0.0,WFC
1983-07-26,0.41625784707411684,0.41927430033683777,0.41625784707411684,0.41927430033683777,96000,0.0,0.0,WFC
1983-07-27,0.41927430033683777,0.42229047744344195,0.41625784707411684,0.41927430033683777,636000,0.0,0.0,WFC
1983-07-28,0.41927430033683777,0.42229047744344195,0.41625784707411684,0.41927430033683777,463200,0.0,0.0,WFC
1983-07-29,0.41927430033683777,0.42229047744344195,0.41625784707411684,0.41927430033683777,895200,0.0,0.0,WFC
1983-08-01,0.4247751235961914,0.4308869012765346,0.4217190948663956,0.4247751235961914,955200,0.01875,0.0,WFC
1983-08-02,0.42477500759454745,0.4278307557106018,0.4217189796993211,0.4278307557106018,880800,0.0,0.0,WFC
1983-08-03,0.4278308861573813,0.4339429438114166,0.4247751371096209,0.4339429438114166,1178400,0.0,0.0,WFC
1983-08-04,0.4339427730775106,0.4339427730775106,0.42783071782825105,0.43088674545288086,2736000,0.0,0.0,WFC
1983-08-05,0.433943113232696,0.44311092351381376,0.433943113232696,0.44005489349365234,204000,0.0,0.0,WFC
1983-08-08,0.4400548140102603,0.4400548140102603,0.43394303485322316,0.43699878454208374,456000,0.0,0.0,WFC
1983-08-09,0.43699869285917703,0.4400547216861947,0.4339429438114166,0.4339429438114166,856800,0.0,0.0,WFC
1983-08-10,0.4339429438114166,0.4339429438114166,0.4278308861573813,0.4339429438114166,374400,0.0,0.0,WFC
1983-08-11,0.4339428115010544,0.4339428115010544,0.4278307557106018,0.4278307557106018,1015200,0.0,0.0,WFC
1983-08-12,0.4247751235961914,0.4247751235961914,0.4217190948663956,0.4247751235961914,355200,0.0,0.0,WFC
1983-08-15,0.4278308861573813,0.4400547216861947,0.4278308861573813,0.4339429438114166,849600,0.0,0.0,WFC
1983-08-16,0.433942957045258,0.44311076402664185,0.433942957045258,0.44311076402664185,650400,0.0,0.0,WFC
1983-08-17,0.4461664164478046,0.46603018045425415,0.4461664164478046,0.46603018045425415,1022400,0.0,0.0,WFC
1983-08-18,0.46603018045425415,0.4843657904422352,0.46603018045425415,0.46603018045425415,1231200,0.0,0.0,WFC
1983-08-19,0.46603039053816897,0.4721421700295839,0.46603039053816897,0.4690861403942108,1341600,0.0,0.0,WFC
1983-08-22,0.4690861403942108,0.4721421700295839,0.46603039053816897,0.4690861403942108,4696800,0.0,0.0,WFC
1983-08-23,0.46603018045425415,0.46603018045425415,0.4599181239387904,0.46603018045425415,739200,0.0,0.0,WFC
1983-08-24,0.46603022702369346,0.46603022702369346,0.4583902955055237,0.4583902955055237,1166400,0.0,0.0,WFC
1983-08-25,0.4583902373645795,0.4599181115627289,0.4583902373645795,0.4599181115627289,919200,0.0,0.0,WFC
1983-08-26,0.4599181115627289,0.4599181115627289,0.45533420918908313,0.4599181115627289,297600,0.0,0.0,WFC
1983-08-29,0.4583900345634685,0.4583900345634685,0.45227826069564686,0.45533400774002075,506400,0.0,0.0,WFC
1983-08-30,0.45533400774002075,0.45533400774002075,0.45227826069564686,0.45533400774002075,81600,0.0,0.0,WFC
1983-08-31,0.45533400774002075,0.45533400774002075,0.45227826069564686,0.45533400774002075,240000,0.0,0.0,WFC
1983-09-01,0.4553343201489765,0.4553343201489765,0.44311076402664185,0.44311076402664185,1584000,0.0,0.0,WFC
1983-09-02,0.44311092351381376,0.44311092351381376,0.44005489349365234,0.44005489349365234,475200,0.0,0.0,WFC
1983-09-06,0.4400547351064253,0.44922254208780915,0.4400547351064253,0.44311076402664185,535200,0.0,0.0,WFC
1983-09-07,0.44311072753478176,0.44922250509262085,0.44311072753478176,0.44922250509262085,1243200,0.0,0.0,WFC
1983-09-08,0.44922250509262085,0.4522785337611618,0.44311072753478176,0.44922250509262085,2692800,0.0,0.0,WFC
1983-09-09,0.44616667375460867,0.44616667375460867,0.433943113232696,0.44005489349365234,319200,0.0,0.0,WFC
1983-09-12,0.44311072753478176,0.4522785337611618,0.44311072753478176,0.44922250509262085,223200,0.0,0.0,WFC
1983-09-13,0.4492222338721991,0.45533400774002075,0.4492222338721991,0.45533400774002075,765600,0.0,0.0,WFC
1983-09-14,0.4553339574001886,0.4553339574001886,0.44616615772247314,0.44616615772247314,422400,0.0,0.0,WFC
1983-09-15,0.44616651316759265,0.4522785710080257,0.44311076402664185,0.44311076402664185,168000,0.0,0.0,WFC
1983-09-16,0.44311076402664185,0.44616651316759265,0.433942957045258,0.44311076402664185,127200,0.0,0.0,WFC
1983-09-19,0.44311076402664185,0.44922254208780915,0.44311076402664185,0.44311076402664185,580800,0.0,0.0,WFC
1983-09-20,0.44311072753478176,0.45533428265045994,0.44311072753478176,0.44922250509262085,1416000,0.0,0.0,WFC
1983-09-21,0.44922254208780915,0.4522785710080257,0.44311076402664185,0.44311076402664185,703200,0.0,0.0,WFC
1983-09-22,0.4431104110159299,0.44922218420805926,0.4431104110159299,0.44616615772247314,1704000,0.0,0.0,WFC
1983-09-23,0.44311092351381376,0.44311092351381376,0.44005489349365234,0.44005489349365234,4291200,0.0,0.0,WFC
1983-09-26,0.4400547351064253,0.44311076402664185,0.4400547351064253,0.44311076402664185,1322400,0.0,0.0,WFC
1983-09-27,0.44311076402664185,0.44616651316759265,0.44311076402664185,0.44311076402664185,343200,0.0,0.0,WFC
1983-09-28,0.44311072753478176,0.44922250509262085,0.44311072753478176,0.44922250509262085,328800,0.0,0.0,WFC
1983-09-29,0.4492226226354741,0.4492226226354741,0.43394303485322316,0.43699878454208374,434400,0.0,0.0,WFC
1983-09-30,0.4369987061862088,0.44311076402664185,0.4369987061862088,0.44311076402664185,204000,0.0,0.0,WFC
1983-10-03,0.44311092351381376,0.44311092351381376,0.433943113232696,0.44005489349365234,316800,0.0,0.0,WFC
1983-10-04,0.44005489349365234,0.44311092351381376,0.43699886347349093,0.44005489349365234,1953600,0.0,0.0,WFC
1983-10-05,0.44005489349365234,0.44005489349365234,0.433943113232696,0.44005489349365234,340800,0.0,0.0,WFC
1983-10-06,0.4400547351064253,0.44311076402664185,0.433942957045258,0.44311076402664185,129600,0.0,0.0,WFC
1983-10-07,0.44311092351381376,0.44311092351381376,0.44005489349365234,0.44005489349365234,756000,0.0,0.0,WFC
1983-10-10,0.44005489349365234,0.44616667375460867,0.44005489349365234,0.44005489349365234,88800,0.0,0.0,WFC
1983-10-11,0.4400546988662409,0.4522785337611618,0.4400546988662409,0.44922250509262085,1660800,0.0,0.0,WFC
1983-10-12,0.449222436828433,0.4583902416616663,0.4431106601993442,0.4522784650325775,679200,0.0,0.0,WFC
1983-10-13,0.4522784650325775,0.4553342134575218,0.44616640862428847,0.4522784650325775,400800,0.0,0.0,WFC
1983-10-14,0.4522785181585277,0.4583902955055237,0.4522785181585277,0.4583902955055237,364800,0.0,0.0,WFC
1983-10-17,0.4583902955055237,0.4583902955055237,0.44311071224841725,0.4583902955055237,259200,0.0,0.0,WFC
1983-10-18,0.4583902416616663,0.4583902416616663,0.4522784650325775,0.4522784650325775,1812000,0.0,0.0,WFC
1983-10-19,0.4522784650325775,0.4522784650325775,0.4431106601993442,0.4522784650325775,364800,0.0,0.0,WFC
1983-10-20,0.4522785710080257,0.4522785710080257,0.44311076402664185,0.44311076402664185,3288000,0.0,0.0,WFC
1983-10-21,0.44311076402664185,0.44311076402664185,0.44311076402664185,0.44311076402664185,972000,0.0,0.0,WFC
1983-10-24,0.433943062122422,0.433943062122422,0.4201913483204368,0.4217192232608795,465600,0.0,0.0,WFC
1983-10-25,0.4217190948663956,0.4247751235961914,0.4217190948663956,0.4247751235961914,1041600,0.0,0.0,WFC
1983-10-26,0.4247752220643828,0.4247752220643828,0.4171352883584856,0.42019131779670715,528000,0.0,0.0,WFC
1983-10-27,0.42019131779670715,0.4217191926261613,0.4171352883584856,0.42019131779670715,292800,0.0,0.0,WFC
1983-10-28,0.4201914277245479,0.4217193029537151,0.4110236167907715,0.4110236167907715,240000,0.0,0.0,WFC
1983-10-31,0.41040363907814026,0.41040363907814026,0.4073064414589186,0.41040363907814026,496800,0.01875,0.0,WFC
1983-11-01,0.4011114147375883,0.4011114147375883,0.39801421761512756,0.39801421761512756,496800,0.0,0.0,WFC
1983-11-02,0.39801425382080624,0.39801425382080624,0.3902706931619083,0.3949167728424072,662400,0.0,0.0,WFC
1983-11-03,0.3949167728424072,0.3949167728424072,0.3918192918640082,0.3949167728424072,1024800,0.0,0.0,WFC
1983-11-04,0.3949167728424072,0.39801425382080624,0.3902706931619083,0.3949167728424072,477600,0.0,0.0,WFC
1983-11-07,0.3949167369184933,0.39801421761512756,0.3918192562218591,0.39801421761512756,1255200,0.0,0.0,WFC
1983-11-08,0.39801440420874096,0.4073065670807403,0.39801440420874096,0.4011116027832031,456000,0.0,0.0,WFC
1983-11-09,0.4011115291680551,0.4073064923286438,0.4011115291680551,0.4073064923286438,100800,0.0,0.0,WFC
1983-11-10,0.4073066324804743,0.4196959959162505,0.4073066324804743,0.4165987968444824,266400,0.0,0.0,WFC
1983-11-11,0.4165986561611522,0.4227933357871273,0.41350117456103663,0.4196958541870117,424800,0.0,0.0,WFC
1983-11-14,0.41969599513332456,0.43053704258734515,0.4165987960673342,0.4227934777736664,376800,0.0,0.0,WFC
1983-11-15,0.4227934777736664,0.42589096041400815,0.41969599513332456,0.4227934777736664,297600,0.0,0.0,WFC
1983-11-16,0.4227935470964598,0.4274396300315857,0.4196960639482432,0.4274396300315857,734400,0.0,0.0,WFC
1983-11-17,0.4274395032131926,0.4367316663265228,0.4274395032131926,0.4367316663265228,792000,0.0,0.0,WFC
1983-11-18,0.43673165872625513,0.43982914090156555,0.4305369779499431,0.43982914090156555,1382400,0.0,0.0,WFC
1983-11-21,0.43982900517884344,0.43982900517884344,0.43363404273986816,0.43363404273986816,129600,0.0,0.0,WFC
1983-11-22,0.43363417655094466,0.43982914090156555,0.43363417655094466,0.43982914090156555,693600,0.0,0.0,WFC
1983-11-23,0.43982900517884344,0.4460236840435974,0.43363404273986816,0.43363404273986816,1135200,0.0,0.0,WFC
1983-11-25,0.43363404273986816,0.43673152395935577,0.43363404273986816,0.43363404273986816,84000,0.0,0.0,WFC
1983-11-28,0.43363418409730814,0.4367316663265228,0.43363418409730814,0.4367316663265228,76800,0.0,0.0,WFC
1983-11-29,0.43673165872625513,0.43982914090156555,0.43363417655094466,0.43982914090156555,444000,0.0,0.0,WFC
1983-11-30,0.4398289658364694,0.4398289658364694,0.43053680658340454,0.43053680658340454,300000,0.0,0.0,WFC
1983-12-01,0.4305368450946018,0.43363404273986816,0.4305368450946018,0.43363404273986816,952800,0.0,0.0,WFC
1983-12-02,0.43363417275305943,0.43363417275305943,0.42589089274406433,0.42589089274406433,1068000,0.0,0.0,WFC
1983-12-05,0.42589096041400815,0.42589096041400815,0.4165987960673342,0.4227934777736664,628800,0.0,0.0,WFC
1983-12-06,0.41969573186911013,0.41969573186911013,0.4135010540485382,0.4135010540485382,278400,0.0,0.0,WFC
1983-12-07,0.4135010540485382,0.41969573186911013,0.4135010540485382,0.4135010540485382,148800,0.0,0.0,WFC
1983-12-08,0.4135010540485382,0.41659853474591096,0.4073063762279663,0.4135010540485382,638400,0.0,0.0,WFC
1983-12-09,0.41350112027158087,0.41350112027158087,0.41040363907814026,0.41040363907814026,122400,0.0,0.0,WFC
1983-12-12,0.41040357335116545,0.41659853474591096,0.4073063762279663,0.4135010540485382,525600,0.0,0.0,WFC
1983-12-13,0.4135011719149782,0.41659865349527253,0.4073064923286438,0.4073064923286438,520800,0.0,0.0,WFC
1983-12-14,0.4073064817988495,0.4073064817988495,0.3918193578720093,0.3918193578720093,616800,0.0,0.0,WFC
1983-12-15,0.3918193578720093,0.3918193578720093,0.3871732774088066,0.3918193578720093,938400,0.0,0.0,WFC
1983-12-16,0.39027085909022446,0.39027085909022446,0.3809786957785524,0.38407617807388306,748800,0.0,0.0,WFC
1983-12-19,0.38407617807388306,0.38717337679489383,0.3809786957785524,0.38407617807388306,657600,0.0,0.0,WFC
1983-12-20,0.3840760147793095,0.3949167728424072,0.3840760147793095,0.3949167728424072,499200,0.0,0.0,WFC
1983-12-21,0.3949167369184933,0.39801421761512756,0.3918192562218591,0.39801421761512756,364800,0.0,0.0,WFC
1983-12-22,0.39801421761512756,0.4011114147375883,0.3918192562218591,0.39801421761512756,861600,0.0,0.0,WFC
1983-12-23,0.3980143311620151,0.4073064923286438,0.3980143311620151,0.4073064923286438,386400,0.0,0.0,WFC
1983-12-27,0.4073063762279663,0.4135010540485382,0.4073063762279663,0.4135010540485382,612000,0.0,0.0,WFC
1983-12-28,0.4135013141983624,0.4165987968444824,0.41040383155224236,0.4165987968444824,844800,0.0,0.0,WFC
1983-12-29,0.4165987968444824,0.4196959959162505,0.4165987968444824,0.4165987968444824,1648800,0.0,0.0,WFC
1983-12-30,0.4165987968444824,0.4196959959162505,0.4165987968444824,0.4165987968444824,81600,0.0,0.0,WFC
1984-01-03,0.41659865349527253,0.41969585150131256,0.4073064923286438,0.4073064923286438,494400,0.0,0.0,WFC
1984-01-04,0.4073064923286438,0.4073064923286438,0.4011115291680551,0.4073064923286438,614400,0.0,0.0,WFC
1984-01-05,0.4073063762279663,0.41969573186911013,0.4073063762279663,0.4135010540485382,1627200,0.0,0.0,WFC
1984-01-06,0.41350112027158087,0.41350112027158087,0.4011114790720373,0.41040363907814026,885600,0.0,0.0,WFC
1984-01-09,0.4104036903346838,0.4135011719149782,0.3980143311620151,0.4073064923286438,1219200,0.0,0.0,WFC
1984-01-10,0.4073064923286438,0.4073064923286438,0.4011115291680551,0.4073064923286438,2858400,0.0,0.0,WFC
1984-01-11,0.4011114147375883,0.4011114147375883,0.3949167369184933,0.39801421761512756,3175200,0.0,0.0,WFC
1984-01-12,0.39801421761512756,0.4011114147375883,0.39801421761512756,0.39801421761512756,2097600,0.0,0.0,WFC
1984-01-13,0.39801421761512756,0.39801421761512756,0.39801421761512756,0.39801421761512756,904800,0.0,0.0,WFC
1984-01-16,0.39801421761512756,0.4011114147375883,0.39801421761512756,0.39801421761512756,2102400,0.0,0.0,WFC
1984-01-17,0.39801421761512756,0.4011114147375883,0.39801421761512756,0.39801421761512756,703200,0.0,0.0,WFC
1984-01-18,0.39801432087244415,0.39801432087244415,0.3918193578720093,0.3918193578720093,86400,0.0,0.0,WFC
1984-01-19,0.3918192918640082,0.39801425382080624,0.3871732121835093,0.3949167728424072,132000,0.0,0.0,WFC
1984-01-20,0.3918193578720093,0.3918193578720093,0.390270758909024,0.3918193578720093,972000,0.0,0.0,WFC
1984-01-23,0.3918193578720093,0.39801432087244415,0.390270758909024,0.3918193578720093,907200,0.0,0.0,WFC
1984-01-24,0.3918192918640082,0.3949167728424072,0.3918192918640082,0.3949167728424072,136800,0.0,0.0,WFC
1984-01-25,0.3949167369184933,0.39801421761512756,0.3918192562218591,0.39801421761512756,1264800,0.0,0.0,WFC
1984-01-26,0.3949167728424072,0.3949167728424072,0.3918192918640082,0.3949167728424072,357600,0.0,0.0,WFC
1984-01-27,0.3949168393722267,0.39801432087244415,0.390270758909024,0.3918193578720093,4867200,0.0,0.0,WFC
1984-01-30,0.39590416798731515,0.39590416798731515,0.389620070733837,0.3927619755268097,1300800,0.01875,0.0,WFC
1984-01-31,0.3927619755268097,0.3927619755268097,0.389620070733837,0.3927619755268097,1653600,0.0,0.0,WFC
1984-02-01,0.39276200796156985,0.40375953864776204,0.38962010290913485,0.39747515320777893,609600,0.0,0.0,WFC
1984-02-02,0.39747501616303843,0.39747501616303843,0.3959040641784668,0.3959040641784668,705600,0.0,0.0,WFC
1984-02-03,0.3959040641784668,0.4037593994362396,0.3959040641784668,0.3959040641784668,784800,0.0,0.0,WFC
1984-02-06,0.3959040641784668,0.3959040641784668,0.3896199685727229,0.3959040641784668,364800,0.0,0.0,WFC
1984-02-07,0.39590411348430743,0.4037594497203827,0.39276192145637867,0.4037594497203827,1377600,0.0,0.0,WFC
1984-02-08,0.40375953864776204,0.40690144370019704,0.39747515320777893,0.39747515320777893,2594400,0.0,0.0,WFC
1984-02-09,0.39747515320777893,0.40375953864776204,0.39276200796156985,0.39747515320777893,880800,0.0,0.0,WFC
1984-02-10,0.39747515320777893,0.39747515320777893,0.38962010290913485,0.39747515320777893,424800,0.0,0.0,WFC
1984-02-13,0.39747501616303843,0.4037593994362396,0.3959040641784668,0.3959040641784668,2978400,0.0,0.0,WFC
1984-02-14,0.39747506566452523,0.4037594497203827,0.39747506566452523,0.4037594497203827,523200,0.0,0.0,WFC
1984-02-15,0.4037594497203827,0.4037594497203827,0.4037594497203827,0.4037594497203827,444000,0.0,0.0,WFC
1984-02-16,0.4037594497203827,0.4037594497203827,0.4037594497203827,0.4037594497203827,410400,0.0,0.0,WFC
1984-02-17,0.40375963258859254,0.4069015383720398,0.40375963258859254,0.4069015383720398,184800,0.0,0.0,WFC
1984-02-21,0.4037593994362396,0.4037593994362396,0.3959040641784668,0.3959040641784668,1192800,0.0,0.0,WFC
1984-02-22,0.3959040249266276,0.39747497675544746,0.3864777386188507,0.3864777386188507,962400,0.0,0.0,WFC
1984-02-23,0.3864778205752373,0.3864778205752373,0.3739093402771232,0.37705153226852417,1260000,0.0,0.0,WFC
1984-02-24,0.37705157756292734,0.3801937699317932,0.37390938519406147,0.3801937699317932,554400,0.0,0.0,WFC
1984-02-27,0.3801937699317932,0.38647786700200054,0.37705157756292734,0.3801937699317932,684000,0.0,0.0,WFC
1984-02-28,0.37705166205993595,0.37705166205993595,0.3707675635814667,0.3707675635814667,1094400,0.0,0.0,WFC
1984-02-29,0.37076743595321204,0.38019372425992515,0.37076743595321204,0.37705153226852417,1108800,0.0,0.0,WFC
1984-03-01,0.37705175849770933,0.38647805246015204,0.37705175849770933,0.3833358585834503,650400,0.0,0.0,WFC
1984-03-02,0.38333567463313467,0.38333567463313467,0.37705157756292734,0.3801937699317932,1653600,0.0,0.0,WFC
1984-03-05,0.38019372425992515,0.3833356285838363,0.37705153226852417,0.37705153226852417,928800,0.0,0.0,WFC
1984-03-06,0.37705175849770933,0.3833358585834503,0.37705175849770933,0.3833358585834503,266400,0.0,0.0,WFC
1984-03-07,0.38333567463313467,0.38647786700200054,0.3801937699317932,0.3801937699317932,348000,0.0,0.0,WFC
1984-03-08,0.38019395237441106,0.3833358585834503,0.38019395237441106,0.3833358585834503,280800,0.0,0.0,WFC
1984-03-09,0.38333567463313467,0.38647786700200054,0.3801937699317932,0.3801937699317932,204000,0.0,0.0,WFC
1984-03-12,0.38019372425992515,0.38019372425992515,0.3739093402771232,0.37705153226852417,343200,0.0,0.0,WFC
1984-03-13,0.3770514523110739,0.3896199299439193,0.3770514523110739,0.3864777386188507,2395200,0.0,0.0,WFC
1984-03-14,0.3864777386188507,0.3896199299439193,0.38333554729378216,0.3864777386188507,2563200,0.0,0.0,WFC
1984-03-15,0.389620070733837,0.3927619755268097,0.389620070733837,0.3927619755268097,1111200,0.0,0.0,WFC
1984-03-16,0.39276192145637867,0.4037594497203827,0.39276192145637867,0.4037594497203827,5265600,0.0,0.0,WFC
1984-03-19,0.400617312844307,0.400617312844307,0.3927619755268097,0.3927619755268097,748800,0.0,0.0,WFC
1984-03-20,0.39276192145637867,0.4037594497203827,0.39276192145637867,0.4037594497203827,420000,0.0,0.0,WFC
1984-03-21,0.4037594497203827,0.4037594497203827,0.39276192145637867,0.4037594497203827,576000,0.0,0.0,WFC
1984-03-22,0.4037594497203827,0.4037594497203827,0.4037594497203827,0.4037594497203827,1696800,0.0,0.0,WFC
1984-03-23,0.4037594497203827,0.4037594497203827,0.39747506566452523,0.4037594497203827,134400,0.0,0.0,WFC
1984-03-26,0.40375963258859254,0.4069015383720398,0.39747524568645104,0.4069015383720398,302400,0.0,0.0,WFC
1984-03-27,0.4037594497203827,0.4037594497203827,0.39747506566452523,0.4037594497203827,451200,0.0,0.0,WFC
1984-03-28,0.4037594637992537,0.4037594637992537,0.3974750795242632,0.4006172716617584,513600,0.0,0.0,WFC
1984-03-29,0.3974753584626321,0.3974753584626321,0.389620304107666,0.389620304107666,153600,0.0,0.0,WFC
1984-03-30,0.3927619755268097,0.39590416798731515,0.3927619755268097,0.3927619755268097,74400,0.0,0.0,WFC
1984-04-02,0.3927622107825704,0.3974753584626321,0.38647810976505653,0.389620304107666,374400,0.0,0.0,WFC
1984-04-03,0.38647786700200054,0.38647786700200054,0.3801937699317932,0.3801937699317932,520800,0.0,0.0,WFC
1984-04-04,0.3801937699317932,0.38333567463313467,0.3801937699317932,0.3801937699317932,1341600,0.0,0.0,WFC
1984-04-05,0.38019385513296505,0.38019385513296505,0.3707675635814667,0.3707675635814667,564000,0.0,0.0,WFC
1984-04-06,0.36762528055913674,0.36762528055913674,0.36134118361823886,0.3644830882549286,636000,0.0,0.0,WFC
1984-04-09,0.3644831774354085,0.3707675635814667,0.36134127202996824,0.3707675635814667,1036800,0.0,0.0,WFC
1984-04-10,0.37076747286334494,0.37076747286334494,0.3644830882549286,0.3644830882549286,153600,0.0,0.0,WFC
1984-04-11,0.3644831774354085,0.3707675635814667,0.3644831774354085,0.3707675635814667,590400,0.0,0.0,WFC
1984-04-12,0.3707675635814667,0.3707675635814667,0.3644831774354085,0.3707675635814667,223200,0.0,0.0,WFC
1984-04-13,0.3707675635814667,0.37705166205993595,0.3707675635814667,0.3707675635814667,648000,0.0,0.0,WFC
1984-04-16,0.3707675635814667,0.3707675635814667,0.3644831774354085,0.3707675635814667,475200,0.0,0.0,WFC
1984-04-17,0.37705153226852417,0.3833356285838363,0.37705153226852417,0.37705153226852417,338400,0.0,0.0,WFC
1984-04-18,0.37705166205993595,0.37705166205993595,0.3676253705084376,0.3707675635814667,122400,0.0,0.0,WFC
1984-04-19,0.37076757872420363,0.37076757872420363,0.36134128678772054,0.3676253855228424,156000,0.0,0.0,WFC
1984-04-23,0.3676253855228424,0.3676253855228424,0.36134128678772054,0.3676253855228424,1267200,0.0,0.0,WFC
1984-04-24,0.36762528055913674,0.36762528055913674,0.36134118361823886,0.3644830882549286,312000,0.0,0.0,WFC
1984-04-25,0.36448293270138626,0.36448293270138626,0.36134102940559387,0.36134102940559387,247200,0.0,0.0,WFC
1984-04-26,0.36134128678772054,0.3676253855228424,0.35819909358635926,0.3676253855228424,2088000,0.0,0.0,WFC
1984-04-27,0.36762528055913674,0.37076747286334494,0.36134118361823886,0.3644830882549286,931200,0.0,0.0,WFC
1984-04-30,0.3638449494043986,0.3638449494043986,0.3558657960958226,0.3590575158596039,520800,0.01875,0.0,WFC
1984-05-01,0.3590575158596039,0.3590575158596039,0.35267436853379575,0.3590575158596039,1593600,0.0,0.0,WFC
1984-05-02,0.3590574631324181,0.382994627341246,0.3590574631324181,0.37341976165771484,962400,0.0,0.0,WFC
1984-05-03,0.37341965128165966,0.3766113696333267,0.3702279329299927,0.3702279329299927,854400,0.0,0.0,WFC
1984-05-04,0.3702279329299927,0.3702279329299927,0.36384478842828377,0.3702279329299927,736800,0.0,0.0,WFC
1984-05-07,0.37022804236263396,0.37341976165771484,0.3638448959741837,0.37341976165771484,288000,0.0,0.0,WFC
1984-05-08,0.37341965128165966,0.37341965128165966,0.3702279329299927,0.3702279329299927,98400,0.0,0.0,WFC
1984-05-09,0.3702280948096131,0.382994681596756,0.36384494751691815,0.382994681596756,1644000,0.0,0.0,WFC
1984-05-10,0.38299447152672744,0.39256933331489563,0.3798027535301405,0.39256933331489563,2685600,0.0,0.0,WFC
1984-05-11,0.38937782888945094,0.38937782888945094,0.382994681596756,0.382994681596756,427200,0.0,0.0,WFC
1984-05-14,0.38299455678401706,0.38299455678401706,0.3766114115715027,0.3766114115715027,1240800,0.0,0.0,WFC
1984-05-15,0.3766114115715027,0.3766114115715027,0.3702279741573306,0.3766114115715027,998400,0.0,0.0,WFC
1984-05-16,0.3766115256062175,0.3766115256062175,0.3622492253780365,0.3622492253780365,688800,0.0,0.0,WFC
1984-05-17,0.3622492253780365,0.36384493911391896,0.3590575057045253,0.3622492253780365,1675200,0.0,0.0,WFC
1984-05-18,0.3622492356233852,0.3622492356233852,0.3558657960958226,0.3590575158596039,2071200,0.0,0.0,WFC
1984-05-21,0.3590575057045253,0.3622492253780365,0.3590575057045253,0.3622492253780365,91200,0.0,0.0,WFC
1984-05-22,0.3622491877531741,0.367036620665323,0.35905746841116953,0.3638449013233185,360000,0.0,0.0,WFC
1984-05-23,0.36384493911391896,0.36384493911391896,0.3590575057045253,0.3622492253780365,465600,0.0,0.0,WFC
1984-05-24,0.36224908174212045,0.36224908174212045,0.34309935569763184,0.34309935569763184,748800,0.0,0.0,WFC
1984-05-25,0.34629101336794227,0.3558658827901142,0.34629101336794227,0.3526744544506073,955200,0.0,0.0,WFC
1984-05-29,0.3526744465511029,0.3526744465511029,0.3462910056114197,0.3462910056114197,372000,0.0,0.0,WFC
1984-05-30,0.34948264877001445,0.3590575158596039,0.34948264877001445,0.3590575158596039,340800,0.0,0.0,WFC
1984-05-31,0.3494827151298523,0.3494827151298523,0.3462909947600266,0.3494827151298523,2035200,0.0,0.0,WFC
1984-06-01,0.34948270435872497,0.34948270435872497,0.3367161154747009,0.3367161154747009,2251200,0.0,0.0,WFC
1984-06-04,0.33671604577768804,0.34309948499928944,0.3335246183686278,0.33990776538848877,1161600,0.0,0.0,WFC
1984-06-05,0.33990785263781315,0.33990785263781315,0.3335247039794922,0.3335247039794922,374400,0.0,0.0,WFC
1984-06-06,0.3335245439255022,0.3335245439255022,0.3271411061286926,0.3271411061286926,931200,0.0,0.0,WFC
1984-06-07,0.3271411061286926,0.3271411061286926,0.3223536738819231,0.3271411061286926,1068000,0.0,0.0,WFC
1984-06-08,0.3271412631193558,0.3335247039794922,0.3271412631193558,0.3335247039794922,139200,0.0,0.0,WFC
1984-06-11,0.3335247039794922,0.33671613220774493,0.3335247039794922,0.3335247039794922,499200,0.0,0.0,WFC
1984-06-12,0.3335247039794922,0.33671613220774493,0.3335247039794922,0.3335247039794922,2563200,0.0,0.0,WFC
1984-06-13,0.3335247039794922,0.3335247039794922,0.3271412631193558,0.3335247039794922,981600,0.0,0.0,WFC
1984-06-14,0.3303328250270974,0.3303328250270974,0.3271411061286926,0.3271411061286926,100800,0.0,0.0,WFC
1984-06-15,0.3271411491602769,0.333524587796753,0.3159705698490143,0.3159705698490143,748800,0.0,0.0,WFC
1984-06-18,0.315970515719088,0.32554537983178766,0.315970515719088,0.32235366106033325,1166400,0.0,0.0,WFC
1984-06-19,0.3223536738819231,0.3271411061286926,0.3223536738819231,0.3271411061286926,211200,0.0,0.0,WFC
1984-06-20,0.32714124686213314,0.3367161154747009,0.3255455328273055,0.3367161154747009,494400,0.0,0.0,WFC
1984-06-21,0.33671604577768804,0.34309948499928944,0.33671604577768804,0.33990776538848877,314400,0.0,0.0,WFC
1984-06-22,0.3399078644871029,0.3526744544506073,0.3367161439457704,0.3526744544506073,295200,0.0,0.0,WFC
1984-06-25,0.3526744544506073,0.3558658827901142,0.3494827339092748,0.3526744544506073,144000,0.0,0.0,WFC
1984-06-26,0.352674435499678,0.352674435499678,0.3494827151298523,0.3494827151298523,3787200,0.0,0.0,WFC
1984-06-27,0.3494825003119179,0.35267421871987614,0.34309935569763184,0.34309935569763184,3513600,0.0,0.0,WFC
1984-06-28,0.3430995730678813,0.3430995730678813,0.3271412631193558,0.3335247039794922,292800,0.0,0.0,WFC
1984-06-29,0.33352453065959187,0.33352453065959187,0.32235366106033325,0.32235366106033325,792000,0.0,0.0,WFC
1984-07-02,0.32235391067140823,0.32235391067140823,0.3095876101034785,0.312779039144516,2505600,0.0,0.0,WFC
1984-07-03,0.315970515719088,0.32235366106033325,0.315970515719088,0.32235366106033325,744000,0.0,0.0,WFC
1984-07-05,0.3191622891672523,0.3191622891672523,0.3159705698490143,0.3159705698490143,316800,0.0,0.0,WFC
1984-07-06,0.3159707603874434,0.3191624816303707,0.312779039144516,0.312779039144516,177600,0.0,0.0,WFC
1984-07-09,0.3127787952158769,0.3127787952158769,0.30639564990997314,0.30639564990997314,132000,0.0,0.0,WFC
1984-07-10,0.30639543430432686,0.30958715081214905,0.30639543430432686,0.30958715081214905,492000,0.0,0.0,WFC
1984-07-11,0.3095874085232998,0.3095874085232998,0.2968208240661257,0.3032039701938629,1593600,0.0,0.0,WFC
1984-07-12,0.30320398582621405,0.30320398582621405,0.3000125586986542,0.3000125586986542,784800,0.0,0.0,WFC
1984-07-13,0.30320416761762375,0.3159707603874434,0.30320416761762375,0.312779039144516,1039200,0.0,0.0,WFC
1984-07-16,0.3127788409269729,0.3191622793674469,0.3127788409269729,0.3191622793674469,60000,0.0,0.0,WFC
1984-07-17,0.3191622793674469,0.32554542560621624,0.3191622793674469,0.3191622793674469,268800,0.0,0.0,WFC
1984-07-18,0.31916223449054243,0.32554537983178766,0.315970515719088,0.32235366106033325,1044000,0.0,0.0,WFC
1984-07-19,0.32235391067140823,0.3255456319143356,0.312779039144516,0.312779039144516,2227200,0.0,0.0,WFC
1984-07-20,0.31277885053077625,0.3159705698490143,0.31277885053077625,0.3159705698490143,338400,0.0,0.0,WFC
1984-07-23,0.3159707603874434,0.3159707603874434,0.312779039144516,0.312779039144516,117600,0.0,0.0,WFC
1984-07-24,0.3127788516123231,0.3127788516123231,0.3000125586986542,0.3000125586986542,2805600,0.0,0.0,WFC
1984-07-25,0.3000125432308441,0.3032039701938629,0.2968208240661257,0.3032039701938629,1636800,0.0,0.0,WFC
1984-07-26,0.3032037177965046,0.30958715081214905,0.3000122934901388,0.30958715081214905,2275200,0.0,0.0,WFC
1984-07-27,0.30958715081214905,0.30958715081214905,0.3000122934901388,0.30958715081214905,352800,0.0,0.0,WFC
1984-07-30,0.30639564990997314,0.30639564990997314,0.30320393115619027,0.30639564990997314,156000,0.0,0.0,WFC
1984-07-31,0.30639564990997314,0.3127787952158769,0.30320393115619027,0.30639564990997314,2688000,0.0,0.0,WFC
1984-08-01,0.30639570515548864,0.3095874244847632,0.3000125586986542,0.3000125586986542,475200,0.0,0.0,WFC
1984-08-02,0.30639569468820355,0.3223537063859792,0.30639569468820355,0.3191622793674469,5776800,0.0,0.0,WFC
1984-08-03,0.3191622793674469,0.3271411391154824,0.30639569468820355,0.3191622793674469,2856000,0.0,0.0,WFC
1984-08-06,0.32501253485679626,0.32501253485679626,0.31526216178667005,0.32501253485679626,1286400,0.01875,0.0,WFC
1984-08-07,0.3250126676059166,0.33963823318481445,0.3217624427357526,0.33963823318481445,1281600,0.0,0.0,WFC
1984-08-08,0.33963823318481445,0.349388610237413,0.33963823318481445,0.33963823318481445,794400,0.0,0.0,WFC
1984-08-09,0.33963815198824804,0.3656390520599002,0.33963815198824804,0.35263845324516296,825600,0.0,0.0,WFC
1984-08-10,0.36238867554440357,0.3835146769273852,0.36238867554440357,0.373764306306839,2378400,0.0,0.0,WFC
1984-08-13,0.3705141878128052,0.3705141878128052,0.36563900113105774,0.36563900113105774,686400,0.0,0.0,WFC
1984-08-14,0.36563900113105774,0.368889224771483,0.3591388514079881,0.36563900113105774,345600,0.0,0.0,WFC
1984-08-15,0.3656390134032932,0.3656390134032932,0.3591388634620538,0.3623887896537781,1262400,0.0,0.0,WFC
1984-08-16,0.36563901861481857,0.37701435556357016,0.36563901861481857,0.3688892424106598,1507200,0.0,0.0,WFC
1984-08-17,0.3688891618676519,0.37376434771807143,0.3688891618676519,0.3705141246318817,609600,0.0,0.0,WFC
1984-08-20,0.3705141878128052,0.3770143375358748,0.36563900113105774,0.36563900113105774,1396800,0.0,0.0,WFC
1984-08-21,0.3656390134032932,0.3656390134032932,0.3591388634620538,0.3623887896537781,967200,0.0,0.0,WFC
1984-08-22,0.36563900113105774,0.368889224771483,0.36563900113105774,0.36563900113105774,1137600,0.0,0.0,WFC
1984-08-23,0.36563900113105774,0.36563900113105774,0.36238877749063253,0.36563900113105774,2112000,0.0,0.0,WFC
1984-08-24,0.36563901861481857,0.3688892424106598,0.3623887948189774,0.3688892424106598,2808000,0.0,0.0,WFC
1984-08-27,0.3656390134032932,0.3656390134032932,0.3623887896537781,0.3623887896537781,139200,0.0,0.0,WFC
1984-08-28,0.3623887896537781,0.3656390134032932,0.3591388634620538,0.3623887896537781,201600,0.0,0.0,WFC
1984-08-29,0.36238877749063253,0.368889224771483,0.36238877749063253,0.36563900113105774,458400,0.0,0.0,WFC
1984-08-30,0.36563887861878047,0.36563887861878047,0.33963799088067204,0.34938836097717285,8500800,0.0,0.0,WFC
1984-08-31,0.34938856574916244,0.34938856574916244,0.3396381899380961,0.34288811683654785,4156800,0.0,0.0,WFC
1984-09-04,0.34288811683654785,0.34938856574916244,0.34288811683654785,0.34288811683654785,2575200,0.0,0.0,WFC
1984-09-05,0.34288811683654785,0.34938856574916244,0.34288811683654785,0.34288811683654785,1771200,0.0,0.0,WFC
1984-09-06,0.342887931123134,0.342887931123134,0.3363877832889557,0.3363877832889557,6993600,0.0,0.0,WFC
1984-09-07,0.33313759815676103,0.33313759815676103,0.31851204071244865,0.3217622637748718,4322400,0.0,0.0,WFC
1984-09-10,0.32176231131416355,0.32501253485679626,0.31851208777153084,0.32501253485679626,5815200,0.0,0.0,WFC
1984-09-11,0.3250124902102116,0.3363878247101518,0.3250124902102116,0.3331376016139984,3108000,0.0,0.0,WFC
1984-09-12,0.33313778344448647,0.33963823318481445,0.33313778344448647,0.33963823318481445,614400,0.0,0.0,WFC
1984-09-13,0.3396381899380961,0.34288811683654785,0.3396381899380961,0.34288811683654785,1754400,0.0,0.0,WFC
1984-09-14,0.3428880422722691,0.3623887896537781,0.3428880422722691,0.3623887896537781,4735200,0.0,0.0,WFC
1984-09-17,0.3623887948189774,0.3688892424106598,0.3623887948189774,0.3688892424106598,3108000,0.0,0.0,WFC
1984-09-18,0.3688892424106598,0.37051420552968284,0.36563901861481857,0.3688892424106598,2829600,0.0,0.0,WFC
1984-09-19,0.368889224771483,0.3705141878128052,0.36563900113105774,0.36563900113105774,1809600,0.0,0.0,WFC
1984-09-20,0.36563900113105774,0.36563900113105774,0.36238877749063253,0.36563900113105774,849600,0.0,0.0,WFC
1984-09-21,0.36563887861878047,0.36563887861878047,0.34938836097717285,0.34938836097717285,1850400,0.0,0.0,WFC
1984-09-24,0.34938836097717285,0.34938836097717285,0.34288791587438483,0.34938836097717285,950400,0.0,0.0,WFC
1984-09-25,0.349388610237413,0.349388610237413,0.33963823318481445,0.33963823318481445,1598400,0.0,0.0,WFC
1984-09-26,0.33963799088067204,0.34938836097717285,0.33963799088067204,0.34938836097717285,758400,0.0,0.0,WFC
1984-09-27,0.3493885143244083,0.3558886647224426,0.3428880663685623,0.3558886647224426,2392800,0.0,0.0,WFC
1984-09-28,0.3558886647224426,0.3558886647224426,0.3493885143244083,0.3558886647224426,216000,0.0,0.0,WFC
1984-10-01,0.35588871140015055,0.3656390870549492,0.35588871140015055,0.35913893580436707,645600,0.0,0.0,WFC
1984-10-02,0.35913893580436707,0.3623888626507327,0.35913893580436707,0.35913893580436707,561600,0.0,0.0,WFC
1984-10-03,0.3591388887003657,0.36238881512047694,0.3558886647224426,0.3558886647224426,1617600,0.0,0.0,WFC
1984-10-04,0.35588871140015055,0.3623888626507327,0.35588871140015055,0.35913893580436707,1533600,0.0,0.0,WFC
1984-10-05,0.35913893580436707,0.3623888626507327,0.35913893580436707,0.35913893580436707,1044000,0.0,0.0,WFC
1984-10-08,0.35913893580436707,0.35913893580436707,0.35913893580436707,0.35913893580436707,669600,0.0,0.0,WFC
1984-10-09,0.35913873107367367,0.35913873107367367,0.34938836097717285,0.34938836097717285,340800,0.0,0.0,WFC
1984-10-10,0.34938856574916244,0.34938856574916244,0.34288811683654785,0.34288811683654785,1586400,0.0,0.0,WFC
1984-10-11,0.34938836097717285,0.35913873107367367,0.34938836097717285,0.34938836097717285,1989600,0.0,0.0,WFC
1984-10-12,0.34938856574916244,0.34938856574916244,0.34288811683654785,0.34288811683654785,4550400,0.0,0.0,WFC
1984-10-15,0.3428879733447275,0.3428879733447275,0.3331376016139984,0.3331376016139984,609600,0.0,0.0,WFC
1984-10-16,0.33313778344448647,0.33963823318481445,0.33313778344448647,0.33963823318481445,926400,0.0,0.0,WFC
1984-10-17,0.33963804780630513,0.33963804780630513,0.33151263884478727,0.3331376016139984,3000000,0.0,0.0,WFC
1984-10-18,0.33313778344448647,0.33963823318481445,0.32826259491818716,0.33963823318481445,873600,0.0,0.0,WFC
1984-10-19,0.3396381899380961,0.34938856574916244,0.3396381899380961,0.34288811683654785,1960800,0.0,0.0,WFC
1984-10-22,0.34288811683654785,0.34938856574916244,0.3396381899380961,0.34288811683654785,4742400,0.0,0.0,WFC
1984-10-23,0.3428879102381188,0.34613813273608685,0.3087616154613215,0.31201183795928955,2733600,0.0,0.0,WFC
1984-10-24,0.30551179168339027,0.30551179168339027,0.2843857847877795,0.2925111949443817,5976000,0.0,0.0,WFC
1984-10-25,0.2925112419300316,0.3055118407573072,0.2925112419300316,0.29576146602630615,14160000,0.0,0.0,WFC
1984-10-26,0.29576146602630615,0.2990113925647581,0.2925112419300316,0.29576146602630615,7212000,0.0,0.0,WFC
1984-10-29,0.2957613882364813,0.31201190932807016,0.2957613882364813,0.30876168608665466,4176000,0.0,0.0,WFC
1984-10-30,0.30876145872875593,0.3152619004249573,0.30876145872875593,0.3152619004249573,2616000,0.0,0.0,WFC
1984-10-31,0.3152619004249573,0.3185118237155327,0.3120116795768566,0.3152619004249573,2193600,0.0,0.0,WFC
1984-11-01,0.3136367690892467,0.3168869912624359,0.3120118067814754,0.3168869912624359,1279200,0.0,0.0,WFC
1984-11-02,0.324502852632001,0.324502852632001,0.3162249181613867,0.3195359706878662,48768000,0.01875,0.0,WFC
1984-11-05,0.3261587247047139,0.3278142511844635,0.3228473685907595,0.3278142511844635,1444800,0.0,0.0,WFC
1984-11-06,0.3311256021366708,0.3360924846529486,0.32946977252827786,0.33443665504455566,1116000,0.0,0.0,WFC
1984-11-07,0.33443677368058916,0.33443677368058916,0.32781436236117567,0.3294698894023895,5056800,0.0,0.0,WFC
1984-11-08,0.3294697250014395,0.3294697250014395,0.32284731698651825,0.32615867257118225,1996800,0.0,0.0,WFC
1984-11-09,0.3261588047893869,0.3294698585618786,0.32450297474861145,0.32450297474861145,2229600,0.0,0.0,WFC
1984-11-12,0.3245028950705091,0.3278142511844635,0.3228473685907595,0.3278142511844635,1617600,0.0,0.0,WFC
1984-11-13,0.3278142186311575,0.3294697449465065,0.3228473365306854,0.3228473365306854,2757600,0.0,0.0,WFC
1984-11-14,0.3228473139191259,0.32450284011852526,0.317880432166524,0.32119178771972656,2474400,0.0,0.0,WFC
1984-11-15,0.3211917170973777,0.3211917170973777,0.3178803622722626,0.3178803622722626,1180800,0.0,0.0,WFC
1984-11-16,0.3178803622722626,0.31953588810765154,0.3178803622722626,0.3178803622722626,1262400,0.0,0.0,WFC
1984-11-19,0.31788045443021334,0.3245028628460344,0.31788045443021334,0.3228473365306854,806400,0.0,0.0,WFC
1984-11-20,0.31788039909310095,0.3195359251202534,0.3162248730659485,0.3162248730659485,4543200,0.0,0.0,WFC
1984-11-21,0.3162248730659485,0.31788039909310095,0.3145690438844237,0.3162248730659485,424800,0.0,0.0,WFC
1984-11-23,0.3162249059671246,0.32119178771972656,0.3145690766133214,0.32119178771972656,2385600,0.0,0.0,WFC
1984-11-26,0.3211917058477148,0.3211917058477148,0.31456899642944336,0.31456899642944336,1056000,0.0,0.0,WFC
1984-11-27,0.31456912307401086,0.31456912307401086,0.31291359663009644,0.31291359663009644,288000,0.0,0.0,WFC
1984-11-28,0.31291353754176465,0.3145690636730615,0.29966841902821556,0.3013242483139038,669600,0.0,0.0,WFC
1984-11-29,0.30629125237464905,0.3096023059616205,0.30629125237464905,0.30629125237464905,254400,0.0,0.0,WFC
1984-11-30,0.3046353757381439,0.3046353757381439,0.30132432265862535,0.3046353757381439,1848000,0.0,0.0,WFC
1984-12-03,0.3046353757381439,0.3046353757381439,0.30297984919838467,0.3046353757381439,2520000,0.0,0.0,WFC
1984-12-04,0.3046352665462898,0.3046352665462898,0.29635733366012573,0.29635733366012573,835200,0.0,0.0,WFC
1984-12-05,0.29801317318285764,0.29966870087120356,0.29470181465148926,0.29470181465148926,604800,0.0,0.0,WFC
1984-12-06,0.2930459976196289,0.2947015236733655,0.28476776104219165,0.2930459976196289,1636800,0.0,0.0,WFC
1984-12-07,0.29470181465148926,0.29966870087120356,0.29304628696314333,0.29470181465148926,2020800,0.0,0.0,WFC
1984-12-10,0.2947015236733655,0.29801287893521583,0.2930459976196289,0.2930459976196289,926400,0.0,0.0,WFC
1984-12-11,0.2930459786130456,0.29635733366012573,0.2930459786130456,0.29635733366012573,1636800,0.0,0.0,WFC
1984-12-12,0.2980128928969187,0.30463530057649757,0.29635736676562185,0.3013242483139038,2647200,0.0,0.0,WFC
1984-12-13,0.30297989563316485,0.30629125237464905,0.3013243688396791,0.30629125237464905,1605600,0.0,0.0,WFC
1984-12-14,0.3062911829177613,0.3062911829177613,0.3013243005091189,0.30297982692718506,1106400,0.0,0.0,WFC
1984-12-17,0.3046353533452512,0.3062911829177613,0.3013243005091189,0.30297982692718506,2143200,0.0,0.0,WFC
1984-12-18,0.30132430521379794,0.31456912307401086,0.30132430521379794,0.31291359663009644,5570400,0.0,0.0,WFC
1984-12-19,0.3178803622722626,0.32946964942865975,0.31456900744714744,0.3178803622722626,6079200,0.0,0.0,WFC
1984-12-20,0.3178805640490984,0.32450297474861145,0.31456920712207714,0.32450297474861145,830400,0.0,0.0,WFC
1984-12-21,0.3195362273576469,0.3195362273576469,0.30794692789694916,0.3112582862377167,1000800,0.0,0.0,WFC
1984-12-24,0.3145692119875504,0.3145692119875504,0.3079468011856079,0.3079468011856079,691200,0.0,0.0,WFC
1984-12-26,0.3046353757381439,0.3062912054323694,0.2996684929643999,0.3046353757381439,2517600,0.0,0.0,WFC
1984-12-27,0.30463530057649757,0.30794665599348264,0.3013242483139038,0.3013242483139038,964800,0.0,0.0,WFC
1984-12-28,0.3046353533452512,0.30794670933582746,0.30297982692718506,0.30297982692718506,1521600,0.0,0.0,WFC
1984-12-31,0.3062912054323694,0.3062912054323694,0.30297984919838467,0.3046353757381439,1111200,0.0,0.0,WFC
1985-01-02,0.3046353757381439,0.3062912054323694,0.30297984919838467,0.3046353757381439,1538400,0.0,0.0,WFC
1985-01-03,0.30297972029075027,0.3178803622722626,0.30297972029075027,0.3178803622722626,2380800,0.0,0.0,WFC
1985-01-04,0.31456918949659046,0.31456918949659046,0.30463542242665065,0.30629125237464905,1704000,0.0,0.0,WFC
1985-01-07,0.30794692789694916,0.3178806997645927,0.30794692789694916,0.3112582862377167,748800,0.0,0.0,WFC
1985-01-08,0.31291361684580654,0.31291361684580654,0.30629120748786093,0.3096022605895996,585600,0.0,0.0,WFC
1985-01-09,0.30960212678664334,0.3178803622722626,0.30960212678664334,0.3178803622722626,660000,0.0,0.0,WFC
1985-01-10,0.3162248730659485,0.31788039909310095,0.3145690438844237,0.3162248730659485,1708800,0.0,0.0,WFC
1985-01-11,0.3178803622722626,0.31953588810765154,0.31456900744714744,0.3178803622722626,1454400,0.0,0.0,WFC
1985-01-14,0.31456900744714744,0.3211917170973777,0.31291348161175847,0.3178803622722626,506400,0.0,0.0,WFC
1985-01-15,0.3245028432016469,0.33112555437097485,0.3245028432016469,0.32615867257118225,1132800,0.0,0.0,WFC
1985-01-16,0.3261588353199618,0.33443677368058916,0.3245030051241899,0.3294698894023895,1171200,0.0,0.0,WFC
1985-01-17,0.3294698585618786,0.3294698585618786,0.32119192097611976,0.32450297474861145,1711200,0.0,0.0,WFC
1985-01-18,0.3261587247047139,0.3278142511844635,0.3228473685907595,0.3278142511844635,1526400,0.0,0.0,WFC
1985-01-21,0.32781436236117567,0.3294698894023895,0.32781436236117567,0.3294698894023895,1819200,0.0,0.0,WFC
1985-01-22,0.33112568860265407,0.3377480993021671,0.32450297474861145,0.32450297474861145,1257600,0.0,0.0,WFC
1985-01-23,0.327814207585764,0.3410593271255493,0.3261586813261964,0.3410593271255493,3079200,0.0,0.0,WFC
1985-01-24,0.3427150151957746,0.3427150151957746,0.3245030051241899,0.3294698894023895,6789600,0.0,0.0,WFC
1985-01-25,0.32615866849903513,0.3327810764312744,0.32615866849903513,0.3327810764312744,8378400,0.0,0.0,WFC
1985-01-28,0.337164392217034,0.33885011076927185,0.3354783649816699,0.33885011076927185,876000,0.01875,0.0,WFC
1985-01-29,0.3439075255281478,0.3489649891388559,0.342221807218939,0.34559324383735657,1080000,0.0,0.0,WFC
1985-01-30,0.3455933122392832,0.3573942687887068,0.3455933122392832,0.3557082414627075,2196000,0.0,0.0,WFC
1985-01-31,0.3557082214471718,0.3557082214471718,0.3506507571200408,0.3540225028991699,7183200,0.0,0.0,WFC
1985-02-01,0.35402259103556477,0.37593817234812754,0.3523368720678914,0.35739433765411377,2529600,0.0,0.0,WFC
1985-02-04,0.3557080940048336,0.36750904566220305,0.35233665811674075,0.36245158314704895,2296800,0.0,0.0,WFC
1985-02-05,0.3691949556103594,0.37088067443108347,0.36413749046501204,0.3658232092857361,876000,0.0,0.0,WFC
1985-02-06,0.36750917733256105,0.36750917733256105,0.3540225028991699,0.3540225028991699,571200,0.0,0.0,WFC
1985-02-07,0.35739412063189485,0.36245158314704895,0.3540223760607872,0.36245158314704895,1089600,0.0,0.0,WFC
1985-02-08,0.3607657353928568,0.3624517628558748,0.35570827037013836,0.3590800166130066,3139200,0.0,0.0,WFC
1985-02-11,0.3607657755894605,0.3607657755894605,0.35739433765411377,0.35739433765411377,638400,0.0,0.0,WFC
1985-02-12,0.3607657353928568,0.3624517628558748,0.35570827037013836,0.3590800166130066,818400,0.0,0.0,WFC
1985-02-13,0.3624517628558748,0.364137481635725,0.35570827037013836,0.3590800166130066,8858400,0.0,0.0,WFC
1985-02-14,0.36076560616493225,0.36076560616493225,0.3557081429538208,0.36076560616493225,751200,0.0,0.0,WFC
1985-02-15,0.3624518032403361,0.3624518032403361,0.35739433765411377,0.35739433765411377,614400,0.0,0.0,WFC
1985-02-19,0.3590798879889142,0.36076560616493225,0.3590798879889142,0.36076560616493225,580800,0.0,0.0,WFC
1985-02-20,0.3590800566217871,0.3590800566217871,0.3506508444170158,0.35739433765411377,2616000,0.0,0.0,WFC
1985-02-21,0.35570827037013836,0.3590800166130066,0.35570827037013836,0.3590800166130066,7392000,0.0,0.0,WFC
1985-02-22,0.3607657755894605,0.3607657755894605,0.3557083100032381,0.35739433765411377,900000,0.0,0.0,WFC
1985-02-25,0.3557083100032381,0.3590800566217871,0.35402259103556477,0.35739433765411377,2779200,0.0,0.0,WFC
1985-02-26,0.3590799874315632,0.3590799874315632,0.35233680417699464,0.3557082414627075,801600,0.0,0.0,WFC
1985-02-27,0.3523367344403551,0.3540224527495639,0.33716434360823094,0.34559324383735657,758400,0.0,0.0,WFC
1985-02-28,0.3523369345124952,0.3540226537789282,0.34559344008024906,0.3506509065628052,1084800,0.0,0.0,WFC
1985-03-01,0.354022483030955,0.354022483030955,0.3439075549443563,0.34896501898765564,1267200,0.0,0.0,WFC
1985-03-04,0.3506508074106228,0.3506508074106228,0.3371644397261329,0.3472793698310852,739200,0.0,0.0,WFC
1985-03-05,0.3472792708296471,0.3489649891388559,0.3439075255281478,0.34559324383735657,1108800,0.0,0.0,WFC
1985-03-06,0.3489649478320105,0.3489649478320105,0.34053573991756525,0.34222176671028137,4828800,0.0,0.0,WFC
1985-03-07,0.3455933423581467,0.3472793698310852,0.34053587730567053,0.3472793698310852,888000,0.0,0.0,WFC
1985-03-08,0.34559344008024906,0.3506509065628052,0.34222200154738297,0.3506509065628052,1418400,0.0,0.0,WFC
1985-03-11,0.3472792708296471,0.3489649891388559,0.3439075255281478,0.34559324383735657,340800,0.0,0.0,WFC
1985-03-12,0.34222178706389006,0.34390750527381897,0.3371643237510398,0.34390750527381897,448800,0.0,0.0,WFC
1985-03-13,0.3472793005342586,0.34896501898765564,0.3439075549443563,0.34896501898765564,506400,0.0,0.0,WFC
1985-03-14,0.34559327339775336,0.35065073744105274,0.34559327339775336,0.34896501898765564,1164000,0.0,0.0,WFC
1985-03-15,0.34727925037674034,0.35233671368959063,0.3405357601708976,0.34390750527381897,1231200,0.0,0.0,WFC
1985-03-18,0.3405357601708976,0.3455932234837479,0.3388500419609687,0.34390750527381897,393600,0.0,0.0,WFC
1985-03-19,0.3455933423581467,0.3506508074106228,0.3439076235683779,0.3472793698310852,672000,0.0,0.0,WFC
1985-03-20,0.3506508074106228,0.3523368348835614,0.3455933423581467,0.3472793698310852,7792800,0.0,0.0,WFC
1985-03-21,0.34896496858666926,0.35065068679659817,0.3388500419609687,0.34390750527381897,482400,0.0,0.0,WFC
1985-03-22,0.3472793005342586,0.3472793005342586,0.33379262685775757,0.33379262685775757,1552800,0.0,0.0,WFC
1985-03-25,0.3371643126010895,0.3371643126010895,0.333792567609671,0.3371643126010895,244800,0.0,0.0,WFC
1985-03-26,0.3422218364909592,0.35065073744105274,0.33716437244765984,0.34896501898765564,1392000,0.0,0.0,WFC
1985-03-27,0.3489650865675698,0.3607657353928568,0.3489650865675698,0.3590800166130066,7701600,0.0,0.0,WFC
1985-03-28,0.3590797949642342,0.3590797949642342,0.35065058890173395,0.3523366153240204,1747200,0.0,0.0,WFC
1985-03-29,0.3557082414627075,0.3557082414627075,0.35233680417699464,0.3557082414627075,1689600,0.0,0.0,WFC
1985-04-01,0.3557082414627075,0.3557082414627075,0.35233680417699464,0.3557082414627075,362400,0.0,0.0,WFC
1985-04-02,0.3540225028991699,0.3557082214471718,0.3540225028991699,0.3540225028991699,1442400,0.0,0.0,WFC
1985-04-03,0.35739429783315646,0.3590800166130066,0.3540225515902882,0.3590800166130066,8558400,0.0,0.0,WFC
1985-04-04,0.35739433765411377,0.3624518032403361,0.3557083100032381,0.35739433765411377,436800,0.0,0.0,WFC
1985-04-08,0.3540226537789282,0.3573944009950513,0.34559344008024906,0.3506509065628052,669600,0.0,0.0,WFC
1985-04-09,0.34896501898765564,0.354022483030955,0.3472793005342586,0.34896501898765564,184800,0.0,0.0,WFC
1985-04-10,0.3523368720678914,0.35739433765411377,0.3506508444170158,0.35739433765411377,15273600,0.0,0.0,WFC
1985-04-11,0.3607656360012849,0.3641373813152313,0.35739419937042133,0.3641373813152313,7773600,0.0,0.0,WFC
1985-04-12,0.36750930547714233,0.37425249070351535,0.36413755852233926,0.36750930547714233,451200,0.0,0.0,WFC
1985-04-15,0.3725665211677551,0.3759379571734009,0.37088049448190663,0.3725665211677551,559200,0.0,0.0,WFC
1985-04-16,0.372566590258556,0.372566590258556,0.3607656360012849,0.3641373813152313,422400,0.0,0.0,WFC
1985-04-17,0.3658232092857361,0.3691949556103594,0.36245177164428805,0.3658232092857361,840000,0.0,0.0,WFC
1985-04-18,0.3675091266291778,0.3708805632600413,0.36245166299979953,0.3641373813152313,4262400,0.0,0.0,WFC
1985-04-19,0.3675091980121311,0.3675091980121311,0.3557082414627075,0.3557082414627075,4010400,0.0,0.0,WFC
1985-04-22,0.35402259103556477,0.3590800566217871,0.35402259103556477,0.35739433765411377,324000,0.0,0.0,WFC
1985-04-23,0.3590800166130066,0.3607657353928568,0.35739429783315646,0.3590800166130066,223200,0.0,0.0,WFC
1985-04-24,0.35739429783315646,0.3590800166130066,0.35739429783315646,0.3590800166130066,290400,0.0,0.0,WFC
1985-04-25,0.35739433765411377,0.3590800566217871,0.35739433765411377,0.35739433765411377,1202400,0.0,0.0,WFC
1985-04-26,0.36076570607441966,0.36076570607441966,0.3557082414627075,0.3557082414627075,1430400,0.0,0.0,WFC
1985-04-29,0.3557082014843521,0.3557082014843521,0.3472793005342586,0.34896501898765564,333600,0.0,0.0,WFC
1985-04-30,0.3506508074106228,0.3506508074106228,0.3439076235683779,0.3472793698310852,710400,0.0,0.0,WFC
1985-05-01,0.3472792297223395,0.3472792297223395,0.33885002180789425,0.34222176671028137,338400,0.0,0.0,WFC
1985-05-02,0.34222178706389006,0.34390750527381897,0.3388500419609687,0.34390750527381897,1039200,0.0,0.0,WFC
1985-05-03,0.34390750527381897,0.34727925037674034,0.3371643237510398,0.34390750527381897,3748800,0.0,0.0,WFC
1985-05-06,0.3466532230377197,0.34836953810633625,0.3449372221974204,0.3466532230377197,688800,0.01875,0.0,WFC
1985-05-07,0.3466532190348438,0.35008553490412603,0.3432212173938751,0.3432212173938751,4588800,0.0,0.0,WFC
1985-05-08,0.34836953810633625,0.34836953810633625,0.3449372221974204,0.3466532230377197,345600,0.0,0.0,WFC
1985-05-09,0.35008553894663563,0.3535178548555515,0.3449372221974204,0.3466532230377197,492000,0.0,0.0,WFC
1985-05-10,0.3483696715499189,0.35180167454515204,0.34493735432624817,0.34493735432624817,3403200,0.0,0.0,WFC
1985-05-13,0.34836949626825275,0.3500854969024658,0.34665318140576024,0.3500854969024658,2179200,0.0,0.0,WFC
1985-05-14,0.3552338130333844,0.3569498136675975,0.34665318140576024,0.3500854969024658,895200,0.0,0.0,WFC
1985-05-15,0.34836964755806443,0.35523396730422974,0.34836964755806443,0.35523396730422974,1324800,0.0,0.0,WFC
1985-05-16,0.3586661165281767,0.3586661165281767,0.3535178005695343,0.3535178005695343,381600,0.0,0.0,WFC
1985-05-17,0.35694978212522804,0.3620980978012085,0.3552337816426518,0.3620980978012085,631200,0.0,0.0,WFC
1985-05-20,0.3638144772204336,0.36724647879600525,0.35866616062876855,0.36724647879600525,2083200,0.0,0.0,WFC
1985-05-21,0.36724661149235827,0.36724661149235827,0.3569499745885686,0.3655306100845337,544800,0.0,0.0,WFC
1985-05-22,0.362098093077747,0.362098093077747,0.3535177765485417,0.3586660921573639,1348800,0.0,0.0,WFC
1985-05-23,0.35694980172311663,0.36209811768175904,0.35180148576447423,0.3535178005695343,4670400,0.0,0.0,WFC
1985-05-24,0.35180148576447423,0.35523380114632547,0.35180148576447423,0.3535178005695343,312000,0.0,0.0,WFC
1985-05-28,0.35523380114632547,0.35694980172311663,0.35180148576447423,0.3535178005695343,489600,0.0,0.0,WFC
1985-05-29,0.3535178005695343,0.35523380114632547,0.35180148576447423,0.3535178005695343,1406400,0.0,0.0,WFC
1985-05-30,0.3518016503169391,0.3569499686836671,0.3518016503169391,0.35523396730422974,1891200,0.0,0.0,WFC
1985-05-31,0.35180148576447423,0.3535178005695343,0.35008548518768307,0.3535178005695343,950400,0.0,0.0,WFC
1985-06-03,0.35180148576447423,0.3535178005695343,0.35008548518768307,0.3535178005695343,2755200,0.0,0.0,WFC
1985-06-04,0.3535179659247924,0.3569499686836671,0.3535179659247924,0.35523396730422974,1903200,0.0,0.0,WFC
1985-06-05,0.35523395391025475,0.36209827339760325,0.35523395391025475,0.35694995522499084,3520800,0.0,0.0,WFC
1985-06-06,0.3569499686836671,0.35866628429152037,0.35523396730422974,0.35523396730422974,1634400,0.0,0.0,WFC
1985-06-07,0.35180172324180603,0.3552340409405807,0.35008572150665923,0.35180172324180603,1387200,0.0,0.0,WFC
1985-06-10,0.35523395391025475,0.3826915460880528,0.35351795259551866,0.35694995522499084,1173600,0.0,0.0,WFC
1985-06-11,0.3620982930404634,0.36724661149235827,0.3620982930404634,0.3655306100845337,789600,0.0,0.0,WFC
1985-06-12,0.3655306100845337,0.37067892853642853,0.3655306100845337,0.3655306100845337,4984800,0.0,0.0,WFC
1985-06-13,0.36381447315216064,0.36553047392075766,0.36209815815525953,0.36381447315216064,660000,0.0,0.0,WFC
1985-06-14,0.3672465685138926,0.3689628839492798,0.36381456609988694,0.3689628839492798,691200,0.0,0.0,WFC
1985-06-17,0.36896292712860396,0.3723949299442531,0.3655306100845337,0.3655306100845337,1039200,0.0,0.0,WFC
1985-06-18,0.36724661149235827,0.37067892853642853,0.3638146086767091,0.3655306100845337,655200,0.0,0.0,WFC
1985-06-19,0.3706788851562826,0.3706788851562826,0.36381456609988694,0.3689628839492798,631200,0.0,0.0,WFC
1985-06-20,0.37067875266075134,0.37067875266075134,0.36381443605793923,0.37067875266075134,772800,0.0,0.0,WFC
1985-06-21,0.3706789181934551,0.37411123514175415,0.36553059988521264,0.37411123514175415,1176000,0.0,0.0,WFC
1985-06-24,0.3741110680762934,0.3741110680762934,0.3689627520671163,0.37067875266075134,412800,0.0,0.0,WFC
1985-06-25,0.3689631233706588,0.3723951280117035,0.3689631233706588,0.3723951280117035,614400,0.0,0.0,WFC
1985-06-26,0.37067875266075134,0.3741110680762934,0.37067875266075134,0.37067875266075134,2390400,0.0,0.0,WFC
1985-06-27,0.3689627520671163,0.3741110680762934,0.3689627520671163,0.37067875266075134,691200,0.0,0.0,WFC
1985-06-28,0.37239491955339843,0.37411123514175415,0.36896291683351173,0.37411123514175415,456000,0.0,0.0,WFC
1985-07-01,0.3741110680762934,0.37582706866992843,0.37067875266075134,0.37067875266075134,1936800,0.0,0.0,WFC
1985-07-02,0.37067869917987145,0.37754301479231206,0.37067869917987145,0.37582701444625854,556800,0.0,0.0,WFC
1985-07-03,0.3826916515827179,0.3844079675989862,0.3792596480071627,0.3826916515827179,974400,0.0,0.0,WFC
1985-07-05,0.3826916515827179,0.39127228897858735,0.3792596480071627,0.3826916515827179,777600,0.0,0.0,WFC
1985-07-08,0.3844077410243748,0.3844077410243748,0.37754310946238057,0.3809754252433777,1029600,0.0,0.0,WFC
1985-07-09,0.3792595534499966,0.3792595534499966,0.3706789181934551,0.37411123514175415,424800,0.0,0.0,WFC
1985-07-10,0.3706786869804901,0.37754300236701965,0.3706786869804901,0.37754300236701965,4495200,0.0,0.0,WFC
1985-07-11,0.37925949692726135,0.37925949692726135,0.3741111793862957,0.37925949692726135,4610400,0.0,0.0,WFC
1985-07-12,0.379259500724896,0.38440781831741333,0.379259500724896,0.38440781831741333,4862400,0.0,0.0,WFC
1985-07-15,0.38097547641438856,0.39127211091207476,0.38097547641438856,0.3895561099052429,1159200,0.0,0.0,WFC
1985-07-16,0.3861237041429801,0.38955601958923153,0.3844077035339918,0.3878397047519684,916800,0.0,0.0,WFC
1985-07-17,0.3878396325609222,0.3895559470787168,0.3758270020774414,0.37754300236701965,4394400,0.0,0.0,WFC
1985-07-18,0.379259500724896,0.3861238194387962,0.3758271842537616,0.38440781831741333,5978400,0.0,0.0,WFC
1985-07-19,0.38440779265639985,0.39127211091207476,0.38440779265639985,0.3895561099052429,3722400,0.0,0.0,WFC
1985-07-22,0.3878397474313533,0.3878397474313533,0.384407745835706,0.38612374663352966,2004000,0.0,0.0,WFC
1985-07-23,0.3878397047519684,0.39127202019821977,0.3861237041429801,0.3878397047519684,3468000,0.0,0.0,WFC
1985-07-24,0.3878397946700634,0.3895561099052429,0.38612379366323163,0.3895561099052429,4557600,0.0,0.0,WFC
1985-07-25,0.3895561099052429,0.39298811191890654,0.38612379366323163,0.3895561099052429,5265600,0.0,0.0,WFC
1985-07-26,0.38955605758171774,0.38955605758171774,0.3809754252433777,0.3809754252433777,2260800,0.0,0.0,WFC
1985-07-29,0.3809754252433777,0.3826914260197235,0.37925942446703187,0.3809754252433777,777600,0.0,0.0,WFC
1985-07-30,0.379259500724896,0.38440781831741333,0.379259500724896,0.38440781831741333,1646400,0.0,0.0,WFC
1985-07-31,0.3878397047519684,0.38955601958923153,0.3861237041429801,0.3878397047519684,5512800,0.0,0.0,WFC
1985-08-01,0.38783998848502005,0.39127230644226074,0.38440798475628407,0.39127230644226074,4236000,0.0,0.0,WFC
1985-08-02,0.3878397694553419,0.3947044014930725,0.3878397694553419,0.3947044014930725,2028000,0.0,0.0,WFC
1985-08-05,0.3957503139972687,0.39749360057397903,0.3905201350423479,0.3957503139972687,554400,0.01875,0.0,WFC
1985-08-06,0.39575032571920665,0.39575032571920665,0.3835463616463894,0.3887765407562256,1368000,0.0,0.0,WFC
1985-08-07,0.3870333350035643,0.3887766219961927,0.38180315480081345,0.3835464417934418,1809600,0.0,0.0,WFC
1985-08-08,0.3852901756763458,0.3852901756763458,0.3835465688811097,0.3852901756763458,3840000,0.0,0.0,WFC
1985-08-09,0.3852901756763458,0.3852901756763458,0.3818032813108453,0.3852901756763458,504000,0.0,0.0,WFC
1985-08-12,0.3852901756763458,0.3852901756763458,0.3835465688811097,0.3852901756763458,552000,0.0,0.0,WFC
1985-08-13,0.38529004801093597,0.3870333350035643,0.3835464417934418,0.3835464417934418,367200,0.0,0.0,WFC
1985-08-14,0.3835465688811097,0.39052035761211085,0.3835465688811097,0.3852901756763458,868800,0.0,0.0,WFC
1985-08-15,0.3887765407562256,0.3887765407562256,0.38180307501804367,0.3887765407562256,357600,0.0,0.0,WFC
1985-08-16,0.38529019936626474,0.3887767747211689,0.37831641020647383,0.38006001710891724,499200,0.0,0.0,WFC
1985-08-19,0.3818031294005258,0.3818031294005258,0.3661125898361206,0.3661125898361206,2121600,0.0,0.0,WFC
1985-08-20,0.3678560631863714,0.37308624569245724,0.3678560631863714,0.36959967017173767,1024800,0.0,0.0,WFC
1985-08-21,0.3730860565675747,0.37657294954572407,0.3661125898361206,0.3661125898361206,609600,0.0,0.0,WFC
1985-08-22,0.36959975491422553,0.36959975491422553,0.3573957801185385,0.36436957120895386,374400,0.0,0.0,WFC
1985-08-23,0.36088240146636963,0.36088240146636963,0.35565222173497296,0.36088240146636963,916800,0.0,0.0,WFC
1985-08-26,0.36088240146636963,0.36088240146636963,0.35739550857049285,0.36088240146636963,472800,0.0,0.0,WFC
1985-08-27,0.3573955975309052,0.36262577856416195,0.3573955975309052,0.35913920402526855,386400,0.0,0.0,WFC
1985-08-28,0.3591392856492657,0.3626258609805766,0.3573956787586212,0.3573956787586212,662400,0.0,0.0,WFC
1985-08-29,0.3591391146308498,0.36088240146636963,0.35739550857049285,0.36088240146636963,861600,0.0,0.0,WFC
1985-08-30,0.3486787974834442,0.35913915821569875,0.3486787974834442,0.3486787974834442,1255200,0.0,0.0,WFC
1985-09-03,0.3504222088710104,0.3573956787586212,0.348678921205355,0.3573956787586212,2073600,0.0,0.0,WFC
1985-09-04,0.3608824531821644,0.3608824531821644,0.3504220922203625,0.3556522727012634,1358400,0.0,0.0,WFC
1985-09-05,0.35913937055718465,0.35913937055718465,0.3521655797958374,0.3521655797958374,3657600,0.0,0.0,WFC
1985-09-06,0.3539089856159241,0.3556522727012634,0.3504220922203625,0.3556522727012634,772800,0.0,0.0,WFC
1985-09-09,0.35216527199612424,0.355652164329182,0.3451918065547943,0.3451918065547943,840000,0.0,0.0,WFC
1985-09-10,0.3486786988878521,0.35216527199612424,0.34170491422173654,0.3451918065547943,336000,0.0,0.0,WFC
1985-09-11,0.34519187919795513,0.3469351661189535,0.3347315192222595,0.3347315192222595,444000,0.0,0.0,WFC
1985-09-12,0.3347314893372255,0.338218382092763,0.331244596581688,0.3329882025718689,242400,0.0,0.0,WFC
1985-09-13,0.3347314893372255,0.3347314893372255,0.32775802305097473,0.3329882025718689,3981600,0.0,0.0,WFC
1985-09-16,0.3347316750652903,0.3417051452208167,0.33124478037502636,0.3382185697555542,4255200,0.0,0.0,WFC
1985-09-17,0.33996164817613234,0.34170493483543396,0.3347314689734226,0.34170493483543396,1240800,0.0,0.0,WFC
1985-09-18,0.34170495562347625,0.34170495562347625,0.331244596581688,0.3329882025718689,780000,0.0,0.0,WFC
1985-09-19,0.33124462615541006,0.338218412289109,0.33124462615541006,0.3347315192222595,1065600,0.0,0.0,WFC
1985-09-20,0.338218412289109,0.338218412289109,0.3329882323012612,0.3347315192222595,4123200,0.0,0.0,WFC
1985-09-23,0.3382185697555542,0.3399618574881854,0.3347316750652903,0.3382185697555542,4353600,0.0,0.0,WFC
1985-09-24,0.33996175935875,0.34170504658818407,0.33473157844553847,0.33647486567497253,708000,0.0,0.0,WFC
1985-09-25,0.3347314893372255,0.3347314893372255,0.3329882025718689,0.3329882025718689,336000,0.0,0.0,WFC
1985-09-26,0.33647480614325787,0.338218412289109,0.3347315192222595,0.3347315192222595,561600,0.0,0.0,WFC
1985-09-30,0.33473157844553847,0.33647486567497253,0.33473157844553847,0.33647486567497253,4461600,0.0,0.0,WFC
1985-10-01,0.3347314804319351,0.3364747671509129,0.32950130105018616,0.32950130105018616,4658400,0.0,0.0,WFC
1985-10-02,0.3277582049097639,0.3382185697555542,0.3277582049097639,0.3382185697555542,540000,0.0,0.0,WFC
1985-10-03,0.3347316750652903,0.3382185697555542,0.332988387332659,0.3382185697555542,681600,0.0,0.0,WFC
1985-10-04,0.33473157844553847,0.3382184721293159,0.33298829121610435,0.33647486567497253,384000,0.0,0.0,WFC
1985-10-07,0.332988387332659,0.3382185697555542,0.332988387332659,0.3382185697555542,5104800,0.0,0.0,WFC
1985-10-08,0.33647486567497253,0.33996175935875,0.33473157844553847,0.33647486567497253,3873600,0.0,0.0,WFC
1985-10-09,0.3382184652218761,0.3382184652218761,0.3277581036090851,0.3277581036090851,1192800,0.0,0.0,WFC
1985-10-10,0.33124467799674695,0.33124467799674695,0.3225279228026896,0.3277581036090851,513600,0.0,0.0,WFC
1985-10-11,0.3295013748231481,0.3295013748231481,0.31206754605561593,0.31904101371765137,1291200,0.0,0.0,WFC
1985-10-14,0.31904099194696744,0.32775806534834245,0.31904099194696744,0.3260144591331482,734400,0.0,0.0,WFC
1985-10-15,0.329501390802916,0.33124467799674695,0.3277581036090851,0.3277581036090851,1291200,0.0,0.0,WFC
1985-10-16,0.331244596581688,0.3347314893372255,0.32775802305097473,0.3329882025718689,724800,0.0,0.0,WFC
1985-10-17,0.3347316750652903,0.3382185697555542,0.32950149264239514,0.3382185697555542,1624800,0.0,0.0,WFC
1985-10-18,0.34170496102371223,0.3539089262485504,0.3382183874378979,0.3539089262485504,768000,0.0,0.0,WFC
1985-10-21,0.35042208453052803,0.3521653715776118,0.34693519121148453,0.3486787974834442,7363200,0.0,0.0,WFC
1985-10-22,0.35042195563702205,0.35042195563702205,0.3451917771946784,0.34693506360054016,436800,0.0,0.0,WFC
1985-10-23,0.3434485407195404,0.345191827378842,0.3382183615168307,0.34170493483543396,1382400,0.0,0.0,WFC
1985-10-24,0.3451918483790138,0.3451918483790138,0.331244596581688,0.3329882025718689,1190400,0.0,0.0,WFC
1985-10-25,0.33647496279792155,0.3382185697555542,0.3347316750652903,0.3382185697555542,470400,0.0,0.0,WFC
1985-10-28,0.33996175935875,0.33996175935875,0.33473157844553847,0.33647486567497253,592800,0.0,0.0,WFC
1985-10-29,0.33647480614325787,0.3399616992101073,0.3329882323012612,0.3347315192222595,1824000,0.0,0.0,WFC
1985-10-30,0.3382183123464731,0.34693506360054016,0.3347314203099912,0.34693506360054016,420000,0.0,0.0,WFC
1985-10-31,0.3486787974834442,0.3556522648966553,0.34693519121148453,0.3486787974834442,362400,0.0,0.0,WFC
1985-11-01,0.3382185697555542,0.35390911702423966,0.33647496279792155,0.3382185697555542,1411200,0.0,0.0,WFC
1985-11-04,0.3499423563480377,0.351718604516302,0.3392842168172407,0.3499423563480377,1140000,0.01875,0.0,WFC
1985-11-05,0.3534949728885,0.3606006184990025,0.3534949728885,0.3588240444660187,544800,0.0,0.0,WFC
1985-11-06,0.3730350122394048,0.3730350122394048,0.365929691855084,0.3694821894168854,2858400,0.0,0.0,WFC
1985-11-07,0.3712587058544159,0.37303495435971584,0.36948213208844843,0.3712587058544159,1488000,0.0,0.0,WFC
1985-11-08,0.3712586759067043,0.37481117263074076,0.3712586759067043,0.37303492426872253,429600,0.0,0.0,WFC
1985-11-11,0.3730348969849063,0.3783639669418335,0.371258648752803,0.3783639669418335,1084800,0.0,0.0,WFC
1985-11-12,0.37658783818334185,0.38724598147852396,0.37658783818334185,0.3836931586265564,1776000,0.0,0.0,WFC
1985-11-13,0.38546940742217983,0.38902223027414745,0.3801403357745888,0.3836931586265564,4519200,0.0,0.0,WFC
1985-11-14,0.383693189149173,0.38546943808609624,0.3783641170776567,0.38191694021224976,1504800,0.0,0.0,WFC
1985-11-15,0.38191694021224976,0.38191694021224976,0.37303504500614043,0.38191694021224976,818400,0.0,0.0,WFC
1985-11-18,0.38191681660009635,0.38191681660009635,0.36948210228404477,0.37303492426872253,1552800,0.0,0.0,WFC
1985-11-19,0.3783639669418335,0.38014021517393676,0.37658771870973023,0.3783639669418335,1401600,0.0,0.0,WFC
1985-11-20,0.3801402470326731,0.38546931743621826,0.3783639986517063,0.38546931743621826,1089600,0.0,0.0,WFC
1985-11-21,0.3872456944185524,0.39790382981300354,0.3872456944185524,0.39790382981300354,712800,0.0,0.0,WFC
1985-11-22,0.3943511546501617,0.3996802243075963,0.39257490651788324,0.3961274027824402,499200,0.0,0.0,WFC
1985-11-25,0.3996802544271624,0.4014565026932974,0.39435118436813354,0.39435118436813354,470400,0.0,0.0,WFC
1985-11-26,0.3961274645665981,0.40323310872518053,0.3943512161572775,0.3996802866458893,304800,0.0,0.0,WFC
1985-11-27,0.40323289751022917,0.40323289751022917,0.3943510095946933,0.39790382981300354,1356000,0.0,0.0,WFC
1985-11-29,0.39790400616102733,0.3996802544271624,0.3925749361019985,0.39435118436813354,1159200,0.0,0.0,WFC
1985-12-02,0.39435118191862756,0.39435118191862756,0.3890221118927002,0.3890221118927002,1164000,0.0,0.0,WFC
1985-12-03,0.3925749361019985,0.3961274326342686,0.39079836257523975,0.39435118436813354,559200,0.0,0.0,WFC
1985-12-04,0.3943510095946933,0.39790382981300354,0.39257476211577796,0.39790382981300354,532800,0.0,0.0,WFC
1985-12-05,0.39790403823656867,0.40323310872518053,0.39790403823656867,0.3996802866458893,1320000,0.0,0.0,WFC
1985-12-06,0.3961274645665981,0.40145653505520995,0.3925749677479568,0.3996802866458893,2467200,0.0,0.0,WFC
1985-12-09,0.39968002391488927,0.40500909090042114,0.39790377667319066,0.40500909090042114,1135200,0.0,0.0,WFC
1985-12-10,0.40500909090042114,0.4085619106442544,0.40323284365872253,0.40500909090042114,602400,0.0,0.0,WFC
1985-12-11,0.40856197004881056,0.410338217548774,0.39968008202802663,0.4032329022884369,806400,0.0,0.0,WFC
1985-12-12,0.4067853381421197,0.4067853381421197,0.40145627115658783,0.40500909090042114,501600,0.0,0.0,WFC
1985-12-13,0.40500936657190323,0.42632564902305603,0.40500936657190323,0.42632564902305603,1653600,0.0,0.0,WFC
1985-12-16,0.4227727993800171,0.4476419023767133,0.4227727993800171,0.433430939912796,2253600,0.0,0.0,WFC
1985-12-17,0.4352075718569377,0.43876006900372283,0.42632567846861485,0.42810192704200745,3902400,0.0,0.0,WFC
1985-12-18,0.42810166212856904,0.43165448233751474,0.42810166212856904,0.42987823486328125,1284000,0.0,0.0,WFC
1985-12-19,0.42987823486328125,0.43165448233751474,0.42810166212856904,0.42987823486328125,2313600,0.0,0.0,WFC
1985-12-20,0.42810186964640656,0.433430939912796,0.42810186964640656,0.433430939912796,3225600,0.0,0.0,WFC
1985-12-23,0.431654691577545,0.43698376184393445,0.431654691577545,0.433430939912796,4536000,0.0,0.0,WFC
1985-12-24,0.433430939912796,0.433430939912796,0.42987844324229396,0.433430939912796,4096800,0.0,0.0,WFC
1985-12-26,0.4352075135086834,0.4387600101791855,0.433430939912796,0.433430939912796,367200,0.0,0.0,WFC
1985-12-27,0.4352074592240797,0.4423127769394547,0.4334308858497891,0.4405365288257599,285600,0.0,0.0,WFC
1985-12-30,0.4387599554514693,0.44408902505314946,0.4352074592240797,0.4405365288257599,794400,0.0,0.0,WFC
1985-12-31,0.4405365881578181,0.44408908486366266,0.4352075178384116,0.4440890848636627,4497600,0.0,0.0,WFC
1986-01-02,0.4387600169341654,0.445865660905838,0.43698376857156795,0.445865660905838,6028800,0.0,0.0,WFC
1986-01-03,0.44586572190836865,0.4565238640634636,0.44586572190836865,0.45119479298591614,1128000,0.0,0.0,WFC
1986-01-06,0.4547472298145294,0.45652380344493737,0.45119473307499897,0.4547472298145294,1207200,0.0,0.0,WFC
1986-01-07,0.4582999646663666,0.4600762126983682,0.4547471433417825,0.4582999646663666,864000,0.0,0.0,WFC
1986-01-08,0.4618528738148758,0.4618528738148758,0.4547472298145294,0.4547472298145294,4603200,0.0,0.0,WFC
1986-01-09,0.45119497141799264,0.45119497141799264,0.4405368250479677,0.44764214754104614,5311200,0.0,0.0,WFC
1986-01-10,0.44764190926843545,0.44764190926843545,0.44231283892000167,0.445865660905838,662400,0.0,0.0,WFC
1986-01-13,0.4458656584772246,0.4476419068301469,0.4352075178384116,0.4440890848636627,717600,0.0,0.0,WFC
1986-01-14,0.4405365508044358,0.44231279900674886,0.42277276773885714,0.4245493412017822,2090400,0.0,0.0,WFC
1986-01-15,0.4245494005723458,0.429878471185134,0.42277282686097806,0.42632564902305603,5272800,0.0,0.0,WFC
1986-01-16,0.4281016827747161,0.42987825559510745,0.41922011971473694,0.41922011971473694,4977600,0.0,0.0,WFC
1986-01-17,0.41922029623735413,0.4209965445451824,0.4085621558691217,0.4138912260532379,770400,0.0,0.0,WFC
1986-01-20,0.4174436330795288,0.41922020626671047,0.41389113722628856,0.4174436330795288,470400,0.0,0.0,WFC
1986-01-21,0.4192201720136588,0.42099641979514774,0.41033828258514404,0.41033828258514404,1084800,0.0,0.0,WFC
1986-01-22,0.410338217548774,0.410338217548774,0.39790383452806316,0.4032329022884369,2164800,0.0,0.0,WFC
1986-01-23,0.39968002391488927,0.4085619106442544,0.39968002391488927,0.40500909090042114,595200,0.0,0.0,WFC
1986-01-24,0.40678541101397514,0.41922011971473694,0.40500916345407817,0.41922011971473694,736800,0.0,0.0,WFC
1986-01-27,0.419220593847531,0.4227730929851532,0.419220593847531,0.4227730929851532,295200,0.0,0.0,WFC
1986-01-28,0.4192203299595576,0.42632564902305603,0.4192203299595576,0.42632564902305603,703200,0.0,0.0,WFC
1986-01-29,0.42632570973149053,0.4334310298067808,0.4245494610278439,0.43165478110313416,996000,0.0,0.0,WFC
1986-01-30,0.42987841106933344,0.43875997734151073,0.4209965195365441,0.4245493412017822,2445600,0.0,0.0,WFC
1986-01-31,0.4263254193487875,0.4352073073387146,0.4227725991007201,0.4352073073387146,600000,0.0,0.0,WFC
1986-02-03,0.43809196352958685,0.4398947010790442,0.43088068322050493,0.4380919635295868,916800,0.01875,0.0,WFC
1986-02-04,0.4380918245919009,0.43989456156963314,0.4290774794809442,0.4308805465698242,1752000,0.0,0.0,WFC
1986-02-05,0.4326834082603455,0.43628921336626264,0.42907760315442833,0.43268340826034546,4732800,0.0,0.0,WFC
1986-02-06,0.4326832835475565,0.4326832835475565,0.427274742503212,0.4308805465698242,4540800,0.0,0.0,WFC
1986-02-07,0.4308806279363056,0.4308806279363056,0.42547208587062485,0.42727482318878174,890400,0.0,0.0,WFC
1986-02-10,0.42547244561309017,0.4308809922517672,0.423669376659205,0.4290779232978821,2251200,0.0,0.0,WFC
1986-02-11,0.4290774348512975,0.4362890422344208,0.42727469806107343,0.4362890422344208,2025600,0.0,0.0,WFC
1986-02-12,0.43268338354489233,0.43809192583920353,0.43268338354489233,0.43448612093925476,619200,0.0,0.0,WFC
1986-02-13,0.43448627338050655,0.4507119059562683,0.4326835353536463,0.4507119059562683,2608800,0.0,0.0,WFC
1986-02-14,0.44710636016425265,0.4597261846065521,0.44710636016425265,0.4597261846065521,1293600,0.0,0.0,WFC
1986-02-18,0.45792328255532105,0.4669372981607012,0.454317478246467,0.46513456106185913,1180800,0.0,0.0,WFC
1986-02-19,0.4633322813435532,0.47234630584716797,0.4633322813435532,0.47234630584716797,1101600,0.0,0.0,WFC
1986-02-20,0.47054317723375055,0.4831629991531372,0.465134634966696,0.4831629991531372,1089600,0.0,0.0,WFC
1986-02-21,0.48316322712141385,0.48857177194035273,0.4723461374835361,0.477754682302475,1977600,0.0,0.0,WFC
1986-02-24,0.4759519398212433,0.4831632228117128,0.47234613327032093,0.4759519398212433,1941600,0.0,0.0,WFC
1986-02-25,0.477754682302475,0.4795577506497067,0.4723461374835361,0.477754682302475,1432800,0.0,0.0,WFC
1986-02-26,0.4759516438772512,0.4795574481861052,0.45792328255532105,0.46513456106185913,1425600,0.0,0.0,WFC
1986-02-27,0.46152904784565835,0.48316322712141385,0.45972630960980476,0.477754682302475,4447200,0.0,0.0,WFC
1986-02-28,0.4759519248341664,0.4759519248341664,0.45792355286999376,0.46874064207077026,14236800,0.0,0.0,WFC
1986-03-03,0.4759520680716868,0.4813606142997741,0.46874078313805834,0.48136061429977417,5220000,0.0,0.0,WFC
1986-03-04,0.48316316596104186,0.5047973424982727,0.47775462182673417,0.4921775162220001,4932000,0.0,0.0,WFC
1986-03-05,0.48857177194035273,0.49037484028758443,0.4759519440666214,0.477754682302475,3859200,0.0,0.0,WFC
1986-03-06,0.48136042795338474,0.4957833223486507,0.48136042795338474,0.4921775162220001,3014400,0.0,0.0,WFC
1986-03-07,0.4957833223486507,0.49938879836396494,0.4921775162220001,0.4921775162220001,2128800,0.0,0.0,WFC
1986-03-10,0.4921776639654281,0.5084033012390137,0.4921776639654281,0.5084033012390137,4046400,0.0,0.0,WFC
1986-03-11,0.519219904529805,0.5444598710370456,0.519219904529805,0.530036985874176,4555200,0.0,0.0,WFC
1986-03-12,0.5336428773074658,0.5480654347271411,0.5300370728969575,0.5408541560173035,3304800,0.0,0.0,WFC
1986-03-13,0.5444602647905493,0.5444602647905493,0.5372486519381158,0.542657196521759,2757600,0.0,0.0,WFC
1986-03-14,0.5426573323286839,0.5426573323286839,0.5228262172999111,0.535446047782898,3412800,0.0,0.0,WFC
1986-03-17,0.5318401201976712,0.5318401201976712,0.5192202925682068,0.5192202925682068,1639200,0.0,0.0,WFC
1986-03-18,0.5192203755462906,0.5336432737930513,0.5192203755462906,0.5318402051925659,1276800,0.0,0.0,WFC
1986-03-19,0.5318398970963395,0.5318398970963395,0.5246286172061845,0.5282344222068787,1939200,0.0,0.0,WFC
1986-03-20,0.5246284452019906,0.530036985874176,0.5228257083483038,0.530036985874176,3088800,0.0,0.0,WFC
1986-03-21,0.5300371268754989,0.5318398642087528,0.5192200426535499,0.5264313220977783,2085600,0.0,0.0,WFC
1986-03-24,0.5264314317621928,0.5300372372910626,0.5228259563446045,0.5228259563446045,5152800,0.0,0.0,WFC
1986-03-25,0.5228258811849639,0.5264313560842415,0.5156142711639404,0.5156142711639404,4826400,0.0,0.0,WFC
1986-03-26,0.5192202968336687,0.5300373863510367,0.5066004691005307,0.5210230350494385,1639200,0.0,0.0,WFC
1986-03-27,0.5228257235013216,0.5300370012361978,0.5192199195783163,0.5246284604072571,2241600,0.0,0.0,WFC
1986-03-31,0.5192203755462906,0.5318402051925659,0.5156145684567444,0.5318402051925659,1404000,0.0,0.0,WFC
1986-04-01,0.5336429316532195,0.5336429316532195,0.5228258474312706,0.5264313220977783,5445600,0.0,0.0,WFC
1986-04-02,0.5246284604072571,0.5282342643302624,0.5228257235013216,0.5246284604072571,5301600,0.0,0.0,WFC
1986-04-03,0.5246285847645245,0.5318398642087528,0.5246285847645245,0.5264313220977783,979200,0.0,0.0,WFC
1986-04-04,0.5264313220977783,0.5300371268754989,0.5264313220977783,0.5264313220977783,1005600,0.0,0.0,WFC
1986-04-07,0.5264313220977783,0.528234389542245,0.5246285847645245,0.5264313220977783,1125600,0.0,0.0,WFC
1986-04-08,0.5228257083483038,0.530036985874176,0.5156141007113064,0.530036985874176,4368000,0.0,0.0,WFC
1986-04-09,0.5282344236451144,0.5318398985443921,0.4759517364932478,0.5156142711639404,4250400,0.0,0.0,WFC
1986-04-10,0.5174175586178987,0.5264315798081226,0.5156144902907545,0.5210230350494385,307200,0.0,0.0,WFC
1986-04-11,0.5210231140353515,0.5354460122821122,0.5192203755462906,0.5318402051925659,2073600,0.0,0.0,WFC
1986-04-14,0.530036985874176,0.5318397227278628,0.5282342490204892,0.530036985874176,463200,0.0,0.0,WFC
1986-04-15,0.5372484063197273,0.5372484063197273,0.5264313220977783,0.5264313220977783,5107200,0.0,0.0,WFC
1986-04-16,0.5300371268754989,0.5336429316532195,0.5228258474312706,0.5264313220977783,4497600,0.0,0.0,WFC
1986-04-17,0.5336430169977808,0.5372484922409058,0.5300372116433903,0.5372484922409058,1255200,0.0,0.0,WFC
1986-04-18,0.5336433091743131,0.5408545937200989,0.5318402404542819,0.535446047782898,1624800,0.0,0.0,WFC
1986-04-21,0.5336428773074658,0.5408541560173035,0.5318398100466221,0.5408541560173035,1557600,0.0,0.0,WFC
1986-04-22,0.5390514029868337,0.5552770271893354,0.5390514029868337,0.5462626814842224,5647200,0.0,0.0,WFC
1986-04-23,0.5480655803961888,0.5552771911339626,0.5444601051385689,0.5516713857650757,5150400,0.0,0.0,WFC
1986-04-24,0.5480657537872663,0.5570801050057123,0.544460277388985,0.5498688220977783,964800,0.0,0.0,WFC
1986-04-25,0.548065721988678,0.5552773345895681,0.5426571775936866,0.548065721988678,2707200,0.0,0.0,WFC
1986-04-28,0.5516712228850563,0.5516712228850563,0.5462626814842224,0.5462626814842224,758400,0.0,0.0,WFC
1986-04-29,0.5480654347271411,0.549868501987985,0.5372483516067951,0.5408541560173035,4742400,0.0,0.0,WFC
1986-04-30,0.5444602647905493,0.5480657411054024,0.5390517202069061,0.542657196521759,4912800,0.0,0.0,WFC
1986-05-01,0.5390518551115141,0.5426573323286839,0.5336433091743131,0.535446047782898,398400,0.0,0.0,WFC
1986-05-02,0.5336431928939509,0.5354459311097208,0.5192202968336687,0.5210230350494385,691200,0.0,0.0,WFC
1986-05-05,0.5184672474861145,0.5294207785296575,0.5184672474861145,0.5184672474861145,374400,0.01875,0.0,WFC
1986-05-06,0.5202928404254293,0.5202928404254293,0.5038625402014684,0.5111647844314575,864000,0.0,0.0,WFC
1986-05-07,0.5075138294541198,0.5111647844314575,0.5020370627127996,0.5111647844314575,537600,0.0,0.0,WFC
1986-05-08,0.5129909195665792,0.5129909195665792,0.5020373791792182,0.5038628578186035,4176000,0.0,0.0,WFC
1986-05-09,0.5093394209253158,0.5093394209253158,0.49838588499143804,0.5056881308555603,1214400,0.0,0.0,WFC
1986-05-12,0.5111646559755926,0.5111646559755926,0.5038624135806596,0.507513701915741,854400,0.0,0.0,WFC
1986-05-13,0.505687865612051,0.5093391537666321,0.5038623886723672,0.5093391537666321,1365600,0.0,0.0,WFC
1986-05-14,0.5093392793168412,0.5166415231507655,0.5075138019271841,0.5148160457611084,1032000,0.0,0.0,WFC
1986-05-15,0.5166415511727778,0.5166415511727778,0.5075138294541198,0.5111647844314575,1632000,0.0,0.0,WFC
1986-05-16,0.5111647844314575,0.5111647844314575,0.5056880176901372,0.5111647844314575,592800,0.0,0.0,WFC
1986-05-19,0.5148160268317593,0.5221182703971863,0.5111647379114042,0.5221182703971863,1096800,0.0,0.0,WFC
1986-05-20,0.5221182297225759,0.5403743386268616,0.5184672753619247,0.5403743386268616,1176000,0.0,0.0,WFC
1986-05-21,0.5367229754340388,0.538548452360785,0.5294207334518433,0.5294207334518433,501600,0.0,0.0,WFC
1986-05-22,0.5294208069943931,0.5403743386268616,0.5294208069943931,0.5403743386268616,472800,0.0,0.0,WFC
1986-05-23,0.5476764770492196,0.558630006590204,0.5440251891104937,0.5513277649879456,919200,0.0,0.0,WFC
1986-05-27,0.5513281011966077,0.5659325933071765,0.5495022889762385,0.5586303472518921,986400,0.0,0.0,WFC
1986-05-28,0.5659323064842283,0.5695835947990417,0.5586300641298294,0.5695835947990417,1017600,0.0,0.0,WFC
1986-05-29,0.5695835947990417,0.5695835947990417,0.554978775815016,0.5695835947990417,861600,0.0,0.0,WFC
1986-05-30,0.558630006590204,0.558630006590204,0.5495019538809859,0.5513277649879456,1142400,0.0,0.0,WFC
1986-06-02,0.5549789872127804,0.5586302769184113,0.5476767420768738,0.5476767420768738,2152800,0.0,0.0,WFC
1986-06-03,0.5495019538809859,0.5531532418197118,0.5476764770492196,0.5513277649879456,777600,0.0,0.0,WFC
1986-06-04,0.5531531912939889,0.5531531912939889,0.5330716108780638,0.5367228984832764,794400,0.0,0.0,WFC
1986-06-05,0.5403743475126023,0.5440253019332886,0.536723058816653,0.5440253019332886,1360800,0.0,0.0,WFC
1986-06-06,0.5403742354469612,0.5513277649879456,0.5367229475082352,0.5513277649879456,595200,0.0,0.0,WFC
1986-06-09,0.551327879325187,0.5531533565355302,0.5440253019332886,0.5440253019332886,892800,0.0,0.0,WFC
1986-06-10,0.5403744544086885,0.5403744544086885,0.5294209204292917,0.5330718755722046,1070400,0.0,0.0,WFC
1986-06-11,0.5330718732122619,0.5367231626143393,0.5275951062468094,0.5348976850509644,484800,0.0,0.0,WFC
1986-06-12,0.5312463980007481,0.5367231649904466,0.5275951085825061,0.5330718755722046,588000,0.0,0.0,WFC
1986-06-13,0.5275951062468094,0.5367231626143393,0.5257696286834345,0.5348976850509644,1394400,0.0,0.0,WFC
1986-06-16,0.5385486849504741,0.5476767420768738,0.5330719175297054,0.5476767420768738,1298400,0.0,0.0,WFC
1986-06-17,0.5476765055449375,0.5513277936736407,0.5257694453231401,0.5294207334518433,823200,0.0,0.0,WFC
1986-06-18,0.5294208069943931,0.5421998158071871,0.5275949955388102,0.5403743386268616,386400,0.0,0.0,WFC
1986-06-19,0.540374263562742,0.5440252174162343,0.5294207334518433,0.5294207334518433,772800,0.0,0.0,WFC
1986-06-20,0.5312463980007481,0.5330718755722046,0.5221183415928078,0.5330718755722046,909600,0.0,0.0,WFC
1986-06-23,0.5330716108780638,0.5385483751483012,0.529420657548014,0.5367228984832764,4687200,0.0,0.0,WFC
1986-06-24,0.5330716108780638,0.5367228984832764,0.529420657548014,0.5367228984832764,4764000,0.0,0.0,WFC
1986-06-25,0.5367228984832764,0.542199662753514,0.5367228984832764,0.5367228984832764,1404000,0.0,0.0,WFC
1986-06-26,0.5367231707662904,0.540374460223825,0.5330718813087558,0.5385486483573914,379200,0.0,0.0,WFC
1986-06-27,0.542199974656105,0.5476767420768738,0.5385486849504741,0.5476767420768738,902400,0.0,0.0,WFC
1986-06-30,0.5476767162985495,0.5549789610907504,0.5403744715063488,0.5495021939277649,4684800,0.0,0.0,WFC
1986-07-01,0.5914905232030347,0.5914905232030347,0.5787115183860448,0.5841882824897766,8580000,0.0,0.0,WFC
1986-07-02,0.5805374123217376,0.5841887024407161,0.578711934399945,0.5823628902435303,1094400,0.0,0.0,WFC
1986-07-03,0.5768859386444092,0.5805372276015903,0.5750604613034621,0.5768859386444092,1017600,0.0,0.0,WFC
1986-07-07,0.5787115541418173,0.5787115541418173,0.562281260815474,0.5659322142601013,700800,0.0,0.0,WFC
1986-07-08,0.5622812424315378,0.5622812424315378,0.5458509496423872,0.5568044781684875,4464000,0.0,0.0,WFC
1986-07-09,0.5586299548311168,0.5622812424315378,0.5549786672306958,0.5568044781684875,4459200,0.0,0.0,WFC
1986-07-10,0.5604555588104092,0.5622813701629639,0.554978793303222,0.5622813701629639,1737600,0.0,0.0,WFC
1986-07-11,0.5622814449828245,0.5732349774547283,0.5622814449828245,0.5714091658592224,938400,0.0,0.0,WFC
1986-07-14,0.5677581356701511,0.5677581356701511,0.5622813701629639,0.5622813701629639,854400,0.0,0.0,WFC
1986-07-15,0.564106888348115,0.5659323655584582,0.5421998247229454,0.5440253019332886,5145600,0.0,0.0,WFC
1986-07-16,0.544025446988764,0.5476767366582698,0.5403744915946102,0.542199969291687,4363200,0.0,0.0,WFC
1986-07-17,0.5513277139054374,0.5695834833572171,0.5513277139054374,0.5568044781684875,859200,0.0,0.0,WFC
1986-07-18,0.5568045394330562,0.5586300162965405,0.5513277745674039,0.5549787282943726,1545600,0.0,0.0,WFC
1986-07-21,0.5531529408056759,0.5641064643859863,0.5531529408056759,0.5641064643859863,969600,0.0,0.0,WFC
1986-07-22,0.5659323909851577,0.5732349687051527,0.5641069136927979,0.5677582025527954,4653600,0.0,0.0,WFC
1986-07-23,0.5695835361311884,0.5714090129629547,0.5513277649879456,0.5513277649879456,4507200,0.0,0.0,WFC
1986-07-24,0.5549786672306958,0.5641067190941669,0.5549786672306958,0.5568044781684875,2316000,0.0,0.0,WFC
1986-07-25,0.5604556248328004,0.5695836798451551,0.5568046702480809,0.5677582025527954,1190400,0.0,0.0,WFC
1986-07-28,0.5677581356701511,0.5732349011773382,0.5586300817330929,0.5622813701629639,2236800,0.0,0.0,WFC
1986-07-29,0.5604551784342123,0.5641064643859863,0.5586297025958311,0.5641064643859863,1454400,0.0,0.0,WFC
1986-07-30,0.562281637417233,0.562281637417233,0.5549790570865512,0.5586303472518921,1123200,0.0,0.0,WFC
1986-07-31,0.5622812524452222,0.5622812524452222,0.5568044880846362,0.5604554414749146,460800,0.0,0.0,WFC
1986-08-01,0.5604558251968639,0.5659325933071765,0.5586303472518921,0.5586303472518921,907200,0.0,0.0,WFC
1986-08-04,0.5615854859352112,0.5652802407833633,0.5578910693416455,0.5615854859352112,24720000,0.01875,0.0,WFC
1986-08-05,0.5652802407833633,0.5652802407833633,0.5578910693416455,0.5615854859352112,1111200,0.0,0.0,WFC
1986-08-06,0.5652804986673827,0.5708224643405924,0.5634332895278931,0.5634332895278931,1024800,0.0,0.0,WFC
1986-08-07,0.5671278856066683,0.5726698530173356,0.5634334661694547,0.5652806758880615,892800,0.0,0.0,WFC
1986-08-08,0.5634330324865804,0.5671274490801461,0.5578910693416455,0.5615854859352112,2212800,0.0,0.0,WFC
1986-08-11,0.5615859650990189,0.5652807230996614,0.5578915453532516,0.5597387552261353,559200,0.0,0.0,WFC
1986-08-12,0.5597386204072303,0.5634333775179519,0.5541966538685449,0.5560438632965088,1228800,0.0,0.0,WFC
1986-08-13,0.5468073464871258,0.5726696252822876,0.5468073464871258,0.5726696252822876,996000,0.0,0.0,WFC
1986-08-14,0.5745172608255978,0.5837536454200745,0.5726697133028911,0.5837536454200745,696000,0.0,0.0,WFC
1986-08-15,0.5837536454200745,0.5837536454200745,0.5800592268841895,0.5837536454200745,568800,0.0,0.0,WFC
1986-08-18,0.5837536327737255,0.5837536327737255,0.5763644576072693,0.5763644576072693,302400,0.0,0.0,WFC
1986-08-19,0.5763644873508093,0.5763644873508093,0.5578913793539774,0.5671277642250061,928800,0.0,0.0,WFC
1986-08-20,0.5634334810513518,0.5745174161654449,0.5634334810513518,0.5689754486083984,705600,0.0,0.0,WFC
1986-08-21,0.5726697463197851,0.5763645033234531,0.5689753275709009,0.570822536945343,580800,0.0,0.0,WFC
1986-08-22,0.5726694554567626,0.5911428928375244,0.5726694554567626,0.5911428928375244,1569600,0.0,0.0,WFC
1986-08-25,0.5911431134623808,0.5929903225880226,0.5745172165673895,0.5892955660820007,712800,0.0,0.0,WFC
1986-08-26,0.5911428919502996,0.5948373088172175,0.5911428919502996,0.5929901003837585,1212000,0.0,0.0,WFC
1986-08-27,0.5948373088172175,0.5948373088172175,0.5911428919502996,0.5929901003837585,1701600,0.0,0.0,WFC
1986-08-28,0.589295346146681,0.5929901012737558,0.5874481377104497,0.5911428928375244,955200,0.0,0.0,WFC
1986-08-29,0.5874484022107237,0.591143159001373,0.5837536454200745,0.5837536454200745,734400,0.0,0.0,WFC
1986-09-02,0.5911432232541742,0.5911432232541742,0.580059289932251,0.580059289932251,1075200,0.0,0.0,WFC
1986-09-03,0.5837534243305269,0.5874481797218323,0.5763642518025525,0.5874481797218323,1176000,0.0,0.0,WFC
1986-09-04,0.5856011498481472,0.6096162215831774,0.5837536024614022,0.6077690124511719,1867200,0.0,0.0,WFC
1986-09-05,0.6077693443050723,0.6114637645863089,0.5985326170921326,0.5985326170921326,4528800,0.0,0.0,WFC
1986-09-08,0.5948375317136645,0.5985322882196864,0.5800591821990533,0.5892955660820007,883200,0.0,0.0,WFC
1986-09-09,0.5856009711534977,0.5948373522498068,0.5856009711534977,0.5874481797218323,1816800,0.0,0.0,WFC
1986-09-10,0.5874484660619328,0.5874484660619328,0.5763645327400095,0.580059289932251,1888800,0.0,0.0,WFC
1986-09-11,0.5763642500741065,0.5763642500741065,0.5283337831497192,0.5283337831497192,2241600,0.0,0.0,WFC
1986-09-12,0.5320285506870436,0.5320285506870436,0.5043187303387601,0.5098606944084167,2704800,0.0,0.0,WFC
1986-09-15,0.5154026141703718,0.5190973693173963,0.509860650577142,0.5172498226165771,1303200,0.0,0.0,WFC
1986-09-16,0.5154026141703718,0.5227917862098069,0.509860650577142,0.5172498226165771,1624800,0.0,0.0,WFC
1986-09-17,0.5190976226066565,0.526486798251577,0.5172500750043423,0.5227920413017273,2364000,0.0,0.0,WFC
1986-09-18,0.5283340075991123,0.5301815552014266,0.520944831954192,0.5227920413017273,2613600,0.0,0.0,WFC
1986-09-19,0.5283340785662458,0.5505019467334286,0.5264868689705887,0.5468075275421143,1305600,0.0,0.0,WFC
1986-09-22,0.5431125308337691,0.5505017042160034,0.5375705662334245,0.5505017042160034,741600,0.0,0.0,WFC
1986-09-23,0.5468075275421143,0.5505019467334286,0.5412655605003186,0.5468075275421143,1056000,0.0,0.0,WFC
1986-09-24,0.5468075275421143,0.5486547371377715,0.5449599796916329,0.5468075275421143,549600,0.0,0.0,WFC
1986-09-25,0.546807694826725,0.546807694826725,0.5338762089365291,0.5412657260894775,770400,0.0,0.0,WFC
1986-09-26,0.5412657260894775,0.5505021151482714,0.5412657260894775,0.5412657260894775,818400,0.0,0.0,WFC
1986-09-29,0.5412654102297009,0.5431126193125204,0.5375706538093314,0.5394178628921509,4108800,0.0,0.0,WFC
1986-09-30,0.5357234447265119,0.5412654102297009,0.5301814792233229,0.5394178628921509,4773600,0.0,0.0,WFC
1986-10-01,0.5375705970829331,0.5431125620013139,0.5357233881950378,0.5357233881950378,480000,0.0,0.0,WFC
1986-10-02,0.532028764548962,0.532028764548962,0.520944831954192,0.5227920413017273,410400,0.0,0.0,WFC
1986-10-03,0.5246394858281602,0.528333903797389,0.5190975206196048,0.5264866948127747,549600,0.0,0.0,WFC
1986-10-06,0.5227918648434161,0.5227918648434161,0.5172499004166142,0.5190974473953247,4080000,0.0,0.0,WFC
1986-10-07,0.5190976121282034,0.5190976121282034,0.49877695669638944,0.513555645942688,5815200,0.0,0.0,WFC
1986-10-08,0.5135555714531438,0.5154027804954601,0.5024716406898005,0.5080136060714722,854400,0.0,0.0,WFC
1986-10-09,0.5043186869839122,0.5190973693173963,0.5043186869839122,0.5172498226165771,1956000,0.0,0.0,WFC
1986-10-10,0.5172500645631836,0.5172500645631836,0.5117080983776682,0.513555645942688,573600,0.0,0.0,WFC
1986-10-13,0.5117080966263001,0.5172500627928477,0.5098608873223746,0.5154028534889221,1120800,0.0,0.0,WFC
1986-10-14,0.5154027804954601,0.5154027804954601,0.5080136060714722,0.5080136060714722,2234400,0.0,0.0,WFC
1986-10-15,0.5080136797571726,0.513555645942688,0.5043189228819049,0.513555645942688,4713600,0.0,0.0,WFC
1986-10-16,0.522791821232661,0.5283337851971579,0.5209446126627075,0.524639368057251,4252800,0.0,0.0,WFC
1986-10-17,0.5246395907181184,0.5283340094259635,0.5117081104763201,0.5209448337554932,1428000,0.0,0.0,WFC
1986-10-20,0.5246395454669915,0.5246395454669915,0.5061661005020142,0.5061661005020142,890400,0.0,0.0,WFC
1986-10-21,0.5098608890674203,0.513555645942688,0.5024717135716571,0.513555645942688,1728000,0.0,0.0,WFC
1986-10-22,0.5135554498730689,0.5135554498730689,0.5098606944084167,0.5098606944084167,4101600,0.0,0.0,WFC
1986-10-23,0.5135554057241665,0.5209445777636016,0.5135554057241665,0.5172498226165771,4413600,0.0,0.0,WFC
1986-10-24,0.5172499733802779,0.5264866948127747,0.5172499733802779,0.5264866948127747,964800,0.0,0.0,WFC
1986-10-27,0.5227920431094157,0.526486800072041,0.5172500767928679,0.5209448337554932,453600,0.0,0.0,WFC
1986-10-28,0.5190976497716596,0.5394179684222722,0.5190976497716596,0.5338760018348694,792000,0.0,0.0,WFC
1986-10-29,0.5357234608047144,0.548654601282003,0.5357234608047144,0.5431126356124878,1459200,0.0,0.0,WFC
1986-10-30,0.546807694826725,0.546807694826725,0.5394181776737765,0.5412657260894775,1442400,0.0,0.0,WFC
1986-10-31,0.5394181776737765,0.5431129362502507,0.5394181776737765,0.5412657260894775,1488000,0.0,0.0,WFC
1986-11-03,0.5461277961730957,0.5498685124527422,0.5386467060761556,0.5461277961730957,556800,0.01875,0.0,WFC
1986-11-04,0.5442578445070897,0.5592203736305237,0.5386469388936146,0.5592203736305237,3064800,0.0,0.0,WFC
1986-11-05,0.5554795056581496,0.5648311266415476,0.5554795056581496,0.5610904097557068,1000800,0.0,0.0,WFC
1986-11-06,0.5573496928698659,0.5610904097557068,0.5573496928698659,0.5610904097557068,3091200,0.0,0.0,WFC
1986-11-07,0.5629604267161213,0.5685713291168213,0.5610902400699896,0.5685713291168213,895200,0.0,0.0,WFC
1986-11-10,0.5648309558245579,0.5685713291168213,0.5573495243154215,0.5685713291168213,439200,0.0,0.0,WFC
1986-11-11,0.5685713291168213,0.5704418582252577,0.5648309558245579,0.5685713291168213,273600,0.0,0.0,WFC
1986-11-12,0.5685715939870744,0.5835341215133667,0.5648312189523494,0.5835341215133667,2431200,0.0,0.0,WFC
1986-11-13,0.5835340991046023,0.5891450039036851,0.5648311972618103,0.5648311972618103,1912800,0.0,0.0,WFC
1986-11-14,0.5667015314102173,0.5667015314102173,0.5629608130883131,0.5667015314102173,283200,0.0,0.0,WFC
1986-11-17,0.5648309558245579,0.5779229472720894,0.5610902400699896,0.5685713291168213,388800,0.0,0.0,WFC
1986-11-18,0.5723123699426651,0.5723123699426651,0.5255549375328883,0.538646936416626,1214400,0.0,0.0,WFC
1986-11-19,0.5442578420042992,0.5442578420042992,0.5367767487082347,0.538646936416626,849600,0.0,0.0,WFC
1986-11-20,0.5461282567922914,0.555479884147644,0.5405173488716081,0.555479884147644,1708800,0.0,0.0,WFC
1986-11-21,0.5536093420759978,0.5797933340072632,0.5536093420759978,0.5797933340072632,1204800,0.0,0.0,WFC
1986-11-24,0.5760532021522522,0.581664108853532,0.5685717649088343,0.5760532021522522,957600,0.0,0.0,WFC
1986-11-25,0.5723121473653228,0.5910150445630087,0.5685714309408392,0.5872746706008911,1137600,0.0,0.0,WFC
1986-11-26,0.583534296933103,0.5910153917139537,0.5760532021522522,0.5760532021522522,439200,0.0,0.0,WFC
1986-11-28,0.5704421555288992,0.581663966178894,0.5685716254455779,0.581663966178894,468000,0.0,0.0,WFC
1986-12-01,0.5779232164988151,0.5835341215133667,0.5685715939870744,0.5835341215133667,849600,0.0,0.0,WFC
1986-12-02,0.5835342447854044,0.604107681672402,0.5816640568729633,0.5910153388977051,2352000,0.0,0.0,WFC
1986-12-03,0.5910151224471705,0.6003667435095561,0.5910151224471705,0.5984965562820435,1022400,0.0,0.0,WFC
1986-12-04,0.5947560667991638,0.600366973089722,0.5872749725659336,0.5947560667991638,1524000,0.0,0.0,WFC
1986-12-05,0.5966262450975647,0.6003669633849833,0.587274963072823,0.5910153388977051,1713600,0.0,0.0,WFC
1986-12-08,0.5891448967681747,0.5966259876523711,0.5835339929894302,0.5928856134414673,703200,0.0,0.0,WFC
1986-12-09,0.5891450591247296,0.5910152467455676,0.5779232484747348,0.581663966178894,1281600,0.0,0.0,WFC
1986-12-10,0.5779232164988151,0.5835341215133667,0.5685715939870744,0.5835341215133667,1490400,0.0,0.0,WFC
1986-12-11,0.5797933273752278,0.5797933273752278,0.5685715188294981,0.5723122358322144,1092000,0.0,0.0,WFC
1986-12-12,0.5685714281837083,0.5760528609963964,0.5685714281837083,0.5741823315620422,1711200,0.0,0.0,WFC
1986-12-15,0.5741826520487112,0.5891451835632324,0.5667015575227283,0.5891451835632324,3038400,0.0,0.0,WFC
1986-12-16,0.5854042183022213,0.5984965562820435,0.581663843847196,0.5984965562820435,1689600,0.0,0.0,WFC
1986-12-17,0.5947561103356626,0.5947561103356626,0.5760532021522522,0.5760532021522522,1173600,0.0,0.0,WFC
1986-12-18,0.5760532021522522,0.583534296933103,0.5648313887496925,0.5760532021522522,1490400,0.0,0.0,WFC
1986-12-19,0.5723122423786763,0.583534051052768,0.5685715253331715,0.5797933340072632,2704800,0.0,0.0,WFC
1986-12-22,0.5797932763161375,0.5928856134414673,0.5797932763161375,0.5928856134414673,1884000,0.0,0.0,WFC
1986-12-23,0.5928858747384667,0.5928858747384667,0.561090625158631,0.5667015314102173,3679200,0.0,0.0,WFC
1986-12-24,0.5685717649088343,0.579793578311394,0.5685717649088343,0.5760532021522522,1771200,0.0,0.0,WFC
1986-12-26,0.5760529528349305,0.5760529528349305,0.5685715188294981,0.5723122358322144,98400,0.0,0.0,WFC
1986-12-29,0.5741824051625372,0.5741824051625372,0.5610904097557068,0.5610904097557068,2923200,0.0,0.0,WFC
1986-12-30,0.5592202758173752,0.5592202758173752,0.5517388413329846,0.5536093711853027,388800,0.0,0.0,WFC
1986-12-31,0.55547950869983,0.55547950869983,0.5386467963149867,0.5442577004432678,588000,0.0,0.0,WFC
1987-01-02,0.5479986341359814,0.5554797284457148,0.5479986341359814,0.5498688220977783,331200,0.0,0.0,WFC
1987-01-05,0.5723121445900524,0.5760528609963964,0.5648310542397287,0.5741823315620422,1756800,0.0,0.0,WFC
1987-01-06,0.5741822710046619,0.5779229870164831,0.5536091890954655,0.5573495626449585,955200,0.0,0.0,WFC
1987-01-07,0.5610903378333847,0.5779230479683862,0.5610903378333847,0.5741823315620422,2193600,0.0,0.0,WFC
1987-01-08,0.5797935264979858,0.5947560571851237,0.5779233385855447,0.5910153388977051,974400,0.0,0.0,WFC
1987-01-09,0.5947557372041397,0.5984964534790379,0.5910150209292415,0.5966259241104126,1492800,0.0,0.0,WFC
1987-01-12,0.5966259273472645,0.6097182631492615,0.5928855535144262,0.6097182631492615,1603200,0.0,0.0,WFC
1987-01-13,0.6059776266807577,0.6097183434687227,0.5947558187792622,0.6041074395179749,588000,0.0,0.0,WFC
1987-01-14,0.6003667202743562,0.6209401488304138,0.6003667202743562,0.6209401488304138,2157600,0.0,0.0,WFC
1987-01-15,0.6209403469887899,0.6396432518959045,0.6134589110559382,0.6396432518959045,1994400,0.0,0.0,WFC
1987-01-16,0.63590260279464,0.63590260279464,0.6228106021881104,0.6228106021881104,1795200,0.0,0.0,WFC
1987-01-19,0.6190696678356207,0.6190696678356207,0.6022369547301588,0.6171994805335999,681600,0.0,0.0,WFC
1987-01-20,0.615329293231579,0.6190696678356207,0.6059776717966253,0.6171994805335999,1968000,0.0,0.0,WFC
1987-01-21,0.6209403630615203,0.6284214567255091,0.6059778332710266,0.6059778332710266,868800,0.0,0.0,WFC
1987-01-22,0.6097182631492615,0.6190695401937115,0.5910150241356528,0.6097182631492615,1233600,0.0,0.0,WFC
1987-01-23,0.6097182842230607,0.624680464996263,0.5723121473653228,0.5872746706008911,2205600,0.0,0.0,WFC
1987-01-26,0.5910151224471705,0.5984965562820435,0.5835340310747087,0.5984965562820435,1344000,0.0,0.0,WFC
1987-01-27,0.5984968373401601,0.6209404644596339,0.5984968373401601,0.6190699338912964,12084000,0.0,0.0,WFC
1987-01-28,0.6265513205596378,0.6284215085141294,0.6209404142336188,0.6228106021881104,1881600,0.0,0.0,WFC
1987-01-29,0.6265513205596378,0.6265513205596378,0.6171996958620913,0.6228106021881104,595200,0.0,0.0,WFC
1987-01-30,0.6228103319609557,0.6246805191040039,0.6134587113209236,0.6246805191040039,444000,0.0,0.0,WFC
1987-02-02,0.6125805974006653,0.627706159648066,0.608799120290314,0.6125805974006653,888000,0.01875,0.0,WFC
1987-02-03,0.6125803938796562,0.6201429993937876,0.6106898290495958,0.6144709587097168,619200,0.0,0.0,WFC
1987-02-04,0.6163618880507948,0.6277059697560616,0.6125804120844061,0.6239244937896729,4156800,0.0,0.0,WFC
1987-02-05,0.6277061289762738,0.631487259707862,0.6012364828852179,0.6201431751251221,1850400,0.0,0.0,WFC
1987-02-06,0.6201431751251221,0.6201431751251221,0.612580567467958,0.6201431751251221,549600,0.0,0.0,WFC
1987-02-09,0.6201430277894624,0.6201430277894624,0.6050178160686326,0.60690838098526,331200,0.0,0.0,WFC
1987-02-10,0.6050178408622742,0.6087989708504797,0.6012363646801492,0.6050178408622742,3283200,0.0,0.0,WFC
1987-02-11,0.6050177753367196,0.6163618564605713,0.5993457347747937,0.6163618564605713,756000,0.0,0.0,WFC
1987-02-12,0.6125802790636937,0.6125802790636937,0.5974547246765252,0.6031267642974854,1106400,0.0,0.0,WFC
1987-02-13,0.6050177321945273,0.6087988615036011,0.6012362566915963,0.6087988615036011,2347200,0.0,0.0,WFC
1987-02-17,0.6125804153057414,0.6182524561882019,0.6050178095270944,0.6182524561882019,1939200,0.0,0.0,WFC
1987-02-18,0.6201429993937876,0.6220339104177376,0.6125803938796562,0.6144709587097168,1507200,0.0,0.0,WFC
1987-02-19,0.6201431907499461,0.6352687526393581,0.6201431907499461,0.6295967102050781,1358400,0.0,0.0,WFC
1987-02-20,0.6314870554614433,0.6390500068664551,0.6314870554614433,0.6390500068664551,3840000,0.0,0.0,WFC
1987-02-23,0.6390500068664551,0.6409405716207702,0.6333779664096341,0.6390500068664551,1742400,0.0,0.0,WFC
1987-02-24,0.6390500068664551,0.6428311363750854,0.6352685311639492,0.6390500068664551,1245600,0.0,0.0,WFC
1987-02-25,0.6390501048797432,0.6390501048797432,0.633378063552982,0.6352686285972595,904800,0.0,0.0,WFC
1987-02-26,0.6314870995285508,0.6314870995285508,0.6087989361180173,0.6239244937896729,796800,0.0,0.0,WFC
1987-02-27,0.6258152479958881,0.6258152479958881,0.6106900319424919,0.6125805974006653,393600,0.0,0.0,WFC
1987-03-02,0.6277057049183715,0.6333777433778938,0.6239242305474388,0.6314868330955505,1276800,0.0,0.0,WFC
1987-03-03,0.6352687526393581,0.6352687526393581,0.6277061447916502,0.6295967102050781,1269600,0.0,0.0,WFC
1987-03-04,0.6333777433778938,0.6333777433778938,0.6201427561765063,0.6314868330955505,1411200,0.0,0.0,WFC
1987-03-05,0.6295967102050781,0.6390502296602102,0.6277061447916502,0.6295967102050781,592800,0.0,0.0,WFC
1987-03-06,0.6295962690069611,0.6352683074664832,0.6239242305474388,0.6314868330955505,487200,0.0,0.0,WFC
1987-03-09,0.6314870995285508,0.6352685754949396,0.6163618880507948,0.6239244937896729,566400,0.0,0.0,WFC
1987-03-10,0.6201428624167064,0.6277058124542236,0.6201428624167064,0.6277058124542236,698400,0.0,0.0,WFC
1987-03-11,0.6239242821473336,0.6239242821473336,0.6069081653614973,0.610689640045166,902400,0.0,0.0,WFC
1987-03-12,0.6144709587097168,0.6163618697336667,0.6069083531955853,0.6144709587097168,561600,0.0,0.0,WFC
1987-03-13,0.6125802790636937,0.6125802790636937,0.5993456353460616,0.6031267642974854,940800,0.0,0.0,WFC
1987-03-16,0.6050178160686326,0.60690838098526,0.5974548640143125,0.60690838098526,432000,0.0,0.0,WFC
1987-03-17,0.603126929674252,0.6050178408622742,0.5993457996860464,0.6050178408622742,960000,0.0,0.0,WFC
1987-03-18,0.6031269681029956,0.6106899209491257,0.5917828850277421,0.6012364029884338,986400,0.0,0.0,WFC
1987-03-19,0.5974546543951244,0.6050176037959556,0.5974546543951244,0.5993455648422241,508800,0.0,0.0,WFC
1987-03-20,0.6050179598107938,0.6239246520506979,0.6050179598107938,0.6201431751251221,2006400,0.0,0.0,WFC
1987-03-23,0.6220338970224972,0.6258150266011931,0.6163618564605713,0.6163618564605713,645600,0.0,0.0,WFC
1987-03-24,0.6144709454773414,0.6220338970224972,0.6144709454773414,0.6163618564605713,1341600,0.0,0.0,WFC
1987-03-25,0.6163618697336667,0.6182524345637271,0.6125803938796562,0.6144709587097168,2289600,0.0,0.0,WFC
1987-03-26,0.6163618697336667,0.6201429993937876,0.6144709587097168,0.6144709587097168,2647200,0.0,0.0,WFC
1987-03-27,0.6182523186846538,0.6182523186846538,0.5993456353460616,0.6031267642974854,1039200,0.0,0.0,WFC
1987-03-30,0.5936736649509817,0.5974547943433076,0.5804386734962463,0.5804386734962463,2383200,0.0,0.0,WFC
1987-03-31,0.584220490923747,0.6012366217273513,0.5785484473225455,0.5974551439285278,1488000,0.0,0.0,WFC
1987-04-01,0.5936740123237718,0.5974551439285278,0.5880019687225704,0.5974551439285278,1716000,0.0,0.0,WFC
1987-04-02,0.5955641602008133,0.6050176749670217,0.5955641602008133,0.6031267642974854,2208000,0.0,0.0,WFC
1987-04-03,0.5993459468054425,0.6125805974006653,0.5936739042369179,0.6125805974006653,2138400,0.0,0.0,WFC
1987-04-06,0.6087989049154156,0.6163618564605713,0.6087989049154156,0.6163618564605713,909600,0.0,0.0,WFC
1987-04-07,0.6144707685350527,0.6201428074636648,0.6069081653614973,0.610689640045166,998400,0.0,0.0,WFC
1987-04-08,0.6087990096406224,0.6087990096406224,0.5936737963362454,0.6012364029884338,996000,0.0,0.0,WFC
1987-04-09,0.5974547917644475,0.5974547917644475,0.559641420841217,0.559641420841217,2388000,0.0,0.0,WFC
1987-04-10,0.5634223685293265,0.5709853172302246,0.5615318044509778,0.5709853172302246,1711200,0.0,0.0,WFC
1987-04-13,0.5785481063028323,0.5842201465607032,0.5558599452713486,0.559641420841217,1060800,0.0,0.0,WFC
1987-04-14,0.5634223507039401,0.5634223507039401,0.5067019682104649,0.5218275189399719,2119200,0.0,0.0,WFC
1987-04-15,0.531280758265073,0.5407339196912011,0.525608722931971,0.536952793598175,1454400,0.0,0.0,WFC
1987-04-16,0.544515759669722,0.563422441482544,0.5426251953465787,0.563422441482544,2174400,0.0,0.0,WFC
1987-04-20,0.5747663974761963,0.5747663974761963,0.5672037955994447,0.5747663974761963,900000,0.0,0.0,WFC
1987-04-21,0.5709852696346819,0.5747663974761963,0.559641193722693,0.5747663974761963,1365600,0.0,0.0,WFC
1987-04-22,0.5728760824271074,0.5785481228471777,0.5482973560047602,0.5520784854888916,895200,0.0,0.0,WFC
1987-04-23,0.5464062565408276,0.5520782950038595,0.5293901411517318,0.5482971668243408,1324800,0.0,0.0,WFC
1987-04-24,0.5520785737401184,0.5520785737401184,0.5445159673690796,0.5445159673690796,1483200,0.0,0.0,WFC
1987-04-27,0.5482971429399224,0.5539691811558741,0.5445156687313749,0.5501877069473267,1072800,0.0,0.0,WFC
1987-04-28,0.5539695620536804,0.5577506926683149,0.5501880852450691,0.5539695620536804,1012800,0.0,0.0,WFC
1987-04-29,0.5577504023193177,0.563422441482544,0.5558598379961744,0.563422441482544,684000,0.0,0.0,WFC
1987-04-30,0.5634224047627503,0.5709853539500181,0.5596412763628904,0.5672038793563843,3381600,0.0,0.0,WFC
1987-05-01,0.567203916322627,0.5785479946490796,0.563422441482544,0.563422441482544,1588800,0.0,0.0,WFC
1987-05-04,0.5683984756469727,0.5779675903625437,0.5683984756469727,0.5683984756469727,3501600,0.01875,0.0,WFC
1987-05-05,0.568398360604052,0.5760534405708313,0.5664846782191317,0.5760534405708313,4752000,0.0,0.0,WFC
1987-05-06,0.5779675245285034,0.5837089226184318,0.5779675245285034,0.5779675245285034,1569600,0.0,0.0,WFC
1987-05-07,0.5760534405708313,0.5817948381526904,0.5741397581859111,0.5760534405708313,496800,0.0,0.0,WFC
1987-05-08,0.5779675245285034,0.585622605172698,0.5741398089928412,0.5779675245285034,580800,0.0,0.0,WFC
1987-05-11,0.5817949954618474,0.6028469090965041,0.5817949954618474,0.5875363945960999,3072000,0.0,0.0,WFC
1987-05-12,0.5856228470802307,0.5856228470802307,0.5779677632738943,0.5856228470802307,986400,0.0,0.0,WFC
1987-05-13,0.5856227458102031,0.5971055447476581,0.5856227458102031,0.5913641452789307,794400,0.0,0.0,WFC
1987-05-14,0.5932778282927686,0.5971055447476581,0.5856227458102031,0.5913641452789307,1286400,0.0,0.0,WFC
1987-05-15,0.5875364288240411,0.5913641452789307,0.5856227458102031,0.5913641452789307,756000,0.0,0.0,WFC
1987-05-18,0.5913641630456998,0.606674678898029,0.5894504799743677,0.5971055626869202,1718400,0.0,0.0,WFC
1987-05-19,0.5971055099622516,0.5971055099622516,0.5856227116937468,0.5875363945960999,1308000,0.0,0.0,WFC
1987-05-20,0.5875366071490484,0.5875366071490484,0.5837092399597168,0.5837092399597168,1521600,0.0,0.0,WFC
1987-05-21,0.5875363945960999,0.5913641108279992,0.5856227116937468,0.5875363945960999,520800,0.0,0.0,WFC
1987-05-22,0.587536403773736,0.5990192022216083,0.587536403773736,0.5951918363571167,530400,0.0,0.0,WFC
1987-05-26,0.597105605807194,0.604760689072562,0.5932778889608852,0.5990192890167236,1180800,0.0,0.0,WFC
1987-05-27,0.6124160885810852,0.6238988880518104,0.60093328911036,0.6124160885810852,3072000,0.0,0.0,WFC
1987-05-28,0.6181577564400628,0.6181577564400628,0.6085886359214783,0.6085886359214783,1360800,0.0,0.0,WFC
1987-05-29,0.6124160379952539,0.6162434038845336,0.6085883216787733,0.6105020046234131,984000,0.0,0.0,WFC
1987-06-01,0.6143295013522156,0.6200708985611149,0.6105017864039243,0.6162431836128235,1353600,0.0,0.0,WFC
1987-06-02,0.6200712752256001,0.6258126759221334,0.6124161911059852,0.6219849586486816,1012800,0.0,0.0,WFC
1987-06-03,0.6277262503673521,0.6449504494667053,0.6258125672764998,0.6449504494667053,1651200,0.0,0.0,WFC
1987-06-04,0.6487781224506242,0.6506918054127969,0.6411230401747291,0.6430367231369019,1255200,0.0,0.0,WFC
1987-06-05,0.6430367485616075,0.6468644650644993,0.6392090320587158,0.6392090320587158,1411200,0.0,0.0,WFC
1987-06-08,0.6392090067853522,0.6430367231369019,0.6296402415472845,0.6430367231369019,501600,0.0,0.0,WFC
1987-06-09,0.6430370364568929,0.658347558895944,0.6392093182402865,0.6487784385681152,1300800,0.0,0.0,WFC
1987-06-10,0.6487781153136352,0.6698300293747668,0.6449503990041929,0.6526058316230774,614400,0.0,0.0,WFC
1987-06-11,0.6526060430320589,0.6698302463634566,0.6526060430320589,0.6640888452529907,549600,0.0,0.0,WFC
1987-06-12,0.666002485754397,0.671743886493659,0.6583474015778114,0.6698302030563354,960000,0.0,0.0,WFC
1987-06-15,0.6717438361135267,0.6832266367308519,0.6621747187900007,0.6679161190986633,1464000,0.0,0.0,WFC
1987-06-16,0.6660023099285061,0.6793987913076569,0.6621745936370921,0.6774851083755493,763200,0.0,0.0,WFC
1987-06-17,0.6793985284164791,0.6851399254183846,0.6755711640332507,0.6813125610351562,393600,0.0,0.0,WFC
1987-06-18,0.6813125610351562,0.6832262432267705,0.6774848462248648,0.6813125610351562,1876800,0.0,0.0,WFC
1987-06-19,0.6889676091229502,0.6889676091229502,0.6813125302750443,0.6851398944854736,1617600,0.0,0.0,WFC
1987-06-22,0.6832262432267705,0.6870539580370619,0.6774848462248648,0.6813125610351562,770400,0.0,0.0,WFC
1987-06-23,0.6851402935707226,0.6851402935707226,0.6640887268699577,0.6717438101768494,1048800,0.0,0.0,WFC
1987-06-24,0.6717442462318821,0.6717442462318821,0.6545200347900391,0.6545200347900391,700800,0.0,0.0,WFC
1987-06-25,0.6583474441425249,0.673657613485558,0.6583474441425249,0.6640888452529907,1159200,0.0,0.0,WFC
1987-06-26,0.6621741802611644,0.6640882124255966,0.6602604985237122,0.6602604985237122,578400,0.0,0.0,WFC
1987-06-29,0.6640885907319647,0.6679159563871759,0.6621745574771796,0.6660022735595703,1401600,0.0,0.0,WFC
1987-06-30,0.6640887001569308,0.6698301000129641,0.6487781837317629,0.6506918668746948,1156800,0.0,0.0,WFC
1987-07-01,0.6526058826845696,0.6526058826845696,0.6392090497669208,0.6449504494667053,588000,0.0,0.0,WFC
1987-07-02,0.6468644142150879,0.6526058133044904,0.6430366980130893,0.6468644142150879,355200,0.0,0.0,WFC
1987-07-06,0.6487778647550239,0.6487778647550239,0.6238985944200476,0.6277259588241577,955200,0.0,0.0,WFC
1987-07-07,0.6315538998342841,0.6468644142150879,0.6315538998342841,0.6468644142150879,1017600,0.0,0.0,WFC
1987-07-08,0.6487784385681152,0.6526061567847217,0.6468647546734995,0.6487784385681152,1164000,0.0,0.0,WFC
1987-07-09,0.6487784385681152,0.6526061567847217,0.6487784385681152,0.6487784385681152,854400,0.0,0.0,WFC
1987-07-10,0.6487780971024919,0.6545194961918944,0.6468644142150879,0.6468644142150879,643200,0.0,0.0,WFC
1987-07-13,0.6430367304244452,0.6430367304244452,0.6296402486830053,0.6334676146507263,657600,0.0,0.0,WFC
1987-07-14,0.6334676074716299,0.6430367231369019,0.6296402415472845,0.6430367231369019,1430400,0.0,0.0,WFC
1987-07-15,0.6430367838757295,0.6506918668746948,0.6411231007327975,0.6506918668746948,897600,0.0,0.0,WFC
1987-07-16,0.662175123066143,0.662175123066143,0.6545200347900391,0.6545200347900391,1089600,0.0,0.0,WFC
1987-07-17,0.6583471983471507,0.6583471983471507,0.6468644004133468,0.6564331650733948,566400,0.0,0.0,WFC
1987-07-20,0.6526063503278827,0.6545200347900391,0.6487786309760913,0.6545200347900391,924000,0.0,0.0,WFC
1987-07-21,0.6545195657754219,0.6660023651749907,0.6449504494667053,0.6449504494667053,638400,0.0,0.0,WFC
1987-07-22,0.6506917982547561,0.6526058316230774,0.6468644323725142,0.6526058316230774,595200,0.0,0.0,WFC
1987-07-23,0.6564328288275401,0.6621742248535156,0.6564328288275401,0.6621742248535156,364800,0.0,0.0,WFC
1987-07-24,0.662175123066143,0.6640891579557782,0.6506923154382476,0.6545200347900391,4576800,0.0,0.0,WFC
1987-07-27,0.6506914328015644,0.6621742248535156,0.6506914328015644,0.6621742248535156,1180800,0.0,0.0,WFC
1987-07-28,0.6621745967558824,0.6621745967558824,0.6468644323725142,0.6526058316230774,705600,0.0,0.0,WFC
1987-07-29,0.6564331790792984,0.6564331790792984,0.6430366980130893,0.6468644142150879,1334400,0.0,0.0,WFC
1987-07-30,0.6506913889824911,0.6602604985237122,0.6468640255075867,0.6602604985237122,1677600,0.0,0.0,WFC
1987-07-31,0.6564332488662741,0.6621746485660585,0.6449504494667053,0.6449504494667053,820800,0.0,0.0,WFC
1987-08-03,0.622897207736969,0.6441764269994396,0.622897207736969,0.622897207736969,1759200,0.01875,0.0,WFC
1987-08-04,0.6267666926077746,0.6364391361813607,0.6267666926077746,0.6325700879096985,1648800,0.0,0.0,WFC
1987-08-05,0.6364389222371509,0.6499800553192964,0.6325698752661009,0.6441766619682312,700800,0.0,0.0,WFC
1987-08-06,0.6422428814238748,0.6731942218282948,0.6403081791283077,0.6673908233642578,1660800,0.0,0.0,WFC
1987-08-07,0.6809314695950442,0.6809314695950442,0.6615869402885437,0.6615869402885437,1876800,0.0,0.0,WFC
1987-08-10,0.66932462390759,0.6906038522720337,0.66932462390759,0.6906038522720337,1994400,0.0,0.0,WFC
1987-08-11,0.6848004122575123,0.704144938601227,0.6848004122575123,0.6964071989059448,6794400,0.0,0.0,WFC
1987-08-12,0.7002762808562216,0.7196208081667016,0.6925381865632008,0.7118830680847168,2236800,0.0,0.0,WFC
1987-08-13,0.7157518505597762,0.7350967345013109,0.7138175038500548,0.7273586392402649,1024800,0.0,0.0,WFC
1987-08-14,0.7273584571148094,0.7273584571148094,0.721555064227694,0.7254241108894348,993600,0.0,0.0,WFC
1987-08-17,0.7273586130604031,0.7428344488143921,0.7273586130604031,0.7428344488143921,1512000,0.0,0.0,WFC
1987-08-18,0.7389654370878801,0.7409001380326825,0.72348995479597,0.731227695941925,2376000,0.0,0.0,WFC
1987-08-19,0.7312274711338554,0.7389652099009254,0.7273584246448325,0.7370308637619019,1214400,0.0,0.0,WFC
1987-08-20,0.7370308637619019,0.7408999102509248,0.7273584246448325,0.7370308637619019,1288800,0.0,0.0,WFC
1987-08-21,0.737030986048122,0.7409000331790869,0.7292932459972268,0.7389653325080872,1497600,0.0,0.0,WFC
1987-08-24,0.7389654279207536,0.7389654279207536,0.7196208981902992,0.7273586392402649,540000,0.0,0.0,WFC
1987-08-25,0.7312275270447939,0.738965266403505,0.7292931807578668,0.7350965738296509,1298400,0.0,0.0,WFC
1987-08-26,0.7350967345013109,0.7350967345013109,0.7196208981902992,0.7273586392402649,304800,0.0,0.0,WFC
1987-08-27,0.7254243892325863,0.7254243892325863,0.7041451557447213,0.7157519459724426,1490400,0.0,0.0,WFC
1987-08-28,0.7118833288347074,0.7118833288347074,0.6886697458750014,0.6925384402275085,1106400,0.0,0.0,WFC
1987-08-31,0.6964076274570218,0.7041453719139099,0.6848008336660714,0.7041453719139099,1348800,0.0,0.0,WFC
1987-09-01,0.7118833288347074,0.7234901203145605,0.6925384402275085,0.6925384402275085,1288800,0.0,0.0,WFC
1987-09-02,0.6886695057701905,0.6906038522720337,0.6731936711223185,0.6906038522720337,1356000,0.0,0.0,WFC
1987-09-03,0.7002763776187696,0.704145071088811,0.6964073299376432,0.7022107243537903,2220000,0.0,0.0,WFC
1987-09-04,0.7060796087399782,0.7118830018139753,0.7041449082413105,0.7099483013153076,1468800,0.0,0.0,WFC
1987-09-08,0.7099483674059436,0.7157517610201911,0.7080140209382063,0.7118830680847168,1682400,0.0,0.0,WFC
1987-09-09,0.7118831900318072,0.7176865846401885,0.7099484890216157,0.7138175368309021,852000,0.0,0.0,WFC
1987-09-10,0.713817414552454,0.7157517610201911,0.7118830680847168,0.7118830680847168,4708800,0.0,0.0,WFC
1987-09-11,0.7118831900318072,0.7196209314392834,0.7118831900318072,0.7138175368309021,468000,0.0,0.0,WFC
1987-09-14,0.713817599004865,0.7157519459724426,0.7080142038910042,0.7157519459724426,765600,0.0,0.0,WFC
1987-09-15,0.7157519459724426,0.7157519459724426,0.7080142038910042,0.7157519459724426,1886400,0.0,0.0,WFC
1987-09-16,0.7118831900318072,0.715751883629997,0.7118831900318072,0.7138175368309021,1228800,0.0,0.0,WFC
1987-09-17,0.7157519459724426,0.7157519459724426,0.713817599004865,0.7157519459724426,1303200,0.0,0.0,WFC
1987-09-18,0.7118834705820344,0.7157521657048602,0.7041453719139099,0.7041453719139099,782400,0.0,0.0,WFC
1987-09-21,0.700276255607605,0.7080139954106038,0.700276255607605,0.700276255607605,3132000,0.0,0.0,WFC
1987-09-22,0.7041451557447213,0.7196209941187256,0.6925383655169999,0.7157519459724426,2013600,0.0,0.0,WFC
1987-09-23,0.7157517610201911,0.7157517610201911,0.7060796744704692,0.7118830680847168,3410400,0.0,0.0,WFC
1987-09-24,0.7080140680472483,0.711883115451193,0.7060797214508057,0.7060797214508057,1975200,0.0,0.0,WFC
1987-09-25,0.7041449484035928,0.7041449484035928,0.6964072086005939,0.700276255607605,2066400,0.0,0.0,WFC
1987-09-28,0.7041451641161104,0.727358744847533,0.7041451641161104,0.7196210026741028,1958400,0.0,0.0,WFC
1987-09-29,0.7254244603411837,0.7254244603411837,0.7196210646584542,0.7215554118156433,1406400,0.0,0.0,WFC
1987-09-30,0.7196210646584542,0.7215554118156433,0.7060799261358063,0.7215554118156433,5248800,0.0,0.0,WFC
1987-10-01,0.7215550741610857,0.7292931675910951,0.7196207279090816,0.729293167591095,475200,0.0,0.0,WFC
1987-10-02,0.7312279221244369,0.7350969709997262,0.7196211297097632,0.7234901785850525,513600,0.0,0.0,WFC
1987-10-05,0.727358744847533,0.727358744847533,0.7196210026741028,0.7196210026741028,660000,0.0,0.0,WFC
1987-10-06,0.7196207822206137,0.7254241756256187,0.6964072086005939,0.700276255607605,789600,0.0,0.0,WFC
1987-10-07,0.7118830680847168,0.7157517610201911,0.7060796744704692,0.7118830680847168,818400,0.0,0.0,WFC
1987-10-08,0.7080146507620807,0.7118837013503567,0.6925388026203281,0.6944735050201416,852000,0.0,0.0,WFC
1987-10-09,0.6925384402275085,0.7002765373548544,0.6906040930512549,0.6925384402275085,468000,0.0,0.0,WFC
1987-10-12,0.6925381519527946,0.700276245859095,0.6886694592106626,0.6964071989059448,432000,0.0,0.0,WFC
1987-10-13,0.7002764701349611,0.7234900508663837,0.6983417689332547,0.7196210026741028,410400,0.0,0.0,WFC
1987-10-14,0.7157517352136027,0.7157517352136027,0.700276255607605,0.700276255607605,1298400,0.0,0.0,WFC
1987-10-15,0.6886696158016633,0.6906039626125647,0.6731937786811555,0.6867349147796631,1684800,0.0,0.0,WFC
1987-10-16,0.6848003268241882,0.6848003268241882,0.6557833638231633,0.6848003268241882,2440800,0.0,0.0,WFC
1987-10-19,0.6809315933714902,0.6809315933714902,0.5842085750460736,0.5996840596199036,6374400,0.0,0.0,WFC
1987-10-20,0.5977494969192833,0.6151596764412041,0.5106985993096789,0.5300431251525879,2090400,0.0,0.0,WFC
1987-10-21,0.5339119673389903,0.6112903952598572,0.5339119673389903,0.6112903952598572,1308000,0.0,0.0,WFC
1987-10-22,0.6074217041008815,0.6228971771585309,0.5784047493541973,0.6112903952598572,1893600,0.0,0.0,WFC
1987-10-23,0.6016188394630393,0.6016188394630393,0.5726018593315613,0.5764705538749695,2395200,0.0,0.0,WFC
1987-10-26,0.5687326743419108,0.5687326743419108,0.49135419726371765,0.49135419726371765,688800,0.0,0.0,WFC
1987-10-27,0.5223056077957153,0.5377814475785676,0.5106988165113661,0.5223056077957153,1828800,0.0,0.0,WFC
1987-10-28,0.5223058397292156,0.526174889945797,0.5068299930742073,0.5184367895126343,1334400,0.0,0.0,WFC
1987-10-29,0.5184364779143025,0.5416500568389893,0.5184364779143025,0.5416500568389893,271200,0.0,0.0,WFC
1987-10-30,0.5571257472038269,0.5764702731336229,0.5571257472038269,0.5571257472038269,602400,0.0,0.0,WFC
1987-11-02,0.5563423041085116,0.572013675810922,0.552424281835556,0.5641779899597168,3542400,0.01875,0.0,WFC
1987-11-03,0.5524246237056446,0.5563426484032847,0.5445889330052923,0.5543834567070007,3600000,0.0,0.0,WFC
1987-11-04,0.5504654500464312,0.5641779899597168,0.5504654500464312,0.5641779899597168,962400,0.0,0.0,WFC
1987-11-05,0.5563425943127083,0.5720139741897583,0.5563425943127083,0.5720139741897583,2090400,0.0,0.0,WFC
1987-11-06,0.5720137054607003,0.5837674141941032,0.5641780192033399,0.5680960416793823,1764000,0.0,0.0,WFC
1987-11-09,0.568096011869547,0.568096011869547,0.5524242814824479,0.5563423037528992,847200,0.0,0.0,WFC
1987-11-10,0.5504655864543023,0.5524244187288346,0.5328350198991267,0.5426295399665833,1536000,0.0,0.0,WFC
1987-11-11,0.5465474724769592,0.5504654950703797,0.5445886405276167,0.5465474724769592,427200,0.0,0.0,WFC
1987-11-12,0.5426294055005201,0.5641779899597168,0.5426294055005201,0.5641779899597168,3530400,0.0,0.0,WFC
1987-11-13,0.5641782030146172,0.5641782030146172,0.5524244904518127,0.5524244904518127,832800,0.0,0.0,WFC
1987-11-16,0.5524246237056446,0.5583014814046409,0.5524246237056446,0.5543834567070007,429600,0.0,0.0,WFC
1987-11-17,0.5524244904518127,0.5543833229806663,0.5485064666992641,0.5524244904518127,1015200,0.0,0.0,WFC
1987-11-18,0.5543831132703207,0.5563423037528992,0.5504654496945752,0.5563423037528992,2042400,0.0,0.0,WFC
1987-11-19,0.5602597148954024,0.5680957559056614,0.556342053084817,0.5622189044952393,170400,0.0,0.0,WFC
1987-11-20,0.5622190089947527,0.5622190089947527,0.5563421564920014,0.5602598190307617,595200,0.0,0.0,WFC
1987-11-23,0.5641779316200191,0.5798496603965759,0.5602599097522126,0.5798496603965759,516000,0.0,0.0,WFC
1987-11-24,0.5798496907980625,0.5916033983230591,0.5798496907980625,0.5916033983230591,844800,0.0,0.0,WFC
1987-11-25,0.5876857006608964,0.5955213904380798,0.5876857006608964,0.5955213904380798,355200,0.0,0.0,WFC
1987-11-27,0.5994392677093132,0.5994392677093132,0.5837675333023071,0.5837675333023071,957600,0.0,0.0,WFC
1987-11-30,0.5798495665030069,0.5798495665030069,0.5524241352586301,0.5602598190307617,2047200,0.0,0.0,WFC
1987-12-01,0.5641779607656051,0.5798496903517677,0.5641779607656051,0.5759316682815552,780000,0.0,0.0,WFC
1987-12-02,0.5720136166609631,0.5798496603965759,0.5720136166609631,0.5798496603965759,1569600,0.0,0.0,WFC
1987-12-03,0.5759319155774217,0.5759319155774217,0.5485064666992641,0.5524244904518127,1269600,0.0,0.0,WFC
1987-12-04,0.5485065014364686,0.5524245254371477,0.528917098822801,0.5406708121299744,1125600,0.0,0.0,WFC
1987-12-07,0.5445883502639726,0.5622189044952393,0.5445883502639726,0.5622189044952393,1132800,0.0,0.0,WFC
1987-12-08,0.5583012787488701,0.5837675333023071,0.5583012787488701,0.5837675333023071,619200,0.0,0.0,WFC
1987-12-09,0.5798498687216539,0.5876855565777581,0.5798498687216539,0.5837675333023071,1125600,0.0,0.0,WFC
1987-12-10,0.5798498687216539,0.5837675333023071,0.5759318454462029,0.5837675333023071,537600,0.0,0.0,WFC
1987-12-11,0.5876853454375199,0.5876853454375199,0.5759316385287695,0.5798496603965759,506400,0.0,0.0,WFC
1987-12-14,0.5680959534878255,0.5798496603965759,0.5680959534878255,0.5798496603965759,948000,0.0,0.0,WFC
1987-12-15,0.5759316385287695,0.5955210304784638,0.5720136166609631,0.5798496603965759,585600,0.0,0.0,WFC
1987-12-16,0.5759319866476785,0.5955213904380798,0.5759319866476785,0.5955213904380798,374400,0.0,0.0,WFC
1987-12-17,0.595521212857966,0.6072749233663125,0.5876855254173279,0.5876855254173279,1886400,0.0,0.0,WFC
1987-12-18,0.611193439335499,0.611193439335499,0.5955216931208481,0.6053165793418884,2383200,0.0,0.0,WFC
1987-12-21,0.6053161766920868,0.611193032776476,0.6033573442289002,0.6072750091552734,1161600,0.0,0.0,WFC
1987-12-22,0.6092338150325524,0.6190283298492432,0.6033569626646968,0.6190283298492432,350400,0.0,0.0,WFC
1987-12-23,0.6229466811301979,0.6229466811301979,0.6072749469456394,0.6151109933853149,1917600,0.0,0.0,WFC
1987-12-24,0.6170697818079454,0.6170697818079454,0.5955211936719519,0.609234094619751,1303200,0.0,0.0,WFC
1987-12-28,0.5974806547164917,0.6033575124392935,0.5916037969936899,0.5974806547164917,235200,0.0,0.0,WFC
1987-12-29,0.595520957506211,0.5994389788939221,0.593562126159668,0.593562126159668,141600,0.0,0.0,WFC
1987-12-30,0.5857265445605608,0.6013979154640978,0.5857265445605608,0.5916033983230591,1819200,0.0,0.0,WFC
1987-12-31,0.5955210304784638,0.5994390523462703,0.5798496603965759,0.5798496603965759,700800,0.0,0.0,WFC
1988-01-04,0.5876855208323551,0.6190286290451554,0.5876855208323551,0.6111929416656494,710400,0.0,0.0,WFC
1988-01-05,0.6151109933853149,0.6268647043500357,0.6151109933853149,0.6151109933853149,1046400,0.0,0.0,WFC
1988-01-06,0.6131514518057912,0.636658860292845,0.6072745996840277,0.6307820081710815,1908000,0.0,0.0,WFC
1988-01-07,0.6190283039275547,0.6307820081710815,0.6151106416427707,0.6307820081710815,1312800,0.0,0.0,WFC
1988-01-08,0.6268647132478745,0.6288235455382012,0.5837675333023071,0.5837675333023071,667200,0.0,0.0,WFC
1988-01-11,0.5818084206911597,0.595520957506211,0.5759315679569055,0.593562126159668,1358400,0.0,0.0,WFC
1988-01-12,0.5896446052894697,0.5974806547164917,0.5778908898438662,0.5974806547164917,940800,0.0,0.0,WFC
1988-01-13,0.5974802520855574,0.6013979154640978,0.583767354176603,0.5916033983230591,424800,0.0,0.0,WFC
1988-01-14,0.5876856084389193,0.6072750091552734,0.5876856084389193,0.6072750091552734,2061600,0.0,0.0,WFC
1988-01-15,0.61119264625697,0.6307820345849541,0.61119264625697,0.6190283298492432,684000,0.0,0.0,WFC
1988-01-18,0.6151109496845885,0.6170697818079454,0.6033572395549134,0.609234094619751,1077600,0.0,0.0,WFC
1988-01-19,0.6092339032283287,0.6347001476107904,0.6072747130256863,0.6229464411735535,3314400,0.0,0.0,WFC
1988-01-20,0.6249051837600718,0.6268643736839294,0.6209875213015632,0.6268643736839294,1502400,0.0,0.0,WFC
1988-01-21,0.6229469367436,0.6229469367436,0.6151112457835033,0.6170700788497925,974400,0.0,0.0,WFC
1988-01-22,0.6190285083075651,0.638618260977637,0.6190285083075651,0.6347002387046814,8104800,0.0,0.0,WFC
1988-01-25,0.6366593280564893,0.6699616341124073,0.6366593280564893,0.6621259450912476,722400,0.0,0.0,WFC
1988-01-26,0.6582078787809224,0.6621259023862276,0.654289855175617,0.6562490463256836,424800,0.0,0.0,WFC
1988-01-27,0.666043523562664,0.6738795702587407,0.6464541242120813,0.6503721475601196,1238400,0.0,0.0,WFC
1988-01-28,0.6503722360701669,0.6562490925446116,0.6464542121889194,0.6542899012565613,4752000,0.0,0.0,WFC
1988-01-29,0.6503722360701669,0.6542899012565613,0.6484130447821166,0.6542899012565613,2692800,0.0,0.0,WFC
1988-02-01,0.6534975930183883,0.6594384802276463,0.6495368806778898,0.6574583053588867,5260800,0.01875,0.0,WFC
1988-02-02,0.6574583159669052,0.6594384908676147,0.6515174286617915,0.6594384908676147,8181600,0.0,0.0,WFC
1988-02-03,0.6594384802276463,0.6693400797774028,0.6515174181496286,0.6574583053588867,5076000,0.0,0.0,WFC
1988-02-04,0.6574587322488239,0.6792417577579016,0.6574587322488239,0.6752814054489136,1807200,0.0,0.0,WFC
1988-02-05,0.6752811825701869,0.6931038498878479,0.6752811825701869,0.6931038498878479,1732800,0.0,0.0,WFC
1988-02-08,0.6891427435797334,0.6970638036727905,0.6832018578592184,0.6970638036727905,2464800,0.0,0.0,WFC
1988-02-09,0.6950836293002483,0.6970638036727905,0.6931034549277061,0.6970638036727905,856800,0.0,0.0,WFC
1988-02-10,0.6970639927492812,0.7168671922578141,0.6970639927492812,0.7129064798355103,2016000,0.0,0.0,WFC
1988-02-11,0.7109263002084035,0.7129064751049224,0.6970639881238183,0.6990445256233215,2596800,0.0,0.0,WFC
1988-02-12,0.7010245150207632,0.7089455751138204,0.6931034549277061,0.6970638036727905,1800000,0.0,0.0,WFC
1988-02-16,0.6990449051203981,0.6990449051203981,0.6871631240849418,0.6891433000564575,211200,0.0,0.0,WFC
1988-02-17,0.6871627355379456,0.6891429103897978,0.6693400740623474,0.6693400740623474,655200,0.0,0.0,WFC
1988-02-18,0.6733007593330904,0.6772614736137552,0.6633995175361633,0.6633995175361633,1024800,0.0,0.0,WFC
1988-02-19,0.6653793828186721,0.6733004450798035,0.6614186703866128,0.6733004450798035,1490400,0.0,0.0,WFC
1988-02-22,0.6713204634817023,0.6812220661116666,0.6653795744243421,0.6772613525390625,2642400,0.0,0.0,WFC
1988-02-23,0.6772612105069614,0.6911231611993734,0.6733004977649798,0.6851822733879089,3465600,0.0,0.0,WFC
1988-02-24,0.6851822733879089,0.6871628110604077,0.683202098318426,0.6851822733879089,3456000,0.0,0.0,WFC
1988-02-25,0.6851824226779354,0.704985628099622,0.6851824226779354,0.6931038498878479,967200,0.0,0.0,WFC
1988-02-26,0.6931036647395702,0.7069656147493423,0.6931036647395702,0.7049854397773743,590400,0.0,0.0,WFC
1988-02-29,0.7069656147493423,0.7069656147493423,0.7030049022024082,0.7049854397773743,434400,0.0,0.0,WFC
1988-03-01,0.7089460501021956,0.712906764103816,0.6891432053003556,0.6950840950012207,2356800,0.0,0.0,WFC
1988-03-02,0.6990446875867438,0.6990446875867438,0.6772613082660527,0.6812220215797424,1653600,0.0,0.0,WFC
1988-03-03,0.6812219128399548,0.6851822629184069,0.6693401373985777,0.6832020878791809,4077600,0.0,0.0,WFC
1988-03-04,0.6891431362828916,0.6931038498878479,0.6851824226779354,0.6931038498878479,2637600,0.0,0.0,WFC
1988-03-07,0.6911234760279732,0.6931040146026699,0.6891433000564575,0.6891433000564575,1574400,0.0,0.0,WFC
1988-03-08,0.6931034549277061,0.6970638036727905,0.6911229179522755,0.6970638036727905,2740800,0.0,0.0,WFC
1988-03-09,0.6970641958138782,0.6970641958138782,0.6851824176886241,0.6911233067512512,2020800,0.0,0.0,WFC
1988-03-10,0.6871626244238034,0.6871626244238034,0.6693399658301277,0.6713201403617859,748800,0.0,0.0,WFC
1988-03-11,0.6713205834943363,0.6713205834943363,0.6534979131360796,0.6633995175361633,902400,0.0,0.0,WFC
1988-03-14,0.6673594286955521,0.6772610265596778,0.6673594286955521,0.6713201403617859,650400,0.0,0.0,WFC
1988-03-15,0.6733004237660519,0.6733004237660519,0.6653793617556669,0.6693400740623474,619200,0.0,0.0,WFC
1988-03-16,0.6733003148934441,0.6733003148934441,0.6673594286955521,0.6713201403617859,523200,0.0,0.0,WFC
1988-03-17,0.6693400041958324,0.6812217772726641,0.667359466947735,0.6792412400245667,376800,0.0,0.0,WFC
1988-03-18,0.6812221059337938,0.689143170938951,0.6772613921296587,0.6871629953384399,1485600,0.0,0.0,WFC
1988-03-21,0.6832019127575697,0.6832019127575697,0.6713201403617859,0.6713201403617859,842400,0.0,0.0,WFC
1988-03-22,0.6693405143822171,0.6752814054489136,0.6693405143822171,0.6752814054489136,578400,0.0,0.0,WFC
1988-03-23,0.6792411465112457,0.7010245150207632,0.6772609721387034,0.6970638036727905,1584000,0.0,0.0,WFC
1988-03-24,0.708945844221026,0.708945844221026,0.7010247811212298,0.7030049562454224,3172800,0.0,0.0,WFC
1988-03-25,0.7030049562454224,0.7069656690968334,0.7010247811212298,0.7030049562454224,876000,0.0,0.0,WFC
1988-03-28,0.6970641958138782,0.6970641958138782,0.6911233067512512,0.6911233067512512,784800,0.0,0.0,WFC
1988-03-29,0.689143170938951,0.689143170938951,0.6851824571348158,0.6871629953384399,936000,0.0,0.0,WFC
1988-03-30,0.6871627572905175,0.6871627572905175,0.6733004450798035,0.6733004450798035,244800,0.0,0.0,WFC
1988-03-31,0.6693400740623474,0.6713202489141996,0.6653793617556669,0.6693400740623474,492000,0.0,0.0,WFC
1988-04-04,0.6653793508356268,0.6673595256549809,0.6495368644718837,0.653497576713562,772800,0.0,0.0,WFC
1988-04-05,0.6495368009968193,0.6653792858123779,0.6495368009968193,0.6653792858123779,1663200,0.0,0.0,WFC
1988-04-06,0.6633992598145494,0.6851822733879089,0.6594385470725677,0.6851822733879089,2575200,0.0,0.0,WFC
1988-04-07,0.6851822733879089,0.6891429861298906,0.683202098318426,0.6851822733879089,1255200,0.0,0.0,WFC
1988-04-08,0.6832024095387295,0.6911234760279732,0.6792416949925171,0.6891433000564575,1219200,0.0,0.0,WFC
1988-04-11,0.6891433000564575,0.6911234760279732,0.6812222335672138,0.6891433000564575,760800,0.0,0.0,WFC
1988-04-12,0.6851824571348158,0.689143170938951,0.6812221059337938,0.6871629953384399,1838400,0.0,0.0,WFC
1988-04-13,0.6871629953384399,0.689143170938951,0.6851824571348158,0.6871629953384399,266400,0.0,0.0,WFC
1988-04-14,0.6832024204515551,0.6851825964547003,0.6614190340042114,0.6614190340042114,1058400,0.0,0.0,WFC
1988-04-15,0.6554777622904536,0.6693400740623474,0.6534975874386014,0.6693400740623474,765600,0.0,0.0,WFC
1988-04-18,0.6633995726105434,0.6633995726105434,0.6574586819979211,0.6614190340042114,854400,0.0,0.0,WFC
1988-04-19,0.661418655096406,0.6673595423056641,0.6574583053588867,0.6574583053588867,2294400,0.0,0.0,WFC
1988-04-20,0.653497576713562,0.6614186385939486,0.653497576713562,0.653497576713562,1286400,0.0,0.0,WFC
1988-04-21,0.6653793508356268,0.6653793508356268,0.6495368644718837,0.653497576713562,926400,0.0,0.0,WFC
1988-04-22,0.6534975930183883,0.6574583053588867,0.6515174181496286,0.6574583053588867,1029600,0.0,0.0,WFC
1988-04-25,0.655477687477287,0.6653792858123779,0.655477687477287,0.6653792858123779,1917600,0.0,0.0,WFC
1988-04-26,0.657458224706066,0.6673594604382223,0.657458224706066,0.6653792858123779,535200,0.0,0.0,WFC
1988-04-27,0.6653796933749174,0.6653796933749174,0.6633995175361633,0.6633995175361633,532800,0.0,0.0,WFC
1988-04-28,0.6633995960122706,0.6673599481582642,0.6633995960122706,0.6673599481582642,266400,0.0,0.0,WFC
1988-04-29,0.6633992032720188,0.6633992032720188,0.6574583159669052,0.6594384908676147,4116000,0.0,0.0,WFC
1988-05-02,0.6594374373674906,0.6694590363870454,0.6574328239548777,0.6614416837692261,343200,0.02083,0.0,WFC
1988-05-03,0.6654508349282507,0.6754724383354187,0.6654508349282507,0.6754724383354187,496800,0.0,0.0,WFC
1988-05-04,0.673468024721984,0.6754722715061978,0.6694591641426086,0.6694591641426086,955200,0.0,0.0,WFC
1988-05-05,0.6694590363870454,0.6694590363870454,0.6614416837692261,0.6614416837692261,645600,0.0,0.0,WFC
1988-05-06,0.663445889603322,0.6734678550209424,0.663445889603322,0.6714636087417603,595200,0.0,0.0,WFC
1988-05-09,0.6694593294867027,0.6774770526256828,0.6674550822074767,0.6754724383354187,1202400,0.0,0.0,WFC
1988-05-10,0.6794808308068868,0.6814850767024273,0.6734677261094808,0.6774765849113464,1202400,0.0,0.0,WFC
1988-05-11,0.6774768853013592,0.6774768853013592,0.665450670574181,0.6694591641426086,662400,0.0,0.0,WFC
1988-05-12,0.6654502641019175,0.6694587552218672,0.6634456515312195,0.6634456515312195,324000,0.0,0.0,WFC
1988-05-13,0.663445762610209,0.6774765849113464,0.663445762610209,0.6774765849113464,516000,0.0,0.0,WFC
1988-05-16,0.673468024721984,0.6754722715061978,0.6674549173583948,0.6694591641426086,1380000,0.0,0.0,WFC
1988-05-17,0.6694587552218672,0.6714633677925652,0.6634456515312195,0.6634456515312195,444000,0.0,0.0,WFC
1988-05-18,0.6654502641019175,0.6654502641019175,0.6614414059712447,0.6634456515312195,880800,0.0,0.0,WFC
1988-05-19,0.6614418099948056,0.6694591641426086,0.6574329494154304,0.6694591641426086,984000,0.0,0.0,WFC
1988-05-20,0.6654505138412677,0.6654505138412677,0.6534243019466114,0.6574327945709229,1516800,0.0,0.0,WFC
1988-05-23,0.6574327945709229,0.6594374078939396,0.6534243019466114,0.6574327945709229,1771200,0.0,0.0,WFC
1988-05-24,0.6534243019466114,0.6574327945709229,0.6514196886235947,0.6574327945709229,1411200,0.0,0.0,WFC
1988-05-25,0.6574325478405718,0.6654502641019175,0.6574325478405718,0.6634456515312195,2191200,0.0,0.0,WFC
1988-05-26,0.6634459594663997,0.6674548194577653,0.6634459594663997,0.6654505729675293,3369600,0.0,0.0,WFC
1988-05-27,0.6674548194577653,0.6674548194577653,0.6634459594663997,0.6654505729675293,957600,0.0,0.0,WFC
1988-05-31,0.6694588673076152,0.6774765849113464,0.6694588673076152,0.6774765849113464,3628800,0.0,0.0,WFC
1988-06-01,0.6774768781149759,0.6935115862404927,0.6774768781149759,0.6915073394775391,3595200,0.0,0.0,WFC
1988-06-02,0.6915073106489595,0.6915073106489595,0.6854942035998381,0.6874984502792358,1027200,0.0,0.0,WFC
1988-06-03,0.6874984483542002,0.6955161690711975,0.6874984483542002,0.6955161690711975,1860000,0.0,0.0,WFC
1988-06-06,0.69752037525177,0.6995246218092029,0.695516128694337,0.69752037525177,1996800,0.0,0.0,WFC
1988-06-07,0.6975201863430491,0.7015290453831056,0.6895028352737427,0.6895028352737427,597600,0.0,0.0,WFC
1988-06-08,0.689503179721476,0.7175641059875488,0.689503179721476,0.7175641059875488,3223200,0.0,0.0,WFC
1988-06-09,0.7135556119558184,0.7235772140461344,0.7135556119558184,0.7175641059875488,2443200,0.0,0.0,WFC
1988-06-10,0.7175638564746113,0.7376077877075018,0.7155596101556672,0.7315946817398071,1252800,0.0,0.0,WFC
1988-06-13,0.7315944938810978,0.7436207027283993,0.7315944938810978,0.7376075983047485,2184000,0.0,0.0,WFC
1988-06-14,0.7416161505893979,0.757651219367981,0.7416161505893979,0.7516381144523621,2292000,0.0,0.0,WFC
1988-06-15,0.7476299043547843,0.7476299043547843,0.7396125465128223,0.7436214089393616,1920000,0.0,0.0,WFC
1988-06-16,0.7436207027283993,0.7436207027283993,0.725581389457447,0.7376075983047485,1293600,0.0,0.0,WFC
1988-06-17,0.741616573031598,0.741616573031598,0.7295903563499451,0.7295903563499451,3108000,0.0,0.0,WFC
1988-06-20,0.7255818280729895,0.7255818280729895,0.7135556119558184,0.7175641059875488,969600,0.0,0.0,WFC
1988-06-21,0.71756397519458,0.725581695818602,0.7115508682320252,0.723577082157135,1464000,0.0,0.0,WFC
1988-06-22,0.725582128346248,0.7456257078326594,0.7215732656445091,0.7416168451309204,3336000,0.0,0.0,WFC
1988-06-23,0.7456256566470729,0.7456256566470729,0.7416167942205336,0.7436214089393616,2373600,0.0,0.0,WFC
1988-06-24,0.747629393421998,0.7656687114966109,0.747629393421998,0.7536424994468689,5671200,0.0,0.0,WFC
1988-06-27,0.7476291943369877,0.7536422987606385,0.7376075983047485,0.7376075983047485,2244000,0.0,0.0,WFC
1988-06-28,0.7335992455482483,0.7396123541183159,0.7275861369781806,0.7335992455482483,1084800,0.0,0.0,WFC
1988-06-29,0.7376077860145386,0.7476293845971199,0.7335989263749892,0.7456251382827759,2224800,0.0,0.0,WFC
1988-06-30,0.7456251465144674,0.7676733242591085,0.7456251465144674,0.7616602182388306,1144800,0.0,0.0,WFC
1988-07-01,0.76065808667294,0.7666711926268334,0.7335989263749892,0.7456251382827759,715200,0.0,1.5,WFC
1988-07-05,0.7396122444243658,0.7576515674591064,0.7366058740907258,0.7576515674591064,1035200,0.0,0.0,WFC
1988-07-06,0.7576513501905626,0.7576513501905626,0.7396120323288826,0.7456251382827759,3724800,0.0,0.0,WFC
1988-07-07,0.7396120429039001,0.7486318854691372,0.7396120429039001,0.7396120429039001,1478400,0.0,0.0,WFC
1988-07-08,0.7396123541183159,0.7396123541183159,0.7335992455482483,0.7335992455482483,1569600,0.0,0.0,WFC
1988-07-11,0.7396121813307712,0.745625288496062,0.7366058112535935,0.7426189184188843,806400,0.0,0.0,WFC
1988-07-12,0.742618779429268,0.7456251489437692,0.733598936864031,0.7396120429039001,836800,0.0,0.0,WFC
1988-07-13,0.742618779429268,0.742618779429268,0.736605673389399,0.7396120429039001,1105600,0.0,0.0,WFC
1988-07-14,0.7396119046211244,0.7516381144523621,0.7396119046211244,0.7516381144523621,1745600,0.0,0.0,WFC
1988-07-15,0.7516385502839289,0.7576516586862003,0.7486321795882986,0.7546452879905701,1052800,0.0,0.0,WFC
1988-07-18,0.7546449807190467,0.7576513501905626,0.74261876881126,0.7456251382827759,376000,0.0,0.0,WFC
1988-07-19,0.7456251073071337,0.7636644244194031,0.7456251073071337,0.7636644244194031,699200,0.0,0.0,WFC
1988-07-20,0.7636645630311703,0.7666712999343872,0.7546450863433452,0.7666712999343872,843200,0.0,0.0,WFC
1988-07-21,0.766671160776871,0.7696775301234928,0.7636644244194031,0.7636644244194031,753600,0.0,0.0,WFC
1988-07-22,0.7636643949722723,0.769677500444495,0.7606580257415771,0.7606580257415771,793600,0.0,0.0,WFC
1988-07-25,0.7606580550727813,0.7636644244194031,0.7516382130112235,0.7636644244194031,347200,0.0,0.0,WFC
1988-07-26,0.7636647670884718,0.7636647670884718,0.7546452879905701,0.7546452879905701,876800,0.0,0.0,WFC
1988-07-27,0.7546449807190467,0.7546449807190467,0.745625138282776,0.7456251382827759,1792000,0.0,0.0,WFC
1988-07-28,0.7456252426446072,0.7666712999343872,0.7456252426446072,0.7666712999343872,788800,0.0,0.0,WFC
1988-07-29,0.769678041916485,0.7937304807263751,0.769678041916485,0.7756911516189575,2428800,0.0,0.0,WFC
1988-08-01,0.7746457632744146,0.7989483696386576,0.7716077520647122,0.7959103584289551,419200,0.02075,0.0,WFC
1988-08-02,0.7959107239116995,0.8019863782927048,0.7837594151496888,0.7837594151496887,1646400,0.0,0.0,WFC
1988-08-03,0.7959106234890042,0.8080619307178439,0.7898349698745843,0.8019862771034241,1379200,0.0,0.0,WFC
1988-08-04,0.8050245000320474,0.8384404182434082,0.8050245000320474,0.8384404182434082,4064000,0.0,0.0,WFC
1988-08-05,0.8384401151112147,0.8566670741353716,0.8384401151112147,0.8505914211273193,3545600,0.0,0.0,WFC
1988-08-08,0.8505908923753542,0.8566665416066068,0.8445152431441018,0.8475532531738281,3524800,0.0,0.0,WFC
1988-08-09,0.850591374866998,0.850591374866998,0.8080618061236481,0.8141374588012695,1574400,0.0,0.0,WFC
1988-08-10,0.8111002554781896,0.8111002554781896,0.7867976316560509,0.7898352742195129,536000,0.0,0.0,WFC
1988-08-11,0.795910573954721,0.8019862271910165,0.7928729327507955,0.7989485859870911,1206400,0.0,0.0,WFC
1988-08-12,0.8019862271910165,0.8019862271910165,0.7898349207184254,0.7989485859870911,1689600,0.0,0.0,WFC
1988-08-15,0.7959107239116995,0.7989487365164594,0.7837594151496888,0.7837594151496887,1140800,0.0,0.0,WFC
1988-08-16,0.7776834708183036,0.7989484386376796,0.7716078187025356,0.7928727865219116,2884800,0.0,0.0,WFC
1988-08-17,0.795910573954721,0.8019862271910165,0.7928729327507955,0.7989485859870911,2449600,0.0,0.0,WFC
1988-08-18,0.795910573954721,0.8050242392233866,0.795910573954721,0.7989485859870911,1593600,0.0,0.0,WFC
1988-08-19,0.8019860759695202,0.8050240874290466,0.795910423878842,0.8050240874290466,1070400,0.0,0.0,WFC
1988-08-22,0.8050242392233866,0.8050242392233866,0.7989485859870911,0.7989485859870911,654400,0.0,0.0,WFC
1988-08-23,0.7989486357104479,0.8019862771034241,0.7989486357104479,0.8019862771034241,1736000,0.0,0.0,WFC
1988-08-24,0.8019861534460266,0.8141374588012695,0.8019861534460266,0.8141374588012695,1024000,0.0,0.0,WFC
1988-08-25,0.811099648475647,0.811099648475647,0.8019859859484302,0.811099648475647,1747200,0.0,0.0,WFC
1988-08-26,0.8110998178766641,0.8171754705542854,0.8110998178766641,0.8141374588012695,2724800,0.0,0.0,WFC
1988-08-29,0.8171754072079828,0.8323643523104051,0.8171754072079828,0.8262887001037598,2035200,0.0,0.0,WFC
1988-08-30,0.8202133205132519,0.8323646289653002,0.8202133205132519,0.8293269872665405,3836800,0.0,0.0,WFC
1988-08-31,0.8323643615894419,0.8354023731408226,0.8232510685920716,0.8232510685920715,2272000,0.0,0.0,WFC
1988-09-01,0.8202133254897325,0.8202133254897325,0.7989487209838819,0.8080620169639587,2078400,0.0,0.0,WFC
1988-09-02,0.8019860912771786,0.8262887001037598,0.8019860912771786,0.8262887001037598,2504000,0.0,0.0,WFC
1988-09-06,0.826288668778691,0.8354023321573457,0.826288668778691,0.8323643207550049,1870400,0.0,0.0,WFC
1988-09-07,0.8354023638279185,0.8384400045170504,0.8232510594146281,0.8262887001037598,787200,0.0,0.0,WFC
1988-09-08,0.8262894131659683,0.8354030847549438,0.8262894131659683,0.8354030847549438,3121600,0.0,0.0,WFC
1988-09-09,0.832363855033879,0.8445151521876583,0.8262882064569893,0.8414775133132935,1996800,0.0,0.0,WFC
1988-09-12,0.8475534535963359,0.8505910935161783,0.8414778029283632,0.8445154428482056,892800,0.0,0.0,WFC
1988-09-13,0.8414776039425755,0.847553253173828,0.8414776039425755,0.8475532531738281,1492800,0.0,0.0,WFC
1988-09-14,0.8475539839071785,0.8566672801971436,0.8445159712581769,0.8566672801971436,1459200,0.0,0.0,WFC
1988-09-15,0.8505916359997654,0.8566672905426209,0.8475539941425999,0.8536296486854553,1403200,0.0,0.0,WFC
1988-09-16,0.8505914211273192,0.8505914211273192,0.844515768119267,0.8505914211273193,1520000,0.0,0.0,WFC
1988-09-19,0.8475537800375085,0.8505914211273192,0.8384401151112147,0.8505914211273193,864000,0.0,0.0,WFC
1988-09-20,0.8566665416066068,0.8566665416066068,0.8414776039425755,0.8475532531738281,1020800,0.0,0.0,WFC
1988-09-21,0.8414787422046937,0.8414787422046937,0.8354030847549438,0.8354030847549438,715200,0.0,0.0,WFC
1988-09-22,0.8293266957917593,0.8293266957917593,0.7989484353383685,0.8050240874290466,1720000,0.0,0.0,WFC
1988-09-23,0.7989487209838819,0.8202133254897325,0.792873066720995,0.8080620169639587,2380800,0.0,0.0,WFC
1988-09-26,0.8110998178766641,0.8202131114788909,0.8050241651990426,0.8141374588012695,721600,0.0,0.0,WFC
1988-09-27,0.8141373768888278,0.8232510404025162,0.8141373768888278,0.8171753883361816,1017600,0.0,0.0,WFC
1988-09-28,0.8202130478971145,0.8262887001037598,0.8202130478971145,0.8262887001037598,1300800,0.0,0.0,WFC
1988-09-29,0.8202133254897325,0.8293269922983165,0.8080620169639586,0.8080620169639587,1867200,0.0,0.0,WFC
1988-09-30,0.8141370720333523,0.8262883716159396,0.8110994325518226,0.820212721824646,1590400,0.0,0.0,WFC
1988-10-03,0.8262887641565123,0.8262887641565123,0.8080618061236481,0.8141374588012695,979200,0.0,0.0,WFC
1988-10-04,0.8171754163176961,0.8293267208664471,0.8080617524919399,0.8232510685920715,630400,0.0,0.0,WFC
1988-10-05,0.8293271208506969,0.8414784312600218,0.8232514656460346,0.8384404182434082,1272000,0.0,0.0,WFC
1988-10-06,0.8323643207550049,0.8354023321573457,0.826288668778691,0.8323643207550049,436800,0.0,0.0,WFC
1988-10-07,0.8323650706157181,0.8354030847549438,0.8262894131659683,0.8354030847549438,1134400,0.0,0.0,WFC
1988-10-10,0.8354023731408226,0.8354023731408226,0.8232510685920716,0.8232510685920715,934400,0.0,0.0,WFC
1988-10-11,0.8202130478971145,0.8262887001037598,0.8080617434838239,0.8262887001037598,569600,0.0,0.0,WFC
1988-10-12,0.8232509760029004,0.8232509760029004,0.7928727180475968,0.7959103584289551,2472000,0.0,0.0,WFC
1988-10-13,0.7898349207184254,0.8019862271910165,0.7867972795145,0.7989485859870911,2241600,0.0,0.0,WFC
1988-10-14,0.7959106234890042,0.8080619307178439,0.7959106234890042,0.8019862771034241,1534400,0.0,0.0,WFC
1988-10-17,0.8050242392233866,0.8050242392233866,0.7989485859870911,0.7989485859870911,657600,0.0,0.0,WFC
1988-10-18,0.8050240907534476,0.8050240907534476,0.7898347750498396,0.7928727865219116,1856000,0.0,0.0,WFC
1988-10-19,0.792872577969755,0.7959102178144494,0.7716076157437792,0.7867969274520874,2257600,0.0,0.0,WFC
1988-10-20,0.7867969274520874,0.7898345672967818,0.7807212769344198,0.7867969274520874,1520000,0.0,0.0,WFC
1988-10-21,0.7867974277544487,0.7898350695306942,0.7807217733734434,0.7837594151496887,4926400,0.0,0.0,WFC
1988-10-24,0.768570203415095,0.7807215080475203,0.768570203415095,0.7776834964752197,1824000,0.0,0.0,WFC
1988-10-25,0.7807217733734434,0.7867974277544487,0.7776837607686834,0.7837594151496887,2947200,0.0,0.0,WFC
1988-10-26,0.7837596182639782,0.7898352742195129,0.7807219757005162,0.7898352742195129,7107200,0.0,0.0,WFC
1988-10-27,0.7867971603637329,0.7928728126799456,0.7746458557313076,0.7776834964752197,2366400,0.0,0.0,WFC
1988-10-28,0.7776837607686834,0.7837594151496888,0.774646118992438,0.7837594151496887,849600,0.0,0.0,WFC
1988-10-31,0.782703648579766,0.7919117372514628,0.779634035898727,0.788842499256134,2182400,0.02075,0.0,WFC
1988-11-01,0.7857726392585865,0.816466882979625,0.7857726392585865,0.8133976459503174,2555200,0.0,0.0,WFC
1988-11-02,0.8072588322066299,0.8103280693690113,0.8011199831962585,0.8011199831962585,1755200,0.0,0.0,WFC
1988-11-03,0.8041895531691038,0.8072591662874401,0.7980507016181946,0.7980507016181946,888000,0.0,0.0,WFC
1988-11-04,0.7980507016181946,0.810328404720013,0.7980507016181946,0.7980507016181946,2752000,0.0,0.0,WFC
1988-11-07,0.7980506318484165,0.7980506318484165,0.788842542669954,0.791911780834198,980800,0.0,0.0,WFC
1988-11-08,0.7980501197932488,0.8011197306736604,0.7919112727179162,0.7949808835983276,2488000,0.0,0.0,WFC
1988-11-09,0.7980501197932488,0.8041889668685815,0.7919112727179162,0.7949808835983276,1113600,0.0,0.0,WFC
1988-11-10,0.7949810013265155,0.8072586972953764,0.7919113899915273,0.8041890859603882,769600,0.0,0.0,WFC
1988-11-11,0.7980503188446164,0.8011199304906569,0.7796337730251253,0.7857726216316223,470400,0.0,0.0,WFC
1988-11-14,0.7857728865750949,0.7919117372514628,0.779634035898727,0.788842499256134,1825600,0.0,0.0,WFC
1988-11-15,0.788842542669954,0.7949813936841726,0.788842542669954,0.791911780834198,1684800,0.0,0.0,WFC
1988-11-16,0.7888420681658493,0.7919113044838869,0.7796336098407258,0.7827032208442688,1443200,0.0,0.0,WFC
1988-11-17,0.7857726566375248,0.7857726566375248,0.7704257217803735,0.7734949588775635,1388800,0.0,0.0,WFC
1988-11-18,0.7796336098407258,0.7827032208442688,0.7765643735226883,0.7827032208442688,872000,0.0,0.0,WFC
1988-11-21,0.7796337730251253,0.7857726216316223,0.7796337730251253,0.7857726216316223,1153600,0.0,0.0,WFC
1988-11-22,0.7857724571623064,0.7857724571623064,0.7765643735226883,0.7827032208442688,761600,0.0,0.0,WFC
1988-11-23,0.7857726216316223,0.7857726216316223,0.7765645360646687,0.7857726216316223,2019200,0.0,0.0,WFC
1988-11-25,0.7857728865750949,0.788842499256134,0.782703648579766,0.788842499256134,763200,0.0,0.0,WFC
1988-11-28,0.7857728865750949,0.7919117372514628,0.7857728865750949,0.788842499256134,731200,0.0,0.0,WFC
1988-11-29,0.788842499256134,0.7919117372514628,0.788842499256134,0.788842499256134,848000,0.0,0.0,WFC
1988-11-30,0.788842036522995,0.7980501197932488,0.7857724256425834,0.7949808835983276,1528000,0.0,0.0,WFC
1988-12-01,0.7949810818841598,0.7980503188446164,0.7827033846711657,0.7857726216316223,2288000,0.0,0.0,WFC
1988-12-02,0.7857724571623064,0.7857724571623064,0.7796336098407258,0.7827032208442688,2252800,0.0,0.0,WFC
1988-12-05,0.7827032208442688,0.7857724571623064,0.7796336098407258,0.7827032208442688,1462400,0.0,0.0,WFC
1988-12-06,0.7827033846711657,0.7949810818841598,0.7827033846711657,0.7857726216316223,3035200,0.0,0.0,WFC
1988-12-07,0.788842036522995,0.7980501197932488,0.788842036522995,0.7949808835983276,1907200,0.0,0.0,WFC
1988-12-08,0.7919115927469887,0.8072589039802551,0.7919115927469887,0.8072589039802551,1460800,0.0,0.0,WFC
1988-12-09,0.8041893948208202,0.8103282451629639,0.8041893948208202,0.8103282451629639,1305600,0.0,0.0,WFC
1988-12-12,0.8103282451629639,0.8164670955051075,0.807259007334737,0.8103282451629639,1966400,0.0,0.0,WFC
1988-12-13,0.816466882979625,0.816466882979625,0.8103280342354173,0.8133976459503174,1611200,0.0,0.0,WFC
1988-12-14,0.8164669183793826,0.8164669183793826,0.7949811341858873,0.8011199831962585,632000,0.0,0.0,WFC
1988-12-15,0.8011202446983913,0.8011202446983913,0.7857729298199794,0.791911780834198,1910400,0.0,0.0,WFC
1988-12-16,0.7857724256425834,0.7949808835983276,0.7827031894476624,0.7949808835983276,1566400,0.0,0.0,WFC
1988-12-19,0.7888421533420851,0.8041890859603882,0.7888421533420851,0.8041890859603882,856000,0.0,0.0,WFC
1988-12-20,0.8041889991270479,0.8041889991270479,0.7827032208442688,0.7827032208442688,3150400,0.0,0.0,WFC
1988-12-21,0.7857729152304563,0.7857729152304563,0.7704259753227234,0.7704259753227234,2948800,0.0,0.0,WFC
1988-12-22,0.7704258672536556,0.7765647172927856,0.7704258672536556,0.7765647172927856,3444800,0.0,0.0,WFC
1988-12-23,0.7796336098407258,0.7857724571623064,0.7796336098407258,0.7827032208442688,230400,0.0,0.0,WFC
1988-12-27,0.7888422332776628,0.7919114702381194,0.7857726216316223,0.7857726216316223,1468800,0.0,0.0,WFC
1988-12-28,0.7888420681658493,0.7888420681658493,0.7765643735226883,0.7827032208442688,232000,0.0,0.0,WFC
1988-12-29,0.7857726216316223,0.7919114702381194,0.7857726216316223,0.7857726216316223,1947200,0.0,0.0,WFC
1988-12-30,0.7857728865750949,0.7919117372514628,0.7857728865750949,0.788842499256134,411200,0.0,0.0,WFC
1989-01-03,0.7888422332776628,0.7888422332776628,0.7827033846711657,0.7857726216316223,363200,0.0,0.0,WFC
1989-01-04,0.7857729985163762,0.7980507016181946,0.7857729985163762,0.7980507016181946,2483200,0.0,0.0,WFC
1989-01-05,0.801120314736531,0.801120314736531,0.7949814631856218,0.7980507016181946,1984000,0.0,0.0,WFC
1989-01-06,0.7980502379759578,0.8041890859603882,0.7980502379759578,0.8041890859603882,1617600,0.0,0.0,WFC
1989-01-09,0.8041892918593451,0.8072589039802551,0.801120054424077,0.8072589039802551,884800,0.0,0.0,WFC
1989-01-10,0.8072589039802551,0.8164669909717015,0.8041892918593451,0.8072589039802551,1289600,0.0,0.0,WFC
1989-01-11,0.8011199831962585,0.8011199831962585,0.7919115223378974,0.8011199831962585,1372800,0.0,0.0,WFC
1989-01-12,0.8072589039802551,0.8103281414155233,0.8041892918593451,0.8072589039802551,1268800,0.0,0.0,WFC
1989-01-13,0.8103284333881579,0.81646728515625,0.8072591948470003,0.81646728515625,1209600,0.0,0.0,WFC
1989-01-16,0.816466882979625,0.816466882979625,0.8103280342354173,0.8133976459503174,1214400,0.0,0.0,WFC
1989-01-17,0.8133975991341462,0.8195364475250244,0.8103279875959217,0.8195364475250244,1195200,0.0,0.0,WFC
1989-01-18,0.8195366108480648,0.8226058483123778,0.8103281490838349,0.8226058483123779,1187200,0.0,0.0,WFC
1989-01-19,0.8195368862440207,0.8471615314483643,0.8195368862440207,0.8471615314483643,846400,0.0,0.0,WFC
1989-01-20,0.8471615314483643,0.8471615314483643,0.8379534412755067,0.8471615314483643,1366400,0.0,0.0,WFC
1989-01-23,0.8533003831255263,0.856369996306993,0.8471615314483643,0.8471615314483643,2752000,0.0,0.0,WFC
1989-01-24,0.8502305601953155,0.8532997965812683,0.8471609491238491,0.8532997965812683,1163200,0.0,0.0,WFC
1989-01-25,0.8563699065691757,0.8655779957771301,0.8502310555352953,0.8655779957771301,1908800,0.0,0.0,WFC
1989-01-26,0.862508757603056,0.8717168468110105,0.862508757603056,0.8655779957771301,1257600,0.0,0.0,WFC
1989-01-27,0.871716753619729,0.8747863661513768,0.8625086653961694,0.8686475157737732,2174400,0.0,0.0,WFC
1989-01-30,0.8685254211157141,0.8809329271316528,0.8685254211157141,0.8809329271316528,1182400,0.02313,0.0,WFC
1989-01-31,0.8747293253739674,0.8995443416966332,0.868525571293301,0.8933405876159668,4129600,0.0,0.0,WFC
1989-02-01,0.8995437622070312,0.8995437622070312,0.8933400121228449,0.8995437622070312,1465600,0.0,0.0,WFC
1989-02-02,0.8933400304516452,0.9026458450922816,0.890238344669342,0.890238344669342,2164800,0.0,0.0,WFC
1989-02-03,0.8933403308574971,0.8964423963298032,0.8871365785598755,0.8871365785598755,1078400,0.0,0.0,WFC
1989-02-06,0.890238344669342,0.8933400304516452,0.8871362802401754,0.890238344669342,955200,0.0,0.0,WFC
1989-02-07,0.8933405876159668,0.8933405876159668,0.8871368335353004,0.8933405876159668,5296000,0.0,0.0,WFC
1989-02-08,0.8902388998991834,0.8995443416966332,0.8871368335353004,0.8933405876159668,1068800,0.0,0.0,WFC
1989-02-09,0.8871368335353004,0.8933405876159668,0.8871368335353004,0.8933405876159668,2166400,0.0,0.0,WFC
1989-02-10,0.8902388998991834,0.8964426539798498,0.8902388998991834,0.8933405876159668,932800,0.0,0.0,WFC
1989-02-13,0.8995435619163251,0.9026456255911465,0.8871360645105827,0.8964418768882751,899200,0.0,0.0,WFC
1989-02-14,0.8933403308574971,0.8995440831551186,0.8871365785598755,0.8871365785598755,352000,0.0,0.0,WFC
1989-02-15,0.8840345944578724,0.890238344669342,0.8809325300287056,0.890238344669342,2864000,0.0,0.0,WFC
1989-02-16,0.8902380239853445,0.8933397086503502,0.880932212696873,0.884034276008606,1040000,0.0,0.0,WFC
1989-02-17,0.8840351458185169,0.8964426539798498,0.8840351458185169,0.8933405876159668,1324800,0.0,0.0,WFC
1989-02-21,0.8902386440321817,0.8933403308574971,0.8871365785598755,0.8871365785598755,1958400,0.0,0.0,WFC
1989-02-22,0.8871367208469036,0.8871367208469036,0.8778312802314758,0.8778312802314758,987200,0.0,0.0,WFC
1989-02-23,0.8778312802314758,0.880932967554268,0.8778312802314758,0.8778312802314758,728000,0.0,0.0,WFC
1989-02-24,0.8809329271316528,0.8840349929591547,0.8778312399511853,0.8809329271316528,1286400,0.0,0.0,WFC
1989-02-27,0.880932769301278,0.880932769301278,0.8685252655083022,0.8716273307800293,576000,0.0,0.0,WFC
1989-02-28,0.8685254609689965,0.8778312802314758,0.8623217076763608,0.8778312802314758,1836800,0.0,0.0,WFC
1989-03-01,0.8809329093770778,0.8809329093770778,0.8747291564941406,0.8747291564941406,1294400,0.0,0.0,WFC
1989-03-02,0.8778311394369387,0.8871365785598755,0.868525321667011,0.8871365785598755,11139200,0.0,0.0,WFC
1989-03-03,0.8809329271316528,0.8840349929591547,0.8747291741236835,0.8809329271316528,385600,0.0,0.0,WFC
1989-03-06,0.8871362620386585,0.8995437622070312,0.884034576319993,0.8995437622070312,14528000,0.0,0.0,WFC
1989-03-07,0.8995434566270887,0.8995434566270887,0.884034276008606,0.884034276008606,1118400,0.0,0.0,WFC
1989-03-08,0.8840349929591547,0.8933404331475916,0.8809329271316528,0.8809329271316528,654400,0.0,0.0,WFC
1989-03-09,0.8933405876159668,0.8933405876159668,0.8902388998991834,0.8933405876159668,976000,0.0,0.0,WFC
1989-03-10,0.8933405876159668,0.8933405876159668,0.8840351458185169,0.8933405876159668,622400,0.0,0.0,WFC
1989-03-13,0.8933398132134539,0.9026456255911465,0.890238128185404,0.8964418768882751,584000,0.0,0.0,WFC
1989-03-14,0.8964420948808118,0.8964420948808118,0.8840345944578724,0.890238344669342,547200,0.0,0.0,WFC
1989-03-15,0.8933400304516452,0.8933400304516452,0.8809325300287056,0.890238344669342,563200,0.0,0.0,WFC
1989-03-16,0.8933400121228449,0.9057475122912177,0.8902383264041795,0.8995437622070312,1323200,0.0,0.0,WFC
1989-03-17,0.874728779817236,0.8964420948808118,0.874728779817236,0.890238344669342,2204800,0.0,0.0,WFC
1989-03-20,0.8840351458185169,0.8933405876159668,0.8809330794546338,0.8933405876159668,1761600,0.0,0.0,WFC
1989-03-21,0.8995441969943373,0.9057479500770568,0.8933404439116177,0.9057479500770569,1787200,0.0,0.0,WFC
1989-03-22,0.9057479500770568,0.9088500159419359,0.9026462628592165,0.9057479500770569,1632000,0.0,0.0,WFC
1989-03-23,0.9088500159419359,0.9088500159419359,0.9057479500770568,0.9057479500770569,1988800,0.0,0.0,WFC
1989-03-27,0.9026459068546873,0.92435884475708,0.9026459068546873,0.9243588447570801,1598400,0.0,0.0,WFC
1989-03-28,0.9243585845908603,0.9305623334807319,0.9181548357009888,0.9181548357009888,2203200,0.0,0.0,WFC
1989-03-29,0.9181546937851678,0.9243584417161487,0.911950945854187,0.911950945854187,537600,0.0,0.0,WFC
1989-03-30,0.9119517031597764,0.9150537690246555,0.9057479500770568,0.9057479500770569,2598400,0.0,0.0,WFC
1989-03-31,0.9088492612120587,0.9212567570740204,0.9088492612120587,0.911950945854187,2483200,0.0,0.0,WFC
1989-04-03,0.9119510655003299,0.9243585629901303,0.9057473167554297,0.915053129196167,1080000,0.0,0.0,WFC
1989-04-04,0.9150530091430396,0.9212567570740204,0.911950945854187,0.911950945854187,651200,0.0,0.0,WFC
1989-04-05,0.9150530091430396,0.9212567570740204,0.911950945854187,0.911950945854187,468800,0.0,0.0,WFC
1989-04-06,0.9026455132810778,0.9181546937851678,0.896441765350097,0.911950945854187,652800,0.0,0.0,WFC
1989-04-07,0.9057473379212457,0.9181548357009888,0.9026456527997013,0.9181548357009888,512000,0.0,0.0,WFC
1989-04-10,0.9181550936174999,0.9274609088897705,0.9181550936174999,0.9274609088897705,902400,0.0,0.0,WFC
1989-04-11,0.9336649775505067,0.9336649775505067,0.9305629118541504,0.9336649775505066,928000,0.0,0.0,WFC
1989-04-12,0.9336643754308677,0.9336643754308677,0.9088493804512668,0.915053129196167,841600,0.0,0.0,WFC
1989-04-13,0.9150533267409252,0.9150533267409252,0.8902383264041795,0.8995437622070312,1067200,0.0,0.0,WFC
1989-04-14,0.9057479500770568,0.9057479500770568,0.8995441969943373,0.9057479500770569,736000,0.0,0.0,WFC
1989-04-17,0.9026456317063666,0.915053129196167,0.9026456317063666,0.915053129196167,2276800,0.0,0.0,WFC
1989-04-18,0.9119517135620118,0.930562973022461,0.9119517135620118,0.9305629730224609,1660800,0.0,0.0,WFC
1989-04-19,0.9274607129540141,0.9367661476135254,0.9274607129540141,0.9367661476135254,494400,0.0,0.0,WFC
1989-04-20,0.930562973022461,0.936766726175944,0.927461285769241,0.9305629730224609,1329600,0.0,0.0,WFC
1989-04-21,0.9305633166257072,0.9522766500038986,0.9305633166257072,0.9491745829582214,873600,0.0,0.0,WFC
1989-04-24,0.9491736677916645,0.9491736677916645,0.9429699183289738,0.946071982383728,2144000,0.0,0.0,WFC
1989-04-25,0.9460725452296902,0.9460725452296902,0.930562973022461,0.9305629730224609,678400,0.0,0.0,WFC
1989-04-26,0.9305628310692937,0.946072400910608,0.9305628310692937,0.942970335483551,707200,0.0,0.0,WFC
1989-04-27,0.9429699568856204,0.9429699568856204,0.9367662071692676,0.9398682713508606,891200,0.0,0.0,WFC
1989-04-28,0.9398686487034793,0.942970335483551,0.9305628310692937,0.942970335483551,547200,0.0,0.0,WFC
1989-05-01,0.9397147378517758,0.9428473114967346,0.933449972932764,0.9428473114967346,867200,0.02313,0.0,WFC
1989-05-02,0.9459789953885072,0.9459789953885072,0.9303172826766967,0.9303172826766968,620800,0.0,0.0,WFC
1989-05-03,0.9271845363435292,0.9271845363435292,0.9146550155821301,0.9209197759628296,2304000,0.0,0.0,WFC
1989-05-04,0.9240523473384937,0.9271845363435292,0.9146550155821301,0.9209197759628296,1014400,0.0,0.0,WFC
1989-05-05,0.9271852153621308,0.9271852153621308,0.9146556854248047,0.9146556854248047,886400,0.0,0.0,WFC
1989-05-08,0.9177874326705934,0.9177874326705934,0.908390102493994,0.9177874326705933,448000,0.0,0.0,WFC
1989-05-09,0.9177874326705934,0.9177874326705934,0.9146548618215388,0.9177874326705933,1545600,0.0,0.0,WFC
1989-05-10,0.9146556854248047,0.9177882590945906,0.9052587291572645,0.9146556854248047,1435200,0.0,0.0,WFC
1989-05-11,0.9146552936713267,0.9146552936713267,0.9083905313859066,0.9115231037139893,3867200,0.0,0.0,WFC
1989-05-12,0.9146550848106596,0.9240524172782898,0.9146550848106596,0.9240524172782898,3718400,0.0,0.0,WFC
1989-05-15,0.9271846559663482,0.9491115113130536,0.9240524665572063,0.9459789395332336,3001600,0.0,0.0,WFC
1989-05-16,0.9459794946511586,0.9459794946511586,0.9397147297859192,0.9397147297859192,1046400,0.0,0.0,WFC
1989-05-17,0.9428473114967346,0.9428473114967346,0.9397147378517758,0.9428473114967346,544000,0.0,0.0,WFC
1989-05-18,0.9428469057668205,0.9616411924362182,0.9397143334698836,0.9616411924362183,7670400,0.0,0.0,WFC
1989-05-19,0.9647729266074395,0.9710376858711243,0.9647729266074395,0.9710376858711243,2728000,0.0,0.0,WFC
1989-05-22,0.9835677911073735,0.9898325541080574,0.9741708377917419,0.9773030281066895,1430400,0.0,0.0,WFC
1989-05-23,0.9898324312549441,0.9898324312549441,0.9585086201392813,0.9616411924362183,1054400,0.0,0.0,WFC
1989-05-24,0.961641237077694,0.996097239719075,0.9553764745637375,0.9835677146911621,1827200,0.0,0.0,WFC
1989-05-25,0.9867003899620592,0.9898325803600778,0.97103829085957,0.9741708636283875,558400,0.0,0.0,WFC
1989-05-26,0.9710382150112379,0.9835677403662216,0.9710382150112379,0.9804355502128601,942400,0.0,0.0,WFC
1989-05-30,0.9804355138168664,0.983567703853954,0.9585086540742354,0.964773416519165,472000,0.0,0.0,WFC
1989-05-31,0.9679054974245621,0.9804350159519315,0.9647729266074395,0.9710376858711243,414400,0.0,0.0,WFC
1989-06-01,0.9773029949091657,0.9960972832728036,0.9741708047006139,0.9898325204849243,1708800,0.0,0.0,WFC
1989-06-02,0.9929651870219202,1.0054947137832642,0.9929651870219202,1.0054947137832642,1153600,0.0,0.0,WFC
1989-06-05,1.0054947137832642,1.0148916676688662,1.0023621409075223,1.0054947137832642,504000,0.0,0.0,WFC
1989-06-06,1.011759638786316,1.0274213585544536,1.0054948744048864,1.011759638786316,1008000,0.0,0.0,WFC
1989-06-07,1.0148917173453162,1.0305538177490234,1.0117595266870731,1.0305538177490234,382400,0.0,0.0,WFC
1989-06-08,1.0305536563334379,1.0399506092071533,1.0274210837950188,1.0399506092071533,489600,0.0,0.0,WFC
1989-06-09,1.0399504995007214,1.0493478337538642,1.0336857374555364,1.0430830717086792,582400,0.0,0.0,WFC
1989-06-12,1.0399504995007214,1.0430830717086792,1.030553547618309,1.0430830717086792,608000,0.0,0.0,WFC
1989-06-13,1.0368184190395051,1.0430831817455721,1.033685846501086,1.0399506092071533,932800,0.0,0.0,WFC
1989-06-14,1.0399507791409568,1.0524803066004864,1.0399507791409568,1.0493481159210205,937600,0.0,0.0,WFC
1989-06-15,1.049347868102122,1.0587448202921246,1.046215295791626,1.046215295791626,2376000,0.0,0.0,WFC
1989-06-16,1.0430830835320868,1.068142131996873,1.0430830835320868,1.0618773698806763,2363200,0.0,0.0,WFC
1989-06-19,1.0618773698806763,1.068142131996873,1.0524800355210142,1.0618773698806763,528000,0.0,0.0,WFC
1989-06-20,1.055612759830311,1.0712744761915767,1.055612759830311,1.0650097131729126,1670400,0.0,0.0,WFC
1989-06-21,1.0650095597534073,1.0775390839858003,1.0618773698806763,1.0618773698806763,2291200,0.0,0.0,WFC
1989-06-22,1.0618776895243873,1.0963337003499611,1.0587451163379626,1.0900689363479614,2811200,0.0,0.0,WFC
1989-06-23,1.0900689832280193,1.124525377906292,1.0900689832280193,1.1151280403137207,3646400,0.0,0.0,WFC
1989-06-26,1.1088630897658212,1.1401869058609009,1.105730899341714,1.1401869058609009,2996800,0.0,0.0,WFC
1989-06-27,1.133922176890903,1.1433195131886653,1.1119956961474802,1.127657413482666,3406400,0.0,0.0,WFC
1989-06-28,1.1276573528444147,1.1276573528444147,1.0838040113449097,1.0838040113449097,1806400,0.0,0.0,WFC
1989-06-29,1.0838041596469425,1.0838041596469425,1.0524803400039673,1.0524803400039673,1587200,0.0,0.0,WFC
1989-06-30,1.04621582085637,1.0556131601333618,1.0274215246733216,1.0556131601333618,1940800,0.0,0.0,WFC
1989-07-03,1.0524803400039673,1.0556129131536873,1.0493481492250922,1.0524803400039673,670400,0.0,0.0,WFC
1989-07-05,1.0524803462781405,1.0712746381759644,1.0493481554805935,1.0712746381759644,2300800,0.0,0.0,WFC
1989-07-06,1.0744070579232694,1.0900687744162676,1.0744070579232694,1.0838040113449097,3116800,0.0,0.0,WFC
1989-07-07,1.0869365840659853,1.1088630636303412,1.0650097221308361,1.0838040113449097,2697600,0.0,0.0,WFC
1989-07-10,1.0838041723459617,1.093201509534386,1.0838041723459617,1.0900689363479614,1136000,0.0,0.0,WFC
1989-07-11,1.093201347137343,1.0994661102087009,1.0838040113449097,1.0838040113449097,1056000,0.0,0.0,WFC
1989-07-12,1.0869367455323864,1.0900689363479614,1.0806719815303867,1.0900689363479614,584000,0.0,0.0,WFC
1989-07-13,1.0963337365971053,1.0963337365971053,1.0712746797606,1.0775394439697266,833600,0.0,0.0,WFC
1989-07-14,1.083803944427981,1.0932012796401978,1.0712744190588714,1.0932012796401978,1336000,0.0,0.0,WFC
1989-07-17,1.0994662672081241,1.0994662672081241,1.0712746381759644,1.0712746381759644,739200,0.0,0.0,WFC
1989-07-18,1.0712749153904662,1.0744074893694788,1.05248061862923,1.0587453842163086,1504000,0.0,0.0,WFC
1989-07-19,1.0587447976372109,1.0650095597534073,1.0493478456482834,1.0618773698806763,908800,0.0,0.0,WFC
1989-07-20,1.0650095597534073,1.0650095597534073,1.0524800355210142,1.0618773698806763,2328000,0.0,0.0,WFC
1989-07-21,1.055612919446535,1.0712746381759644,1.046215582312199,1.0712746381759644,2529600,0.0,0.0,WFC
1989-07-24,1.0775396809775448,1.0900692121517024,1.05248061862923,1.0587453842163086,1463200,0.0,2.0,WFC
1989-07-25,1.0650101498033875,1.0650101498033875,1.0462158530421513,1.0587453842163086,391200,0.0,0.0,WFC
1989-07-26,1.0650097131729126,1.0712744761915767,1.0587449501542483,1.0650097131729126,1108800,0.0,0.0,WFC
1989-07-27,1.0712746381759644,1.0712746381759644,1.0587451102440817,1.0712746381759644,924800,0.0,0.0,WFC
1989-07-28,1.0712749153904662,1.0712749153904662,1.05248061862923,1.0587453842163086,1020000,0.0,0.0,WFC
1989-07-31,1.0617808005389044,1.087061295789831,1.0617808005389044,1.0744210481643677,1544000,0.02313,0.0,WFC
1989-08-01,1.080741286277771,1.1123419086835538,1.0617809128343014,1.080741286277771,3108000,0.0,0.0,WFC
1989-08-02,1.0807410395903394,1.0997014087059593,1.0807410395903394,1.0933812856674194,1193600,0.0,0.0,WFC
1989-08-03,1.0997014087059593,1.1249819008601194,1.0933812856674194,1.0933812856674194,1906400,0.0,0.0,WFC
1989-08-04,1.0997014087059593,1.0997014087059593,1.0744209165517993,1.0933812856674194,1295200,0.0,0.0,WFC
1989-08-07,1.0997011502583822,1.1376218795776367,1.093381028705173,1.1376218795776367,2254400,0.0,0.0,WFC
1989-08-08,1.1376221140445266,1.1502623597561326,1.1186617454771177,1.1439422369003296,1487200,0.0,0.0,WFC
1989-08-09,1.1313021229893974,1.1629027409499952,1.1249819993972778,1.1249819993972778,1081600,0.0,0.0,WFC
1989-08-10,1.1313017580244278,1.1755426088968914,1.1249816364712186,1.1376218795776367,1139200,0.0,0.0,WFC
1989-08-11,1.131302019645428,1.1565825117045436,1.0744209125124176,1.0997014045715332,2299200,0.0,0.0,WFC
1989-08-14,1.0997010449000768,1.1186614077431816,1.0997010449000768,1.1060211658477783,1246400,0.0,0.0,WFC
1989-08-15,1.1186614077431816,1.124981528690883,1.0997010449000768,1.1060211658477783,610400,0.0,0.0,WFC
1989-08-16,1.0997018678621813,1.1249823705716566,1.0997018678621813,1.112342119216919,1277600,0.0,0.0,WFC
1989-08-17,1.1123416547830394,1.1313020238986593,1.0870611626288793,1.0933812856674194,624800,0.0,0.0,WFC
1989-08-18,1.0933812856674194,1.0933812856674194,1.0807410395903394,1.0933812856674194,1447200,0.0,0.0,WFC
1989-08-21,1.087061295789831,1.0933814196025624,1.0744210481643677,1.0744210481643677,838400,0.0,0.0,WFC
1989-08-22,1.080741286277771,1.0870614107589276,1.0617809128343014,1.080741286277771,684800,0.0,0.0,WFC
1989-08-23,1.0681003360691184,1.0744204564008883,1.0554600954055786,1.0554600954055786,2121600,0.0,0.0,WFC
1989-08-24,1.0681004401615688,1.1060211658477783,1.0681004401615688,1.1060211658477783,998400,0.0,0.0,WFC
1989-08-25,1.1186622448942878,1.1249823705716566,1.112342119216919,1.112342119216919,748000,0.0,0.0,WFC
1989-08-28,1.1123413933648003,1.1376218795776367,1.1123413933648003,1.1376218795776367,813600,0.0,0.0,WFC
1989-08-29,1.137622246581517,1.137622246581517,1.1186618758051583,1.1249819993972778,1361600,0.0,0.0,WFC
1989-08-30,1.1186619997024536,1.1313022482866621,1.1186619997024536,1.1186619997024536,918400,0.0,0.0,WFC
1989-08-31,1.1186618758051583,1.1249819993972778,1.1123417522130388,1.1249819993972778,1393600,0.0,0.0,WFC
1989-09-01,1.1123413933648003,1.1376218795776367,1.1123413933648003,1.1376218795776367,812800,0.0,0.0,WFC
1989-09-05,1.1249816364712186,1.150262122684055,1.1186615149180095,1.1376218795776367,1727200,0.0,0.0,WFC
1989-09-06,1.1376223725787664,1.1376223725787664,1.0997016268261408,1.1186619997024536,633600,0.0,0.0,WFC
1989-09-07,1.1060215275863121,1.112341650601091,1.0997014045715332,1.0997014045715332,507200,0.0,0.0,WFC
1989-09-08,1.1123408099126548,1.1376212828652152,1.0933804551982347,1.1313011646270752,573600,0.0,0.0,WFC
1989-09-11,1.1249810463889351,1.1376212828652152,1.1123408099126548,1.1313011646270752,594400,0.0,0.0,WFC
1989-09-12,1.1249810463889351,1.1439414011033553,1.1249810463889351,1.1313011646270752,435200,0.0,0.0,WFC
1989-09-13,1.1186618758051583,1.1439423701736366,1.1186618758051583,1.1249819993972778,1691200,0.0,0.0,WFC
1989-09-14,1.1186618758051583,1.1313021229893974,1.1186618758051583,1.1249819993972778,430400,0.0,0.0,WFC
1989-09-15,1.1249819993972778,1.137622246581517,1.1249819993972778,1.1249819993972778,1354400,0.0,0.0,WFC
1989-09-18,1.1313017580244278,1.1376218795776367,1.1249816364712186,1.1376218795776367,530400,0.0,0.0,WFC
1989-09-19,1.1376212828652152,1.1376212828652152,1.1249810463889351,1.1313011646270752,784000,0.0,0.0,WFC
1989-09-20,1.1249822142359975,1.150262713432312,1.1249822142359975,1.150262713432312,1242400,0.0,0.0,WFC
1989-09-21,1.150262122684055,1.156582244237264,1.1376218795776367,1.1376218795776367,491200,0.0,0.0,WFC
1989-09-22,1.1439422369003296,1.1502623597561326,1.1376221140445266,1.1439422369003296,400000,0.0,0.0,WFC
1989-09-25,1.1502623597561326,1.1565824826119353,1.1376221140445266,1.1439422369003296,585600,0.0,0.0,WFC
1989-09-26,1.1439422369003296,1.1755428511793442,1.1439422369003296,1.1439422369003296,1336000,0.0,0.0,WFC
1989-09-27,1.1376221140445266,1.1502623597561326,1.1313019911887237,1.1439422369003296,747200,0.0,0.0,WFC
1989-09-28,1.1439419932704153,1.1629023577997593,1.1313017502508527,1.156582236289978,2688000,0.0,0.0,WFC
1989-09-29,1.162902593612671,1.162902593612671,1.137622102447178,1.162902593612671,694400,0.0,0.0,WFC
1989-10-02,1.1565826731826623,1.2134637882572195,1.1502625492854894,1.2071436643600464,611200,0.0,0.0,WFC
1989-10-03,1.207142951627257,1.207142951627257,1.1945027112960815,1.1945027112960815,1121600,0.0,0.0,WFC
1989-10-04,1.2008233303609102,1.2008233303609102,1.162902593612671,1.162902593612671,755200,0.0,0.0,WFC
1989-10-05,1.1755427090241948,1.1818628311157227,1.169222586932667,1.1818628311157227,820800,0.0,0.0,WFC
1989-10-06,1.1818629580575066,1.1818629580575066,1.1629025897464238,1.1692227125167847,1229600,0.0,0.0,WFC
1989-10-09,1.1818628311157227,1.1818628311157227,1.156582342749611,1.1818628311157227,705600,0.0,0.0,WFC
1989-10-10,1.1881832926685274,1.2197839121543925,1.1881832926685274,1.2071436643600464,627200,0.0,0.0,WFC
1989-10-11,1.2008231973903065,1.2071433194818344,1.1629024648411388,1.1818628311157227,646400,0.0,0.0,WFC
1989-10-12,1.169222716404044,1.1755428391954172,1.137622102447178,1.162902593612671,940800,0.0,0.0,WFC
1989-10-13,1.1692224873436823,1.1755426088968914,1.1060212718115914,1.1376218795776367,1639200,0.0,0.0,WFC
1989-10-16,1.093381028705173,1.156582244237264,1.0870609071519641,1.1376218795776367,2220800,0.0,0.0,WFC
1989-10-17,1.1439419932704153,1.1692224793095405,1.1376218717606341,1.156582236289978,816000,0.0,0.0,WFC
1989-10-18,1.1565824826119353,1.1565824826119353,1.1439422369003296,1.1439422369003296,590400,0.0,0.0,WFC
1989-10-19,1.1565828382313905,1.1629029630304692,1.1439425886332333,1.150262713432312,1014400,0.0,0.0,WFC
1989-10-20,1.150262713432312,1.1629029630304692,1.1376224638341548,1.150262713432312,1185600,0.0,0.0,WFC
1989-10-23,1.1439423701736366,1.1439423701736366,1.1186618758051583,1.1249819993972778,1600000,0.0,0.0,WFC
1989-10-24,1.112342119216919,1.1376226219263943,1.0997018678621813,1.112342119216919,1263200,0.0,0.0,WFC
1989-10-25,1.1186615149180095,1.1439420011308459,1.1186615149180095,1.1376218795776367,402400,0.0,0.0,WFC
1989-10-26,1.1376218795776367,1.156582244237264,1.1186615149180095,1.1376218795776367,778400,0.0,0.0,WFC
1989-10-27,1.1439427476037631,1.1439427476037631,1.10602199353955,1.112342119216919,2308800,0.0,0.0,WFC
1989-10-30,1.0972882934000299,1.110047459602356,1.084529127197704,1.110047459602356,731200,0.02563,0.0,WFC
1989-10-31,1.110047459602356,1.110047459602356,1.090908710298867,1.110047459602356,573600,0.0,0.0,WFC
1989-11-01,1.1164270427035188,1.1228066258046818,1.103667876501193,1.110047459602356,896800,0.0,0.0,WFC
1989-11-02,1.1100468845928417,1.1100468845928417,1.071769405813778,1.0845285654067993,672800,0.0,0.0,WFC
1989-11-03,1.0781489856102888,1.0972877249998205,1.0781489856102888,1.0845285654067993,330400,0.0,0.0,WFC
1989-11-06,1.0972877249998205,1.0972877249998205,1.071769405813778,1.0845285654067993,3476800,0.0,0.0,WFC
1989-11-07,1.0845285654067993,1.0909081452033098,1.059010246220757,1.0845285654067993,1814400,0.0,0.0,WFC
1989-11-08,1.0845287083185209,1.0972878695928563,1.078149127681353,1.0909082889556885,1450400,0.0,0.0,WFC
1989-11-09,1.090907675674163,1.090907675674163,1.0590097904205322,1.0590097904205322,1206400,0.0,0.0,WFC
1989-11-10,1.0653893674712585,1.0717689445219845,1.0526302133698062,1.0590097904205322,493600,0.0,0.0,WFC
1989-11-13,1.059010246220757,1.0845285654067993,1.0526306664242464,1.0845285654067993,700000,0.0,0.0,WFC
1989-11-14,1.0972883066482093,1.0972883066482093,1.065390390757273,1.0781495571136475,704000,0.0,0.0,WFC
1989-11-15,1.065389989420425,1.1036674740702606,1.0590104086454524,1.097287893295288,458400,0.0,0.0,WFC
1989-11-16,1.1100468845928417,1.1100468845928417,1.0781489856102888,1.0845285654067993,547200,0.0,0.0,WFC
1989-11-17,1.0781486698253426,1.0909078256812639,1.0590099360414609,1.0653895139694214,592800,0.0,0.0,WFC
1989-11-20,1.0590099360414609,1.0717690918973821,1.0526303581135004,1.0653895139694214,172800,0.0,0.0,WFC
1989-11-21,1.0717695951461792,1.0717695951461792,1.0590104332992007,1.0717695951461792,324800,0.0,0.0,WFC
1989-11-22,1.0653899664070174,1.0909082889556885,1.0590103857698496,1.0909082889556885,440800,0.0,0.0,WFC
1989-11-24,1.0781491760696684,1.0781491760696684,1.0590104332992007,1.0717695951461792,422400,0.0,0.0,WFC
1989-11-27,1.0717695951461792,1.0909083379166467,1.06539001422269,1.0717695951461792,1066400,0.0,0.0,WFC
1989-11-28,1.065390390757273,1.0845291402918347,1.0590108075790856,1.0781495571136475,522400,0.0,0.0,WFC
1989-11-29,1.0845287317453427,1.1036674740702606,1.0717695701953975,1.097287893295288,658400,0.0,0.0,WFC
1989-11-30,1.0972879167237035,1.1164266594572565,1.0781491739901505,1.1036674976348877,674400,0.0,0.0,WFC
1989-12-01,1.1164258645233496,1.1993603573165126,1.1164258645233496,1.141944169998169,1637600,0.0,0.0,WFC
1989-12-04,1.1610837237218792,1.1610837237218792,1.1355654001235962,1.1355654001235962,489600,0.0,0.0,WFC
1989-12-05,1.1419455395503477,1.1419455395503477,1.110047619451176,1.1228067874908447,844000,0.0,0.0,WFC
1989-12-06,1.1228057153210669,1.1228057153210669,1.0590099360414609,1.0653895139694214,1399200,0.0,0.0,WFC
1989-12-07,1.0781489856102888,1.0909081452033098,1.0653898260172676,1.0845285654067993,824800,0.0,0.0,WFC
1989-12-08,1.0972883066482093,1.1036678898263965,1.0590108075790856,1.0781495571136475,892800,0.0,0.0,WFC
1989-12-11,1.071769405813778,1.0972877249998205,1.059010246220757,1.0845285654067993,816000,0.0,0.0,WFC
1989-12-12,1.0845287083185209,1.0972878695928563,1.0717695470441853,1.0909082889556885,925600,0.0,0.0,WFC
1989-12-13,1.0845289070431778,1.0909084888493141,1.0462514162063599,1.0462514162063599,1072000,0.0,0.0,WFC
1989-12-14,1.0398714489574674,1.0462510283989241,1.007973551750183,1.007973551750183,1086400,0.0,0.0,WFC
1989-12-15,1.0334918901517793,1.0334918901517793,0.9633165148945598,0.9824552536010742,1794400,0.0,0.0,WFC
1989-12-18,0.988834721869544,0.9952143007203154,0.9696959853172303,0.9696959853172302,1657600,0.0,0.0,WFC
1989-12-19,0.976075674032236,1.0079735718764269,0.969696094463398,0.9824552536010742,1809600,0.0,0.0,WFC
1989-12-20,0.9952145576477052,1.039871621131897,0.9888349771499635,1.0207328796386719,4448800,0.0,0.0,WFC
1989-12-21,1.033491482217628,1.0653893674712585,1.0271119051669018,1.0590097904205322,3148000,0.0,0.0,WFC
1989-12-22,1.0526312244008984,1.0845291402918347,1.0526312244008984,1.0781495571136475,1098400,0.0,0.0,WFC
1989-12-26,1.0717691802978515,1.1228058079310825,1.0717691802978515,1.1164262294769287,914400,0.0,0.0,WFC
1989-12-27,1.1164258645233496,1.1547033227355787,1.1164258645233496,1.141944169998169,840800,0.0,0.0,WFC
1989-12-28,1.1483243254364515,1.1738426437794836,1.1483243254364515,1.1674630641937256,503200,0.0,0.0,WFC
1989-12-29,1.167462988694509,1.167462988694509,1.1419446720017328,1.1483242511749268,255200,0.0,0.0,WFC
1990-01-02,1.1483243947529662,1.154703974723816,1.122806074869567,1.154703974723816,1236000,0.0,0.0,WFC
1990-01-03,1.1547041449243622,1.1547041449243622,1.0909083358125191,1.1036674976348877,1460000,0.0,0.0,WFC
1990-01-04,1.110047030867192,1.110047030867192,1.052630805132682,1.0909082889556885,2081600,0.0,0.0,WFC
1990-01-05,1.103666829775615,1.1100464068263411,1.0590097904205322,1.0590097904205322,701600,0.0,0.0,WFC
1990-01-08,1.052630805132682,1.0909082889556885,1.052630805132682,1.0909082889556885,904000,0.0,0.0,WFC
1990-01-09,1.090907675674163,1.090907675674163,1.0590097904205322,1.0590097904205322,1457600,0.0,0.0,WFC
1990-01-10,1.0717695951461792,1.0845287569931574,1.0462512714522225,1.0717695951461792,1818400,0.0,0.0,WFC
1990-01-11,1.0717695951461792,1.0845287569931574,1.0590104332992007,1.0717695951461792,970400,0.0,0.0,WFC
1990-01-12,1.0526304244995117,1.0590100028298117,1.0271121111783115,1.0526304244995117,612000,0.0,0.0,WFC
1990-01-15,1.033492252594087,1.0462514162063599,1.0207330889818145,1.0462514162063599,718400,0.0,0.0,WFC
1990-01-16,1.033491482217628,1.0590097904205322,1.033491482217628,1.0590097904205322,407200,0.0,0.0,WFC
1990-01-17,1.0717699739354603,1.0909087234700219,1.0526312244008984,1.0781495571136475,811200,0.0,0.0,WFC
1990-01-18,1.0781495571136475,1.1036678898263965,1.065390390757273,1.0781495571136475,856000,0.0,0.0,WFC
1990-01-19,1.0717699739354603,1.0909087234700219,1.0717699739354603,1.0781495571136475,855200,0.0,0.0,WFC
1990-01-22,1.0909078944813122,1.1036670511419122,1.0526304244995117,1.0526304244995117,696800,0.0,0.0,WFC
1990-01-23,1.065389581160112,1.078148737820712,1.0398712678389115,1.0526304244995117,436800,0.0,0.0,WFC
1990-01-24,1.020732715817317,1.04625103371275,0.995214397921884,1.0398714542388916,1344800,0.0,0.0,WFC
1990-01-25,1.0526309980124962,1.0717697434309053,1.0398718344002233,1.0462514162063599,874400,0.0,0.0,WFC
1990-01-26,1.0398712022575791,1.0653895139694214,1.0143528905457366,1.0653895139694214,1131200,0.0,0.0,WFC
1990-01-29,1.069515186367613,1.0759580489360925,1.0501865986621741,1.0630723237991333,1144800,0.02563,0.0,WFC
1990-01-30,1.0630721520192874,1.0630721520192874,1.0244149828549498,1.037300705909729,707200,0.0,0.0,WFC
1990-01-31,1.0244150743427047,1.0695151090621948,1.0244150743427047,1.0695151090621948,1205600,0.0,0.0,WFC
1990-02-01,1.056629376908753,1.056629376908753,1.0308579286914663,1.0501865148544312,582400,0.0,0.0,WFC
1990-02-02,1.0501865148544312,1.056629376908753,1.0373007907457878,1.0501865148544312,353600,0.0,0.0,WFC
1990-02-05,1.06307239094867,1.06307239094867,1.0179723501205444,1.0179723501205444,479200,0.0,0.0,WFC
1990-02-06,1.0244156603781591,1.0244156603781591,0.9728727340698241,0.9728727340698242,868800,0.0,0.0,WFC
1990-02-07,0.979315459728241,0.9857583245948741,0.9728725948616078,0.979315459728241,2052800,0.0,0.0,WFC
1990-02-08,0.9728725948616078,0.979315459728241,0.9342154056618088,0.979315459728241,2019200,0.0,0.0,WFC
1990-02-09,0.9922006560910132,1.00508637889739,0.9857577946878248,0.9986435174942017,501600,0.0,0.0,WFC
1990-02-12,0.9922013314354498,0.9922013314354498,0.9664298682812823,0.9728727340698242,2667200,0.0,0.0,WFC
1990-02-13,0.9664297299949746,0.979315459728241,0.9599868651283414,0.979315459728241,1977600,0.0,0.0,WFC
1990-02-14,0.979315459728241,0.9857583245948741,0.9728725948616078,0.979315459728241,894400,0.0,0.0,WFC
1990-02-15,0.9793151722678656,1.0179723501205444,0.9793151722678656,1.0179723501205444,884800,0.0,0.0,WFC
1990-02-16,1.0179723501205444,1.0179723501205444,1.0050866241696514,1.0179723501205444,1166400,0.0,0.0,WFC
1990-02-20,1.0050869191947736,1.0050869191947736,0.9728725948616078,0.979315459728241,551200,0.0,0.0,WFC
1990-02-21,0.9664298682812823,0.9857584656469079,0.9535441367041985,0.9728727340698242,1487200,0.0,0.0,WFC
1990-02-22,0.9664294182085524,1.0050865949368946,0.9664294182085524,0.9857580065727234,912000,0.0,0.0,WFC
1990-02-23,0.9728722809966094,0.9922008693607804,0.9664294182085524,0.9857580065727234,640800,0.0,0.0,WFC
1990-02-26,0.9793147429441794,1.0050861835479736,0.9793147429441794,1.0050861835479736,345600,0.0,0.0,WFC
1990-02-27,1.0050861835479736,1.0115290436989222,0.9922004632460766,1.0050861835479736,789600,0.0,0.0,WFC
1990-02-28,1.0050861835479736,1.0115290436989222,0.9986433233970251,1.0050861835479736,368800,0.0,0.0,WFC
1990-03-01,0.998644374020688,0.998644374020688,0.9793157732331907,0.9922015070915222,1470400,0.0,0.0,WFC
1990-03-02,0.9922015070915222,1.0050872409498537,0.9793157732331907,0.9922015070915222,1444800,0.0,0.0,WFC
1990-03-05,0.9857580065727234,1.0050865949368946,0.9857580065727234,0.9857580065727234,600000,0.0,0.0,WFC
1990-03-06,0.9857586401623565,0.998644374020688,0.9857586401623565,0.9922015070915222,1964000,0.0,0.0,WFC
1990-03-07,0.9793151437846664,0.9922008693607804,0.9728722809966094,0.9857580065727234,1704800,0.0,0.0,WFC
1990-03-08,0.9857577946878248,0.9986435174942015,0.9857577946878248,0.9986435174942017,446400,0.0,0.0,WFC
1990-03-09,1.0050861835479736,1.0115290436989222,0.9986433233970251,1.0050861835479736,970400,0.0,0.0,WFC
1990-03-12,0.9986439178574759,1.024415373802185,0.9986439178574759,1.024415373802185,2607200,0.0,0.0,WFC
1990-03-13,1.0179725098160077,1.024415373802185,1.0115296458298304,1.024415373802185,1587200,0.0,0.0,WFC
1990-03-14,1.024415213095991,1.024415213095991,1.011529487145098,1.0179723501205444,832000,0.0,0.0,WFC
1990-03-15,1.024415213095991,1.024415213095991,1.011529487145098,1.0179723501205444,1306400,0.0,0.0,WFC
1990-03-16,1.005086588859558,1.030858039855957,1.005086588859558,1.030858039855957,1838400,0.0,0.0,WFC
1990-03-19,1.0179723083593284,1.0179723083593284,1.0050865829370583,1.0115294456481934,1504000,0.0,0.0,WFC
1990-03-20,1.0115294456481934,1.0179723083593284,0.9986437202259234,1.0115294456481934,1930400,0.0,0.0,WFC
1990-03-21,1.00508637889739,1.0115292403005784,0.9986435174942015,0.9986435174942017,822400,0.0,0.0,WFC
1990-03-22,0.9922013314354498,0.9922013314354498,0.9664298682812823,0.9728727340698242,2044800,0.0,0.0,WFC
1990-03-23,0.9728718827932309,1.0050861835479736,0.9728718827932309,1.0050861835479736,1048000,0.0,0.0,WFC
1990-03-26,0.9922008575147885,1.0115294456481934,0.9922008575147885,1.0115294456481934,940000,0.0,0.0,WFC
1990-03-27,1.005086398272781,1.037300705909729,1.005086398272781,1.037300705909729,1013600,0.0,0.0,WFC
1990-03-28,1.037300873525215,1.0630723237991333,1.037300873525215,1.0630723237991333,2592800,0.0,0.0,WFC
1990-03-29,1.0566296937330713,1.0630725577192486,1.0115296458298304,1.024415373802185,790400,0.0,0.0,WFC
1990-03-30,1.0179723501205444,1.024415213095991,0.9986437611942051,1.0179723501205444,1043200,0.0,0.0,WFC
1990-04-02,0.9922011894615073,0.9986440543281404,0.979315459728241,0.979315459728241,656000,0.0,0.0,WFC
1990-04-03,0.9793147429441794,1.0115290436989222,0.9793147429441794,1.0050861835479736,1364000,0.0,0.0,WFC
1990-04-04,1.00508637889739,1.00508637889739,0.9857577946878248,0.9986435174942017,1122400,0.0,0.0,WFC
1990-04-05,0.9986437321488375,0.9986437321488375,0.9857580065727234,0.9857580065727234,3284000,0.0,0.0,WFC
1990-04-06,0.9857583862023065,0.9922012514716027,0.9471011945865297,0.9599869251251221,3757600,0.0,0.0,WFC
1990-04-09,0.9599861810807468,0.9599861810807468,0.934214739977908,0.9471004605293274,9525600,0.0,0.0,WFC
1990-04-10,0.9471012709156567,0.9728727340698241,0.9406584051271147,0.9728727340698242,2980800,0.0,0.0,WFC
1990-04-11,0.9599865554204954,0.9857580065727234,0.9599865554204954,0.9857580065727234,1959200,0.0,0.0,WFC
1990-04-12,0.9922013314354498,0.9986441972239917,0.9728727340698241,0.9728727340698242,1835200,0.0,0.0,WFC
1990-04-16,0.979315459728241,0.9922011894615073,0.979315459728241,0.979315459728241,2680800,0.0,0.0,WFC
1990-04-17,0.9793147429441794,1.0050861835479736,0.9728718827932309,1.0050861835479736,1186400,0.0,0.0,WFC
1990-04-18,1.0050870630125335,1.0050870630125335,0.9728727340698241,0.9728727340698242,1343200,0.0,0.0,WFC
1990-04-19,0.9728727340698241,1.0115299288010755,0.9728727340698241,0.9728727340698242,2536800,0.0,0.0,WFC
1990-04-20,0.9728725751241047,0.979315439860026,0.9471011161804199,0.9664297103881836,1968800,0.0,0.0,WFC
1990-04-23,0.9664298682812823,0.979315599858366,0.9664298682812823,0.9728727340698242,761600,0.0,0.0,WFC
1990-04-24,0.9728726556637143,0.9793155209330104,0.9535440598558259,0.9599869251251221,867200,0.0,0.0,WFC
1990-04-25,0.9664290257402369,0.9728718859118385,0.9535433053970338,0.9535433053970337,1279200,0.0,0.0,WFC
1990-04-26,0.9599861810807468,0.9664290413564566,0.9406576002536178,0.9471004605293274,1782400,0.0,0.0,WFC
1990-04-27,0.9406578457438863,0.9471007077010362,0.9213292598724365,0.9213292598724365,1111200,0.0,0.0,WFC
1990-04-30,0.9255035287804074,0.9450564202335147,0.9189858982960384,0.9385387897491455,780000,0.02563,0.0,WFC
1990-05-01,0.9385378262768054,0.9580906976575722,0.9320202024832164,0.9515730738639832,1776000,0.0,0.0,WFC
1990-05-02,0.9515732868512472,0.9776437878608704,0.9450556615988414,0.9776437878608704,810400,0.0,0.0,WFC
1990-05-03,0.9841614004812743,0.9971966508187746,0.9776437753125241,0.9906790256500244,1643200,0.0,0.0,WFC
1990-05-04,0.9971973299980164,1.0167502188215067,0.984162070782356,0.9971973299980164,1152000,0.0,0.0,WFC
1990-05-07,0.9971963422639029,1.0102315885680062,0.9906787191118512,1.0037139654159546,1051200,0.0,0.0,WFC
1990-05-08,1.0037146042554805,1.0167498588562012,1.0037146042554805,1.0167498588562012,542400,0.0,0.0,WFC
1990-05-09,1.0167495247664726,1.0297847750839915,1.010231899607713,1.023267149925232,1708000,0.0,0.0,WFC
1990-05-10,1.0167495247664726,1.0363024002427508,1.0167495247664726,1.023267149925232,1539200,0.0,0.0,WFC
1990-05-11,1.036302791136067,1.068890929222107,1.029785163518859,1.068890929222107,1532000,0.0,0.0,WFC
1990-05-14,1.0688901561045507,1.1145135164260864,1.0623725332014742,1.1145135164260864,2942400,0.0,0.0,WFC
1990-05-15,1.1014785089276053,1.1601371277462351,1.1014785089276053,1.147101879119873,1345600,0.0,0.0,WFC
1990-05-16,1.1210313579014368,1.1405842304229736,1.1079961095537458,1.1405842304229736,1216800,0.0,0.0,WFC
1990-05-17,1.1405846631595853,1.1471022898062115,1.127549409866333,1.127549409866333,1329600,0.0,0.0,WFC
1990-05-18,1.127549627492594,1.127549627492594,1.1145143716834311,1.1210319995880127,2372000,0.0,0.0,WFC
1990-05-21,1.1145141565730805,1.127549409866333,1.1145141565730805,1.127549409866333,1764000,0.0,0.0,WFC
1990-05-22,1.1275494638611288,1.1405847177785986,1.0949613290674547,1.1079965829849243,1133600,0.0,0.0,WFC
1990-05-23,1.1079963212887916,1.1079963212887916,1.088443445030754,1.1014786958694458,1049600,0.0,0.0,WFC
1990-05-24,1.1014782706199333,1.1145135164260864,1.094960647716857,1.1145135164260864,1503200,0.0,0.0,WFC
1990-05-25,1.1079958935230099,1.121031139329163,1.1014782706199333,1.1145135164260864,1549600,0.0,0.0,WFC
1990-05-29,1.1210313579014368,1.1405842304229736,1.1079961095537458,1.1405842304229736,2258400,0.0,0.0,WFC
1990-05-30,1.1536204572562332,1.1862086057662964,1.1471028275542205,1.1862086057662964,2001600,0.0,0.0,WFC
1990-05-31,1.1796901951955017,1.1927254459711427,1.1666549444198608,1.1666549444198608,1849600,0.0,0.0,WFC
1990-06-01,1.1862074390786592,1.1992426856619414,1.1731721924953773,1.1927250623703003,1334400,0.0,0.0,WFC
1990-06-04,1.1992426856619414,1.2122779322452233,1.1927250623703003,1.1927250623703003,1808800,0.0,0.0,WFC
1990-06-05,1.1992434894337374,1.231831627733567,1.1927258617737713,1.2187963724136353,2535200,0.0,0.0,WFC
1990-06-06,1.2187955555368641,1.2187955555368641,1.1927250623703003,1.1927250623703003,2169600,0.0,0.0,WFC
1990-06-07,1.2057603089535822,1.2122779322452233,1.1862074390786592,1.1927250623703003,1948800,0.0,0.0,WFC
1990-06-08,1.1862082057529026,1.1927258332570394,1.1601376957363554,1.173172950744629,570400,0.0,0.0,WFC
1990-06-11,1.1666553232404921,1.1862082057529026,1.1601376957363554,1.173172950744629,1016800,0.0,0.0,WFC
1990-06-12,1.1536198558069726,1.1796903610229492,1.1536198558069726,1.1796903610229492,624000,0.0,0.0,WFC
1990-06-13,1.1796905782487659,1.1796905782487659,1.1601376957363554,1.173172950744629,276800,0.0,0.0,WFC
1990-06-14,1.1666549444198608,1.1731725698076814,1.1471020682563995,1.1666549444198608,1923200,0.0,0.0,WFC
1990-06-15,1.1601371277462351,1.1666547520594164,1.1405842548066918,1.147101879119873,2339200,0.0,0.0,WFC
1990-06-18,1.1601377670155013,1.1601377670155013,1.1210319995880127,1.1210319995880127,722400,0.0,0.0,WFC
1990-06-19,1.1145141565730805,1.1405846631595853,1.094961276633202,1.127549409866333,2532000,0.0,0.0,WFC
1990-06-20,1.1210319995880127,1.1340672553971756,1.0949614879696867,1.1210319995880127,712000,0.0,0.0,WFC
1990-06-21,1.1210319995880127,1.127549627492594,1.1014791158742683,1.1210319995880127,799200,0.0,0.0,WFC
1990-06-22,1.1210311558432209,1.1210311558432209,1.0754077948496013,1.0884430408477783,1204000,0.0,0.0,WFC
1990-06-25,1.0949606638468667,1.0949606638468667,1.0558549258523358,1.0884430408477783,1339200,0.0,0.0,WFC
1990-06-26,1.1079965829849243,1.1275494638611288,1.0884437021087197,1.1079965829849243,2577600,0.0,0.0,WFC
1990-06-27,1.1145142953971336,1.134067177772522,1.101479040480208,1.134067177772522,1666400,0.0,0.0,WFC
1990-06-28,1.1275495503140591,1.1405848052309846,1.1145142953971336,1.134067177772522,377600,0.0,0.0,WFC
1990-06-29,1.134067177772522,1.134067177772522,1.1275495503140591,1.134067177772522,1339200,0.0,0.0,WFC
1990-07-02,1.1340670908198638,1.1340670908198638,1.0949613290674547,1.1079965829849243,1008000,0.0,0.0,WFC
1990-07-03,1.1210319228555963,1.134067177772522,1.1079966679386708,1.134067177772522,3272000,0.0,0.0,WFC
1990-07-05,1.1275495503140591,1.1405848052309846,1.1210319228555963,1.134067177772522,1539200,0.0,0.0,WFC
1990-07-06,1.1275489820752824,1.1536194787706646,1.1275489820752824,1.1405842304229736,1830400,0.0,0.0,WFC
1990-07-09,1.1536198854446411,1.1536198854446411,1.1471022589732025,1.1536198854446411,521600,0.0,0.0,WFC
1990-07-10,1.1536196992242125,1.1601373246435582,1.1014786958694458,1.1014786958694458,2440800,0.0,0.0,WFC
1990-07-11,1.0819257747979811,1.0819257747979811,1.0428200239016685,1.0558552742004395,2352800,0.0,0.0,WFC
1990-07-12,1.0493379078028393,1.062373161315918,1.0167497740201423,1.062373161315918,1804000,0.0,0.0,WFC
1990-07-13,1.0558549258523358,1.0949606638468667,1.0558549258523358,1.0884430408477783,1237600,0.0,0.0,WFC
1990-07-16,1.0819260321912312,1.1079965389910198,1.0819260321912312,1.0949612855911255,1533600,0.0,0.0,WFC
1990-07-17,1.0949606638468667,1.0949606638468667,1.0754077948496013,1.0884430408477783,504000,0.0,0.0,WFC
1990-07-18,1.0819260969758033,1.088443724066019,1.0428203344345093,1.0428203344345093,3139200,0.0,0.0,WFC
1990-07-19,1.0428201927329008,1.0428201927329008,1.0363025665283203,1.0363025665283203,3241600,0.0,0.0,WFC
1990-07-20,1.0363023987522832,1.0819257747979811,1.0297847736028978,1.0558552742004395,1793600,0.0,0.0,WFC
1990-07-23,1.0428203344345093,1.0623732157051564,1.0167498260736465,1.0428203344345093,1054400,0.0,0.0,WFC
1990-07-24,1.0297849403237396,1.0428201927329008,1.0167496879145783,1.0363025665283203,894400,0.0,0.0,WFC
1990-07-25,1.029785027533221,1.062373161315918,1.029785027533221,1.062373161315918,676800,0.0,0.0,WFC
1990-07-26,1.0428203680576422,1.0428203680576422,1.0037146042554805,1.0167498588562012,3113600,0.0,0.0,WFC
1990-07-27,1.0297849403237396,1.0363025665283203,1.023267314119159,1.0363025665283203,1673600,0.0,0.0,WFC
1990-07-30,1.0297849403237396,1.0363025665283203,1.023267314119159,1.0363025665283203,560000,0.0,0.0,WFC
1990-07-31,1.0297849403237396,1.0363025665283203,1.0167496879145783,1.0363025665283203,1788800,0.0,0.0,WFC
1990-08-01,1.0297851134569216,1.0297851134569216,0.9906793496547601,1.0167498588562012,3044000,0.0,0.0,WFC
1990-08-02,1.0037142276763915,1.0167494773864747,0.99719660282135,1.010231852531433,2852000,0.0,0.0,WFC
1990-08-03,1.0037142888704935,1.0037142888704935,0.9711261626084646,0.9776437878608704,3350400,0.0,0.0,WFC
1990-08-06,0.9489151014314664,0.9489151014314664,0.9225563486139257,0.9423254132270813,1841600,0.02563,0.0,WFC
1990-08-07,0.95550463103608,1.0016324408102355,0.9489149439254863,0.9818633794784546,3251200,0.0,0.0,WFC
1990-08-08,0.9950426464018068,1.0214013920018548,0.9818632736017829,1.0016323328018188,2186400,0.0,0.0,WFC
1990-08-09,1.0082221153556115,1.0082221153556115,0.9818633672417394,0.9950427412986755,1488000,0.0,0.0,WFC
1990-08-10,0.98845334471883,0.9950430336836221,0.9752739667892455,0.9752739667892456,1326400,0.0,0.0,WFC
1990-08-13,0.9884530901908875,0.9884530901908875,0.975273715655009,0.9884530901908875,1470400,0.0,0.0,WFC
1990-08-14,0.9752736923678609,0.9950427536996419,0.9752736923678609,0.9818633794784546,1514400,0.0,0.0,WFC
1990-08-15,0.9752742449442545,0.9818639357884725,0.9686845541000366,0.9686845541000366,1622400,0.0,0.0,WFC
1990-08-16,0.9686841427440375,0.9818635188357931,0.9357357025146484,0.9357357025146484,1380800,0.0,0.0,WFC
1990-08-17,0.9093766979975243,0.9620941877365112,0.8961973255627775,0.9620941877365112,1946400,0.0,0.0,WFC
1990-08-20,0.9555045015191378,0.9686838739538846,0.9555045015191378,0.9620941877365112,1379200,0.0,0.0,WFC
1990-08-21,0.9489151014314664,0.9489151014314664,0.9291460368183109,0.9423254132270813,546400,0.0,0.0,WFC
1990-08-22,0.9555047666522819,0.9620944546981597,0.9357357025146484,0.9357357025146484,1654400,0.0,0.0,WFC
1990-08-23,0.9225559669689541,0.9357353379256534,0.8961972250555554,0.902786910533905,1627200,0.0,0.0,WFC
1990-08-24,0.9159664511680603,0.9159664511680603,0.8961973910709079,0.9159664511680603,1144800,0.0,0.0,WFC
1990-08-27,0.935735859769456,0.948915238076068,0.9225564814628439,0.9291461706161499,1325600,0.0,0.0,WFC
1990-08-28,0.935735859769456,0.935735859769456,0.9225564814628439,0.9291461706161499,1005600,0.0,0.0,WFC
1990-08-29,0.9225567181905111,0.9752742449442545,0.9159670273462931,0.9686845541000366,1775200,0.0,0.0,WFC
1990-08-30,0.9555044727666038,0.9555044727666038,0.9225560426712037,0.9225560426712036,440800,0.0,0.0,WFC
1990-08-31,0.9093769503311373,0.9620944546981597,0.9093769503311373,0.9357357025146484,567200,0.0,0.0,WFC
1990-09-04,0.9357357025146484,0.9489150786064041,0.9159666383770151,0.9357357025146484,533600,0.0,0.0,WFC
1990-09-05,0.935735859769456,0.942325548922762,0.9291461706161499,0.9291461706161499,804800,0.0,0.0,WFC
1990-09-06,0.9291457286902837,0.9291457286902837,0.9159663566521237,0.9225560426712036,831200,0.0,0.0,WFC
1990-09-07,0.9225564814628439,0.942325548922762,0.9225564814628439,0.9291461706161499,588000,0.0,0.0,WFC
1990-09-10,0.9357357025146484,0.9555047666522819,0.9357357025146484,0.9357357025146484,424800,0.0,0.0,WFC
1990-09-11,0.942325548922762,0.942325548922762,0.9291461706161499,0.9291461706161499,540000,0.0,0.0,WFC
1990-09-12,0.9291461706161499,0.935735859769456,0.9093771031562319,0.9291461706161499,1177600,0.0,0.0,WFC
1990-09-13,0.9291460436323415,0.9291460436323415,0.902787290621495,0.9093769788742065,704000,0.0,0.0,WFC
1990-09-14,0.9027871378322146,0.909376824969676,0.8830180764198303,0.8830180764198303,1023200,0.0,0.0,WFC
1990-09-17,0.8896076083183289,0.896197294305872,0.8764282363432425,0.8896076083183289,896800,0.0,0.0,WFC
1990-09-18,0.8830179223307857,0.896197294305872,0.8830179223307857,0.8896076083183289,565600,0.0,0.0,WFC
1990-09-19,0.8896077635572918,0.8896077635572918,0.8764283892823689,0.8830180764198303,1070400,0.0,0.0,WFC
1990-09-20,0.8698389865458013,0.8698389865458013,0.8237111615017058,0.8434802293777466,1916800,0.0,0.0,WFC
1990-09-21,0.8303006887435913,0.8434800647553944,0.8039419367199853,0.8303006887435913,1328800,0.0,0.0,WFC
1990-09-24,0.8303005705195026,0.8303005705195026,0.7709933869109666,0.797352135181427,1019200,0.0,0.0,WFC
1990-09-25,0.8105313677787781,0.8237107396125793,0.8039416818618774,0.8237107396125793,1502400,0.0,0.0,WFC
1990-09-26,0.8171214461326599,0.8434802024595198,0.7973523788875149,0.8171214461326599,2620000,0.0,0.0,WFC
1990-09-27,0.8171213955438438,0.8171213955438438,0.7775832635013997,0.7841729521751404,2134400,0.0,0.0,WFC
1990-09-28,0.7446348201326963,0.7841729521751404,0.7446348201326963,0.7841729521751404,3204800,0.0,0.0,WFC
1990-10-01,0.7907624481138119,0.8171211963842724,0.7709933869109666,0.797352135181427,1653600,0.0,0.0,WFC
1990-10-02,0.8039417376120885,0.8171211103598276,0.7907623648643494,0.7907623648643494,2286400,0.0,0.0,WFC
1990-10-03,0.7907629435041309,0.7907629435041309,0.7446351051330566,0.7446351051330566,1443200,0.0,0.0,WFC
1990-10-04,0.7380447798761828,0.7644035220146179,0.7116860377377477,0.7644035220146179,1629600,0.0,0.0,WFC
1990-10-05,0.7380448738733927,0.797352051238219,0.7248655011256535,0.7907623648643494,2249600,0.0,0.0,WFC
1990-10-08,0.797352051238219,0.8039417376120885,0.7907623648643494,0.7907623648643494,151200,0.0,0.0,WFC
1990-10-09,0.7907629624391213,0.7907629624391213,0.7644041970244839,0.7709938883781433,463200,0.0,0.0,WFC
1990-10-10,0.7709933638572692,0.7775830507278442,0.7512243032455445,0.7578139901161194,1744000,0.0,0.0,WFC
1990-10-11,0.7512247963289244,0.7578144875247921,0.7380454139371888,0.7446351051330566,1077600,0.0,0.0,WFC
1990-10-12,0.7709933869109666,0.8105315093166573,0.7578140127757365,0.797352135181427,1376000,0.0,0.0,WFC
1990-10-15,0.8039421056344257,0.8171214844153178,0.7907627268535334,0.8105317950248718,1098400,0.0,0.0,WFC
1990-10-16,0.8039419337854548,0.8303006857128468,0.7775831818580629,0.7775831818580627,1639200,0.0,0.0,WFC
1990-10-17,0.7841730007240849,0.8237111352143749,0.7775833116423699,0.8171214461326599,1538400,0.0,0.0,WFC
1990-10-18,0.8303002381887961,0.8434796070489358,0.8303002381887961,0.836889922618866,1502400,0.0,0.0,WFC
1990-10-19,0.8434802293777467,0.856659607961774,0.836890540085733,0.8434802293777466,1285600,0.0,0.0,WFC
1990-10-22,0.8434798262501492,0.863248884677887,0.8368901401075699,0.863248884677887,927200,0.0,0.0,WFC
1990-10-23,0.856659607961774,0.856659607961774,0.836890540085733,0.8434802293777466,2197600,0.0,0.0,WFC
1990-10-24,0.8303006887435913,0.8434800647553944,0.8237110007376898,0.8303006887435913,1723200,0.0,0.0,WFC
1990-10-25,0.8303008717159892,0.8500699400901794,0.8237111822579258,0.8500699400901794,2236000,0.0,0.0,WFC
1990-10-26,0.8434800954965445,0.8632491602347446,0.8434800954965445,0.856659471988678,888000,0.0,0.0,WFC
1990-10-29,0.8368903442484434,0.8434800319984311,0.797352217748517,0.8039419054985046,484000,0.0,0.0,WFC
1990-10-30,0.8039415004685169,0.8434796070489358,0.7973518160384471,0.836889922618866,948800,0.0,0.0,WFC
1990-10-31,0.8303005705195026,0.8434799446547327,0.797352135181427,0.797352135181427,804800,0.0,0.0,WFC
1990-11-01,0.8039415004685169,0.8368899226188659,0.8039415004685169,0.836889922618866,756800,0.0,0.0,WFC
1990-11-02,0.836889788620454,0.8764278888702393,0.836889788620454,0.8764278888702393,1411200,0.0,0.0,WFC
1990-11-05,0.9087700740150784,0.9221343398094177,0.9020879411179086,0.9221343398094177,1706400,0.02875,0.0,WFC
1990-11-06,0.9154520372257514,0.948862695518662,0.9087699055671693,0.9087699055671692,1850400,0.0,0.0,WFC
1990-11-07,0.9020879864692687,0.9288165194016915,0.8954058532361631,0.9020879864692688,934400,0.0,0.0,WFC
1990-11-08,0.9154520372257514,0.9221341688843335,0.8820413789328407,0.9087699055671692,4228000,0.0,0.0,WFC
1990-11-09,0.8954054871909053,0.9354982701994533,0.8954054871909053,0.9288161396980286,1882400,0.0,0.0,WFC
1990-11-12,0.9354990969101588,0.9622276425361632,0.9354990969101588,0.9622276425361633,1602400,0.0,0.0,WFC
1990-11-13,0.9555455061296622,0.9622276425361632,0.9421812333166598,0.9622276425361633,950400,0.0,0.0,WFC
1990-11-14,0.9622270375081938,0.9889555663278659,0.9488627730983579,0.9755913019180298,2991200,0.0,0.0,WFC
1990-11-15,0.9555455061296622,0.9755919153491656,0.9555455061296622,0.9622276425361633,2024000,0.0,0.0,WFC
1990-11-16,0.9622276425361632,0.9822740517556666,0.948863369723161,0.9622276425361633,1189600,0.0,0.0,WFC
1990-11-19,0.9755913518570566,0.9889556169509889,0.9689092193100904,0.9889556169509888,1474400,0.0,0.0,WFC
1990-11-20,0.9889551537377493,0.9889551537377493,0.9354981184005737,0.9354981184005737,3547200,0.0,0.0,WFC
1990-11-21,0.8954054871909053,0.9288161396980287,0.8954054871909053,0.9288161396980286,1280000,0.0,0.0,WFC
1990-11-23,0.915452206912248,0.9354986056037571,0.915452206912248,0.9221343398094177,169600,0.0,0.0,WFC
1990-11-26,0.9087705512841542,0.9622276425361632,0.895406278471152,0.9622276425361633,1132800,0.0,0.0,WFC
1990-11-27,0.9755911684036256,1.0090018248558046,0.9755911684036256,1.0023196935653687,2412000,0.0,0.0,WFC
1990-11-28,0.9889556169509889,1.0156841471388534,0.9755913518570566,0.9889556169509888,3883200,0.0,0.0,WFC
1990-11-29,0.9889552363033953,0.9956373662784183,0.9622267164033035,0.9689088463783264,1698400,0.0,0.0,WFC
1990-11-30,0.9689093122676927,0.9956378450199049,0.9622271790796396,0.9822735786437988,1784800,0.0,0.0,WFC
1990-12-03,0.9822734341229479,0.9889555663278659,0.9622270375081938,0.9755913019180298,859200,0.0,0.0,WFC
1990-12-04,0.9822733998298645,1.0290483236312866,0.9822733998298645,1.0290483236312866,3047200,0.0,0.0,WFC
1990-12-05,1.0290482382802568,1.1292802095413208,1.009001844028044,1.1292802095413208,4174400,0.0,0.0,WFC
1990-12-06,1.1426439005208302,1.1760545408869365,1.102551132081503,1.1092332601547241,3826400,0.0,0.0,WFC
1990-12-07,1.1092341899871827,1.135962724685669,1.0825056552886962,1.135962724685669,1901600,0.0,0.0,WFC
1990-12-10,1.1159152377735484,1.1225973649458452,1.0958688562566583,1.102550983428955,714400,0.0,0.0,WFC
1990-12-11,1.1025521792471409,1.1025521792471409,1.062459372729063,1.0691415071487427,1284000,0.0,0.0,WFC
1990-12-12,1.0691415071487427,1.0758236415684224,1.0490951038897038,1.0691415071487427,1248800,0.0,0.0,WFC
1990-12-13,1.069141243988613,1.0891876423133995,1.0490948456638265,1.062459111213684,629600,0.0,0.0,WFC
1990-12-14,1.0624588053477437,1.0624588053477437,0.9889553659840634,1.015683889389038,1710400,0.0,0.0,WFC
1990-12-17,1.0023196276865507,1.0223660202402818,0.9956374968353071,1.015683889389038,363200,0.0,0.0,WFC
1990-12-18,1.0223659815326813,1.0424123733274397,1.0156838509344286,1.035730242729187,1194400,0.0,0.0,WFC
1990-12-19,1.069141224118098,1.0891876220703125,1.06245909146736,1.0891876220703125,2431200,0.0,0.0,WFC
1990-12-20,1.075822619788618,1.1092332601547241,1.0691404917153968,1.1092332601547241,1431200,0.0,0.0,WFC
1990-12-21,1.1626912593841552,1.1626912593841552,1.102552056312561,1.135962724685669,2232800,0.0,0.0,WFC
1990-12-24,1.1225975163011666,1.1225975163011666,1.102551132081503,1.1092332601547241,369600,0.0,0.0,WFC
1990-12-26,1.1225980122884114,1.1493265363905165,1.1225980122884114,1.1426444053649902,556800,0.0,0.0,WFC
1990-12-27,1.1426444723761293,1.1493266037935337,1.0958695524542994,1.1292802095413208,661600,0.0,0.0,WFC
1990-12-28,1.1159159467065123,1.1292802095413208,1.0891874210368953,1.1292802095413208,1323200,0.0,0.0,WFC
1990-12-31,1.1292796443743878,1.1292796443743878,1.102551132081503,1.1092332601547241,254400,0.0,0.0,WFC
1991-01-02,1.1092340200225268,1.1092340200225268,1.0891876220703125,1.0891876220703125,1085600,0.0,0.0,WFC
1991-01-03,1.0825054894195743,1.0958697547210505,1.0825054894195743,1.0891876220703125,912800,0.0,0.0,WFC
1991-01-04,1.0825054894195743,1.1092340200225268,1.0825054894195743,1.0891876220703125,1030400,0.0,0.0,WFC
1991-01-07,1.0490946509899237,1.082505308664762,1.0357303879199884,1.042412519454956,858400,0.0,0.0,WFC
1991-01-08,1.0490944385528564,1.0557765687347218,1.035730178189126,1.0490944385528564,740800,0.0,0.0,WFC
1991-01-09,1.0490945436452566,1.0758230670502311,1.015683889389038,1.015683889389038,1496000,0.0,0.0,WFC
1991-01-10,1.0290480480072606,1.0557765687347218,1.0156837876435298,1.0490944385528564,1133600,0.0,0.0,WFC
1991-01-11,1.0490944385528564,1.0557765687347218,1.0290480480072606,1.0490944385528564,423200,0.0,0.0,WFC
1991-01-14,1.0290483236312866,1.04241258757455,1.0023197957447596,1.0290483236312866,1362400,0.0,0.0,WFC
1991-01-15,1.022366124850053,1.0490946509899237,1.022366124850053,1.042412519454956,944800,0.0,0.0,WFC
1991-01-16,1.0290487006306648,1.0758236415684224,1.0290487006306648,1.0691415071487427,1880800,0.0,0.0,WFC
1991-01-17,1.1159153882279453,1.135961772447609,1.102551132081503,1.1092332601547241,3204000,0.0,0.0,WFC
1991-01-18,1.1092340250809989,1.1225982904434204,1.0891876270373664,1.1225982904434204,1864800,0.0,0.0,WFC
1991-01-21,1.1159156560897827,1.1225977857669671,1.0958692670582297,1.1159156560897827,1770400,0.0,0.0,WFC
1991-01-22,1.1159156560897827,1.1359620451213357,1.1092335264125985,1.1159156560897827,2428000,0.0,0.0,WFC
1991-01-23,1.115915881262885,1.1493265363905165,1.115915881262885,1.1426444053649902,2847200,0.0,0.0,WFC
1991-01-24,1.1426448583602906,1.149326992034912,1.1225984573364258,1.135962724685669,1600000,0.0,0.0,WFC
1991-01-25,1.1359623519853614,1.1626908779144287,1.1359623519853614,1.1626908779144287,2383200,0.0,0.0,WFC
1991-01-28,1.1616103800735034,1.1751174775162185,1.1616103800735034,1.1683639287948608,849600,0.02875,0.0,WFC
1991-01-29,1.17511785030365,1.181871401167464,1.1616107485760216,1.17511785030365,2020000,0.0,0.0,WFC
1991-01-30,1.1751172867688264,1.2426527630199085,1.1751172867688264,1.188624382019043,3882400,0.0,0.0,WFC
1991-01-31,1.1886247677749464,1.2156389670425587,1.1886247677749464,1.2021318674087524,2217600,0.0,0.0,WFC
1991-02-01,1.2088844968212975,1.2156380414962769,1.1683632287714216,1.2156380414962769,2744800,0.0,0.0,WFC
1991-02-04,1.2291453997294108,1.316941499710083,1.2291453997294108,1.316941499710083,4720800,0.0,0.0,WFC
1991-02-05,1.316941686012038,1.3777236099818242,1.310188138904284,1.3439558744430542,6456000,0.0,0.0,WFC
1991-02-06,1.3372021913528442,1.343955737773818,1.3236950985108962,1.3372021913528442,2640800,0.0,0.0,WFC
1991-02-07,1.343956549556888,1.350710100057174,1.3101887970554587,1.3236958980560303,5860000,0.0,0.0,WFC
1991-02-08,1.3236958980560303,1.3304494485563163,1.3101887970554587,1.3236958980560303,1639200,0.0,0.0,WFC
1991-02-11,1.3372024935070832,1.364216685295105,1.3236953976130723,1.364216685295105,4059200,0.0,0.0,WFC
1991-02-12,1.377723781189116,1.377723781189116,1.3574631373480996,1.364216685295105,3865600,0.0,0.0,WFC
1991-02-13,1.3642172701656818,1.3709708210080862,1.256160456687212,1.2966817617416382,4432000,0.0,0.0,WFC
1991-02-14,1.303434133529663,1.323694767729606,1.2831734993297201,1.303434133529663,5727200,0.0,0.0,WFC
1991-02-15,1.3034354571214657,1.3169425603040716,1.2899283539388597,1.3101890087127686,2277600,0.0,0.0,WFC
1991-02-19,1.3101890087127686,1.3236961118953745,1.2899283539388597,1.3101890087127686,1782400,0.0,0.0,WFC
1991-02-20,1.3169424142688513,1.3169424142688513,1.2899282108992338,1.2966817617416382,1879200,0.0,0.0,WFC
1991-02-21,1.3101882863400587,1.3574631214141846,1.2831740948691297,1.3574631214141846,3540000,0.0,0.0,WFC
1991-02-22,1.3642168348910761,1.3979845783289742,1.3574632862034968,1.3777239322662354,2827200,0.0,0.0,WFC
1991-02-25,1.3709700628740702,1.3844771570895784,1.3439558744430542,1.3439558744430542,1705600,0.0,0.0,WFC
1991-02-26,1.343955737773818,1.350709284194792,1.3169415520899224,1.3372021913528442,14552000,0.0,0.0,WFC
1991-02-27,1.3372024935070832,1.364216685295105,1.3304489455600776,1.364216685295105,2649600,0.0,0.0,WFC
1991-02-28,1.370970217149649,1.370970217149649,1.3507095735464523,1.3574631214141846,2338400,0.0,0.0,WFC
1991-03-01,1.3507094198060265,1.3912307024002075,1.3507094198060265,1.3912307024002075,3138400,0.0,0.0,WFC
1991-03-04,1.4047377965982677,1.4047377965982677,1.3777236082021471,1.3912307024002075,2040000,0.0,0.0,WFC
1991-03-05,1.3912307356412594,1.4249984719432316,1.3912307356412594,1.4047378301620483,3026400,0.0,0.0,WFC
1991-03-06,1.4114912918635778,1.4249983855656214,1.3642164639064245,1.3709700107574463,1996800,0.0,0.0,WFC
1991-03-07,1.3709700107574463,1.3709700107574463,1.3507093702043806,1.3709700107574463,1907200,0.0,0.0,WFC
1991-03-08,1.3574631373480996,1.3709702332421105,1.3574631373480996,1.364216685295105,2265600,0.0,0.0,WFC
1991-03-11,1.364216685295105,1.3709702332421105,1.3574631373480996,1.364216685295105,2643200,0.0,0.0,WFC
1991-03-12,1.357463869851889,1.3642174214431921,1.3101890087127686,1.3101890087127686,1877600,0.0,0.0,WFC
1991-03-13,1.3101880056689483,1.3372021913528442,1.3101880056689483,1.3372021913528442,2058400,0.0,0.0,WFC
1991-03-14,1.3439564426538304,1.3439564426538304,1.3236957927645765,1.3304493427276611,1336000,0.0,0.0,WFC
1991-03-15,1.3304496634866774,1.3304496634866774,1.2966819055301628,1.3101890087127686,3042400,0.0,0.0,WFC
1991-03-18,1.303434133529663,1.3101876782629773,1.2966805887963486,1.303434133529663,1687200,0.0,0.0,WFC
1991-03-19,1.3034353125840425,1.310188863426447,1.2966817617416382,1.2966817617416382,1072000,0.0,0.0,WFC
1991-03-20,1.2966819055301628,1.3169425603040716,1.2966819055301628,1.3101890087127686,1457600,0.0,0.0,WFC
1991-03-21,1.3169423475557445,1.3236958980560303,1.3101887970554587,1.3236958980560303,996800,0.0,0.0,WFC
1991-03-22,1.316941499710083,1.316941499710083,1.303434407405364,1.316941499710083,908000,0.0,0.0,WFC
1991-03-25,1.3304496634866774,1.3304496634866774,1.3101890087127686,1.3101890087127686,1124800,0.0,0.0,WFC
1991-03-26,1.3101882863400587,1.3574631214141846,1.3101882863400587,1.3574631214141846,4910400,0.0,0.0,WFC
1991-03-27,1.411492109298706,1.4317527615852903,1.3979850077743163,1.411492109298706,3801600,0.0,0.0,WFC
1991-03-28,1.4047377965982677,1.4182448907963279,1.3844771553011772,1.3912307024002075,2252800,0.0,0.0,WFC
1991-04-01,1.384477480953815,1.3979845783289742,1.3777239322662354,1.3777239322662354,1003200,0.0,0.0,WFC
1991-04-02,1.384477480953815,1.3979845783289742,1.3709703835786557,1.3777239322662354,2067200,0.0,0.0,WFC
1991-04-03,1.377724355487732,1.411492109298706,1.3709708047255373,1.411492109298706,2889600,0.0,0.0,WFC
1991-04-04,1.4114913774224427,1.4182449246828372,1.3912307356412594,1.4047378301620483,3437600,0.0,0.0,WFC
1991-04-05,1.3979844250301325,1.4182450688711488,1.364216685295105,1.364216685295105,1952000,0.0,0.0,WFC
1991-04-08,1.370970061103117,1.3912307024002075,1.370970061103117,1.3912307024002075,706400,0.0,0.0,WFC
1991-04-09,1.3777237650173813,1.3844773128851136,1.3574631214141846,1.3574631214141846,1828800,0.0,0.0,WFC
1991-04-10,1.3574632862034968,1.3777239322662354,1.3439561888283376,1.3777239322662354,1176000,0.0,0.0,WFC
1991-04-11,1.4317523690157157,1.4520130157470703,1.4114917222843613,1.4520130157470703,6512000,0.0,0.0,WFC
1991-04-12,1.5263020537620366,1.5263020537620366,1.4520130157470703,1.4520130157470703,3044800,0.0,0.0,WFC
1991-04-15,1.458766475800545,1.4790271212977746,1.4520129273014684,1.4655200242996216,2928000,0.0,0.0,WFC
1991-04-16,1.4722735158997964,1.4925341606140137,1.4520128711855789,1.4925341606140137,2589600,0.0,0.0,WFC
1991-04-17,1.499287831632397,1.6613730026196831,1.49253428284126,1.6005910634994507,4368800,0.0,0.0,WFC
1991-04-18,1.573577284280743,1.573577284280743,1.4925346773649963,1.512795329093933,2344000,0.0,0.0,WFC
1991-04-19,1.526302594657338,1.5330561459611316,1.4722741842269897,1.4722741842269897,1446400,0.0,0.0,WFC
1991-04-22,1.4520127448677456,1.4587662925182934,1.4317521019161028,1.4385056495666504,4514400,0.0,0.0,WFC
1991-04-23,1.4520127448677456,1.465519840168841,1.424998554265555,1.4385056495666504,3258400,0.0,0.0,WFC
1991-04-24,1.4520130910963382,1.4587666403572515,1.4249988940526854,1.4317524433135986,2836000,0.0,0.0,WFC
1991-04-25,1.4317520807867181,1.485780461193764,1.4182449856849566,1.4790269136428833,2609600,0.0,0.0,WFC
1991-04-26,1.4722735727986982,1.4722735727986982,1.4520129273014684,1.4655200242996216,1523200,0.0,0.0,WFC
1991-04-29,1.4790262631007605,1.4857798076811293,1.4182443618774414,1.4182443618774414,1401600,0.0,0.0,WFC
1991-04-30,1.4655194389876596,1.485780076393019,1.411491072573368,1.424998164176941,2460800,0.0,0.0,WFC
1991-05-01,1.4655198185411218,1.4925340087446448,1.4587662709902411,1.4790269136428833,2560000,0.0,0.0,WFC
1991-05-02,1.5195488010734188,1.5668236526623696,1.492534600165447,1.5330559015274048,3790400,0.0,0.0,WFC
1991-05-03,1.546562852859497,1.5600699520111083,1.4925344562530518,1.5195486545562744,1080000,0.0,0.0,WFC
1991-05-06,1.5048410860555512,1.5320780287895883,1.4844133790050233,1.525268793106079,2859200,0.02875,0.0,WFC
1991-05-07,1.5252685546875,1.5388870239257812,1.5116500854492188,1.5388870239257812,2380000,0.0,0.0,WFC
1991-05-08,1.5388863180402064,1.5729324755189722,1.5184586235529471,1.5593140125274658,2047200,0.0,0.0,WFC
1991-05-09,1.5525054931640625,1.6137886047363283,1.5525054931640625,1.5729331970214844,2506400,0.0,0.0,WFC
1991-05-10,1.5729338144507643,1.5797430517427589,1.5184599161148071,1.5184599161148071,895200,0.0,0.0,WFC
1991-05-13,1.5320770865444533,1.566123244023219,1.4980309290656877,1.5593140125274658,1422400,0.0,0.0,WFC
1991-05-14,1.5593153426239084,1.5593153426239084,1.504841444191632,1.5116506814956665,1124800,0.0,0.0,WFC
1991-05-15,1.5116500854492188,1.5525054931640625,1.5116500854492188,1.5456962585449219,2780000,0.0,0.0,WFC
1991-05-16,1.5593147277832031,1.5661239624023438,1.5320777893066406,1.5388870239257812,1738400,0.0,0.0,WFC
1991-05-17,1.5320783934077702,1.5388876307118047,1.504841444191632,1.5116506814956665,1328800,0.0,0.0,WFC
1991-05-20,1.5320775508880615,1.5320775508880615,1.5184590837690566,1.5320775508880615,763200,0.0,0.0,WFC
1991-05-21,1.538886784447564,1.538886784447564,1.5048406166500516,1.5320775508880615,1365600,0.0,0.0,WFC
1991-05-22,1.5456962585449219,1.5661239624023438,1.5320777893066406,1.5388870239257812,1715200,0.0,0.0,WFC
1991-05-23,1.5388870239257812,1.5661239624023438,1.5320777893066406,1.5456962585449219,1308800,0.0,0.0,WFC
1991-05-24,1.5456966084652932,1.5797427892684934,1.5388873723046532,1.5797427892684937,1568000,0.0,0.0,WFC
1991-05-28,1.5661239624023438,1.5865516662597656,1.5661239624023438,1.5729331970214844,2522400,0.0,0.0,WFC
1991-05-29,1.5865520193415172,1.613788963879569,1.5729335470724912,1.6069797277450562,2279200,0.0,0.0,WFC
1991-05-30,1.6137880036171446,1.6137880036171446,1.5865510752860534,1.6001695394515991,1615200,0.0,0.0,WFC
1991-05-31,1.6001704977504136,1.6001704977504136,1.532078136144013,1.5797427892684937,4676800,0.0,0.0,WFC
1991-06-03,1.5865516662597656,1.5933609008789062,1.5729331970214844,1.5865516662597656,1204000,0.0,0.0,WFC
1991-06-04,1.5797427832070043,1.620598200014082,1.5729335470724912,1.6069797277450562,1378400,0.0,0.0,WFC
1991-06-05,1.6205974847078324,1.6478344172239305,1.613788251578808,1.6342159509658813,3292000,0.0,0.0,WFC
1991-06-06,1.6410255432128908,1.6410255432128908,1.620597839355469,1.6205978393554688,1154400,0.0,0.0,WFC
1991-06-07,1.6069793701171877,1.620597839355469,1.5661239624023438,1.5865516662597656,1492000,0.0,0.0,WFC
1991-06-10,1.6001700172947428,1.6137884855270386,1.5797423149462995,1.6137884855270386,776000,0.0,0.0,WFC
1991-06-11,1.634216188885677,1.6546438912467478,1.613788486524606,1.6274069547653198,1910400,0.0,0.0,WFC
1991-06-12,1.6274074423929739,1.6274074423929739,1.5525058446259332,1.5797427892684937,2617600,0.0,0.0,WFC
1991-06-13,1.5933605370314226,1.5933605370314226,1.5525051386460014,1.566123604774475,1740800,0.0,0.0,WFC
1991-06-14,1.5729325931323201,1.579741825137222,1.5388864331078111,1.5525048971176147,2984800,0.0,0.0,WFC
1991-06-17,1.5525057358401162,1.5525057358401162,1.5184595574225697,1.525268793106079,1535200,0.0,0.0,WFC
1991-06-18,1.5525054931640625,1.5729331970214844,1.5116500854492188,1.5456962585449219,2276800,0.0,0.0,WFC
1991-06-19,1.545695665112713,1.5593141291225165,1.5320772011029093,1.5525048971176147,1118400,0.0,0.0,WFC
1991-06-20,1.566123244023219,1.5797417070147253,1.5525047810317127,1.5593140125274658,3108000,0.0,0.0,WFC
1991-06-21,1.572932837838712,1.572932837838712,1.5525051386460014,1.566123604774475,1813600,0.0,0.0,WFC
1991-06-24,1.5525048971176147,1.5593141291225165,1.5252679690980075,1.5525048971176147,1664000,0.0,0.0,WFC
1991-06-25,1.5729331970214844,1.5729331970214844,1.5320777893066406,1.5388870239257812,1328800,0.0,0.0,WFC
1991-06-26,1.545696500156607,1.545696500156607,1.5184595574225697,1.525268793106079,2320000,0.0,0.0,WFC
1991-06-27,1.5252691561037357,1.5525061053198737,1.5116506814956665,1.5116506814956665,2567200,0.0,0.0,WFC
1991-06-28,1.5184594409032304,1.5184594409032304,1.457176324454221,1.498031735420227,3206400,0.0,0.0,WFC
1991-07-01,1.4776034441468944,1.5797419310694907,1.4776034441468944,1.50484037399292,1864000,0.0,0.0,WFC
1991-07-02,1.5048408508300781,1.5456962585449219,1.4980316162109375,1.5456962585449219,1875200,0.0,0.0,WFC
1991-07-03,1.5320773038389457,1.5320773038389457,1.4980311415314136,1.50484037399292,1540800,0.0,0.0,WFC
1991-07-05,1.4912219090699073,1.5252680713774394,1.4912219090699073,1.50484037399292,504000,0.0,0.0,WFC
1991-07-08,1.4980311371964408,1.525268066963649,1.4639849749874307,1.4912219047546387,1482400,0.0,0.0,WFC
1991-07-09,1.5388870239257812,1.5729331970214844,1.5184593200683594,1.5456962585449219,2524000,0.0,0.0,WFC
1991-07-10,1.5525047810317127,1.5797417070147253,1.5388863180402064,1.5593140125274658,1678400,0.0,0.0,WFC
1991-07-11,1.5661239624023438,1.579742431640625,1.5252685546875,1.5388870239257812,1837600,0.0,0.0,WFC
1991-07-12,1.5388870239257812,1.5661239624023438,1.5320777893066406,1.5388870239257812,2168800,0.0,0.0,WFC
1991-07-15,1.5456966084652932,1.5865520254291336,1.5456966084652932,1.5797427892684937,1713600,0.0,0.0,WFC
1991-07-16,1.6001697700956594,1.6069790031598963,1.5456959055817645,1.566123604774475,3892000,0.0,0.0,WFC
1991-07-17,1.572933081802464,1.6274069547653198,1.572933081802464,1.6274069547653198,2987200,0.0,0.0,WFC
1991-07-18,1.6274070739746096,1.675071716308594,1.6069793701171877,1.6750717163085938,2785600,0.0,0.0,WFC
1991-07-19,1.6478337137425532,1.6614521741867065,1.6342152532984,1.6614521741867065,2396800,0.0,0.0,WFC
1991-07-22,1.6682628529556727,1.6818813252246985,1.6069797277450562,1.6069797277450562,932000,0.0,0.0,WFC
1991-07-23,1.6069791296608429,1.6069791296608429,1.5593144944590382,1.5933606624603271,1995200,0.0,0.0,WFC
1991-07-24,1.579742431640625,1.5865516662597656,1.5456962585449219,1.5456962585449219,1452800,0.0,0.0,WFC
1991-07-25,1.5729331970214844,1.579742431640625,1.5525054931640625,1.5729331970214844,2487200,0.0,0.0,WFC
1991-07-26,1.5593141469549625,1.600169539451599,1.5593141469549625,1.6001695394515991,1750400,0.0,0.0,WFC
1991-07-29,1.6069793701171877,1.6137886047363283,1.5865516662597656,1.5865516662597656,1088000,0.0,0.0,WFC
1991-07-30,1.6069790184497834,1.641025184094906,1.6069790184497834,1.6342159509658813,2147200,0.0,0.0,WFC
1991-07-31,1.6410255432128908,1.6886901855468752,1.620597839355469,1.688690185546875,1897600,0.0,0.0,WFC
1991-08-01,1.6614531253671048,1.6614531253671048,1.6274069547653198,1.6274069547653198,2481600,0.0,0.0,WFC
1991-08-02,1.6410249496294447,1.6546434139417223,1.634215717473306,1.6478341817855835,1634400,0.0,0.0,WFC
1991-08-05,1.6467360488506926,1.6604588492577816,1.6261518482400588,1.6330132484436035,1361600,0.02875,0.0,WFC
1991-08-06,1.6261519664599573,1.6741817713764962,1.591844962948144,1.6673203706741333,2424000,0.0,0.0,WFC
1991-08-07,1.6741816262404126,1.7016272266705832,1.619290425380071,1.6467360258102417,2244800,0.0,0.0,WFC
1991-08-08,1.626153078039321,1.639875888824463,1.61929167264675,1.639875888824463,1951200,0.0,0.0,WFC
1991-08-09,1.6330141578545552,1.639875561879154,1.6192913498053572,1.626152753829956,2233600,0.0,0.0,WFC
1991-08-12,1.6330146099910265,1.6604602336883547,1.6192917981423625,1.6604602336883545,1058400,0.0,0.0,WFC
1991-08-13,1.6604592994767793,1.6947663097965475,1.6467364953488721,1.6810435056686401,4174400,0.0,0.0,WFC
1991-08-14,1.6947664824996407,1.7976875239469872,1.6947664824996407,1.7427963018417358,5288000,0.0,0.0,WFC
1991-08-15,1.729072276936021,1.7771020624064662,1.729072276936021,1.7702406644821167,4164800,0.0,0.0,WFC
1991-08-16,1.783964204605512,1.7976870061794006,1.7496572006707904,1.790825605392456,4473600,0.0,0.0,WFC
1991-08-19,1.7359343528747557,1.7565185546875,1.6604589462280273,1.7153501510620117,2165600,0.0,0.0,WFC
1991-08-20,1.7565193621564932,1.763380765914917,1.7290737471227982,1.763380765914917,2406400,0.0,0.0,WFC
1991-08-21,1.7976882883804377,1.838856722465486,1.783965477018755,1.8045496940612793,3636000,0.0,0.0,WFC
1991-08-22,1.797686256179514,1.797686256179514,1.7359336748603704,1.7702406644821167,2557600,0.0,0.0,WFC
1991-08-23,1.7633807504450092,1.8045491726343867,1.74965794304855,1.7976877689361572,1967200,0.0,0.0,WFC
1991-08-26,1.7565184373121994,1.7839640378952024,1.735934236874947,1.7839640378952026,892000,0.0,0.0,WFC
1991-08-27,1.763380510131205,1.7839647184206744,1.7427963018417356,1.7427963018417358,1608000,0.0,0.0,WFC
1991-08-28,1.7427957534790037,1.7565185546875,1.7359343528747557,1.749657154083252,1154400,0.0,0.0,WFC
1991-08-29,1.7633800031617284,1.783964205533266,1.7427958007901907,1.7565186023712158,1572800,0.0,0.0,WFC
1991-08-30,1.7565185546875,1.763379955291748,1.7290729522705077,1.749657154083252,622400,0.0,0.0,WFC
1991-09-03,1.7427963018417356,1.7702419128943614,1.7290734963154228,1.7427963018417358,1902400,0.0,0.0,WFC
1991-09-04,1.7290738879657181,1.7359352922830424,1.6673212491097995,1.674182653427124,1172000,0.0,0.0,WFC
1991-09-05,1.6810435056686404,1.7016277118605012,1.667320701540733,1.6810435056686401,1853600,0.0,0.0,WFC
1991-09-06,1.6741825918997488,1.7016282081604004,1.6604597837694228,1.7016282081604004,1364800,0.0,0.0,WFC
1991-09-09,1.7016282081604004,1.7016282081604004,1.6879054000300746,1.7016282081604004,500000,0.0,0.0,WFC
1991-09-10,1.701628270696421,1.701628270696421,1.6673212491097995,1.674182653427124,532800,0.0,0.0,WFC
1991-09-11,1.687904953956604,1.7153505629640284,1.687904953956604,1.687904953956604,2138400,0.0,0.0,WFC
1991-09-12,1.701627561024257,1.742795969758715,1.6947661595685142,1.729073166847229,1511200,0.0,0.0,WFC
1991-09-13,1.7290732134943423,1.7839644266211467,1.7290732134943423,1.7359346151351929,1433600,0.0,0.0,WFC
1991-09-16,1.7290734963154228,1.7565191073680486,1.7290734963154228,1.7427963018417358,1331200,0.0,0.0,WFC
1991-09-17,1.7427963018417356,1.7565191073680486,1.7359348990785792,1.7427963018417358,1744800,0.0,0.0,WFC
1991-09-18,1.7427958007901907,1.770241403952241,1.7359343999996781,1.7565186023712158,1561600,0.0,0.0,WFC
1991-09-19,1.763381007002361,1.8388564586639407,1.7565196023058538,1.8388564586639404,3288800,0.0,0.0,WFC
1991-09-20,1.8388559535697655,1.8663015648170755,1.8251331479461106,1.8525787591934204,3830400,0.0,0.0,WFC
1991-09-23,1.8182710386239564,1.8251324387697072,1.7839640378952024,1.7839640378952026,1311200,0.0,0.0,WFC
1991-09-24,1.7908255105668849,1.8182711122613964,1.7839641101432568,1.8114097118377686,1620800,0.0,0.0,WFC
1991-09-25,1.818271980030846,1.818271980030846,1.7908263652379277,1.7976877689361572,702400,0.0,0.0,WFC
1991-09-26,1.7908263652379277,1.818271980030846,1.783964961539698,1.7976877689361572,1028800,0.0,0.0,WFC
1991-09-27,1.8045491726343867,1.8045491726343867,1.783964961539698,1.7976877689361572,1410400,0.0,0.0,WFC
1991-09-30,1.7976880304848972,1.8388564586639407,1.7839652210918826,1.8388564586639404,1978400,0.0,0.0,WFC
1991-10-01,1.8388564701009942,1.8663020890577255,1.8388564701009942,1.8594406843185425,695200,0.0,0.0,WFC
1991-10-02,1.8594406843185427,1.8731634937969082,1.845717874840177,1.8594406843185425,1304800,0.0,0.0,WFC
1991-10-03,1.8457170724868774,1.859439875999791,1.8388556707304207,1.8457170724868774,414400,0.0,0.0,WFC
1991-10-04,1.8319947874273053,1.8319947874273053,1.7976877689361572,1.7976877689361572,640000,0.0,0.0,WFC
1991-10-07,1.8114096384782057,1.8114096384782057,1.770241237603701,1.7839640378952026,583200,0.0,0.0,WFC
1991-10-08,1.797686256179514,1.8045476541038632,1.749656470709069,1.7702406644821167,1385600,0.0,0.0,WFC
1991-10-09,1.7702416233394456,1.7702416233394456,1.7084890085717905,1.7359346151351929,2115200,0.0,0.0,WFC
1991-10-10,1.7427957534790037,1.749657154083252,1.7084887504577635,1.749657154083252,1744800,0.0,0.0,WFC
1991-10-11,1.7496579287135003,1.7839649469235688,1.7496579287135003,1.7771035432815552,1222400,0.0,0.0,WFC
1991-10-14,1.7771035578414685,1.8045491726343867,1.7771035578414685,1.7976877689361572,791200,0.0,0.0,WFC
1991-10-15,1.8114110997421204,1.8114110997421204,1.783965477018755,1.8045496940612793,2520800,0.0,0.0,WFC
1991-10-16,1.8114108398779116,1.8594406727534623,1.8045494351814044,1.8388564586639404,2058400,0.0,0.0,WFC
1991-10-17,1.8457179179086403,1.886886347304372,1.8388565130093517,1.8663021326065063,1909600,0.0,0.0,WFC
1991-10-18,1.8800249424050834,1.8800249424050834,1.8594407277072176,1.8663021326065063,1214400,0.0,0.0,WFC
1991-10-21,1.873163537505795,1.873163537505795,1.852579322807929,1.8663021326065063,262400,0.0,0.0,WFC
1991-10-22,1.859439875999791,1.8663012777562478,1.8388556707304207,1.8457170724868774,721600,0.0,0.0,WFC
1991-10-23,1.8457178633604479,1.852579268056955,1.8182722445744188,1.8388564586639404,991200,0.0,0.0,WFC
1991-10-24,1.8319950539674335,1.8457178633604479,1.825133649270926,1.8388564586639404,1589600,0.0,0.0,WFC
1991-10-25,1.831994772417665,1.8388561760596787,1.7702421396395414,1.7771035432815552,896800,0.0,0.0,WFC
1991-10-28,1.7908254178722254,1.8319938182830813,1.7908254178722254,1.831993818283081,1128800,0.0,0.0,WFC
1991-10-29,1.8319950539674335,1.8594406727534623,1.825133649270926,1.8388564586639404,1764000,0.0,0.0,WFC
1991-10-30,1.8525784742433342,1.8525784742433342,1.831994268973964,1.8457170724868774,500000,0.0,0.0,WFC
1991-10-31,1.845717356381593,1.8663015648170755,1.8388559535697655,1.8525787591934204,1557600,0.0,0.0,WFC
1991-11-01,1.845717874840177,1.8937477080144567,1.8251336606226285,1.8594406843185425,1070400,0.0,0.0,WFC
1991-11-04,1.8870900869369507,1.8870900869369507,1.8456155795317428,1.8870900869369507,535200,0.03125,0.0,WFC
1991-11-05,1.8940025048378186,1.8940025048378186,1.8663528332343466,1.8870900869369507,1262400,0.0,0.0,WFC
1991-11-06,1.8940021587033993,1.8940021587033993,1.8525276588777775,1.8732649087905884,1550400,0.0,0.0,WFC
1991-11-07,1.8663532733917236,1.8732656929228042,1.8456160147984824,1.8663532733917236,1780000,0.0,0.0,WFC
1991-11-08,1.8732656929228042,1.8732656929228042,1.8594408538606433,1.8663532733917236,1200000,0.0,0.0,WFC
1991-11-11,1.8663532733917236,1.8732656929228042,1.8594408538606433,1.8663532733917236,735200,0.0,0.0,WFC
1991-11-12,1.8663524921529846,1.880177325428192,1.8525276588777775,1.8732649087905884,1090400,0.0,0.0,WFC
1991-11-13,1.8732652819289595,1.8732652819289595,1.8525280278854654,1.8594404458999634,690400,0.0,0.0,WFC
1991-11-14,1.873265118598938,1.9009147882461548,1.8525278663635254,1.9009147882461548,968800,0.0,0.0,WFC
1991-11-15,1.8663521530106661,1.89400181453675,1.7695783376693723,1.7695783376693726,1269600,0.0,0.0,WFC
1991-11-18,1.7695785223268996,1.7764909384297392,1.7488412740183812,1.76266610622406,1602400,0.0,0.0,WFC
1991-11-19,1.7350170597678325,1.7350170597678325,1.679717711249336,1.686630129814148,1940000,0.0,0.0,WFC
1991-11-20,1.700454457534407,1.7073668740284493,1.6382427090880263,1.6520675420761108,2722400,0.0,0.0,WFC
1991-11-21,1.6382431998604634,1.7073673855085842,1.6313307812956515,1.686630129814148,1704000,0.0,0.0,WFC
1991-11-22,1.686630448987407,1.721192548351903,1.6658931893687094,1.714280128479004,1244000,0.0,0.0,WFC
1991-11-25,1.7004543116063249,1.7004543116063249,1.6658922321021312,1.6797170639038086,919200,0.0,0.0,WFC
1991-11-26,1.6935425483789601,1.7142798040733964,1.6313307812956515,1.686630129814148,2035200,0.0,0.0,WFC
1991-11-27,1.686630129814148,1.7142798040733964,1.6658928741197117,1.686630129814148,1513600,0.0,0.0,WFC
1991-11-29,1.6451549420754115,1.6589797735214233,1.6036804477373758,1.6589797735214233,1996000,0.0,0.0,WFC
1991-12-02,1.6244183788614825,1.6728053092956543,1.5898562856942169,1.6728053092956543,2223200,0.0,0.0,WFC
1991-12-03,1.6589804555548997,1.686630129814148,1.6589804555548997,1.686630129814148,1236000,0.0,0.0,WFC
1991-12-04,1.6866299434584016,1.7004547790605196,1.6658926900552244,1.6935423612594604,2084000,0.0,0.0,WFC
1991-12-05,1.6935425483789601,1.6935425483789601,1.6658928741197117,1.686630129814148,1188800,0.0,0.0,WFC
1991-12-06,1.6589798162012925,1.7073667275071636,1.6520674003004538,1.6797170639038086,1794400,0.0,0.0,WFC
1991-12-09,1.6797165040969848,1.769577880859375,1.6797165040969848,1.7281033992767334,1491200,0.0,0.0,WFC
1991-12-10,1.7281031423760937,1.7972272680711376,1.7281031423760937,1.783402442932129,2252000,0.0,0.0,WFC
1991-12-11,1.7903156387202936,1.7972280543138082,1.7695783919397496,1.7764908075332642,1508000,0.0,0.0,WFC
1991-12-12,1.769578540598163,1.8248778699918557,1.769578540598163,1.8110530376434326,1772000,0.0,0.0,WFC
1991-12-13,1.8248780175541224,1.8663525179530798,1.8248780175541224,1.845615267753601,1741600,0.0,0.0,WFC
1991-12-16,1.8387020898587774,1.845614503730427,1.8248772621154783,1.8248772621154785,1661600,0.0,0.0,WFC
1991-12-17,1.8179663366741605,1.8870905319849651,1.81105391714308,1.8663532733917236,1785600,0.0,0.0,WFC
1991-12-18,1.880177647320192,1.9009149007832824,1.8525279760360716,1.8525279760360718,4115200,0.0,0.0,WFC
1991-12-19,1.85252783235035,1.85252783235035,1.8041409113561244,1.8179657459259033,2746400,0.0,0.0,WFC
1991-12-20,1.8663525449879028,1.894002212321057,1.8525277113213259,1.88017737865448,3230400,0.0,0.0,WFC
1991-12-23,1.9147394235185584,1.928564256901364,1.8663525066787392,1.921651840209961,1844800,0.0,0.0,WFC
1991-12-24,1.935476336562843,2.0391625688787096,1.935476336562843,1.9700384140014648,1536000,0.0,0.0,WFC
1991-12-26,1.990775565578513,2.018425226211548,1.9838631504202544,2.018425226211548,2161600,0.0,0.0,WFC
1991-12-27,2.032250076532364,2.039162491758664,1.9769507547219594,1.9907755851745605,2819200,0.0,0.0,WFC
1991-12-30,1.9838631504202544,2.018425226211548,1.9838631504202544,2.018425226211548,1548800,0.0,0.0,WFC
1991-12-31,1.9838631504202544,2.018425226211548,1.9838631504202544,2.018425226211548,1209600,0.0,0.0,WFC
1992-01-02,1.9976879807367718,2.018425226211548,1.942388659470702,2.018425226211548,1843200,0.0,0.0,WFC
1992-01-03,2.0115129405054555,2.0184253561085668,1.9769508624898977,2.0046005249023438,2675200,0.0,0.0,WFC
1992-01-06,2.004600360418446,2.0115127754543716,1.9769507002747433,1.983863115310669,1779200,0.0,0.0,WFC
1992-01-07,1.970038414001465,1.9838632449769138,1.9423887520505672,1.9700384140014648,1700800,0.0,0.0,WFC
1992-01-08,1.956214084319797,1.956214084319797,1.9147395807653136,1.9423892498016357,2988000,0.0,0.0,WFC
1992-01-09,1.928564256901364,1.9354766735927664,1.9078270068271557,1.921651840209961,2807200,0.0,0.0,WFC
1992-01-10,1.9078269919786066,1.9078269919786066,1.8387028256025701,1.8732649087905884,1972000,0.0,0.0,WFC
1992-01-13,1.8594402837753297,1.914739623069763,1.8594402837753297,1.9009147882461548,1471200,0.0,0.0,WFC
1992-01-14,1.8801774944699108,1.9423892498016357,1.8732650772108304,1.9423892498016357,2323200,0.0,0.0,WFC
1992-01-15,1.9354764004828224,1.9631260633468628,1.8940019061867621,1.9631260633468628,2378400,0.0,0.0,WFC
1992-01-16,1.9769505431466068,1.9769505431466068,1.9285636417409204,1.9493008852005005,1638400,0.0,0.0,WFC
1992-01-17,1.9285643234149645,1.94238915727457,1.8940022387659508,1.9147394895553589,1508800,0.0,0.0,WFC
1992-01-20,1.9423892498016357,1.956214084319797,1.9147395807653136,1.9423892498016357,1297600,0.0,0.0,WFC
1992-01-21,1.9354760819587153,1.9976878131645313,1.9078264236450195,1.9078264236450195,3755200,0.0,0.0,WFC
1992-01-22,1.9216519980243942,1.9493016670607164,1.8940023289880719,1.9423892498016357,3696800,0.0,0.0,WFC
1992-01-23,1.9354760819587153,1.9354760819587153,1.9078264236450195,1.9078264236450195,2161600,0.0,0.0,WFC
1992-01-24,1.9285642440829958,1.9354766607284546,1.9078269941466195,1.9354766607284546,1729600,0.0,0.0,WFC
1992-01-27,1.8940022387659508,1.9147394895553589,1.8940022387659508,1.9147394895553589,1047200,0.0,0.0,WFC
1992-01-28,1.9147394895553589,1.9285643234149645,1.9009146556957535,1.9147394895553589,1877600,0.0,0.0,WFC
1992-01-29,1.9078269941466195,1.9562139106648309,1.9078269941466195,1.9354766607284546,2960800,0.0,0.0,WFC
1992-01-30,1.9285640716552734,1.9493013197375884,1.9216516556278354,1.9285640716552734,1688800,0.0,0.0,WFC
1992-01-31,1.9285636673802913,1.9354760819587153,1.8940015944881714,1.9078264236450195,1848800,0.0,0.0,WFC
1992-02-03,1.8939006901129174,1.9496036515868267,1.8869378199286786,1.942640781402588,999200,0.03125,0.0,WFC
1992-02-04,1.9287153495118972,1.9704925772991584,1.9287153495118972,1.9635297060012817,1032000,0.0,0.0,WFC
1992-02-05,1.9704923434539954,1.9983438253402708,1.9635294729824264,1.998343825340271,2466400,0.0,0.0,WFC
1992-02-06,1.9844179235655686,2.0192322731018066,1.9844179235655686,2.0192322731018066,3128800,0.0,0.0,WFC
1992-02-07,2.0401208828235493,2.0540466226380447,1.9983436633800638,2.0192322731018066,1510400,0.0,0.0,WFC
1992-02-10,2.026196002960205,2.033158875822611,2.0053073843729865,2.026196002960205,1529600,0.0,0.0,WFC
1992-02-11,2.0261951430090543,2.0261951430090543,2.012269403194559,2.0192322731018066,1458400,0.0,0.0,WFC
1992-02-12,2.0192331300977986,2.040121748685017,2.0053073843729865,2.026196002960205,3440000,0.0,0.0,WFC
1992-02-13,2.012269403194559,2.0331580129163016,2.012269403194559,2.0192322731018066,1239200,0.0,0.0,WFC
1992-02-14,2.0122697852753304,2.0818984975685946,2.0053069140460043,2.0610098838806152,1862400,0.0,0.0,WFC
1992-02-18,2.0610104497273762,2.0958248154322305,2.0540475765864055,2.0888619422912598,1944000,0.0,0.0,WFC
1992-02-19,2.0818989858594548,2.088861858721861,2.026196002960205,2.026196002960205,2132000,0.0,0.0,WFC
1992-02-20,2.0192325667829705,2.1027870178222656,2.0122696958630293,2.1027870178222656,3567200,0.0,0.0,WFC
1992-02-21,2.0958233255667973,2.1236747983318045,2.06797185280179,2.074934720993042,2965600,0.0,0.0,WFC
1992-02-24,2.0888612759823832,2.1167127596621484,2.0888612759823832,2.1027870178222656,1210400,0.0,0.0,WFC
1992-02-25,2.0818984975685946,2.0888613687979207,2.040121270192636,2.0610098838806152,797600,0.0,0.0,WFC
1992-02-26,2.047084798780971,2.0818991661071777,2.019233304920005,2.0818991661071777,1476800,0.0,0.0,WFC
1992-02-27,2.081898205945281,2.0888610761992785,2.0401209844212955,2.047083854675293,312000,0.0,0.0,WFC
1992-02-28,2.0888620832829776,2.102787830504864,2.0610105888392045,2.095824956893921,1568800,0.0,0.0,WFC
1992-03-02,2.095824956893921,2.102787830504864,2.067973462450148,2.095824956893921,1053600,0.0,0.0,WFC
1992-03-03,2.081899069150289,2.1097505617141725,2.0749361960093182,2.0888619422912598,899200,0.0,0.0,WFC
1992-03-04,2.102787111256574,2.1167128537152267,2.0610098838806152,2.0610098838806152,1556000,0.0,0.0,WFC
1992-03-05,2.0540472050439114,2.0540472050439114,2.005307101873378,2.012269973754883,1313600,0.0,0.0,WFC
1992-03-06,2.0122698050864196,2.0401212902779275,1.935678220809774,1.9635297060012817,2376800,0.0,0.0,WFC
1992-03-09,1.9774556652082669,1.9844185372688594,1.949604176965897,1.9565670490264893,2208800,0.0,0.0,WFC
1992-03-10,1.963529921087082,1.9704927931476743,1.949604176965897,1.9565670490264893,3079200,0.0,0.0,WFC
1992-03-11,1.9496039634055278,1.9704925772991584,1.942641092107651,1.9635297060012817,1658400,0.0,0.0,WFC
1992-03-12,1.963529461988043,1.963529461988043,1.9078264985273892,1.9287151098251343,2174400,0.0,0.0,WFC
1992-03-13,1.9496045867316156,1.9496045867316156,1.9147902191114083,1.9356788396835327,1347200,0.0,0.0,WFC
1992-03-16,1.9426408506902977,1.9426408506902977,1.9217522393925526,1.9287151098251343,1424000,0.0,0.0,WFC
1992-03-17,1.935678432844712,1.963529921087082,1.935678432844712,1.9565670490264893,1414400,0.0,0.0,WFC
1992-03-18,1.956566443936578,2.0261951430090543,1.956566443936578,2.0192322731018066,1616000,0.0,0.0,WFC
1992-03-19,2.026195717517892,2.033158589399397,2.005307101873378,2.012269973754883,1691200,0.0,0.0,WFC
1992-03-20,1.998345235844592,2.00530811123081,1.9704937342997195,1.991382360458374,2163200,0.0,0.0,WFC
1992-03-23,1.991381409329452,1.991381409329452,1.9565670490264895,1.9565670490264893,936000,0.0,0.0,WFC
1992-03-24,1.9844185135194234,1.9983442574739456,1.9496041536331177,1.9496041536331177,1135200,0.0,0.0,WFC
1992-03-25,1.984418084397133,2.0053066958118397,1.9635294729824264,1.998343825340271,1420800,0.0,0.0,WFC
1992-03-26,2.0053073843729865,2.026196002960205,1.991381638648174,2.026196002960205,2548000,0.0,0.0,WFC
1992-03-27,2.0192324367549777,2.0192324367549777,1.991380954868702,1.998343825340271,1699200,0.0,0.0,WFC
1992-03-30,1.9983448122920924,2.0053076862025176,1.9704933166503908,1.9704933166503906,1089600,0.0,0.0,WFC
1992-03-31,1.9635301471985491,2.026196002960205,1.9635301471985491,2.026196002960205,2243200,0.0,0.0,WFC
1992-04-01,2.0261952439133,2.047083854675293,1.9913808926433123,2.047083854675293,2168800,0.0,0.0,WFC
1992-04-02,1.9983443753761159,2.0261958649283964,1.9565671410476952,1.9844186305999756,1392800,0.0,0.0,WFC
1992-04-03,1.977455496788025,1.9844183682555885,1.963529753852898,1.977455496788025,1612000,0.0,0.0,WFC
1992-04-06,1.9774557087156508,2.005307197570801,1.9774557087156508,2.005307197570801,2540000,0.0,0.0,WFC
1992-04-07,2.0122698541258424,2.0122698541258424,1.9704926253204615,1.977455496788025,1378400,0.0,0.0,WFC
1992-04-08,1.9635298975876398,1.9844185135194234,1.9356784096785955,1.9496041536331177,2715200,0.0,0.0,WFC
1992-04-09,1.9913823604583738,1.9913823604583738,1.9496051081410652,1.991382360458374,2040000,0.0,0.0,WFC
1992-04-10,1.9983443253570135,2.019232941998376,1.9983443253570135,2.005307197570801,2470400,0.0,0.0,WFC
1992-04-13,2.019232941998376,2.019232941998376,1.9844185809294383,2.005307197570801,1140000,0.0,0.0,WFC
1992-04-14,2.0122693781018652,2.123675295228612,2.0053065082814436,2.1097495555877686,3319200,0.0,0.0,WFC
1992-04-15,2.1097511256995953,2.130639750706522,2.0818996256903595,2.1167140007019043,4564800,0.0,0.0,WFC
1992-04-16,2.0888612759823832,2.130638501502031,2.074935534142501,2.1027870178222656,3401600,0.0,0.0,WFC
1992-04-20,2.033158308622853,2.1167127596621484,2.033158308622853,2.1027870178222656,2130400,0.0,0.0,WFC
1992-04-21,2.1027882506972864,2.123676875704213,2.1027882506972864,2.1167140007019043,1769600,0.0,0.0,WFC
1992-04-22,2.130638884259509,2.200267605967336,2.102787395576378,2.144564628601074,4072000,0.0,0.0,WFC
1992-04-23,2.144564770572008,2.1584905158354624,2.1167132800450985,2.1515276432037354,2917600,0.0,0.0,WFC
1992-04-24,2.1515278005599976,2.1584906737009684,2.0888619422912598,2.0888619422912598,1702400,0.0,0.0,WFC
1992-04-27,2.0749361960093182,2.1027876885732013,2.0331589571634927,2.0888619422912598,2380000,0.0,0.0,WFC
1992-04-28,2.0888619422912598,2.0888619422912598,2.0610104497273762,2.0888619422912598,846400,0.0,0.0,WFC
1992-04-29,2.102787534781644,2.1515276432037354,2.081898916886462,2.1515276432037354,2008000,0.0,0.0,WFC
1992-04-30,2.1584908962249756,2.1584908962249756,2.137602274648605,2.1584908962249756,2264000,0.0,0.0,WFC
1992-05-01,2.1584912507157576,2.1584912507157576,2.0888625006926684,2.1167140007019043,3326400,0.0,0.0,WFC
1992-05-04,2.116713138003098,2.1377400897051158,2.116713138003098,2.1307311058044434,1024000,0.03125,0.0,WFC
1992-05-05,2.1307311058044434,2.144749073605788,2.116713138003098,2.1307311058044434,2052800,0.0,0.0,WFC
1992-05-06,2.1377415710706806,2.186804492373942,2.1377415710706806,2.179795503616333,2042400,0.0,0.0,WFC
1992-05-07,2.172784759002982,2.172784759002982,2.1377398435351918,2.165775775909424,1311200,0.0,0.0,WFC
1992-05-08,2.172784906256859,2.186802873394,2.144748971982577,2.1517579555511475,1300800,0.0,0.0,WFC
1992-05-11,2.151758356184899,2.22885718979413,2.144749371311333,2.214839220046997,1279200,0.0,0.0,WFC
1992-05-12,2.186804492373942,2.228858424919595,2.1657775261011154,2.179795503616333,1694400,0.0,0.0,WFC
1992-05-13,2.214839764130421,2.214839764130421,2.1727858445583244,2.1868038177490234,1883200,0.0,0.0,WFC
1992-05-14,2.172784813114854,2.172784813114854,2.123721930238067,2.137739896774292,1635200,0.0,0.0,WFC
1992-05-15,2.1237213595601534,2.1307303409448406,2.0886764526367188,2.0886764526367188,1832000,0.0,0.0,WFC
1992-05-18,2.095686186301081,2.1377400897051158,2.088677202400408,2.1307311058044434,1118400,0.0,0.0,WFC
1992-05-19,2.1377399884140065,2.1657759226882884,2.1377399884140065,2.1517579555511475,1565600,0.0,0.0,WFC
1992-05-20,2.1517575282861694,2.165775492639825,2.1237215995788574,2.1237215995788574,2770400,0.0,0.0,WFC
1992-05-21,2.123723184547551,2.1307321719552985,2.1097052097320557,2.1097052097320557,1143200,0.0,0.0,WFC
1992-05-22,2.116713138003098,2.151758057506461,2.116713138003098,2.1307311058044434,1662400,0.0,0.0,WFC
1992-05-26,2.1097033967907795,2.1097033967907795,2.060640527097971,2.0886764526367188,1717600,0.0,0.0,WFC
1992-05-27,2.0886782475088124,2.123723184547551,2.0886782475088124,2.1097052097320557,1718400,0.0,0.0,WFC
1992-05-28,2.109704210758209,2.109704210758209,2.0956862425804137,2.1026952266693115,2771200,0.0,0.0,WFC
1992-05-29,2.102695181218278,2.109704165155672,2.095686197280884,2.095686197280884,1784000,0.0,0.0,WFC
1992-06-01,2.081668229406095,2.095686197280884,2.053632293656518,2.095686197280884,1485600,0.0,0.0,WFC
1992-06-02,2.102695571051704,2.1097045562885426,2.0816686153411865,2.0816686153411865,1390400,0.0,0.0,WFC
1992-06-03,2.095686197280884,2.102695181218278,2.081668229406095,2.095686197280884,2390400,0.0,0.0,WFC
1992-06-04,2.088676355980538,2.0956853370408757,2.067649412799526,2.0746583938598633,2012000,0.0,0.0,WFC
1992-06-05,2.0886771126298718,2.116713047027588,2.0816681290304424,2.116713047027588,1804800,0.0,0.0,WFC
1992-06-08,2.088677213343489,2.116713149093066,2.081668229406095,2.095686197280884,1415200,0.0,0.0,WFC
1992-06-09,2.095686115630685,2.095686115630685,2.0466232299804688,2.0466232299804688,1614400,0.0,0.0,WFC
1992-06-10,2.046622469618514,2.0746583938598633,2.032604507497839,2.0746583938598633,1271200,0.0,0.0,WFC
1992-06-11,2.060641960886151,2.0676509471476687,2.046623988363116,2.053632974624634,2267200,0.0,0.0,WFC
1992-06-12,2.06765079498291,2.0816687664743196,2.060641809237205,2.06765079498291,3087200,0.0,0.0,WFC
1992-06-15,2.046623557603278,2.0746594967485286,2.046623557603278,2.0606415271759033,3265600,0.0,0.0,WFC
1992-06-16,2.0606404317391886,2.102694318101213,2.0606404317391886,2.0746583938598633,1785600,0.0,0.0,WFC
1992-06-17,2.0676505119622157,2.1026954358937786,2.0606415271759033,2.0606415271759033,2525600,0.0,0.0,WFC
1992-06-18,2.0606404317391886,2.088676355980538,2.046622469618514,2.0746583938598633,2360800,0.0,0.0,WFC
1992-06-19,2.081668481534841,2.095686451107466,2.0536325423895905,2.0606415271759033,1905600,0.0,0.0,WFC
1992-06-22,2.0746597807286147,2.0746597807286147,2.0536328234915002,2.06765079498291,2150400,0.0,0.0,WFC
1992-06-23,2.0606404317391886,2.0956853370408757,2.0606404317391886,2.0746583938598633,1378400,0.0,0.0,WFC
1992-06-24,2.0746594967485286,2.081668481534841,2.0606415271759033,2.0606415271759033,1530400,0.0,0.0,WFC
1992-06-25,2.0676506448675087,2.0816686153411865,2.0676506448675087,2.0816686153411865,2916800,0.0,0.0,WFC
1992-06-26,2.074659245468701,2.095686197280884,2.074659245468701,2.095686197280884,2088800,0.0,0.0,WFC
1992-06-29,2.0956862425804137,2.109704210758209,2.088677258491516,2.1026952266693115,2526400,0.0,0.0,WFC
1992-06-30,2.123722121903771,2.1307311058044434,2.116713138003098,2.1307311058044434,566400,0.0,0.0,WFC
1992-07-01,2.1307310048454355,2.1517579555511475,2.1167130377082946,2.1517579555511475,2328800,0.0,0.0,WFC
1992-07-02,2.158766792815866,2.172784759002982,2.1447488266287498,2.165775775909424,1724800,0.0,0.0,WFC
1992-07-06,2.165776207849577,2.1727851923409993,2.1377402698838863,2.1587672233581543,1109600,0.0,0.0,WFC
1992-07-07,2.158767099380493,2.1727850675582885,2.0956862425804137,2.1026952266693115,1604000,0.0,0.0,WFC
1992-07-08,2.1026946530483737,2.144748546109341,2.1026946530483737,2.1237215995788574,2916800,0.0,0.0,WFC
1992-07-09,2.1167129469699546,2.1517578633105168,2.109703963701842,2.137739896774292,1853600,0.0,0.0,WFC
1992-07-10,2.144750049037318,2.1868039715674614,2.144750049037318,2.172785997390747,1168000,0.0,0.0,WFC
1992-07-13,2.16577701030239,2.2148399199208906,2.151759036125675,2.172785997390747,2566400,0.0,0.0,WFC
1992-07-14,2.186803236461821,2.2078301906585693,2.1797942517295716,2.2078301906585693,2645600,0.0,0.0,WFC
1992-07-15,2.2078309328325334,2.2148399199208906,2.1587680232140323,2.172785997390747,1260800,0.0,0.0,WFC
1992-07-16,2.1517575282861694,2.158766510462997,2.1167126174020297,2.1237215995788574,1724000,0.0,0.0,WFC
1992-07-17,2.123722021276865,2.158766939119718,2.1026950705711536,2.1517579555511475,2421600,0.0,0.0,WFC
1992-07-20,2.1517579555511475,2.1517579555511475,2.1167130377082946,2.1517579555511475,2540000,0.0,0.0,WFC
1992-07-21,2.1377400897051158,2.144749073605788,2.116713138003098,2.1307311058044434,2014400,0.0,0.0,WFC
1992-07-22,2.1447492543753093,2.1587672233581543,2.130731285392464,2.1587672233581543,2444000,0.0,0.0,WFC
1992-07-23,2.158768537343507,2.179795503616333,2.151759548585898,2.179795503616333,1116800,0.0,0.0,WFC
1992-07-24,2.1657753949071847,2.1657753949071847,2.1237215037439383,2.1447484493255615,1021600,0.0,0.0,WFC
1992-07-27,2.1377402698838863,2.165776207849577,2.1377402698838863,2.1587672233581543,1096800,0.0,0.0,WFC
1992-07-28,2.158767253729948,2.2078301458601737,2.158767253729948,2.2008211612701416,1973600,0.0,0.0,WFC
1992-07-29,2.2078301458601737,2.2218481150402383,2.186803192090077,2.2008211612701416,1255200,0.0,0.0,WFC
1992-07-30,2.1797942075000445,2.2008211612701416,2.1517582691399153,2.2008211612701416,942400,0.0,0.0,WFC
1992-07-31,2.186803192090077,2.2008211612701416,2.186803192090077,2.2008211612701416,680000,0.0,0.0,WFC
1992-08-03,2.181896686553955,2.2101413038556244,2.174835532228538,2.181896686553955,1884800,0.03625,0.0,WFC
1992-08-04,2.1889588832855225,2.1889588832855225,2.153653094845433,2.1889588832855225,1107200,0.0,0.0,WFC
1992-08-05,2.1889578127393534,2.1889578127393534,2.139529733096852,2.1607131958007812,788000,0.0,0.0,WFC
1992-08-06,2.167775410221469,2.1889588832855225,2.160714252533451,2.1889588832855225,1832800,0.0,0.0,WFC
1992-08-07,2.1889582315048615,2.20308054267586,2.1536524535773633,2.1748359203338623,1146400,0.0,0.0,WFC
1992-08-10,2.1748355042700673,2.1748355042700673,2.153652041566138,2.1607131958007812,1264000,0.0,0.0,WFC
1992-08-11,2.1677764359011142,2.2030822410460837,2.1677764359011142,2.19602108001709,1278400,0.0,0.0,WFC
1992-08-12,2.1960189952047897,2.2030801495302073,2.174835532228538,2.181896686553955,1319200,0.0,0.0,WFC
1992-08-13,2.1960188740739426,2.210141181945801,2.1818965662020844,2.210141181945801,1140000,0.0,0.0,WFC
1992-08-14,2.210143402075077,2.231326885162059,2.19602108001709,2.19602108001709,1631200,0.0,0.0,WFC
1992-08-17,2.1960189669739965,2.1960189669739965,2.1607131958007812,2.1607131958007812,790400,0.0,0.0,WFC
1992-08-18,2.1607132235777033,2.1889578408793726,2.1607132235777033,2.181896686553955,1024000,0.0,0.0,WFC
1992-08-19,2.1818972479140877,2.1818972479140877,2.104224530350803,2.11128568649292,4948800,0.0,0.0,WFC
1992-08-20,2.125407006289508,2.125407006289508,2.083040089220614,2.0901012420654297,3268000,0.0,0.0,WFC
1992-08-21,2.104225410575486,2.13247004695905,2.097164251479595,2.125408887863159,1313600,0.0,0.0,WFC
1992-08-24,2.1112858174210887,2.1112858174210887,2.075980034521071,2.083041191101074,932800,0.0,0.0,WFC
1992-08-25,2.083041617920349,2.083041617920349,2.005368879625014,2.019491195678711,5391200,0.0,0.0,WFC
1992-08-26,2.0124284974459945,2.061856565804317,2.0124284974459945,2.047734260559082,2352000,0.0,0.0,WFC
1992-08-27,2.0618565738601173,2.1112846424115586,2.0618565738601173,2.1042234897613525,1368800,0.0,0.0,WFC
1992-08-28,2.097163460254669,2.125408085982005,2.097163460254669,2.118346929550171,1128000,0.0,0.0,WFC
1992-08-31,2.1183470410291654,2.1183470410291654,2.0689189434051514,2.0689189434051514,1129600,0.0,0.0,WFC
1992-09-01,2.061857891403866,2.097163677215576,2.061857891403866,2.097163677215576,1256800,0.0,0.0,WFC
1992-09-02,2.0830412570120127,2.0830412570120127,2.0336131593879987,2.0689189434051514,3158400,0.0,0.0,WFC
1992-09-03,2.0618576354720966,2.09010226061555,2.0618576354720966,2.0759799480438232,1948800,0.0,0.0,WFC
1992-09-04,2.083041104329687,2.1042245731872766,2.06891879175796,2.0759799480438232,1221600,0.0,0.0,WFC
1992-09-08,2.0759795332608157,2.0759795332608157,2.054796068635705,2.061857223510742,1152000,0.0,0.0,WFC
1992-09-09,2.054796068635705,2.0689183783857787,2.0477349137606686,2.061857223510742,1768800,0.0,0.0,WFC
1992-09-10,2.0618576354720966,2.0759799480438232,2.04773532290037,2.0759799480438232,1696800,0.0,0.0,WFC
1992-09-11,2.083041191101074,2.0971635042610814,2.075980034521071,2.083041191101074,1483200,0.0,0.0,WFC
1992-09-14,2.104224552381907,2.1395303334621403,2.104224552381907,2.1324691772460938,2280000,0.0,0.0,WFC
1992-09-15,2.139531206054941,2.139531206054941,2.0901030923837043,2.125408887863159,2124800,0.0,0.0,WFC
1992-09-16,2.1183468426350367,2.146591467203504,2.104224530350803,2.11128568649292,1680800,0.0,0.0,WFC
1992-09-17,2.125408042044867,2.125408042044867,2.0759799480438232,2.0759799480438232,1122400,0.0,0.0,WFC
1992-09-18,2.0901012420654297,2.104223547755061,2.083040089220614,2.0901012420654297,3139200,0.0,0.0,WFC
1992-09-21,2.0901012420654297,2.0901012420654297,2.0759789363757983,2.0901012420654297,1973600,0.0,0.0,WFC
1992-09-22,2.083041104329687,2.09010226061555,2.06891879175796,2.0759799480438232,1765600,0.0,0.0,WFC
1992-09-23,2.083040089220614,2.0971623949102454,2.0689177835309827,2.0901012420654297,2013600,0.0,0.0,WFC
1992-09-24,2.083040089220614,2.104223547755061,2.083040089220614,2.0901012420654297,4276000,0.0,0.0,WFC
1992-09-25,2.0901022180665696,2.1324691549192702,2.0901022180665696,2.11128568649292,2636800,0.0,0.0,WFC
1992-09-28,2.11128568649292,2.11128568649292,2.0901022180665696,2.11128568649292,2139200,0.0,0.0,WFC
1992-09-29,2.111285879423744,2.153652820147966,2.111285879423744,2.1465916633605957,3108000,0.0,0.0,WFC
1992-09-30,2.139530945282716,2.2030813694000244,2.139530945282716,2.2030813694000244,2586400,0.0,0.0,WFC
1992-10-01,2.2030800280098717,2.21720233588173,2.1889577201380135,2.210141181945801,1713600,0.0,0.0,WFC
1992-10-02,2.2030813694000244,2.210142527635281,2.1960202111647678,2.2030813694000244,861600,0.0,0.0,WFC
1992-10-05,2.1818974472974477,2.188958604084818,2.111285879423744,2.1465916633605957,1432800,0.0,0.0,WFC
1992-10-06,2.1324691549192702,2.1536526233456206,2.11128568649292,2.11128568649292,2217600,0.0,0.0,WFC
1992-10-07,2.132468100362176,2.132468100362176,2.1042234897613525,2.1042234897613525,1625600,0.0,0.0,WFC
1992-10-08,2.1183468648140003,2.1395303334621403,2.1112857085979537,2.1324691772460938,1104000,0.0,0.0,WFC
1992-10-09,2.1324692424138387,2.1395303988456726,2.118346929550171,2.118346929550171,2380000,0.0,0.0,WFC
1992-10-12,2.139529881711866,2.160713345887231,2.1324687269867444,2.1536521911621094,1488000,0.0,0.0,WFC
1992-10-13,2.153652820147966,2.1607139769353365,2.1395305065732253,2.1465916633605957,1176000,0.0,0.0,WFC
1992-10-14,2.1607132235777033,2.181896686553955,2.153652069252286,2.181896686553955,963200,0.0,0.0,WFC
1992-10-15,2.1748354122661553,2.21720233588173,2.167774258330226,2.210141181945801,1236000,0.0,0.0,WFC
1992-10-16,2.210141832866366,2.224264144897461,2.2030806768508184,2.224264144897461,696000,0.0,0.0,WFC
1992-10-19,2.23132517345273,2.259569795901499,2.2242640178405377,2.2525086402893066,981600,0.0,0.0,WFC
1992-10-20,2.259569795901499,2.2948755739624596,2.2454474846771144,2.2525086402893066,3621600,0.0,0.0,WFC
1992-10-21,2.2525085525692634,2.2525085525692634,2.23132508655764,2.2454473972320557,2964800,0.0,0.0,WFC
1992-10-22,2.2454472728397534,2.2807530475699385,2.2454472728397534,2.2736918926239014,2173600,0.0,0.0,WFC
1992-10-23,2.273691622124535,2.3231197008663726,2.273691622124535,2.308997392654419,2065600,0.0,0.0,WFC
1992-10-26,2.3301807045936584,2.344303011894226,2.316058397293091,2.316058397293091,1532800,0.0,0.0,WFC
1992-10-27,2.344304084777832,2.3654875554234147,2.33018177101411,2.344304084777832,2650400,0.0,0.0,WFC
1992-10-28,2.3301807045936584,2.3372418582439423,2.301936089992523,2.316058397293091,1715200,0.0,0.0,WFC
1992-10-29,2.2878142786170064,2.358425830426173,2.2878142786170064,2.337242364883423,2076000,0.0,0.0,WFC
1992-10-30,2.3654869482630776,2.386670413471404,2.3443034830547513,2.3725481033325195,2157600,0.0,0.0,WFC
1992-11-02,2.381933513809653,2.4317052588743326,2.3748232645146987,2.417484760284424,5607200,0.03625,0.0,WFC
1992-11-03,2.4103731962243136,2.431703932474086,2.4032629508077226,2.424593687057495,2348800,0.0,0.0,WFC
1992-11-04,2.4174848910981575,2.424595140777858,2.396154142059056,2.410374641418457,2524800,0.0,0.0,WFC
1992-11-05,2.396154985625363,2.417485742173957,2.396154985625363,2.4032652378082275,1392800,0.0,0.0,WFC
1992-11-06,2.389042743284311,2.3961529895440856,2.3748222507647614,2.381932497024536,843200,0.0,0.0,WFC
1992-11-09,2.381932497024536,2.4317042208429593,2.381932497024536,2.381932497024536,1624800,0.0,0.0,WFC
1992-11-10,2.3748222507647614,2.4032632358038604,2.3748222507647614,2.381932497024536,871200,0.0,0.0,WFC
1992-11-11,2.3890424892527418,2.39615273475647,2.3819322437490134,2.3961527347564697,990400,0.0,0.0,WFC
1992-11-12,2.4103757590055466,2.4103757590055466,2.374824494123459,2.389045000076294,1212000,0.0,0.0,WFC
1992-11-13,2.4032643459976244,2.4388155937194824,2.4032643459976244,2.4388155937194824,1865600,0.0,0.0,WFC
1992-11-16,2.4245959943568214,2.4245959943568214,2.403265237808228,2.4032652378082275,612800,0.0,0.0,WFC
1992-11-17,2.410374641418457,2.424595140777858,2.4032643917387566,2.410374641418457,758400,0.0,0.0,WFC
1992-11-18,2.4032643459976244,2.4388155937194824,2.4032643459976244,2.4388155937194824,1299200,0.0,0.0,WFC
1992-11-19,2.438816920358535,2.438816920358535,2.417486160122163,2.431706666946411,1226400,0.0,0.0,WFC
1992-11-20,2.424593687057495,2.4459244233072677,2.4032629508077226,2.424593687057495,2016800,0.0,0.0,WFC
1992-11-23,2.4317052588743326,2.4317052588743326,2.3961540123995615,2.417484760284424,2244800,0.0,0.0,WFC
1992-11-24,2.431705344175111,2.445925843263854,2.4245950946307393,2.4388155937194824,4499200,0.0,0.0,WFC
1992-11-25,2.4459270238876343,2.4459270238876343,2.389045000076294,2.389045000076294,4040000,0.0,0.0,WFC
1992-11-27,2.39615273475647,2.403262980260198,2.3890424892527418,2.3961527347564697,1538400,0.0,0.0,WFC
1992-11-30,2.4032643917387566,2.410374641418457,2.3890438923793553,2.410374641418457,4022400,0.0,0.0,WFC
1992-12-01,2.4103757590055466,2.4103757590055466,2.3819347470998764,2.389045000076294,1211200,0.0,0.0,WFC
1992-12-02,2.396154985625363,2.417485742173957,2.3890447334424985,2.4032652378082275,1259200,0.0,0.0,WFC
1992-12-03,2.396155399885791,2.4317066669464107,2.396155399885791,2.431706666946411,2475200,0.0,0.0,WFC
1992-12-04,2.438815677786149,2.460146427154541,2.424595178207221,2.460146427154541,2558400,0.0,0.0,WFC
1992-12-07,2.474367034538335,2.481477284637583,2.4459260341413427,2.467256784439087,2135200,0.0,0.0,WFC
1992-12-08,2.4672566769440047,2.4672566769440047,2.453036177365077,2.460146427154541,1078400,0.0,0.0,WFC
1992-12-09,2.453036092808226,2.4601463423525978,2.431705344175111,2.4388155937194824,1047200,0.0,0.0,WFC
1992-12-10,2.4245950095793782,2.4245950095793782,2.3961540123995615,2.417484760284424,2808000,0.0,0.0,WFC
1992-12-11,2.417483471267655,2.4317039622751118,2.39615273475647,2.3961527347564697,852000,0.0,0.0,WFC
1992-12-14,2.3961527053911316,2.424593687057495,2.3961527053911316,2.424593687057495,718400,0.0,0.0,WFC
1992-12-15,2.417483441640904,2.438814177890677,2.4103731962243136,2.424593687057495,1614400,0.0,0.0,WFC
1992-12-16,2.4245950095793782,2.4245950095793782,2.403264261694516,2.417484760284424,1825600,0.0,0.0,WFC
1992-12-17,2.4174848450863675,2.4388155937194824,2.4103745955419957,2.4388155937194824,2508000,0.0,0.0,WFC
1992-12-18,2.4459260341413427,2.467256784439087,2.4317055339428464,2.467256784439087,3604800,0.0,0.0,WFC
1992-12-21,2.445925712585449,2.4530359617499418,2.4388154634209567,2.445925712585449,990400,0.0,0.0,WFC
1992-12-22,2.453036092808226,2.4601463423525978,2.431705344175111,2.4388155937194824,2092800,0.0,0.0,WFC
1992-12-23,2.453036069869995,2.460146319347879,2.445925820392111,2.453036069869995,1737600,0.0,0.0,WFC
1992-12-24,2.4672562864243472,2.4885870324164885,2.4601460377603,2.4814767837524414,1098400,0.0,0.0,WFC
1992-12-28,2.474367092956196,2.5028080940246578,2.474367092956196,2.502808094024658,1671200,0.0,0.0,WFC
1992-12-29,2.5028089430936724,2.517029448452159,2.481478185055942,2.4956986904144287,1326400,0.0,0.0,WFC
1992-12-30,2.4956972810805356,2.5028075297445826,2.4743665350883943,2.4814767837524414,595200,0.0,0.0,WFC
1992-12-31,2.4814770677815314,2.4885873172594155,2.453036069869995,2.453036069869995,1607200,0.0,0.0,WFC
1993-01-04,2.460146319347879,2.4672565688257633,2.445925820392111,2.453036069869995,982400,0.0,0.0,WFC
1993-01-05,2.453036069869995,2.460146319347879,2.438815570914227,2.453036069869995,1895200,0.0,0.0,WFC
1993-01-06,2.4672566769440047,2.495697676101861,2.453036177365077,2.460146427154541,2461600,0.0,0.0,WFC
1993-01-07,2.4601462560541494,2.4601462560541494,2.3961540123995615,2.417484760284424,1239200,0.0,0.0,WFC
1993-01-08,2.3961552530527115,2.403265506029129,2.3677142411470413,2.389045000076294,1744000,0.0,0.0,WFC
1993-01-11,2.3748228549957275,2.381933103064577,2.353492110789179,2.3748228549957275,792800,0.0,0.0,WFC
1993-01-12,2.3748228549957275,2.3890433511334264,2.3463818627203294,2.3748228549957275,2693600,0.0,0.0,WFC
1993-01-13,2.3677117527415565,2.4103732257639265,2.3534912617340997,2.3961527347564697,2573600,0.0,0.0,WFC
1993-01-14,2.403264261694516,2.4245950095793782,2.3890437631046075,2.417484760284424,1845600,0.0,0.0,WFC
1993-01-15,2.4317055339428464,2.467256784439087,2.4245952838435985,2.467256784439087,1720800,0.0,0.0,WFC
1993-01-18,2.4530346687238587,2.4530346687238587,2.417483441640904,2.424593687057495,1533600,0.0,0.0,WFC
1993-01-19,2.4245952838435985,2.481477284637583,2.410374783645102,2.467256784439087,4872000,0.0,0.0,WFC
1993-01-20,2.4743667092434194,2.481476958407912,2.445925712585449,2.445925712585449,1270400,0.0,0.0,WFC
1993-01-21,2.4530373062406268,2.488588571548462,2.4530373062406268,2.488588571548462,2149600,0.0,0.0,WFC
1993-01-22,2.4956966203250244,2.545468347795894,2.4885863735434715,2.531247854232788,2871200,0.0,0.0,WFC
1993-01-25,2.531247854232788,2.538358101014341,2.5170273606696827,2.531247854232788,1861600,0.0,0.0,WFC
1993-01-26,2.545468347795894,2.5596888413589993,2.531247854232788,2.531247854232788,1157600,0.0,0.0,WFC
1993-01-27,2.5241390886069004,2.573910845283656,2.5170288376530783,2.566800594329834,1215200,0.0,0.0,WFC
1993-01-28,2.566800594329834,2.573910845283656,2.559690343376012,2.566800594329834,1445600,0.0,0.0,WFC
1993-01-29,2.5667995313803353,2.5739097793896994,2.552579035361608,2.5596892833709717,764800,0.0,0.0,WFC
1993-02-01,2.5548234337665994,2.6192307472229,2.5548234337665994,2.6192307472229004,1240800,0.03625,0.0,WFC
1993-02-02,2.612074603691944,2.612074603691944,2.5834491285829912,2.5906054973602295,968000,0.0,0.0,WFC
1993-02-03,2.6192302960912492,2.6550121307373047,2.6192302960912492,2.6550121307373047,2243200,0.0,0.0,WFC
1993-02-04,2.6407001209259033,2.69079470316569,2.6407001209259033,2.683638334274292,1824000,0.0,0.0,WFC
1993-02-05,2.6693251088101375,2.6979505791459033,2.633543270890431,2.6621687412261963,2060800,0.0,0.0,WFC
1993-02-08,2.6621687412261963,2.6693251088101375,2.633543270890431,2.6621687412261963,1648800,0.0,0.0,WFC
1993-02-09,2.6550133189534755,2.6550133189534755,2.6335442085576255,2.640700578689575,1248000,0.0,0.0,WFC
1993-02-10,2.647856219870145,2.655012588031956,2.6049180108992775,2.6192307472229004,1942400,0.0,0.0,WFC
1993-02-11,2.626387840348321,2.6550133208970763,2.626387840348321,2.6478569507598877,3296000,0.0,0.0,WFC
1993-02-12,2.647856215908103,2.655012584059206,2.6049180070014852,2.612074375152588,1940800,0.0,0.0,WFC
1993-02-16,2.6263875802798284,2.6263875802798284,2.5619802554228297,2.583449363708496,1580800,0.0,0.0,WFC
1993-02-17,2.5691358515585976,2.5762922188331343,2.4904158115386963,2.4904158115386963,2991200,0.0,0.0,WFC
1993-02-18,2.526197647911379,2.5333540151859153,2.468946709715087,2.4904158115386963,3266400,0.0,0.0,WFC
1993-02-19,2.511885170232166,2.540510642257604,2.497572434219447,2.5190415382385254,2192800,0.0,0.0,WFC
1993-02-22,2.5476672715980913,2.583449115300312,2.5476672715980913,2.5619800090789795,5768800,0.0,0.0,WFC
1993-02-23,2.583448425754086,2.6192302599058044,2.5762920589237424,2.604917526245117,5315200,0.0,0.0,WFC
1993-02-24,2.597761195303616,2.662168497666516,2.597761195303616,2.6550121307373047,3061600,0.0,0.0,WFC
1993-02-25,2.6550133285675455,2.6764824390411377,2.6478569584096814,2.6764824390411377,2743200,0.0,0.0,WFC
1993-02-26,2.676481476394079,2.690794211561962,2.640699638474372,2.6621687412261963,2236000,0.0,0.0,WFC
1993-03-01,2.6621694666274047,2.697951314297128,2.6621694666274047,2.6907949447631836,2364000,0.0,0.0,WFC
1993-03-02,2.676481520318236,2.7337324619293213,2.6621687849154645,2.7337324619293213,2300800,0.0,0.0,WFC
1993-03-03,2.7337346052130065,2.748047351837158,2.7122654852767787,2.748047351837158,1508800,0.0,0.0,WFC
1993-03-04,2.7480461406197776,2.7552025107776417,2.6621696987254095,2.6764824390411377,3350400,0.0,0.0,WFC
1993-03-05,2.6907958984375,2.71942138671875,2.676483154296875,2.7122650146484375,2524800,0.0,0.0,WFC
1993-03-08,2.7265775264681453,2.7981412410736084,2.7265775264681453,2.7981412410736084,3789600,0.0,0.0,WFC
1993-03-09,2.80529598236084,2.862546920776367,2.80529598236084,2.862546920776367,3562400,0.0,0.0,WFC
1993-03-10,2.848234209602262,2.9054851484887396,2.8339214748806425,2.8983287811279297,2140000,0.0,0.0,WFC
1993-03-11,2.9054853957173865,2.977049075414859,2.9054853957173865,2.912641763687134,4936800,0.0,0.0,WFC
1993-03-12,2.912641515849549,2.912641515849549,2.8840160464063107,2.8983287811279297,3488000,0.0,0.0,WFC
1993-03-15,2.9054851671885746,2.9341106368160483,2.8983287997817064,2.9269542694091797,2623200,0.0,0.0,WFC
1993-03-16,2.919799563908341,2.934112306868676,2.876861335027336,2.891174077987671,3788800,0.0,0.0,WFC
1993-03-17,2.8768598737595954,2.898328977295115,2.826765298843384,2.826765298843384,3392800,0.0,0.0,WFC
1993-03-18,2.8339221416996216,2.8625476178784055,2.8124530345655336,2.8196094036102295,4095200,0.0,0.0,WFC
1993-03-19,2.833921658173772,2.8410780259974433,2.812452554702759,2.812452554702759,4538400,0.0,0.0,WFC
1993-03-22,2.812453284299463,2.855391502380371,2.812453284299463,2.855391502380371,2736800,0.0,0.0,WFC
1993-03-23,2.862547630041688,2.8840167372670003,2.841078522816375,2.8482348918914795,1816000,0.0,0.0,WFC
1993-03-24,2.826764595598658,2.8625464259226914,2.826764595598658,2.8410773277282715,2472000,0.0,0.0,WFC
1993-03-25,2.841077818870544,2.862546920776367,2.8339214515686035,2.862546920776367,2152000,0.0,0.0,WFC
1993-03-26,2.8625476178784055,2.89117309405719,2.8196094036102295,2.8196094036102295,3503200,0.0,0.0,WFC
1993-03-29,2.833922393339917,2.8697042417406737,2.833922393339917,2.855391502380371,2261600,0.0,0.0,WFC
1993-03-30,2.862547872060522,2.8697042417406737,2.833922393339917,2.855391502380371,2460000,0.0,0.0,WFC
1993-03-31,2.8697042417406737,2.8697042417406737,2.8482351327002196,2.855391502380371,1310400,0.0,0.0,WFC
1993-04-01,2.891172389984131,2.891172389984131,2.855390553474426,2.862546920776367,2405600,0.0,0.0,WFC
1993-04-02,2.862546920776367,2.88401602268219,2.848234186172485,2.862546920776367,1767200,0.0,0.0,WFC
1993-04-05,2.862545498588733,2.8911709535746204,2.862545498588733,2.869701862335205,4148000,0.0,0.0,WFC
1993-04-06,2.8840165313552406,2.934111111304339,2.8840165313552406,2.9197983741760254,1808800,0.0,0.0,WFC
1993-04-07,2.9341109039691777,2.9770491123199463,2.9341109039691777,2.9770491123199463,4008800,0.0,0.0,WFC
1993-04-08,2.9842062306238164,3.084395408630371,2.9842062306238164,3.084395408630371,3539200,0.0,0.0,WFC
1993-04-12,3.1488030053040372,3.1917412281036377,3.1130211529710365,3.1917412281036377,4552000,0.0,0.0,WFC
1993-04-13,3.234677535653911,3.2489902681125566,3.184582972048651,3.2132084369659424,2436000,0.0,0.0,WFC
1993-04-14,3.1917392728535554,3.1917392728535554,3.10586287986198,3.134488344192505,3304800,0.0,0.0,WFC
1993-04-15,3.1130208835735185,3.120177253420814,3.041457185100564,3.070082664489746,3105600,0.0,0.0,WFC
1993-04-16,3.0700833734713107,3.0700833734713107,2.984206915472113,2.991363286972046,3005600,0.0,0.0,WFC
1993-04-19,2.991362330438993,2.9985186996505697,2.9627368535926872,2.984205961227417,1717600,0.0,0.0,WFC
1993-04-20,2.9985184426446563,2.9985184426446563,2.8983292822698945,2.9484238624572754,1874400,0.0,0.0,WFC
1993-04-21,2.962737792789346,2.962737792789346,2.8410794776264985,2.891174077987671,4407200,0.0,0.0,WFC
1993-04-22,2.891174077987671,2.9842069072298485,2.891174077987671,2.891174077987671,3360000,0.0,0.0,WFC
1993-04-23,2.9054851245880124,2.9054851245880124,2.848234186172485,2.862546920776367,2383200,0.0,0.0,WFC
1993-04-26,2.8553895290081317,2.8840149879455566,2.762356787461501,2.790982246398926,4570400,0.0,0.0,WFC
1993-04-27,2.776669133631071,2.8697018623352046,2.7480436786451836,2.869701862335205,5163200,0.0,0.0,WFC
1993-04-28,2.8840169811009764,2.912642459821581,2.826766023659766,2.855391502380371,2552800,0.0,0.0,WFC
1993-04-29,2.8697033301542327,2.92695426940918,2.862546962747364,2.9269542694091797,2435200,0.0,0.0,WFC
1993-04-30,2.926953329657116,2.998516980748977,2.926953329657116,2.9412660598754883,3325600,0.0,0.0,WFC
1993-05-03,2.9602841825370327,2.989094734191894,2.9170683550547403,2.9890947341918945,1807200,0.04125,0.0,WFC
1993-05-04,2.98189115524292,3.0107016978056533,2.967485883961553,2.98189115524292,2127200,0.0,0.0,WFC
1993-05-05,2.9962950100863934,3.0251055390295316,2.9602818489074703,2.9602818489074707,1731200,0.0,0.0,WFC
1993-05-06,2.960281675890497,2.960281675890497,2.8738500941126723,2.8882553577423096,1360000,0.0,0.0,WFC
1993-05-07,2.888255603313446,2.8954582357406613,2.866647706031799,2.8810529708862305,1474400,0.0,0.0,WFC
1993-05-10,2.873850873408427,2.9170666760160726,2.8306350708007812,2.8306350708007812,3310400,0.0,0.0,WFC
1993-05-11,2.8522433386908634,2.917067050933838,2.8522433386908634,2.917067050933838,1617600,0.0,0.0,WFC
1993-05-12,2.9026617815465103,2.945877589708493,2.881053877465519,2.917067050933838,1658400,0.0,0.0,WFC
1993-05-13,2.8954590000683744,2.9026616343969027,2.8450405597686763,2.8450405597686768,3519200,0.0,0.0,WFC
1993-05-14,2.859446381170725,2.859446381170725,2.7874200239623943,2.7946226596832275,3251200,0.0,0.0,WFC
1993-05-17,2.7946226596832275,2.8234332025665596,2.7442042096373958,2.7946226596832275,1624800,0.0,0.0,WFC
1993-05-18,2.801826910096772,2.8378401094553425,2.801826910096772,2.823434829711914,1359200,0.0,0.0,WFC
1993-05-19,2.8162301652225445,2.9242696856275017,2.7514064529795705,2.917067050933838,2619200,0.0,0.0,WFC
1993-05-20,2.9242706534886125,2.9602838388764035,2.888257468100822,2.909865379333496,1932000,0.0,0.0,WFC
1993-05-21,2.9098635005950926,2.924268765449524,2.88105297088623,2.8810529708862305,1854400,0.0,0.0,WFC
1993-05-24,2.8810546511695496,2.9026625610533214,2.852244104657854,2.873852014541626,1053600,0.0,0.0,WFC
1993-05-25,2.8738500941126723,2.8882553577423096,2.8666474622978533,2.8882553577423096,1159200,0.0,0.0,WFC
1993-05-26,2.888255983880423,2.981890217771808,2.873850717127902,2.967484951019287,2237600,0.0,0.0,WFC
1993-05-27,2.9674854937894843,2.9890933978704757,2.8954591468528466,2.917067050933838,2577600,0.0,0.0,WFC
1993-05-28,2.8882549025249724,2.902660163884199,2.852241749126905,2.8594443798065186,1340800,0.0,0.0,WFC
1993-06-01,2.859446741285778,2.8954599244253973,2.859446741285778,2.873852014541626,2789600,0.0,0.0,WFC
1993-06-02,2.8594480290704847,2.8738533088139127,2.8162321898402003,2.823434829711914,5634400,0.0,0.0,WFC
1993-06-03,2.8450418006428673,2.8450418006428673,2.8090286132929574,2.8162312507629395,2244800,0.0,0.0,WFC
1993-06-04,2.8090282966350686,2.8162309332931073,2.700988746764489,2.7153940200805664,4879200,0.0,0.0,WFC
1993-06-07,2.729799153364223,2.729799153364223,2.6361648816129435,2.6505701541900635,2601600,0.0,0.0,WFC
1993-06-08,2.6505701541900635,2.6793806993443035,2.6433675179015035,2.6505701541900635,4916000,0.0,0.0,WFC
1993-06-09,2.6649748802185056,2.729798593521118,2.6577722454071044,2.7009880542755127,1673600,0.0,0.0,WFC
1993-06-10,2.715393314336209,2.729798583908284,2.7009880447641335,2.708190679550171,2700000,0.0,0.0,WFC
1993-06-11,2.715393728610733,2.7586095439201874,2.715393728610733,2.7514069080352783,2640000,0.0,0.0,WFC
1993-06-14,2.7514084309947737,2.8306374695836283,2.7514084309947737,2.823434829711914,3258400,0.0,0.0,WFC
1993-06-15,2.8522431940972046,2.888256365739846,2.837837925440148,2.8450405597686768,3051200,0.0,0.0,WFC
1993-06-16,2.8450400907981215,2.866647990221905,2.8090269250918163,2.8378374576568604,1816000,0.0,0.0,WFC
1993-06-17,2.852244104657854,2.8882572877974733,2.852244104657854,2.873852014541626,3464800,0.0,0.0,WFC
1993-06-18,2.8738513088705555,2.8882565785892047,2.859446039151906,2.8666486740112305,2059200,0.0,0.0,WFC
1993-06-21,2.881052725927491,2.909863253186766,2.8738500941126723,2.8882553577423096,1386400,0.0,0.0,WFC
1993-06-22,2.909864881355774,2.9386754247355342,2.902662245510834,2.9242701530456543,1836000,0.0,0.0,WFC
1993-06-23,2.9098653793334965,2.9242706534886125,2.89546010517838,2.909865379333496,2885600,0.0,0.0,WFC
1993-06-24,2.9098639080168858,2.9602823420666833,2.895458641145515,2.9458770751953125,1976800,0.0,0.0,WFC
1993-06-25,2.960282521179089,3.010700958279463,2.960282521179089,2.996295690536499,2221600,0.0,0.0,WFC
1993-06-28,2.99629509201226,3.1187398433685303,2.99629509201226,3.1187398433685303,3543200,0.0,0.0,WFC
1993-06-29,3.111537662121134,3.1403481960296635,3.082727128212605,3.140348196029663,4401600,0.0,2.0,WFC
1993-06-30,3.1403486543594434,3.154753923416138,3.0827275781326646,3.1547539234161377,2578800,0.0,0.0,WFC
1993-07-01,3.154752541697303,3.154752541697303,3.0827262279599212,3.0971314907073975,1839200,0.0,0.0,WFC
1993-07-02,3.097132026301741,3.097132026301741,3.010700434870065,3.03951096534729,1280400,0.0,0.0,WFC
1993-07-06,3.0395104638847386,3.1115367781948033,3.0251052010227255,3.0683209896087646,1304000,0.0,0.0,WFC
1993-07-07,3.0539165943040762,3.154753462983928,3.0539165943040762,3.140348196029663,3074400,0.0,0.0,WFC
1993-07-08,3.140348100236484,3.2267796993255615,3.140348100236484,3.2267796993255615,2437600,0.0,0.0,WFC
1993-07-09,3.226780268699611,3.226780268699611,3.1259433853027487,3.1547539234161377,1890000,0.0,0.0,WFC
1993-07-12,3.154753462983928,3.1979692638467214,3.1403481960296635,3.140348196029663,2336400,0.0,0.0,WFC
1993-07-13,3.1835630671922552,3.1979683299397315,3.0971314907073975,3.0971314907073975,1859200,0.0,0.0,WFC
1993-07-14,3.140348052078823,3.1547533183727623,3.0539164543151855,3.0539164543151855,3398400,0.0,0.0,WFC
1993-07-15,3.0683226384849194,3.111538450294566,3.0683226384849194,3.0827279090881348,1464000,0.0,0.0,WFC
1993-07-16,3.0971314785657102,3.212373580093737,3.082726215874707,3.111536741256714,3818800,0.0,0.0,WFC
1993-07-19,3.169159192472833,3.226780268699611,3.154753923416138,3.1547539234161377,3566400,0.0,0.0,WFC
1993-07-20,3.1691587299381925,3.212374530800986,3.1403481960296635,3.140348196029663,1756400,0.0,0.0,WFC
1993-07-21,3.1403481960296635,3.1691587299381925,3.0971323951668697,3.140348196029663,2512800,0.0,0.0,WFC
1993-07-22,3.169157792020727,3.18356305471173,3.082726215874707,3.111536741256714,2384800,0.0,0.0,WFC
1993-07-23,3.111538116246054,3.154753923416138,3.111538116246054,3.1547539234161377,1294000,0.0,0.0,WFC
1993-07-26,3.1403481960296635,3.183563996892457,3.125942929075399,3.140348196029663,3218800,0.0,0.0,WFC
1993-07-27,3.1403481960296635,3.1691587299381925,3.125942929075399,3.140348196029663,1744800,0.0,0.0,WFC
1993-07-28,3.1403475897652764,3.1403475897652764,3.0251054763793945,3.0251054763793945,2655200,0.0,0.0,WFC
1993-07-29,3.03951096534729,3.03951096534729,3.010700434870065,3.03951096534729,3237600,0.0,0.0,WFC
1993-07-30,3.03951074055263,3.03951074055263,3.0107002122061592,3.0251054763793945,1441200,0.0,0.0,WFC
1993-08-02,3.0297447437358693,3.087730289070527,3.0297447437358693,3.0587375164031982,1587600,0.04125,0.0,WFC
1993-08-03,3.0587375164031982,3.0732339027368627,3.0297447437358693,3.0587375164031982,1893200,0.0,0.0,WFC
1993-08-04,3.058737334695835,3.058737334695835,2.986255407333374,2.986255407333374,1282000,0.0,0.0,WFC
1993-08-05,2.9862555858593636,3.0152483585376095,2.9717591995202404,3.0007519721984863,2033200,0.0,0.0,WFC
1993-08-06,2.9862555858593636,3.0007519721984868,2.9862555858593636,3.0007519721984863,1458400,0.0,0.0,WFC
1993-08-09,3.000751792805866,3.0152481782783584,2.986255407333374,2.986255407333374,1200000,0.0,0.0,WFC
1993-08-10,2.9862566427751025,3.0442422086542305,2.9862566427751025,3.0297458171844482,2647600,0.0,0.0,WFC
1993-08-11,3.0152491251627604,3.0732346852620442,3.0152491251627604,3.0442419052124023,2315600,0.0,0.0,WFC
1993-08-12,3.044240776921662,3.0877299308776855,3.044240776921662,3.0877299308776855,2834800,0.0,0.0,WFC
1993-08-13,3.087731296771041,3.1167240789003463,3.073234905706388,3.1022276878356934,1534400,0.0,0.0,WFC
1993-08-16,3.102225892948655,3.116722275625985,3.058736744916664,3.073233127593994,2403600,0.0,0.0,WFC
1993-08-17,3.0732346852620442,3.0732346852620442,3.0297455151875816,3.0442419052124023,2553200,0.0,0.0,WFC
1993-08-18,3.0442419052124023,3.0732346852620442,3.0297455151875816,3.0442419052124023,3091200,0.0,0.0,WFC
1993-08-19,3.044241130069534,3.0587375164031982,3.0297447437358693,3.0587375164031982,3306800,0.0,0.0,WFC
1993-08-20,3.058736744916664,3.0877295102713247,3.044240362239334,3.073233127593994,2822000,0.0,0.0,WFC
1993-08-23,3.0732339027368627,3.0732339027368627,3.044241130069534,3.0587375164031982,953600,0.0,0.0,WFC
1993-08-24,3.0732342504685928,3.1457161903381348,3.0442414745207755,3.1457161903381348,2702400,0.0,0.0,WFC
1993-08-25,3.131220469964999,3.1457168610296518,3.1022276878356934,3.1022276878356934,2313200,0.0,0.0,WFC
1993-08-26,3.1022276878356934,3.1167240789003463,3.073234905706388,3.1022276878356934,1467600,0.0,0.0,WFC
1993-08-27,3.1022276878356934,3.1022276878356934,3.058738514641735,3.1022276878356934,2114800,0.0,0.0,WFC
1993-08-30,3.073233127593994,3.102225892948655,3.058736744916664,3.073233127593994,508000,0.0,0.0,WFC
1993-08-31,3.058736744916664,3.073233127593994,3.029743979562004,3.073233127593994,1581600,0.0,0.0,WFC
1993-09-01,3.0587375164031982,3.0732339027368627,3.015248357402205,3.0587375164031982,2247600,0.0,0.0,WFC
1993-09-02,3.0587376986558623,3.0587376986558623,3.0007521498661776,3.0152485370635986,1910800,0.0,0.0,WFC
1993-09-03,3.044241130069534,3.0732339027368627,3.0007519710685404,3.0587375164031982,1798000,0.0,0.0,WFC
1993-09-07,3.0732346852620442,3.102227465311686,3.0297455151875816,3.0442419052124023,998400,0.0,0.0,WFC
1993-09-08,3.058738514641735,3.1167240789003463,3.0442421235770825,3.1022276878356934,1362400,0.0,0.0,WFC
1993-09-09,3.087730638442501,3.160212578312043,3.0732342504685928,3.1457161903381348,2599600,0.0,0.0,WFC
1993-09-10,3.160212993621826,3.203702163258824,3.131220213863828,3.160212993621826,2426000,0.0,0.0,WFC
1993-09-13,3.1602140491658988,3.2037032333287323,3.1457176544449545,3.189206838607788,1522000,0.0,0.0,WFC
1993-09-14,3.1312198023642264,3.174708966285952,3.116723414390318,3.1457161903381348,968400,0.0,0.0,WFC
1993-09-15,3.1167227001817013,3.1167227001817013,3.0732335462256777,3.0877299308776855,1525600,0.0,0.0,WFC
1993-09-16,3.0877295102713247,3.102225892948655,3.044240362239334,3.073233127593994,1030000,0.0,0.0,WFC
1993-09-17,3.044240362239334,3.102225892948655,3.044240362239334,3.073233127593994,3038400,0.0,0.0,WFC
1993-09-20,3.0732346852620442,3.102227465311686,3.0297455151875816,3.0442419052124023,1524400,0.0,0.0,WFC
1993-09-21,3.0587386001240127,3.0587386001240127,2.9717602513053203,3.0297458171844482,1232000,0.0,0.0,WFC
1993-09-22,3.0442422086542305,3.0587386001240127,3.0007530342448843,3.0297458171844482,1399600,0.0,0.0,WFC
1993-09-23,3.0297458171844487,3.0442422086542305,3.0007530342448843,3.0297458171844482,1623600,0.0,0.0,WFC
1993-09-24,3.0007512142073436,3.0877295102713247,3.0007512142073436,3.073233127593994,3180000,0.0,0.0,WFC
1993-09-27,3.174708843231201,3.2037016180552302,3.1167232935831426,3.174708843231201,1481600,0.0,0.0,WFC
1993-09-28,3.189205773379825,3.189205773379825,3.1022274341058296,3.160212993621826,1652000,0.0,0.0,WFC
1993-09-29,3.1602121591567993,3.1747085452079773,3.1022266149520874,3.1312193870544434,4975200,0.0,0.0,WFC
1993-09-30,3.1312190957738264,3.20370101928711,3.1312190957738264,3.2037010192871094,2362000,0.0,0.0,WFC
1993-10-01,3.1892064670184714,3.24719203914608,3.174710073986569,3.2181992530822754,3136400,0.0,0.0,WFC
1993-10-04,3.218199225653589,3.334170368920385,3.218199225653589,3.2761847972869873,2932000,0.0,0.0,WFC
1993-10-05,3.276184825209884,3.276184825209884,3.1892064670184714,3.2181992530822754,1716000,0.0,0.0,WFC
1993-10-06,3.2616878838817103,3.2616878838817103,3.203702321501591,3.2326951026916504,1361200,0.0,0.0,WFC
1993-10-07,3.2326943267668997,3.2761834881135394,3.218197939651353,3.2471907138824463,2313200,0.0,0.0,WFC
1993-10-08,3.247193592760531,3.334171992566617,3.23269719279285,3.290682792663574,2976400,0.0,0.0,WFC
1993-10-11,3.305176262344633,3.305176262344633,3.218197939651353,3.2471907138824463,1023200,0.0,0.0,WFC
1993-10-12,3.276183720220599,3.305176496505737,3.2616873320780297,3.3051764965057373,1220000,0.0,0.0,WFC
1993-10-13,3.3051761977016665,3.3631617450297657,3.2906798108696416,3.3196725845336914,1896000,0.0,0.0,WFC
1993-10-14,3.334170397337493,3.348666790369395,3.2037028600503734,3.2181992530822754,1711200,0.0,0.0,WFC
1993-10-15,3.2616878838817103,3.2616878838817103,3.218198712096621,3.2326951026916504,2402400,0.0,0.0,WFC
1993-10-18,3.2326945181815856,3.2616872941294024,3.116723414390318,3.1457161903381348,3706000,0.0,0.0,WFC
1993-10-19,3.16021302541097,3.189205805460612,3.0442419052124023,3.0442419052124023,3987200,0.0,0.0,WFC
1993-10-20,3.102227774533359,3.1167241660031406,3.0297458171844487,3.0297458171844482,3472400,0.0,0.0,WFC
1993-10-21,3.0442422086542305,3.0877313830635766,3.0297458171844487,3.0297458171844482,2015600,0.0,0.0,WFC
1993-10-22,3.058737517554979,3.1022266765723483,3.0007519721984868,3.0007519721984863,3074400,0.0,0.0,WFC
1993-10-25,3.0152483585376095,3.0152483585376095,2.9717591995202404,3.0007519721984863,3395200,0.0,0.0,WFC
1993-10-26,3.0007521498661776,3.0297449242610197,2.9572629882739143,3.0152485370635986,2635200,0.0,0.0,WFC
1993-10-27,3.0007530342448843,3.0297458171844487,2.913774685426192,3.0297458171844482,4474000,0.0,0.0,WFC
1993-10-28,3.0297449242610197,3.0442413114584412,2.9717593754713354,3.0152485370635986,3460800,0.0,0.0,WFC
1993-10-29,3.0152481782783584,3.0442409492233424,2.95726263638839,2.986255407333374,2902000,0.0,0.0,WFC
1993-11-01,2.9763353403332165,3.0201049776910582,2.961745461213936,3.0055150985717773,3005600,0.04125,0.0,WFC
1993-11-02,3.0346950456207873,3.0492849256478105,2.9763355255126953,2.9763355255126953,3696400,0.0,0.0,WFC
1993-11-03,2.990923833847046,3.005513706207276,2.830435237884522,2.9179744720458984,4710400,0.0,0.0,WFC
1993-11-04,2.8887955609788287,2.8887955609788287,2.713717042131627,2.742896795272827,5036400,0.0,0.0,WFC
1993-11-05,2.742897285698609,2.8887960774910884,2.728307406519361,2.8158466815948486,4434000,0.0,0.0,WFC
1993-11-08,2.815847448298806,2.830437331450613,2.7574879156915766,2.772077798843384,2299600,0.0,0.0,WFC
1993-11-09,2.815846026249421,2.8887954051677998,2.815846026249421,2.8450257778167725,3479600,0.0,0.0,WFC
1993-11-10,2.801256509351481,2.801256509351481,2.757486876392864,2.7866666316986084,4140400,0.0,0.0,WFC
1993-11-11,2.801256301555228,2.815846178125828,2.728306918702227,2.742896795272827,3365600,0.0,0.0,WFC
1993-11-12,2.7283075373008767,2.7866670568153338,2.7283075373008767,2.7574872970581055,1362800,0.0,0.0,WFC
1993-11-15,2.7866664249846274,2.7866664249846274,2.713717042131627,2.742896795272827,1170000,0.0,0.0,WFC
1993-11-16,2.742897417179491,2.7720771769367194,2.7283075373008767,2.7574872970581055,2666800,0.0,0.0,WFC
1993-11-17,2.757486370302016,2.772076245277159,2.6991268704014444,2.713716745376587,2736000,0.0,0.0,WFC
1993-11-18,2.6991268350274527,2.6991268350274527,2.6261774611077917,2.6407673358917236,3722800,0.0,0.0,WFC
1993-11-19,2.6407682481019394,2.684537887573242,2.626178368278172,2.684537887573242,3377200,0.0,0.0,WFC
1993-11-22,2.684537887573242,2.684537887573242,2.626178368278172,2.684537887573242,1833200,0.0,0.0,WFC
1993-11-23,2.6699471204511585,2.72830662035173,2.6699471204511585,2.713716745376587,4248400,0.0,0.0,WFC
1993-11-24,2.713716132300241,2.7283060039792746,2.655356645584107,2.6553566455841064,2646800,0.0,0.0,WFC
1993-11-26,2.6845363889421736,2.6845363889421736,2.655356645584107,2.6553566455841064,742800,0.0,0.0,WFC
1993-11-29,2.684537887573242,2.728307527044545,2.6699480077494746,2.684537887573242,3160000,0.0,0.0,WFC
1993-11-30,2.684537501934448,2.6991273796623525,2.6553577464786384,2.669947624206543,1718400,0.0,0.0,WFC
1993-12-01,2.7137173688347964,2.757487003816003,2.6991274905077276,2.7283072471618652,3970400,0.0,0.0,WFC
1993-12-02,2.713716354885617,2.728306227761346,2.6553568633827007,2.6991264820098877,2042800,0.0,0.0,WFC
1993-12-03,2.6991277673970098,2.6991277673970098,2.655358127925707,2.684537887573242,2803600,0.0,0.0,WFC
1993-12-06,2.6699480077494746,2.7137176472207774,2.655358127925707,2.684537887573242,5326000,0.0,0.0,WFC
1993-12-07,2.6845366091341587,2.713716354885617,2.6699467362584297,2.6991264820098877,3402800,0.0,0.0,WFC
1993-12-08,2.6991271655610265,2.742896795272827,2.6991271655610265,2.742896795272827,3450000,0.0,0.0,WFC
1993-12-09,2.742896795272827,2.7866664249846274,2.728306918702227,2.742896795272827,2900400,0.0,0.0,WFC
1993-12-10,2.7720778435468674,2.801257610321045,2.7574879601597786,2.801257610321045,4125600,0.0,0.0,WFC
1993-12-13,2.7866667604701405,2.7866667604701405,2.7283072471618652,2.7283072471618652,1283200,0.0,0.0,WFC
1993-12-14,2.7720771769367194,2.7720771769367194,2.7137176574222623,2.7574872970581055,1976000,0.0,0.0,WFC
1993-12-15,2.728306227761346,2.742896100637075,2.6991264820098877,2.6991264820098877,2101600,0.0,0.0,WFC
1993-12-16,2.728308193385601,2.801257610321045,2.728308193385601,2.801257610321045,2781200,0.0,0.0,WFC
1993-12-17,2.8304361068841186,2.9033854910821626,2.8158462300445097,2.8887956142425537,4271200,0.0,0.0,WFC
1993-12-20,2.8450263091150276,2.9033858231481564,2.830436430606745,2.874206066131592,1761200,0.0,0.0,WFC
1993-12-21,2.874206066131592,2.888795944639874,2.815846552098463,2.874206066131592,1659600,0.0,0.0,WFC
1993-12-22,2.859615802764893,2.8742056793096116,2.8012562965860175,2.8596158027648926,1764400,0.0,0.0,WFC
1993-12-23,2.8450259837237275,2.9325652447613804,2.8450259837237275,2.8887956142425537,1823600,0.0,0.0,WFC
1993-12-27,2.903384599685669,2.9763339614868167,2.8742048549652104,2.9179744720458984,1376400,0.0,0.0,WFC
1993-12-28,2.903384900329137,2.947154521942139,2.903384900329137,2.9471545219421387,1222400,0.0,0.0,WFC
1993-12-29,2.9325655801647206,2.9471554586730027,2.8450263091150276,2.874206066131592,4198800,0.0,0.0,WFC
1993-12-30,2.8596149826049806,2.917974472045899,2.8596149826049806,2.9179744720458984,1610800,0.0,0.0,WFC
1993-12-31,2.874205529384124,2.8887954051677998,2.8304359020330967,2.8450257778167725,1778000,0.0,0.0,WFC
1994-01-03,2.8304362646572256,2.8450261423100978,2.7720767540457363,2.7866666316986084,2335600,0.0,0.0,WFC
1994-01-04,2.7866666316986084,2.801256509351481,2.757486876392864,2.7866666316986084,1930400,0.0,0.0,WFC
1994-01-05,2.7866676819951914,2.7866676819951914,2.728308149387962,2.772077798843384,3471600,0.0,0.0,WFC
1994-01-06,2.7720765484140273,2.7720765484140273,2.713717042131627,2.742896795272827,2846800,0.0,0.0,WFC
1994-01-07,2.772076486312237,2.8304359912872314,2.7574866100684883,2.8304359912872314,2923600,0.0,0.0,WFC
1994-01-10,2.801256353204901,2.9033854910821626,2.801256353204901,2.8887956142425537,3095200,0.0,0.0,WFC
1994-01-11,2.903384599685669,2.917974472045899,2.8450251102447512,2.9179744720458984,3088400,0.0,0.0,WFC
1994-01-12,2.917974472045899,2.9325643444061282,2.8742048549652104,2.9179744720458984,1586000,0.0,0.0,WFC
1994-01-13,2.9179753679217715,2.9179753679217715,2.8596158605633364,2.8887956142425537,1466800,0.0,0.0,WFC
1994-01-14,2.874205529384124,2.8887954051677998,2.8304359020330967,2.8450257778167725,2359200,0.0,0.0,WFC
1994-01-17,2.8450263091150276,2.9033858231481564,2.7720769165736163,2.874206066131592,3674800,0.0,0.0,WFC
1994-01-18,2.8742061983118403,2.8742061983118403,2.8012568024156006,2.8158466815948486,2270400,0.0,0.0,WFC
1994-01-19,2.8158462300445097,2.888795614242554,2.757486722686074,2.8887956142425537,5842000,0.0,0.0,WFC
1994-01-20,2.8887947273254397,2.9617440891265874,2.8596149826049806,2.9179744720458984,4232800,0.0,0.0,WFC
1994-01-21,2.9617443958131395,2.9617443958131395,2.888795026458136,2.9471545219421387,3771200,0.0,0.0,WFC
1994-01-24,2.9471546097181327,2.9471546097181327,2.917974861107062,2.9325647354125977,2648800,0.0,0.0,WFC
1994-01-25,2.932565326225467,3.005514712449981,2.917975448980564,2.990924835205078,3278800,0.0,0.0,WFC
1994-01-26,2.9909241832972726,3.020103931427002,2.961744435167543,3.020103931427002,1329200,0.0,0.0,WFC
1994-01-27,3.020104847635542,3.0784643615995138,2.990925090653556,3.0638744831085205,2272800,0.0,0.0,WFC
1994-01-28,3.07846449416818,3.107644252406741,2.9763353403332165,3.0055150985717773,4457200,0.0,0.0,WFC
1994-01-31,3.0419583896890074,3.115435645478597,3.0419583896890074,3.1007401943206787,2989200,0.04625,0.0,WFC
1994-02-01,3.086046534524837,3.144828373277691,3.05665561514841,3.1301329135894775,4982000,0.0,0.0,WFC
1994-02-02,3.130132368166153,3.218305110931397,3.130132368166153,3.2183051109313965,3910000,0.0,0.0,WFC
1994-02-03,3.1889129012681865,3.1889129012681865,3.086044743162761,3.1007401943206787,4456400,0.0,0.0,WFC
1994-02-04,3.1007411584113407,3.1889138927737486,3.0125684240489328,3.027263879776001,5698800,0.0,0.0,WFC
1994-02-07,2.983177325783706,3.012568235397339,2.9243955065564413,3.012568235397339,4386800,0.0,0.0,WFC
1994-02-08,3.012568485736847,3.012568485736847,2.939091205596924,2.939091205596924,1388800,0.0,0.0,WFC
1994-02-09,2.9684815881264153,2.997872494939548,2.9537861347198486,2.9537861347198486,1241600,0.0,0.0,WFC
1994-02-10,2.9831769938516146,2.9978724470232976,2.9537860875082487,2.9684815406799316,1223200,0.0,0.0,WFC
1994-02-11,2.939091205596924,3.012568485736847,2.9097002935409546,2.939091205596924,2074400,0.0,0.0,WFC
1994-02-14,2.939090389890719,2.939090389890719,2.8509176781939973,2.8950040340423584,1723200,0.0,0.0,WFC
1994-02-15,2.895004900460391,2.9097003568079054,2.850918531417847,2.8509185314178467,1535200,0.0,0.0,WFC
1994-02-16,2.865614652633667,2.9097010319049543,2.8362237331194757,2.865614652633667,2783600,0.0,0.0,WFC
1994-02-17,2.8803094441128763,2.9243958131554204,2.7921367060277884,2.8509185314178467,2477200,0.0,0.0,WFC
1994-02-18,2.8950048104630715,2.8950048104630715,2.792136619228343,2.8068320751190186,1962400,0.0,0.0,WFC
1994-02-22,2.806832162375303,2.850918531417847,2.806832162375303,2.8509185314178467,2526400,0.0,0.0,WFC
1994-02-23,2.850918442791045,2.8656138986817203,2.7774411633376674,2.8068320751190186,1958800,0.0,0.0,WFC
1994-02-24,2.8068327661504084,2.8068327661504084,2.733355468607204,2.7480509281158447,1896400,0.0,0.0,WFC
1994-02-25,2.762746281094021,2.8068326579199896,2.733355363210042,2.7774417400360107,2251600,0.0,0.0,WFC
1994-02-28,2.8215274404972157,2.8362228959164724,2.733354707981678,2.7627456188201904,3963200,0.0,0.0,WFC
1994-03-01,2.733355468607204,2.7627463876244858,2.7039645495899225,2.7480509281158447,2167600,0.0,0.0,WFC
1994-03-02,2.689266797034971,2.77743947890497,2.6451804560999714,2.7333531379699707,3105600,0.0,0.0,WFC
1994-03-03,2.7039622440133044,2.748048584948304,2.689266797034971,2.7333531379699707,3593600,0.0,0.0,WFC
1994-03-04,2.7333543777465823,2.7774407386779787,2.7039634704589846,2.718658924102783,2019200,0.0,0.0,WFC
1994-03-07,2.748049831390381,2.7774407386779787,2.7039634704589846,2.718658924102783,1686000,0.0,0.0,WFC
1994-03-08,2.7333551489788555,2.7480506067690644,2.67457331781802,2.7039642333984375,2080400,0.0,0.0,WFC
1994-03-09,2.6892687756082285,2.7333551489788555,2.67457331781802,2.7039642333984375,2095600,0.0,0.0,WFC
1994-03-10,2.703962739308675,2.7333536386489867,2.61579004128774,2.6451809406280518,2340400,0.0,0.0,WFC
1994-03-11,2.6745731322491757,2.718659502560975,2.615791305166776,2.6892685890197754,1935200,0.0,0.0,WFC
1994-03-14,2.7186576909916376,2.748048584948304,2.7039622440133044,2.7333531379699707,2536400,0.0,0.0,WFC
1994-03-15,2.7480506067690644,2.7627460645592734,2.659877860027811,2.7039642333984375,3893600,0.0,0.0,WFC
1994-03-16,2.7186599042680526,2.792137198978,2.703964445326063,2.7774417400360107,1670400,0.0,0.0,WFC
1994-03-17,2.777440131637099,2.865612834228753,2.762744681205157,2.836221933364868,3948400,0.0,0.0,WFC
1994-03-18,2.8509191928765714,2.8950055721478587,2.806832813605284,2.865614652633667,4959200,0.0,0.0,WFC
1994-03-21,2.836222226244544,2.8950040340423584,2.8215267742950902,2.8950040340423584,2410000,0.0,0.0,WFC
1994-03-22,2.8803099526299367,2.939091788397895,2.8803099526299367,2.909700870513916,2549200,0.0,0.0,WFC
1994-03-23,2.9243963294559054,2.939091788397895,2.909700870513916,2.909700870513916,1042400,0.0,0.0,WFC
1994-03-24,2.924395227906716,2.9537861347198486,2.9096997745001496,2.9537861347198486,2502000,0.0,0.0,WFC
1994-03-25,2.9243958131554204,2.9537867258504495,2.836223075070332,2.8509185314178467,1840800,0.0,0.0,WFC
1994-03-28,2.9243955612182617,2.9243955612182617,2.8362228307292687,2.9243955612182617,3156000,0.0,0.0,WFC
1994-03-29,2.9097014592618358,2.9243969211773,2.8656150735154444,2.880310535430908,1488000,0.0,0.0,WFC
1994-03-30,2.821527531009694,2.850918442791045,2.8068320751190186,2.8068320751190186,1651200,0.0,0.0,WFC
1994-03-31,2.8068320751190186,2.8362229869003697,2.7480502515563168,2.8068320751190186,2494000,0.0,0.0,WFC
1994-04-04,2.762744031926637,2.77743947890497,2.7186576909916376,2.7333531379699707,3907200,0.0,0.0,WFC
1994-04-05,2.777440879493952,2.8215272426605225,2.748049970716238,2.8215272426605225,5457200,0.0,0.0,WFC
1994-04-06,2.7921371459960933,2.8068326046592307,2.7480507700066816,2.7921371459960938,2467600,0.0,0.0,WFC
1994-04-07,2.8215276187228175,2.850918531417847,2.7774412496802734,2.8509185314178467,2081200,0.0,0.0,WFC
1994-04-08,2.8362230134010313,2.9537866616249087,2.821527557373047,2.939091205596924,3226800,0.0,0.0,WFC
1994-04-11,2.953785813771761,3.0713494282502394,2.9243949101521416,3.0566539764404297,3461200,0.0,0.0,WFC
1994-04-12,3.041959285736084,3.0566547412227316,2.9978729192761406,3.041959285736084,2056000,0.0,0.0,WFC
1994-04-13,3.0566547412227316,3.086045652196027,3.0125683747627883,3.041959285736084,4595200,0.0,0.0,WFC
1994-04-14,3.0125674873731714,3.100740194320679,2.9978720362152536,3.1007401943206787,2411600,0.0,0.0,WFC
1994-04-15,3.1007419942130503,3.174219292654118,3.0713510748366235,3.1301329135894775,4706400,0.0,0.0,WFC
1994-04-18,3.130131096636515,3.1595219989523504,3.071349292004843,3.1007401943206787,1818400,0.0,0.0,WFC
1994-04-19,3.08604433370191,3.1595215797424316,3.08604433370191,3.1595215797424316,2113600,0.0,0.0,WFC
1994-04-20,3.144826350893293,3.1595218011311124,3.0713490997041974,3.0860445499420166,3102000,0.0,0.0,WFC
1994-04-21,3.100740194320679,3.115435645478597,3.071349292004843,3.1007401943206787,3120000,0.0,0.0,WFC
1994-04-22,3.1007400001798358,3.115435450417655,3.0713490997041974,3.0860445499420166,3777600,0.0,0.0,WFC
1994-04-25,3.1007411584113407,3.1007411584113407,2.997872968321865,3.027263879776001,2308400,0.0,0.0,WFC
1994-04-26,3.0419593355030687,3.0419593355030687,2.983177512594797,3.027263879776001,2626000,0.0,0.0,WFC
1994-04-28,2.9978724470232976,2.9978724470232976,2.850917915306469,2.9684815406799316,4155600,0.0,0.0,WFC
1994-04-29,2.939091145413593,3.0419593355030687,2.909700233959457,3.027263879776001,1662400,0.0,0.0,WFC
1994-05-02,3.04917048699785,3.04917048699785,2.9603596961144176,2.9899632930755615,2275200,0.04625,0.0,WFC
1994-05-03,3.019567191891554,3.063972591772312,2.9899635919710486,3.0343689918518066,3002000,0.0,0.0,WFC
1994-05-04,3.019566660945855,3.0491702556610107,2.9899630662307,3.0491702556610107,2383200,0.0,0.0,WFC
1994-05-05,3.034368991851807,3.0491707918120596,3.0047653919313015,3.0343689918518066,1666400,0.0,0.0,WFC
1994-05-06,2.9751604657676354,2.9899622591296633,2.945556879043579,2.945556879043579,2352400,0.0,0.0,WFC
1994-05-09,2.9455578976338455,3.034368688517278,2.9455578976338455,2.9899632930755615,2288400,0.0,0.0,WFC
1994-05-10,2.975161792010796,3.063972591772312,2.975161792010796,3.0343689918518066,1760400,0.0,0.0,WFC
1994-05-11,3.019565633952324,3.0491692185989154,2.9899620493057326,3.0047638416290283,2206000,0.0,0.0,WFC
1994-05-12,3.004763552955553,3.0343671347580705,2.975159971153035,3.0195653438568115,1993600,0.0,0.0,WFC
1994-05-13,3.0639720530185883,3.0787738503761664,3.019566660945855,3.0491702556610107,1710800,0.0,0.0,WFC
1994-05-16,3.019567191891554,3.063972591772312,3.019567191891554,3.0343689918518066,1946800,0.0,0.0,WFC
1994-05-17,3.0343671347580705,3.0343671347580705,2.960358180251776,3.0195653438568115,6139200,0.0,0.0,WFC
1994-05-18,3.0491707918120596,3.063972591772312,3.019567191891554,3.0343689918518066,4482000,0.0,0.0,WFC
1994-05-19,3.0639704676906456,3.1231776264866,3.034366888292668,3.093574047088623,1795600,0.0,0.0,WFC
1994-05-20,3.063971465596786,3.123178643675951,3.063971465596786,3.078773260116577,2014800,0.0,0.0,WFC
1994-05-23,3.0935751988520073,3.0935751988520073,2.9603590419636436,2.975160837173462,2302400,0.0,0.0,WFC
1994-05-24,3.01956509859368,3.1083758367876113,3.01956509859368,3.093574047088623,2977600,0.0,0.0,WFC
1994-05-25,3.093576547658839,3.1527837543125967,3.0787747459953994,3.1231801509857178,2942000,0.0,0.0,WFC
1994-05-26,3.1231787951193124,3.211989566544506,3.10837699988178,3.167584180831909,3669600,0.0,0.0,WFC
1994-05-27,3.182386875152588,3.1971886745719025,3.137981476894645,3.182386875152588,2012400,0.0,0.0,WFC
1994-05-31,3.167584180831909,3.197187771306974,3.1527823855943766,3.167584180831909,1582000,0.0,0.0,WFC
1994-06-01,3.1675857261375144,3.1971893310546875,3.1379821212203414,3.1971893310546875,1904400,0.0,0.0,WFC
1994-06-02,3.197188557567684,3.2267921553229404,3.1379813620571717,3.2119903564453125,1613200,0.0,0.0,WFC
1994-06-03,3.1971882636393976,3.2267918586730957,3.15278287108885,3.2267918586730957,1507200,0.0,0.0,WFC
1994-06-06,3.226792218468406,3.271197615970265,3.226792218468406,3.2563958168029785,1784800,0.0,0.0,WFC
1994-06-07,3.226790984831245,3.285998158864846,3.2119891913228447,3.2711963653564453,1668800,0.0,0.0,WFC
1994-06-08,3.285998158864846,3.300799952373246,3.241592778339645,3.2711963653564453,1403600,0.0,0.0,WFC
1994-06-09,3.271197615970265,3.271197615970265,3.241594017635692,3.2563958168029785,2420400,0.0,0.0,WFC
1994-06-10,3.2563958168029785,3.2859994151375513,3.241594017635692,3.2563958168029785,1341200,0.0,0.0,WFC
1994-06-13,3.2563928210681863,3.3007981777191158,3.1971856788669464,3.300798177719116,1562800,0.0,0.0,WFC
1994-06-14,3.3008007439119473,3.345206135085651,3.285998946854046,3.3156025409698486,2472800,0.0,0.0,WFC
1994-06-15,3.3304035393900464,3.3304035393900464,3.256394571848045,3.2711963653564453,1563600,0.0,0.0,WFC
1994-06-16,3.2711963653564458,3.285998158864846,3.2119891913228447,3.2711963653564453,1493200,0.0,0.0,WFC
1994-06-17,3.3008006177507005,3.3008006177507005,3.211989838797767,3.285998821258545,4279600,0.0,0.0,WFC
1994-06-20,3.2415936561899446,3.2415936561899446,3.2119900611562464,3.2267918586730957,1680400,0.0,0.0,WFC
1994-06-21,3.211989566544506,3.211989566544506,3.1527823855943766,3.167584180831909,1435600,0.0,0.0,WFC
1994-06-22,3.182387528596101,3.2267929359718606,3.1675857261375144,3.1971893310546875,1445200,0.0,0.0,WFC
1994-06-23,3.2119904739912166,3.2119904739912166,3.152783276313959,3.182386875152588,876400,0.0,0.0,WFC
1994-06-24,3.1675855559760357,3.1675855559760357,3.0787747459953994,3.1231801509857178,1528800,0.0,0.0,WFC
1994-06-27,3.0935752046442477,3.167584180831909,3.049169818931651,3.167584180831909,1586400,0.0,0.0,WFC
1994-06-28,3.182385845004388,3.182385845004388,3.108376871864751,3.1379804611206055,1210000,0.0,0.0,WFC
1994-06-29,3.1527831609347996,3.2119903564453125,3.1379813620571717,3.2119903564453125,1872000,0.0,0.0,WFC
1994-06-30,3.2415919440785093,3.256393733777498,3.0787722573896343,3.093574047088623,2634400,0.0,0.0,WFC
1994-07-01,3.1083785163031683,3.1971893310546875,3.0787749113859952,3.1971893310546875,2583600,0.0,0.0,WFC
1994-07-05,3.1823859760694413,3.226791361782038,3.167584180831909,3.167584180831909,1084800,0.0,0.0,WFC
1994-07-06,3.1379819526491572,3.1379819526491572,3.0787747459953994,3.1231801509857178,1849200,0.0,0.0,WFC
1994-07-07,3.1527835743767874,3.1527835743767874,3.108378171920776,3.1083781719207764,1166400,0.0,0.0,WFC
1994-07-08,3.0787732601165776,3.10837684915616,3.063971465596786,3.078773260116577,2985200,0.0,0.0,WFC
1994-07-11,3.0935760719188745,3.0935760719188745,3.0195670749830166,3.0639724731445312,1039200,0.0,0.0,WFC
1994-07-12,3.0639707165605885,3.0639707165605885,3.004763552955553,3.0195653438568115,1429600,0.0,0.0,WFC
1994-07-13,3.0343674262756197,3.0343674262756197,3.0047638416290283,3.0047638416290283,990000,0.0,0.0,WFC
1994-07-14,3.0343678765572037,3.0935750546363687,3.0343678765572037,3.078773260116577,2138400,0.0,0.0,WFC
1994-07-15,3.063971465596786,3.0935750546363687,3.049169671076995,3.078773260116577,1401200,0.0,0.0,WFC
1994-07-18,3.1379794161855887,3.1379794161855887,3.0787722573896343,3.093574047088623,3442800,0.0,0.0,WFC
1994-07-19,3.078774391732565,3.078774391732565,3.034368991851807,3.0343689918518066,1569200,0.0,0.0,WFC
1994-07-20,3.0491707918120596,3.0491707918120596,3.0047653919313015,3.0343689918518066,1791200,0.0,0.0,WFC
1994-07-21,3.0047653919313015,3.034368991851807,2.9603599920505435,3.0343689918518066,2197200,0.0,0.0,WFC
1994-07-22,3.0639707165605885,3.0639707165605885,3.0195653438568115,3.0195653438568115,1678400,0.0,0.0,WFC
1994-07-25,3.0195653438568115,3.0491689256593295,3.004763552955553,3.0195653438568115,437600,0.0,0.0,WFC
1994-07-26,3.0195653438568115,3.0343671347580705,2.989961762054294,3.0195653438568115,868000,0.0,0.0,WFC
1994-07-27,3.0491702556610107,3.0639720530185883,3.0047648635882775,3.0491702556610107,949200,0.0,0.0,WFC
1994-07-28,3.019566660945855,3.0639720530185883,3.019566660945855,3.0491702556610107,887200,0.0,0.0,WFC
1994-07-29,3.0639704676906456,3.1083758367876113,3.049168677991657,3.093574047088623,1871200,0.0,0.0,WFC
1994-08-01,3.1007301772850147,3.13054489052814,3.056008107420327,3.085822820663452,1738000,0.04625,0.0,WFC
1994-08-02,3.100732581129352,3.1305473174863647,3.070917844772339,3.070917844772339,2316800,0.0,0.0,WFC
1994-08-03,3.0709154640418896,3.085822820663452,3.026193394177202,3.085822820663452,1665200,0.0,0.0,WFC
1994-08-04,3.085823535919189,3.130545616149902,3.0709161758422847,3.1305456161499023,1427600,0.0,0.0,WFC
1994-08-05,3.100729946884812,3.1156373023986816,3.0709152358570737,3.1156373023986816,1186800,0.0,0.0,WFC
1994-08-08,3.145452976226806,3.145452976226806,3.1156382560729976,3.1305456161499023,1128800,0.0,0.0,WFC
1994-08-09,3.1454515524630278,3.1603589057922363,3.1305441991338188,3.1603589057922363,1054800,0.0,0.0,WFC
1994-08-10,3.1603603363037105,3.1603603363037105,3.130545616149902,3.1305456161499023,1476000,0.0,0.0,WFC
1994-08-11,3.1156382560729976,3.130545616149902,3.0709161758422847,3.1305456161499023,1784400,0.0,0.0,WFC
1994-08-12,3.1603589057922363,3.175266259121445,3.1454515524630278,3.1603589057922363,1019600,0.0,0.0,WFC
1994-08-15,3.1603603363037105,3.175267696380615,3.130545616149902,3.1305456161499023,1088800,0.0,0.0,WFC
1994-08-16,3.1603601012119027,3.2050821781158447,3.1305453832759413,3.2050821781158447,2329600,0.0,0.0,WFC
1994-08-17,3.1454508605404436,3.2050802607402624,3.1454508605404436,3.1901729106903076,1665200,0.0,0.0,WFC
1994-08-18,3.1603632108860102,3.175270584522265,3.115641089977246,3.145455837249756,1174800,0.0,0.0,WFC
1994-08-19,3.1603603363037105,3.1603603363037105,3.130545616149902,3.1305456161499023,2120400,0.0,0.0,WFC
1994-08-22,3.1007301772850147,3.13054489052814,3.0709154640418896,3.085822820663452,1401600,0.0,0.0,WFC
1994-08-23,3.0858242310268778,3.175268411636352,3.0858242310268778,3.1752684116363525,2258400,0.0,0.0,WFC
1994-08-24,3.160358210590398,3.1901729106903076,3.1454508605404436,3.1901729106903076,2565600,0.0,0.0,WFC
1994-08-25,3.190174819147864,3.2199895370838254,3.190174819147864,3.2050821781158447,1675600,0.0,0.0,WFC
1994-08-26,3.2199909632107078,3.2498056943515476,3.205083597640288,3.234898328781128,1618000,0.0,0.0,WFC
1994-08-29,3.2498056943515476,3.2796204254923875,3.234898328781128,3.234898328781128,1413600,0.0,0.0,WFC
1994-08-30,3.2498042550197868,3.2498042550197868,3.1752674601798834,3.2050821781158447,1544000,0.0,0.0,WFC
1994-08-31,3.175268411636352,3.190175775071265,3.1603610482014397,3.1752684116363525,1866400,0.0,0.0,WFC
1994-09-01,3.1454515524630278,3.175266259121445,3.11563684580461,3.1603589057922363,2580000,0.0,0.0,WFC
1994-09-02,3.175267696380615,3.190175056457519,3.130545616149902,3.1305456161499023,1578800,0.0,0.0,WFC
1994-09-06,3.130544657912551,3.130544657912551,3.085822591370943,3.1156373023986816,1241600,0.0,0.0,WFC
1994-09-07,3.1007337163409914,3.1454558372497554,3.0709189690684817,3.145455837249756,1312000,0.0,0.0,WFC
1994-09-08,3.1156382560729976,3.190175056457519,3.085823535919189,3.1305456161499023,1637200,0.0,0.0,WFC
1994-09-09,3.041101923355689,3.1156387352026425,3.0261945609862986,3.100731372833252,1421600,0.0,0.0,WFC
1994-09-12,3.100729946884812,3.1156373023986816,3.0709152358570737,3.1156373023986816,1794400,0.0,0.0,WFC
1994-09-13,3.175266259121445,3.2050809657798625,3.1454515524630278,3.1603589057922363,3504000,0.0,0.0,WFC
1994-09-14,3.1454558372497554,3.1454558372497554,3.115641089977246,3.145455837249756,2454000,0.0,0.0,WFC
1994-09-15,3.115641089977246,3.1454558372497554,3.1007337163409914,3.145455837249756,1869600,0.0,0.0,WFC
1994-09-16,3.14545201342642,3.14545201342642,3.100729946884812,3.1156373023986816,3688800,0.0,0.0,WFC
1994-09-19,3.13054489052814,3.13054489052814,3.056008107420327,3.085822820663452,1730800,0.0,0.0,WFC
1994-09-20,3.056009538067973,3.056009538067973,3.0261948108673096,3.0261948108673096,2257600,0.0,0.0,WFC
1994-09-21,3.0261948108673096,3.056009538067973,3.011287447266978,3.0261948108673096,2890400,0.0,0.0,WFC
1994-09-22,3.056009774114571,3.0709171388663496,3.0261950446110144,3.041102409362793,1931600,0.0,0.0,WFC
1994-09-23,3.041102174467641,3.056009538067973,3.0261948108673096,3.0261948108673096,2490000,0.0,0.0,WFC
1994-09-26,3.026193859519028,3.0560085773468018,3.026193859519028,3.0560085773468018,1326000,0.0,0.0,WFC
1994-09-27,3.026194336402475,3.056009058928608,2.981472252613276,2.9963796138763428,5514400,0.0,0.0,WFC
1994-09-28,2.9963791382194747,3.011286497116089,2.9963791382194747,3.011286497116089,1807600,0.0,0.0,WFC
1994-09-29,2.9963793754577632,3.0112867355346675,2.9516572952270503,2.9814720153808594,1827600,0.0,0.0,WFC
1994-09-30,2.9814712929003164,2.9814712929003164,2.9516565799713135,2.9516565799713135,1278800,0.0,0.0,WFC
1994-10-03,2.9516587552336073,2.966566122684282,2.8771219179802334,2.892029285430908,2841200,0.0,0.0,WFC
1994-10-04,2.892028828671104,2.892028828671104,2.8174920031898902,2.832399368286133,3568800,0.0,0.0,WFC
1994-10-05,2.8473071830788834,2.906936652881583,2.8323998156282086,2.892029285430908,5152800,0.0,0.0,WFC
1994-10-06,2.8771216869354244,2.892029053188976,2.862214320681873,2.877121686935425,1888400,0.0,0.0,WFC
1994-10-07,2.8771216869354244,2.9367511519496303,2.862214320681873,2.877121686935425,3869600,0.0,0.0,WFC
1994-10-10,2.8771192902669855,2.892026644102566,2.832397228760245,2.847304582595825,2311600,0.0,0.0,WFC
1994-10-11,2.877120494842529,2.9069352149963374,2.8174910545349117,2.817491054534912,4223200,0.0,0.0,WFC
1994-10-12,2.8473067088004873,2.9069361686706543,2.8323993438329453,2.9069361686706543,1683200,0.0,0.0,WFC
1994-10-13,2.9218430519104004,2.936750414420147,2.9069356894006533,2.9218430519104004,1356400,0.0,0.0,WFC
1994-10-14,2.9069345105778086,2.9516565799713135,2.892027154113307,2.9516565799713135,999600,0.0,0.0,WFC
1994-10-17,2.936750643217384,2.981472734230847,2.936750643217384,2.9665653705596924,1162800,0.0,0.0,WFC
1994-10-18,2.9516580068885383,2.981472734230847,2.9516580068885383,2.9665653705596924,2948400,0.0,0.0,WFC
1994-10-19,2.9218432795462297,2.981472734230847,2.9069359158750756,2.9665653705596924,4670000,0.0,0.0,WFC
1994-10-20,2.951657534855876,2.966564896143027,2.9218428122815743,2.9367501735687256,2802800,0.0,0.0,WFC
1994-10-21,2.9218440203322578,2.9218440203322578,2.8771219179802334,2.892029285430908,4618800,0.0,0.0,WFC
1994-10-24,2.89202809582154,2.936750179777543,2.862213373184204,2.862213373184204,2009600,0.0,0.0,WFC
1994-10-25,2.8473060118655367,2.877120734502872,2.832398650546869,2.862213373184204,1428800,0.0,0.0,WFC
1994-10-26,2.877120494842529,2.892027854919433,2.8174910545349117,2.817491054534912,3563200,0.0,0.0,WFC
1994-10-27,2.8323993438329453,2.9069361686706543,2.8323993438329453,2.9069361686706543,2550800,0.0,0.0,WFC
1994-10-28,2.9218425750732417,2.981472015380859,2.9069352149963374,2.9814720153808594,2429200,0.0,0.0,WFC
1994-10-31,2.9916946863641543,3.006728328004175,2.9465937614440914,2.946593761444092,1284800,0.0525,0.0,WFC
1994-11-01,2.96162708841189,2.9916943684972894,2.9390766283478396,2.97666072845459,1802800,0.0,0.0,WFC
1994-11-02,2.9465946393135267,2.97666193155142,2.9165273470756334,2.93156099319458,3588000,0.0,0.0,WFC
1994-11-03,2.90149450302124,2.9315618035706827,2.8864608527465188,2.9014945030212402,1642400,0.0,0.0,WFC
1994-11-04,2.9315606900986206,2.9315606900986206,2.8263251781463623,2.8263251781463623,947200,0.0,0.0,WFC
1994-11-07,2.8413588227109705,2.8413588227109705,2.796257889017146,2.8263251781463623,1580800,0.0,0.0,WFC
1994-11-08,2.8263253969015536,2.9465945627271517,2.811291751173354,2.916527271270752,2476400,0.0,0.0,WFC
1994-11-09,2.931561004370451,2.9465946505467095,2.8263254811366396,2.886460065841675,1314800,0.0,0.0,WFC
1994-11-10,2.8864597564047956,2.8864597564047956,2.811291533581754,2.8263251781463623,1091200,0.0,0.0,WFC
1994-11-11,2.811290419229897,2.8263240578354045,2.751155864807867,2.7962567806243896,2167600,0.0,0.0,WFC
1994-11-14,2.811290419229897,2.8563913350464194,2.7661895034133743,2.7962567806243896,3805600,0.0,0.0,WFC
1994-11-15,2.7962587812672495,2.8112924306289013,2.7210905344589897,2.7661914825439453,2326800,0.0,0.0,WFC
1994-11-16,2.78122304560064,2.826323959853623,2.721088493263329,2.7361221313476562,1161200,0.0,0.0,WFC
1994-11-17,2.7661914825439453,2.781225131905597,2.7210905344589897,2.7661914825439453,3400800,0.0,0.0,WFC
1994-11-18,2.7661906984117297,2.7661906984117297,2.691022472911411,2.7060561180114746,2895600,0.0,0.0,WFC
1994-11-21,2.736122602857025,2.736122602857025,2.6910216808319096,2.691021680831909,1509600,0.0,0.0,WFC
1994-11-22,2.706054901254588,2.7210885395948914,2.6158530712127686,2.6158530712127686,3322800,0.0,0.0,WFC
1994-11-23,2.5857862060134473,2.7812235355377197,2.5406852838155385,2.7812235355377197,4909200,0.0,0.0,WFC
1994-11-25,2.7812231420188818,2.811290419229897,2.7661895034133743,2.7962567806243896,473200,0.0,0.0,WFC
1994-11-28,2.7962571655571797,2.7962571655571797,2.6609543994818323,2.691021680831909,1741600,0.0,0.0,WFC
1994-11-29,2.706054855179001,2.751155769431984,2.675987579010345,2.7361221313476562,1598000,0.0,0.0,WFC
1994-11-30,2.7361221779351945,2.7361221779351945,2.600819432872465,2.6158530712127686,4218400,0.0,0.0,WFC
1994-12-01,2.600821689741146,2.6308889925127197,2.5256534328122107,2.540687084197998,4191600,0.0,0.0,WFC
1994-12-02,2.5406852689656345,2.645920753479004,2.525651628320867,2.645920753479004,6084400,0.0,0.0,WFC
1994-12-05,2.645922092909224,2.691023037674722,2.6308884446540577,2.6759893894195557,2496000,0.0,0.0,WFC
1994-12-06,2.675989389419556,2.691023037674722,2.645922092909224,2.6759893894195557,2062000,0.0,0.0,WFC
1994-12-07,2.6459215376112195,2.7210897631115385,2.6459215376112195,2.7060561180114746,2602800,0.0,0.0,WFC
1994-12-08,2.6759893153346863,2.7060566110126043,2.6158547239788508,2.6609556674957275,2681600,0.0,0.0,WFC
1994-12-09,2.6459207588067937,2.6910216808319096,2.6158534774567164,2.691021680831909,1684800,0.0,0.0,WFC
1994-12-12,2.6759888278113473,2.7060561180114746,2.630887892511156,2.7060561180114746,1914800,0.0,0.0,WFC
1994-12-13,2.691022472911411,2.7661906984117297,2.691022472911411,2.7060561180114746,3678800,0.0,0.0,WFC
1994-12-14,2.706055331874538,2.8112908170029924,2.6910216911419016,2.7812235355377197,3049200,0.0,0.0,WFC
1994-12-15,2.7812231420188818,2.841357696440912,2.7812231420188818,2.7962567806243896,3000800,0.0,0.0,WFC
1994-12-16,2.841357696440912,2.8563913350464194,2.796256780624389,2.7962567806243896,4442400,0.0,0.0,WFC
1994-12-19,2.7812242444525372,2.8413588227109705,2.7812242444525372,2.8263251781463623,972800,0.0,0.0,WFC
1994-12-20,2.8263240578354045,2.841357696440912,2.796256780624389,2.7962567806243896,1774800,0.0,0.0,WFC
1994-12-21,2.8112903217692953,2.8563912360222785,2.7361221313476562,2.7361221313476562,1762000,0.0,0.0,WFC
1994-12-22,2.7361230059881896,2.7511566488782346,2.6609547915379643,2.7210893630981445,2298800,0.0,0.0,WFC
1994-12-23,2.7210892836252847,2.7962574958801265,2.7210892836252847,2.7511565685272217,1391600,0.0,0.0,WFC
1994-12-27,2.7661914825439453,2.781225131905597,2.706056885097338,2.7661914825439453,872400,0.0,0.0,WFC
1994-12-28,2.7511573462562766,2.8263255797605464,2.7511573462562766,2.8112919330596924,1168000,0.0,0.0,WFC
1994-12-29,2.7962587812672495,2.8112924306289013,2.7661914825439453,2.7661914825439453,1762800,0.0,0.0,WFC
1994-12-30,2.7661909929571307,2.8263255797605464,2.7511573462562766,2.8112919330596924,1915600,0.0,0.0,WFC
1995-01-03,2.7661895034133743,2.796256780624389,2.751155864807867,2.7962567806243896,1245200,0.0,0.0,WFC
1995-01-04,2.7812238534291582,2.8112911383310952,2.736122926076253,2.7511565685272217,1427200,0.0,0.0,WFC
1995-01-05,2.7812235355377197,2.8112908170029924,2.751156254072447,2.7812235355377197,3066800,0.0,0.0,WFC
1995-01-06,2.7661895034133743,2.8263240578354045,2.7661895034133743,2.7962567806243896,1538400,0.0,0.0,WFC
1995-01-09,2.7812238534291582,2.7812238534291582,2.7511565685272217,2.7511565685272217,810000,0.0,0.0,WFC
1995-01-10,2.7511565685272217,2.7812238534291582,2.736122926076253,2.7511565685272217,1624000,0.0,0.0,WFC
1995-01-11,2.76619021097819,2.7812238534291582,2.7210892836252847,2.7511565685272217,1147600,0.0,0.0,WFC
1995-01-12,2.7511578331822935,2.7962587812672495,2.7361241838206416,2.7661914825439453,792800,0.0,0.0,WFC
1995-01-13,2.796257889017146,2.8413588227109705,2.751156955323321,2.8263251781463623,2256800,0.0,0.0,WFC
1995-01-16,2.79625895109819,2.9165281532959613,2.79625895109819,2.9014945030212402,3164400,0.0,0.0,WFC
1995-01-17,2.8864590310301455,2.901492671816761,2.8563917494569147,2.8714253902435303,1868400,0.0,0.0,WFC
1995-01-18,2.8714272260665896,2.886460876464844,2.8413599252700807,2.856393575668335,1102400,0.0,0.0,WFC
1995-01-19,2.8563918260039474,2.871425467193442,2.8263245436249584,2.841358184814453,1175600,0.0,0.0,WFC
1995-01-20,2.8413588227109705,2.856392467275579,2.8263251781463623,2.8263251781463623,1613200,0.0,0.0,WFC
1995-01-23,2.79625895109819,2.9315618035706827,2.79625895109819,2.9014945030212402,2058800,0.0,0.0,WFC
1995-01-24,2.886460065841675,2.931561004370451,2.871426419665416,2.886460065841675,2172000,0.0,0.0,WFC
1995-01-25,2.9014936255425523,2.9315609169989516,2.8864599798143526,2.916527271270752,3462400,0.0,0.0,WFC
1995-01-26,2.9014936255425523,2.916527271270752,2.9014936255425523,2.916527271270752,1512400,0.0,0.0,WFC
1995-01-27,2.93156099319458,2.9465946393135267,2.9165273470756334,2.93156099319458,3312800,0.0,0.0,WFC
1995-01-30,2.9267083050049454,2.941872596740722,2.8963797215333917,2.9418725967407227,725200,0.0525,0.0,WFC
1995-01-31,2.9267083766559763,2.941872668763002,2.8963797924419246,2.91154408454895,1300400,0.0,0.0,WFC
1995-02-01,2.9115437446756567,2.926708035012509,2.8508865833282475,2.850886583328247,2906400,0.0,0.0,WFC
1995-02-02,2.850885895534336,2.896378755569458,2.8357216088559616,2.896378755569458,2109200,0.0,0.0,WFC
1995-02-03,2.92670723645374,3.017692953649193,2.92670723645374,3.002528667449951,4176400,0.0,0.0,WFC
1995-02-06,2.9873658855955805,3.0176944732666016,2.97220159176007,3.0176944732666016,2689600,0.0,0.0,WFC
1995-02-07,3.017692953649193,3.017692953649193,2.9722000950514667,3.002528667449951,1348000,0.0,0.0,WFC
1995-02-08,2.9873646813995984,3.002528969122439,2.957036105953917,2.972200393676758,905600,0.0,0.0,WFC
1995-02-09,2.9722012642102364,2.987365556374574,2.9115440955528844,2.9570369720458984,1358000,0.0,0.0,WFC
1995-02-10,2.9722011802122763,2.9722011802122763,2.8963797215333917,2.9418725967407227,1068000,0.0,0.0,WFC
1995-02-13,2.9418726798815604,2.9722012642102364,2.9267083877172224,2.9570369720458984,1050400,0.0,0.0,WFC
1995-02-14,2.972202063842141,2.972202063842141,2.896380582621678,2.9267091751098633,1842800,0.0,0.0,WFC
1995-02-15,2.9418726798815604,2.987365556374574,2.8963798033885464,2.9570369720458984,1548400,0.0,0.0,WFC
1995-02-16,2.9873658855955805,3.032858767102112,2.97220159176007,3.0176944732666016,2546400,0.0,0.0,WFC
1995-02-17,3.002529079914093,3.0328576564788823,2.9873647916316988,3.032857656478882,1956400,0.0,0.0,WFC
1995-02-21,3.0176932568452797,3.048021832290961,2.957036105953917,2.972200393676758,919600,0.0,0.0,WFC
1995-02-22,2.9722000950514667,3.0328572398484357,2.9722000950514667,3.002528667449951,935200,0.0,0.0,WFC
1995-02-23,3.063186233043671,3.0783505213260653,3.017693368196488,3.032857656478882,1400400,0.0,0.0,WFC
1995-02-24,3.048022355183516,3.063186645507812,3.0176937745349237,3.0631866455078125,1067200,0.0,0.0,WFC
1995-02-27,3.0480219447612766,3.0783505213260653,3.0328576564788823,3.032857656478882,944400,0.0,0.0,WFC
1995-02-28,3.063186745041782,3.123843908309936,3.0480224542247436,3.1238439083099365,2440800,0.0,0.0,WFC
1995-03-01,3.1238436034092536,3.1693364714200682,3.0935150247353773,3.15417218208313,3861200,0.0,0.0,WFC
1995-03-02,3.139007892746192,3.184500760757006,3.1238436034092536,3.15417218208313,1419600,0.0,0.0,WFC
1995-03-03,3.139008595303791,3.139008595303791,3.0783514243800463,3.108680009841919,1475600,0.0,0.0,WFC
1995-03-06,3.1086796174928977,3.123843908309936,3.0480224542247436,3.1238439083099365,1619200,0.0,0.0,WFC
1995-03-07,3.123844618867771,3.123844618867771,3.048023147536029,3.0783517360687256,1780000,0.0,0.0,WFC
1995-03-08,3.0783506092147443,3.0783506092147443,3.0328577430687136,3.0480220317840576,1633600,0.0,0.0,WFC
1995-03-09,3.03285806485922,3.078350935832108,3.03285806485922,3.0631866455078125,1659200,0.0,0.0,WFC
1995-03-10,3.0783507353984394,3.15417218208313,3.0631864460615015,3.15417218208313,1861600,0.0,0.0,WFC
1995-03-13,3.1541728880347275,3.1541728880347275,3.0783514243800463,3.108680009841919,851200,0.0,0.0,WFC
1995-03-14,3.108680009841919,3.139008595303791,3.0631871316491104,3.108680009841919,1409200,0.0,0.0,WFC
1995-03-15,3.108679097890854,3.108679097890854,3.017693368196488,3.032857656478882,3789200,0.0,0.0,WFC
1995-03-16,3.048022052820991,3.093514919281006,3.017693475180981,3.093514919281006,3996800,0.0,0.0,WFC
1995-03-17,3.1086791866454315,3.1086791866454315,3.048022031784057,3.0480220317840576,2259200,0.0,0.0,WFC
1995-03-20,3.0480219447612766,3.063186233043671,3.017693368196488,3.032857656478882,1912800,0.0,0.0,WFC
1995-03-21,3.0328576564788823,3.063186233043671,3.017693368196488,3.032857656478882,1077200,0.0,0.0,WFC
1995-03-22,3.0328576564788823,3.0480219447612766,3.002529079914093,3.032857656478882,736400,0.0,0.0,WFC
1995-03-23,3.0176931044777033,3.040439534913465,2.957035956649006,2.9873645305633545,2148400,0.0,0.0,WFC
1995-03-24,3.002530179431091,3.0480230609376227,2.97220159176007,3.0176944732666016,3902800,0.0,0.0,WFC
1995-03-27,3.0328576564788823,3.0480219447612766,3.017693368196488,3.032857656478882,1180000,0.0,0.0,WFC
1995-03-28,3.0328576564788823,3.0328576564788823,3.017693368196488,3.032857656478882,1489600,0.0,0.0,WFC
1995-03-29,3.0328577640009864,3.123843496921016,3.0328577640009864,3.093514919281006,2458800,0.0,0.0,WFC
1995-03-30,3.139008913134119,3.139008913134119,3.063187441802377,3.0783517360687256,1284000,0.0,0.0,WFC
1995-03-31,3.0783517360687256,3.093516030335074,3.048023147536029,3.0783517360687256,1470800,0.0,0.0,WFC
1995-04-03,3.078350630461001,3.1390077857410206,3.063186341640996,3.093514919281006,1472000,0.0,0.0,WFC
1995-04-04,3.1086796174928977,3.139008199126975,3.1086796174928977,3.1238439083099365,1240400,0.0,0.0,WFC
1995-04-05,3.1238436034092536,3.1693364714200682,3.1086793140723157,3.15417218208313,1670000,0.0,0.0,WFC
1995-04-06,3.1693358702479664,3.214828729629516,3.1541715837874498,3.2148287296295166,2180400,0.0,0.0,WFC
1995-04-07,3.2148274885159784,3.2451560497283936,3.1844989273035638,3.2451560497283936,2114800,0.0,0.0,WFC
1995-04-10,3.2148312753975676,3.229995573866424,3.1541740815221417,3.199666976928711,1503200,0.0,0.0,WFC
1995-04-11,3.1996650500939445,3.2148293394308824,3.139007892746192,3.15417218208313,1040400,0.0,0.0,WFC
1995-04-12,3.184500694274903,3.1996649832952593,3.1390078272138324,3.1845006942749023,1764400,0.0,0.0,WFC
1995-04-13,3.2148312753975676,3.2148312753975676,3.1845026784598547,3.199666976928711,1058800,0.0,0.0,WFC
1995-04-17,3.199665205490186,3.199665205490186,3.1238437551231204,3.139008045196533,1678800,0.0,0.0,WFC
1995-04-18,3.15417218208313,3.1693364714200682,3.1086793140723157,3.15417218208313,1246800,0.0,0.0,WFC
1995-04-19,3.1541724899440133,3.1693367807610517,3.1086796174928977,3.1238439083099365,1474400,0.0,0.0,WFC
1995-04-20,3.1238437551231204,3.154172335269947,3.093515174976294,3.139008045196533,1175600,0.0,0.0,WFC
1995-04-21,3.1541728880347275,3.1541728880347275,3.0935157171109826,3.108680009841919,2546800,0.0,0.0,WFC
1995-04-24,3.0935150247353773,3.1996650500939445,3.0783507353984394,3.15417218208313,1843200,0.0,0.0,WFC
1995-04-25,3.139007892746192,3.184500760757006,3.0935150247353773,3.15417218208313,2295200,0.0,0.0,WFC
1995-04-26,3.154172504917857,3.169336795806885,3.139008214028829,3.1693367958068848,932800,0.0,0.0,WFC
1995-04-27,3.1390075539433675,3.2603218555450435,3.1390075539433675,3.260321855545044,2550400,0.0,0.0,WFC
1995-04-28,3.2299930160900328,3.2451573025505493,3.1996644431689996,3.2148287296295166,1534000,0.0,0.0,WFC
1995-05-01,3.2252239035171213,3.2405093248608043,3.133511375455023,3.148796796798706,1302800,0.0525,0.0,WFC
1995-05-02,3.1335119845775457,3.179368257522583,3.1335119845775457,3.179368257522583,2711600,0.0,0.0,WFC
1995-05-03,3.1793664176509067,3.2557934949982843,3.1640810021814314,3.2405080795288086,7277600,0.0,0.0,WFC
1995-05-04,3.271080698285784,3.347507817404611,3.225224426814488,3.31693696975708,3200800,0.0,0.0,WFC
1995-05-05,3.286366054305324,3.3322223248305143,3.286366054305324,3.3016514778137207,1808000,0.0,0.0,WFC
1995-05-08,3.3169349785809104,3.347505807876587,3.286364149285234,3.347505807876587,1281600,0.0,0.0,WFC
1995-05-09,3.34750721261308,3.39336347579956,3.286365528364439,3.3933634757995605,2863200,0.0,0.0,WFC
1995-05-10,3.3933642227037817,3.4545059204101562,3.3780787982771883,3.4545059204101562,7755200,0.0,0.0,WFC
1995-05-11,3.439219738986041,3.454505160048201,3.3780780547374,3.3933634757995605,2430800,0.0,0.0,WFC
1995-05-12,3.3933642227037817,3.4697913448367497,3.3780787982771883,3.4545059204101562,3072800,0.0,0.0,WFC
1995-05-15,3.4545048946804475,3.4545048946804475,3.439219474792481,3.4392194747924805,1381600,0.0,0.0,WFC
1995-05-16,3.4697907531962673,3.4697907531962673,3.3475073786342846,3.3780782222747803,5905600,0.0,0.0,WFC
1995-05-17,3.3780780547374,3.39336347579956,3.36279263367524,3.3933634757995605,2736000,0.0,0.0,WFC
1995-05-18,3.37807897580873,3.37807897580873,3.316937274889115,3.3322227001190186,1754800,0.0,0.0,WFC
1995-05-19,3.2405097837801335,3.3475077483389115,3.2405097837801335,3.3016514778137207,3319600,0.0,0.0,WFC
1995-05-22,3.316937274889115,3.3475081253489223,3.301651849659211,3.3322227001190186,1439200,0.0,0.0,WFC
1995-05-23,3.332222524997407,3.4545059204101562,3.3169371005708137,3.4545059204101562,2922400,0.0,0.0,WFC
1995-05-24,3.4545057841709683,3.4545057841709683,3.3933640888759067,3.4239349365234375,2647600,0.0,0.0,WFC
1995-05-25,3.408649065915276,3.423934487735524,3.3475073786342846,3.3780782222747803,1416800,0.0,0.0,WFC
1995-05-26,3.3780780547374,3.4086488968617203,3.36279263367524,3.3933634757995605,904400,0.0,0.0,WFC
1995-05-30,3.393363215128581,3.439219474792481,3.393363215128581,3.4392194747924805,888000,0.0,0.0,WFC
1995-05-31,3.439217727089768,3.469788551330566,3.4239323149693695,3.4697885513305664,1839200,0.0,0.0,WFC
1995-06-01,3.4392199233958594,3.4850761890411373,3.4086490796323403,3.4850761890411377,2478800,0.0,0.0,WFC
1995-06-02,3.454504384622945,3.56150230804047,3.4086481317297204,3.5309314727783203,3540400,0.0,0.0,WFC
1995-06-05,3.546216890409395,3.546216890409395,3.515646055147245,3.5309314727783203,2265200,0.0,0.0,WFC
1995-06-06,3.5309327658607454,3.5309327658607454,3.485076496174242,3.500361919403076,2323600,0.0,0.0,WFC
1995-06-07,3.4850761890411373,3.5156470328046563,3.469790767159378,3.4850761890411377,3180800,0.0,0.0,WFC
1995-06-08,3.485073963450965,3.5003593755713642,3.4545031392101673,3.4697885513305664,2058800,0.0,0.0,WFC
1995-06-09,3.4545053452776187,3.4850761890411373,3.347507392105303,3.4850761890411377,4322000,0.0,0.0,WFC
1995-06-12,3.4545048946804475,3.4545048946804475,3.4086486350165477,3.4392194747924805,2172800,0.0,0.0,WFC
1995-06-13,3.4545053452776187,3.500361610922897,3.4392199233958594,3.4850761890411377,2433600,0.0,0.0,WFC
1995-06-14,3.469788551330566,3.485073963450965,3.4239323149693695,3.4697885513305664,1540000,0.0,0.0,WFC
1995-06-15,3.469790767159378,3.4850761890411373,3.4392199233958594,3.4850761890411377,2098800,0.0,0.0,WFC
1995-06-16,3.485073963450965,3.485073963450965,3.439217727089768,3.4697885513305664,3182400,0.0,0.0,WFC
1995-06-19,3.4850761890411373,3.500361610922897,3.469790767159378,3.4850761890411377,1505200,0.0,0.0,WFC
1995-06-20,3.50036063751617,3.53093147277832,3.454504384622945,3.5309314727783203,3244800,0.0,0.0,WFC
1995-06-21,3.5309327658607454,3.5462181890895796,3.485076496174242,3.500361919403076,1968000,0.0,0.0,WFC
1995-06-22,3.515646457672119,3.5309318770533022,3.500361038290936,3.515646457672119,1984400,0.0,0.0,WFC
1995-06-23,3.5156464372070046,3.561502695083618,3.5156464372070046,3.561502695083618,2714800,0.0,0.0,WFC
1995-06-26,3.5462172757914137,3.5920735336680267,3.530931856499209,3.561502695083618,1976000,0.0,0.0,WFC
1995-06-27,3.546216890409395,3.56150230804047,3.53093147277832,3.5309314727783203,1969200,0.0,0.0,WFC
1995-06-28,3.5462172757914137,3.5767881143758222,3.530931856499209,3.561502695083618,2432000,0.0,0.0,WFC
1995-06-29,3.5615035799042936,3.5615035799042936,3.5309327337248573,3.546218156814575,2424400,0.0,0.0,WFC
1995-06-30,3.5615027158156685,3.5920735545780347,3.500361038290936,3.515646457672119,3081200,0.0,0.0,WFC
1995-07-03,3.515646457672119,3.5309318770533022,3.485075618909753,3.515646457672119,556800,0.0,0.0,WFC
1995-07-05,3.515647342631911,3.5309327658607454,3.485076496174242,3.500361919403076,1879200,0.0,0.0,WFC
1995-07-06,3.515646055147245,3.53093147277832,3.454504384622945,3.5309314727783203,1638800,0.0,0.0,WFC
1995-07-07,3.546217889988676,3.6073595777471015,3.546217889988676,3.592074155807495,3628800,0.0,0.0,WFC
1995-07-10,3.5767878576860594,3.622644112271778,3.5462170212955804,3.607358694076538,1387200,0.0,0.0,WFC
1995-07-11,3.6073599880577154,3.622645411735926,3.530932869666662,3.576789140701294,2655200,0.0,0.0,WFC
1995-07-12,3.5615037170230837,3.5767891407012944,3.5003620223102407,3.576789140701294,5097600,0.0,0.0,WFC
1995-07-13,3.5615024394908197,3.6073586940765385,3.5462170212955804,3.607358694076538,1801200,0.0,0.0,WFC
1995-07-14,3.5920744260837294,3.6226452722631652,3.5309327337248573,3.546218156814575,2073600,0.0,0.0,WFC
1995-07-17,3.5309318770533022,3.5309318770533022,3.485075618909753,3.515646457672119,1079200,0.0,0.0,WFC
1995-07-18,3.469791072945408,3.515647342631911,3.40864938003007,3.500361919403076,1468000,0.0,0.0,WFC
1995-07-19,3.4850766318184987,3.5462183271135603,3.3627932412283763,3.4239349365234375,3026000,0.0,0.0,WFC
1995-07-20,3.4239349365234375,3.439220360347203,3.3322223935808455,3.4239349365234375,5012800,0.0,0.0,WFC
1995-07-21,3.4239345015141,3.5309324546864156,3.4239345015141,3.4850761890411377,2178400,0.0,0.0,WFC
1995-07-24,3.500362193689937,3.500362193689937,3.4545059204101562,3.4545059204101562,2103600,0.0,0.0,WFC
1995-07-25,3.4545053452776187,3.500361610922897,3.4545053452776187,3.4850761890411377,2436800,0.0,0.0,WFC
1995-07-26,3.4850761890411373,3.5309324546864156,3.4850761890411373,3.4850761890411377,1804800,0.0,0.0,WFC
1995-07-27,3.515647342631911,3.5309327658607454,3.469791072945408,3.500361919403076,1757200,0.0,0.0,WFC
1995-07-28,3.515647618116531,3.515647618116531,3.4392204959835624,3.4545059204101562,1447200,0.0,0.0,WFC
1995-07-31,3.423935071556969,3.4545059204101562,3.3933642227037817,3.4545059204101562,2988400,0.0,0.0,WFC
1995-08-01,3.439220360347203,3.4545057841709683,3.3933640888759067,3.4239349365234375,2901600,0.0,0.0,WFC
1995-08-02,3.453536011856985,3.4689535833384895,3.345613011486454,3.376448154449463,5398400,0.06,0.0,WFC
1995-08-03,3.3301954356902237,3.3610305786132817,3.314777864228695,3.3610305786132812,3437200,0.0,0.0,WFC
1995-08-04,3.3918647766113286,3.422699910944159,3.361029642278498,3.391864776611328,2524400,0.0,0.0,WFC
1995-08-07,3.4226996994873873,3.4381172657012944,3.4072821332734797,3.438117265701294,1723200,0.0,0.0,WFC
1995-08-08,3.438119174114296,3.4689543236579214,3.4227015993424827,3.4535367488861084,5283200,0.0,0.0,WFC
1995-08-09,3.453536748886109,3.4843718984297345,3.453536748886109,3.4535367488861084,1649200,0.0,0.0,WFC
1995-08-10,3.4381187025705975,3.4997889931996666,3.4227011299133303,3.468953847885132,2587200,0.0,0.0,WFC
1995-08-11,3.4843699643430157,3.499787530556923,3.4226996994873873,3.438117265701294,2764400,0.0,0.0,WFC
1995-08-14,3.4381187025705975,3.4689538478851323,3.407283557256063,3.468953847885132,2394800,0.0,0.0,WFC
1995-08-15,3.4381187025705975,3.515206565856934,3.4227011299133303,3.468953847885132,1474000,0.0,0.0,WFC
1995-08-16,3.453536278378647,3.4843714237213135,3.4227011330359804,3.4843714237213135,5104800,0.0,0.0,WFC
1995-08-17,3.4843714205423995,3.515206565856934,3.4689538478851323,3.468953847885132,2207600,0.0,0.0,WFC
1995-08-18,3.4997889931996666,3.5306241385142014,3.4689538478851323,3.468953847885132,3098000,0.0,0.0,WFC
1995-08-21,3.499789477440349,3.5614597766022937,3.499789477440349,3.515207052230835,3254000,0.0,0.0,WFC
1995-08-22,3.5306232262067017,3.623128638247052,3.51520565753331,3.5922935009002686,2146000,0.0,0.0,WFC
1995-08-23,3.5922942037167758,3.5922942037167758,3.546041488647461,3.546041488647461,1874400,0.0,0.0,WFC
1995-08-24,3.561458363553485,3.5922935009002686,3.5460407948800934,3.5922935009002686,990400,0.0,0.0,WFC
1995-08-25,3.592292815951978,3.638545513153076,3.592292815951978,3.638545513153076,1421200,0.0,0.0,WFC
1995-08-28,3.6693811885646133,3.7618865966796875,3.6693811885646133,3.7618865966796875,4138400,0.0,0.0,WFC
1995-08-29,3.7927229194960335,3.7927229194960335,3.669382336748195,3.684799909591675,3883200,0.0,0.0,WFC
1995-08-30,3.6847989697674,3.7156341075897212,3.6693814008562393,3.7156341075897217,2377600,0.0,0.0,WFC
1995-08-31,3.7002165386785606,3.7310516765008823,3.6847989697674,3.7156341075897217,1567200,0.0,0.0,WFC
1995-09-01,3.715635540063489,3.7464706897735596,3.715635540063489,3.7464706897735596,1134800,0.0,0.0,WFC
1995-09-05,3.7464690286605085,3.7927217327180456,3.6847987565837923,3.7618865966796875,1743600,0.0,0.0,WFC
1995-09-06,3.761887558107454,3.8235578459452806,3.761887558107454,3.792722702026367,5037600,0.0,0.0,WFC
1995-09-07,3.7927203042166577,3.8081378664289205,3.7310500553676063,3.7773027420043945,3151600,0.0,0.0,WFC
1995-09-08,3.8081393241882324,3.8235568923023546,3.7773041879599876,3.8081393241882324,1974000,0.0,0.0,WFC
1995-09-11,3.7773051300669103,3.792722702026367,3.7541787721277253,3.792722702026367,2381200,0.0,0.0,WFC
1995-09-12,3.792722709717289,3.838975425689451,3.777305137726568,3.8235578536987305,3044800,0.0,0.0,WFC
1995-09-13,3.8235568687564037,3.8389744367755827,3.7618865966796875,3.7618865966796875,2403200,0.0,0.0,WFC
1995-09-14,3.808142414054717,3.8389775753021236,3.7927248334310137,3.838977575302124,2962400,0.0,0.0,WFC
1995-09-15,3.8698108224641707,3.885228395462036,3.8389756764684404,3.885228395462036,3611200,0.0,0.0,WFC
1995-09-18,3.854395155925827,3.854395155925827,3.7773072528073106,3.838977575302124,3170800,0.0,0.0,WFC
1995-09-19,3.8235599946784204,3.8389775753021236,3.7927248334310137,3.838977575302124,1615200,0.0,0.0,WFC
1995-09-20,3.869808901786804,3.869808901786804,3.8389737710952754,3.85439133644104,2413600,0.0,0.0,WFC
1995-09-21,3.8698127365495303,3.8698127365495303,3.808142414054717,3.838977575302124,1443600,0.0,0.0,WFC
1995-09-22,3.8235599946784204,3.8389775753021236,3.7927248334310137,3.838977575302124,1817600,0.0,0.0,WFC
1995-09-25,3.85439231639772,3.9314801627256744,3.823557177866538,3.916062593460083,2945600,0.0,0.0,WFC
1995-09-26,3.9314799308776855,3.9314799308776855,3.8852272258085363,3.9314799308776855,2609200,0.0,0.0,WFC
1995-09-27,3.9160625934600835,3.9314801627256744,3.8698098856633107,3.916062593460083,2236400,0.0,0.0,WFC
1995-09-28,3.931480899280563,4.00856876005077,3.9160633271265217,3.9931511878967285,3604400,0.0,0.0,WFC
1995-09-29,3.9931511915647064,4.039403908069317,3.9468984750600957,4.00856876373291,2148800,0.0,0.0,WFC
1995-10-02,4.039401952394716,4.054819517098513,3.946896564171936,3.9623141288757324,2421600,0.0,0.0,WFC
1995-10-03,3.962316043588646,3.993151187896729,3.931480899280563,3.9931511878967285,1762000,0.0,0.0,WFC
1995-10-04,3.9931511915647064,4.05482148023752,3.9623160472282994,4.00856876373291,1755600,0.0,0.0,WFC
1995-10-05,4.02398634320907,4.054821487601477,4.008568771012867,4.039403915405273,2054000,0.0,0.0,WFC
1995-10-06,4.023987293243408,4.0548224449157715,4.008569717407227,4.023987293243408,3537600,0.0,0.0,WFC
1995-10-09,3.9931504661722705,4.008568035539731,3.9623153274373495,3.9777328968048096,1450400,0.0,0.0,WFC
1995-10-10,3.97773289680481,3.9931504661722705,3.9006450499675074,3.9777328968048096,1892000,0.0,0.0,WFC
1995-10-11,3.9777314420789485,3.9777314420789485,3.931478750891984,3.9468963146209717,2129200,0.0,0.0,WFC
1995-10-12,3.962316054424257,4.039403915405273,3.962316054424257,4.039403915405273,1548000,0.0,0.0,WFC
1995-10-13,4.0548224449157715,4.070240020751953,4.023987293243408,4.023987293243408,1957600,0.0,0.0,WFC
1995-10-16,4.039405335241289,4.162745956164687,3.962317447164165,4.131910800933838,2936400,0.0,0.0,WFC
1995-10-17,4.131908909421125,4.208996762208833,4.131908909421125,4.17816162109375,3447600,0.0,0.0,WFC
1995-10-18,4.1935801452863615,4.224415293413467,4.116492274968597,4.147327423095703,3322800,0.0,0.0,WFC
1995-10-19,4.147326909437143,4.147326909437143,3.931480899280563,3.9931511878967285,3800000,0.0,0.0,WFC
1995-10-20,3.946896314620972,3.946896314620972,3.9006436234340076,3.9468963146209717,3188000,0.0,0.0,WFC
1995-10-23,3.946896314620972,3.946896314620972,3.8852260597050194,3.9468963146209717,2730000,0.0,0.0,WFC
1995-10-24,3.9468974372153336,3.9468974372153336,3.7464690517317427,3.8081393241882324,3206800,0.0,0.0,WFC
1995-10-25,3.7310516765008823,3.746469245412043,3.6231286941227574,3.7156341075897217,8158800,0.0,0.0,WFC
1995-10-26,3.7618882646285945,3.7618882646285945,3.607712516078242,3.7464706897735596,4362400,0.0,0.0,WFC
1995-10-27,3.7310516765008823,3.792721952145525,3.638546263033918,3.7156341075897217,4158800,0.0,0.0,WFC
1995-10-30,3.715634340047836,3.7310519099235533,3.669381630420685,3.700216770172119,5105600,0.0,0.0,WFC
1995-10-31,3.700215776087874,3.731050907555273,3.638545513153076,3.638545513153076,4356400,0.0,0.0,WFC
1995-11-01,3.6528471573626144,3.730567309646925,3.6373031269057523,3.7150232791900635,3055200,0.06,0.0,WFC
1995-11-02,3.7305677467994847,3.854920005026134,3.7305677467994847,3.8393759727478027,4592000,0.0,0.0,WFC
1995-11-03,3.8393759727478027,3.870464037304465,3.792743875912809,3.8393759727478027,4119600,0.0,0.0,WFC
1995-11-06,3.8860081695020203,4.0103604309260845,3.8860081695020203,3.9792723655700684,3543200,0.0,0.0,WFC
1995-11-07,3.9792734583991973,3.9948174953460693,3.91709731061171,3.9948174953460693,2189600,0.0,0.0,WFC
1995-11-08,3.9948174953460693,4.010361532292941,3.9637294214523258,3.9948174953460693,1618800,0.0,0.0,WFC
1995-11-09,3.9948155513176546,4.056991668847891,3.9948155513176546,4.041447639465332,2030800,0.0,0.0,WFC
1995-11-10,4.0103595807002135,4.056991668847891,3.963727492552537,4.041447639465332,1189600,0.0,0.0,WFC
1995-11-13,4.025903107138241,4.041447134578929,3.9170949150534238,3.9637269973754883,1594800,0.0,0.0,WFC
1995-11-14,3.9637280449153867,3.9792720764640745,3.932639981818011,3.948184013366699,987200,0.0,0.0,WFC
1995-11-15,3.9326405525207515,3.9326405525207515,3.886008451107462,3.932640552520752,2120800,0.0,0.0,WFC
1995-11-16,3.9637269973754883,4.010359079697553,3.924866928773768,3.9637269973754883,1821200,0.0,0.0,WFC
1995-11-17,3.9637269973754883,3.9792710248161764,3.932638942494112,3.9637269973754883,2420400,0.0,0.0,WFC
1995-11-20,3.9637280449153867,3.9792720764640745,3.917095950269323,3.948184013366699,1626000,0.0,0.0,WFC
1995-11-21,3.932638942494112,3.9792710248161764,3.932638942494112,3.9637269973754883,3914400,0.0,0.0,WFC
1995-11-22,3.9637279415130613,3.9637279415130613,3.886007785797119,3.886007785797119,5802000,0.0,0.0,WFC
1995-11-24,3.9170949150534238,3.9792710248161764,3.9170949150534238,3.9637269973754883,4503200,0.0,0.0,WFC
1995-11-27,3.9637283328920607,4.0103604309260845,3.9326402675360446,3.9792723655700684,3887600,0.0,0.0,WFC
1995-11-28,3.9792718996946834,4.056992053985596,3.9637278688365014,4.056992053985596,2207200,0.0,0.0,WFC
1995-11-29,4.056992528960109,4.056992528960109,3.9481843002140526,3.9792723655700684,3322000,0.0,0.0,WFC
1995-11-30,4.010361552238464,4.103625774383545,3.9948175152142844,4.103625774383545,5875600,0.0,0.0,WFC
1995-12-01,4.103625774383545,4.134713848431906,4.056993663311005,4.103625774383545,3267600,0.0,0.0,WFC
1995-12-04,4.134713633913836,4.243521887437884,4.119169597696114,4.212433815002441,3938000,0.0,0.0,WFC
1995-12-05,4.227974804329785,4.259062854361622,4.212430779313866,4.243518829345703,2359200,0.0,0.0,WFC
1995-12-06,4.259064867178026,4.32124099662588,4.227976802454099,4.305696964263916,2794400,0.0,0.0,WFC
1995-12-07,4.259063422679901,4.259063422679901,4.196887314319611,4.227975368499756,2420000,0.0,0.0,WFC
1995-12-08,4.227975368499756,4.227975368499756,4.165799260139465,4.227975368499756,2931200,0.0,0.0,WFC
1995-12-11,4.227976500313237,4.227976500313237,4.119168281555176,4.119168281555176,2256400,0.0,0.0,WFC
1995-12-12,4.103624630691414,4.1347126960754395,4.103624630691414,4.1347126960754395,1521200,0.0,0.0,WFC
1995-12-13,4.134713730988679,4.212433913902,4.134713730988679,4.196889877319336,1596400,0.0,0.0,WFC
1995-12-14,4.212433815002441,4.227977851220163,4.196889778784721,4.212433815002441,2493600,0.0,0.0,WFC
1995-12-15,4.212434013536871,4.212434013536871,4.119169791834948,4.1813459396362305,5548000,0.0,0.0,WFC
1995-12-18,4.103624250304025,4.150256344057479,4.041448125299418,4.119168281555176,3315200,0.0,0.0,WFC
1995-12-19,4.119166629218356,4.259062854361622,4.119166629218356,4.243518829345703,4286400,0.0,0.0,WFC
1995-12-20,4.2590649576115425,4.290153022995568,4.0880805979994,4.1347126960754395,3243600,0.0,0.0,WFC
1995-12-21,4.150256728767452,4.196888826843491,4.072536565307387,4.1347126960754395,2231200,0.0,0.0,WFC
1995-12-22,4.134712126371119,4.196888248572189,4.134712126371119,4.150256156921387,1145600,0.0,0.0,WFC
1995-12-26,4.165800094604492,4.18134412480824,4.150256064400744,4.165800094604492,1353200,0.0,0.0,WFC
1995-12-27,4.165800187471654,4.165800187471654,4.119168095820852,4.150256156921387,1599200,0.0,0.0,WFC
1995-12-28,4.150256156921387,4.196888248572189,4.134712126371119,4.150256156921387,1565200,0.0,0.0,WFC
1995-12-29,4.134713848431906,4.134713848431906,4.072537700335185,4.103625774383545,2766400,0.0,0.0,WFC
1996-01-02,4.119169911504245,4.119169911504245,4.025905687092828,4.0880818367004395,3491200,0.0,0.0,WFC
1996-01-03,4.088081737359365,4.119169811407725,4.072537700335185,4.103625774383545,2568000,0.0,0.0,WFC
1996-01-04,4.103623756995567,4.119167786378126,4.025903610082772,4.041447639465332,2606400,0.0,0.0,WFC
1996-01-05,4.010361649690925,4.0880818367004395,4.010361649690925,4.0880818367004395,3019200,0.0,0.0,WFC
1996-01-08,4.0880818367004395,4.103625874102342,4.025905687092828,4.0880818367004395,1520800,0.0,0.0,WFC
1996-01-09,4.088079762277695,4.103623791792058,4.025903644220239,4.076422214508057,3386000,0.0,0.0,WFC
1996-01-10,3.979270442839592,3.9948144680069344,3.792742140831486,3.8549182415008545,4187200,0.0,0.0,WFC
1996-01-11,3.854918805290671,3.9637269973754883,3.8082867229686066,3.9637269973754883,2956000,0.0,0.0,WFC
1996-01-12,3.9637294214523258,3.9948174953460693,3.8549211628242226,3.9948174953460693,2808000,0.0,0.0,WFC
1996-01-15,3.948183815792737,3.948183815792737,3.8704636619385497,3.9015517234802246,1744800,0.0,0.0,WFC
1996-01-16,3.9326413475585817,4.025905569239813,3.8549211628242226,3.9948174953460693,3180800,0.0,0.0,WFC
1996-01-17,3.979271703912306,4.010359764099121,3.9326396136320834,4.010359764099121,3096800,0.0,0.0,WFC
1996-01-18,4.041449134311979,4.056993169443948,3.8860087829922874,3.9170968532562256,2420000,0.0,0.0,WFC
1996-01-19,3.839376071467996,3.994816398248077,3.839376071467996,3.9792723655700684,3157600,0.0,0.0,WFC
1996-01-22,4.0103595807002135,4.056991668847891,3.963727492552537,4.041447639465332,2194400,0.0,0.0,WFC
1996-01-23,4.010360622037792,4.0414486888752945,3.9792725552002897,4.025904655456543,1824800,0.0,0.0,WFC
1996-01-24,4.056991668847891,4.056991668847891,4.0103595807002135,4.041447639465332,2429200,0.0,0.0,WFC
1996-01-25,4.025903794192528,4.025903794192528,3.979271703912306,4.010359764099121,2518400,0.0,0.0,WFC
1996-01-26,3.9792725552002897,4.0414486888752945,3.9792725552002897,4.025904655456543,1676000,0.0,0.0,WFC
1996-01-29,4.0103595807002135,4.07253569823045,3.979271521935096,4.041447639465332,2314800,0.0,0.0,WFC
1996-01-30,4.0725350975990295,4.2435193955898285,4.056991070508957,4.227975368499756,4110400,0.0,0.0,WFC
1996-01-31,4.226724295182661,4.304996967315674,4.226724295182661,4.304996967315674,5780400,0.06,0.0,WFC
1996-02-01,4.304996847666498,4.304996847666498,4.2423787117004395,4.2423787117004395,2090400,0.0,0.0,WFC
1996-02-02,4.258032152268771,4.273686682240347,4.179759502410889,4.179759502410889,1706400,0.0,0.0,WFC
1996-02-05,4.132795912496159,4.179759502410889,4.117141382524584,4.179759502410889,1996800,0.0,0.0,WFC
1996-02-06,4.179760167886923,4.2893418951348945,4.117142038030939,4.273687362670898,2320800,0.0,0.0,WFC
1996-02-07,4.258033450558889,4.367615193771801,4.258033450558889,4.3519606590271,3620400,0.0,0.0,WFC
1996-02-08,4.367616906659356,4.618089560804696,4.351962365775273,4.539816856384277,4556800,0.0,0.0,WFC
1996-02-09,4.508507251739502,4.555470868945122,4.430234556396802,4.508507251739502,2788400,0.0,0.0,WFC
1996-02-12,4.50850777461611,4.555471397268361,4.492853233732026,4.539816856384277,1884400,0.0,0.0,WFC
1996-02-13,4.539815453729269,4.602433597918639,4.508506381634584,4.555469989776611,2458400,0.0,0.0,WFC
1996-02-14,4.524160385131836,4.571123987745661,4.508505850927228,4.524160385131836,1299600,0.0,0.0,WFC
1996-02-15,4.414578557848096,4.492851227313489,4.414578557848096,4.47719669342041,1812800,0.0,0.0,WFC
1996-02-16,4.47719567258593,4.47719567258593,4.43023208161475,4.445886611938477,3260400,0.0,0.0,WFC
1996-02-20,4.383269309997559,4.430232909747533,4.367614776747567,4.383269309997559,2527600,0.0,0.0,WFC
1996-02-21,4.414577551291022,4.445886611938477,4.383268490643569,4.445886611938477,2294000,0.0,0.0,WFC
1996-02-22,4.461542800681232,4.586779089823161,4.461542800681232,4.57112455368042,3387600,0.0,0.0,WFC
1996-02-23,4.539815481394938,4.57112455368042,4.492851872966714,4.57112455368042,4350000,0.0,0.0,WFC
1996-02-26,4.5711245258239535,4.602433597918639,4.539815453729269,4.555469989776611,2379600,0.0,0.0,WFC
1996-02-27,4.539816856384277,4.555471397268361,4.492853233732026,4.539816856384277,3072000,0.0,0.0,WFC
1996-02-28,4.5711245258239535,4.633742670013323,4.539815453729269,4.555469989776611,2317200,0.0,0.0,WFC
1996-02-29,4.539815481394938,4.602433625965903,4.524160945252197,4.57112455368042,3281600,0.0,0.0,WFC
1996-03-01,4.586777210235596,4.602431739963363,4.47719550214123,4.586777210235596,2676000,0.0,0.0,WFC
1996-03-04,4.586775857311184,4.618084907531738,4.539812281980353,4.618084907531738,2173600,0.0,0.0,WFC
1996-03-05,4.586778255733284,4.633741855621338,4.586778255733284,4.633741855621338,2276000,0.0,0.0,WFC
1996-03-06,4.633740799418895,4.633740799418895,4.586777210235596,4.586777210235596,2191200,0.0,0.0,WFC
1996-03-07,4.5711239273124455,4.586778461310091,4.461542189328928,4.492851257324219,2300800,0.0,0.0,WFC
1996-03-08,4.320651531219482,4.43023327295331,4.289342462152675,4.320651531219482,4429200,0.0,0.0,WFC
1996-03-11,4.22672376527891,4.273687362670898,4.148451102958931,4.273687362670898,6292400,0.0,0.0,WFC
1996-03-12,4.211069232814914,4.304996427598891,4.148451102958931,4.273687362670898,4754400,0.0,0.0,WFC
1996-03-13,4.289344218925193,4.289344218925193,4.211071514200281,4.226726055145264,3094000,0.0,0.0,WFC
1996-03-14,4.242379743687428,4.3363069704849355,4.242379743687428,4.289343357086182,2102400,0.0,0.0,WFC
1996-03-15,4.304997054792994,4.383269728516503,4.2736879853035905,4.3519606590271,3826800,0.0,0.0,WFC
1996-03-18,4.430233091741175,4.492851227313489,4.3989240239550185,4.47719669342041,2648800,0.0,0.0,WFC
1996-03-19,4.5711239273124455,4.602432995307736,4.477196723326573,4.492851257324219,2654400,0.0,0.0,WFC
1996-03-20,4.524160660750477,4.539815195908783,4.414578914642334,4.414578914642334,3526400,0.0,0.0,WFC
1996-03-21,4.430233332750609,4.430233332750609,4.289342520048292,4.3519606590271,3530400,0.0,0.0,WFC
1996-03-22,4.398924379484027,4.414578914642334,4.320651703692497,4.414578914642334,3434800,0.0,0.0,WFC
1996-03-25,4.461544151963858,4.555471397268361,4.461544151963858,4.539816856384277,1579200,0.0,0.0,WFC
1996-03-26,4.508506381634584,4.555469989776611,4.508506381634584,4.555469989776611,1724800,0.0,0.0,WFC
1996-03-27,4.555469989776611,4.602433597918639,4.539815453729269,4.555469989776611,2778000,0.0,0.0,WFC
1996-03-28,4.539812281980353,4.618084907531738,4.524157756870076,4.618084907531738,3078400,0.0,0.0,WFC
1996-03-29,4.618088696278683,4.649397772185656,4.586779620371709,4.602434158325195,2921200,0.0,0.0,WFC
1996-04-01,4.618087883378351,4.680706024169922,4.618087883378351,4.680706024169922,2864000,0.0,0.0,WFC
1996-04-02,4.68070557753245,4.696360111236572,4.633741976420085,4.696360111236572,2409200,0.0,0.0,WFC
1996-04-03,4.6807054555093925,4.6807054555093925,4.586778255733284,4.633741855621338,3298800,0.0,0.0,WFC
1996-04-04,4.61808732232532,4.6807054555093925,4.61808732232532,4.633741855621338,2645200,0.0,0.0,WFC
1996-04-08,4.414578587335992,4.5085057913218645,4.414578587335992,4.492851257324219,3154000,0.0,0.0,WFC
1996-04-09,4.50850777461611,4.586780479036529,4.50850777461611,4.539816856384277,3989600,0.0,0.0,WFC
1996-04-10,4.508505730879934,4.524160264667712,4.4458875957288235,4.461542129516602,2352000,0.0,0.0,WFC
1996-04-11,4.461541976247515,4.461541976247515,4.304996643747602,4.383269309997559,4192400,0.0,0.0,WFC
1996-04-12,4.398925478259723,4.524161790808042,4.383270939191182,4.508507251739502,3676000,0.0,0.0,WFC
1996-04-15,4.571125082418221,4.618088696278683,4.52416146855776,4.602434158325195,2217200,0.0,0.0,WFC
1996-04-16,4.586779061871296,4.586779061871296,4.539815453729269,4.555469989776611,2728400,0.0,0.0,WFC
1996-04-17,4.539816329876581,4.539816329876581,4.461543634533882,4.508507251739502,1820800,0.0,0.0,WFC
1996-04-18,4.492852712670962,4.508507251739502,4.4458890954653425,4.508507251739502,2800800,0.0,0.0,WFC
1996-04-19,4.539815481394938,4.57112455368042,4.492851872966714,4.57112455368042,4150000,0.0,0.0,WFC
1996-04-22,4.602431739963363,4.649395329146662,4.586777210235596,4.586777210235596,2260400,0.0,0.0,WFC
1996-04-23,4.5711226805078295,4.602431739963363,4.539813621052296,4.586777210235596,1775200,0.0,0.0,WFC
1996-04-24,4.586779061871296,4.602433597918639,4.539815453729269,4.555469989776611,1190800,0.0,0.0,WFC
1996-04-25,4.508507251739502,4.539816329876581,4.414580017328262,4.508507251739502,1980400,0.0,0.0,WFC
1996-04-26,4.524160917681927,4.5711245258239535,4.524160917681927,4.555469989776611,2379200,0.0,0.0,WFC
1996-04-29,4.4771973095399,4.5711245258239535,4.4771973095399,4.555469989776611,1309600,0.0,0.0,WFC
1996-04-30,4.508505850927228,4.555469453541053,4.477196782518011,4.524160385131836,1592800,0.0,0.0,WFC
1996-05-01,4.49285131672262,4.524160385131836,4.49285131672262,4.524160385131836,1327200,0.0,0.0,WFC
1996-05-02,4.430233790125658,4.477197399208261,4.304997499238713,4.336306571960449,2076000,0.0,0.0,WFC
1996-05-03,4.351960243497576,4.414578376497541,4.336305710247585,4.383269309997559,2834000,0.0,0.0,WFC
1996-05-06,4.289342462152675,4.336306065752886,4.211069789485655,4.320651531219482,2446400,0.0,0.0,WFC
1996-05-07,4.273687927619271,4.336306065752886,4.195415254952251,4.320651531219482,4112000,0.0,0.0,WFC
1996-05-08,4.275842664929047,4.449400854280411,4.260064647715287,4.43362283706665,2878800,0.0675,0.0,WFC
1996-05-09,4.417844772338867,4.465178823471069,4.4020667552948,4.417844772338867,2477200,0.0,0.0,WFC
1996-05-10,4.480955123901367,4.480955123901367,4.43362109090241,4.480955123901367,2366000,0.0,0.0,WFC
1996-05-13,4.4809562271065,4.528290271759033,4.449400197338144,4.528290271759033,1624800,0.0,0.0,WFC
1996-05-14,4.544068716622733,4.575624749377057,4.4809566511140835,4.512512683868408,2105600,0.0,0.0,WFC
1996-05-15,4.575624316411567,4.575624316411567,4.4809562271065,4.528290271759033,2087600,0.0,0.0,WFC
1996-05-16,4.449400618359759,4.544068716622733,4.449400618359759,4.512512683868408,2158800,0.0,0.0,WFC
1996-05-17,4.559847787022591,4.559847787022591,4.512513726949692,4.544069766998291,1660000,0.0,0.0,WFC
1996-05-20,4.559847787022591,4.59140382707119,4.528291746973991,4.544069766998291,2594400,0.0,0.0,WFC
1996-05-21,4.544069766998291,4.59140382707119,4.512513726949692,4.544069766998291,2141600,0.0,0.0,WFC
1996-05-22,4.528289527827522,4.607179589287932,4.528289527827522,4.59140157699585,2268400,0.0,0.0,WFC
1996-05-23,4.591402911809902,4.654514979326189,4.544068861172686,4.559846878051758,2787200,0.0,0.0,WFC
1996-05-24,4.544068628427934,4.654514740924446,4.544068628427934,4.638736724853516,2214400,0.0,0.0,WFC
1996-05-28,4.654514390832456,4.6702924057166335,4.528290271759033,4.528290271759033,2903600,0.0,0.0,WFC
1996-05-29,4.528290271759033,4.575624316411567,4.496734241990677,4.528290271759033,2822800,0.0,0.0,WFC
1996-05-30,4.512511199817323,4.544067222193668,4.480955177440978,4.49673318862915,4082400,0.0,0.0,WFC
1996-05-31,4.496733834666591,4.496733834666591,4.386287740481797,4.402065753936768,2812000,0.0,0.0,WFC
1996-06-03,4.33895468711853,4.433622789382935,4.323176670074463,4.417844772338867,2824400,0.0,0.0,WFC
1996-06-04,4.496734953941183,4.512512971323432,4.433622884412183,4.449400901794434,3746400,0.0,0.0,WFC
1996-06-05,4.465178919176683,4.480956936558933,4.417844867029934,4.449400901794434,2418000,0.0,0.0,WFC
1996-06-06,4.496734667491245,4.544068716622733,4.4809566511140835,4.512512683868408,8765600,0.0,0.0,WFC
1996-06-07,4.323176670074463,4.417844772338867,4.323176670074463,4.417844772338867,1486800,0.0,0.0,WFC
1996-06-10,4.417843715750056,4.417843715750056,4.3705096759384485,4.386287689208984,1914400,0.0,0.0,WFC
1996-06-11,4.386287740481797,4.46517780775665,4.3705097270268265,4.402065753936768,2834000,0.0,0.0,WFC
1996-06-12,4.41784414573697,4.449400175349377,4.354732086512156,4.370510101318359,2882000,0.0,0.0,WFC
1996-06-13,4.386288116124563,4.402066130930766,4.323176056899749,4.370510101318359,2818000,0.0,0.0,WFC
1996-06-14,4.386287689208984,4.417843715750056,4.354731662667913,4.386287689208984,4960800,0.0,0.0,WFC
1996-06-17,4.370511878145872,4.370511878145872,4.323177814483643,4.323177814483643,2032400,0.0,0.0,WFC
1996-06-18,4.307398042093546,4.386288116124563,4.291620027287342,4.370510101318359,3174400,0.0,0.0,WFC
1996-06-19,4.37050941488245,4.433621464194832,4.291619353241973,4.307397365570068,3349200,0.0,0.0,WFC
1996-06-20,4.307398270158207,4.307398270158207,4.16539612938376,4.291620254516602,5629200,0.0,0.0,WFC
1996-06-21,4.323176236170244,4.323176236170244,4.228508143407392,4.275842189788818,4662000,0.0,0.0,WFC
1996-06-24,4.275843750821413,4.338955835704386,4.26006572960067,4.323177814483643,4792000,0.0,0.0,WFC
1996-06-25,4.354732086512156,4.370510101318359,4.3389540717059525,4.370510101318359,2393600,0.0,0.0,WFC
1996-06-26,4.370511878145872,4.3862898993666155,4.291621772042156,4.323177814483643,1428800,0.0,0.0,WFC
1996-06-27,4.323175636126841,4.386287689208984,4.291619609585768,4.386287689208984,1892400,0.0,0.0,WFC
1996-06-28,4.386287740481797,4.402065753936768,4.354731713571856,4.402065753936768,2948400,0.0,0.0,WFC
1996-07-01,4.4020667552948,4.433622789382935,4.3705107212066645,4.417844772338867,2287200,0.0,0.0,WFC
1996-07-02,4.4178459418081015,4.4178459418081015,4.307399793262899,4.323177814483643,3456800,0.0,0.0,WFC
1996-07-03,4.307397992714591,4.370510051215904,4.244285934213279,4.354732036590576,3676400,0.0,0.0,WFC
1996-07-05,4.228507466977009,4.275841505786453,4.196951441104046,4.212729454040527,1210800,0.0,0.0,WFC
1996-07-08,4.149618482589721,4.1811745166778564,4.070728397369384,4.1022844314575195,2139600,0.0,0.0,WFC
1996-07-09,4.11806137642164,4.24428547991349,4.11806137642164,4.212729454040527,2448400,0.0,0.0,WFC
1996-07-10,4.196952533721924,4.275842618942261,4.1811745166778564,4.260064601898193,1767600,0.0,0.0,WFC
1996-07-11,4.2600662599910395,4.275844283176191,4.1022860281395195,4.165398120880127,3834400,0.0,0.0,WFC
1996-07-12,4.1338396072387695,4.212729676079205,4.118061593470683,4.1338396072387695,1723200,0.0,0.0,WFC
1996-07-15,4.1496171951293945,4.196951231575738,4.118061170831832,4.1496171951293945,1862000,0.0,0.0,WFC
1996-07-16,4.1496171951293945,4.228507255873299,4.039171110087928,4.1496171951293945,2919600,0.0,0.0,WFC
1996-07-17,4.196951441104046,4.228507466977009,4.149617402294602,4.212729454040527,2048800,0.0,0.0,WFC
1996-07-18,4.228508191950181,4.354732317083022,4.228508191950181,4.291620254516602,3833200,0.0,0.0,WFC
1996-07-19,4.323176236170244,4.323176236170244,4.244286158867868,4.275842189788818,4328800,0.0,0.0,WFC
1996-07-22,4.275843486857059,4.275843486857059,4.228509426116943,4.228509426116943,1575200,0.0,0.0,WFC
1996-07-23,4.244287310906176,4.244287310906176,4.149619192447303,4.181175231933594,5106000,0.0,0.0,WFC
1996-07-24,4.133842074509823,4.212732190435583,4.1022860281395195,4.165398120880127,2903200,0.0,0.0,WFC
1996-07-25,4.165397345130123,4.244287446363648,4.165397345130123,4.228509426116943,3886800,0.0,0.0,WFC
1996-07-26,4.244285316257686,4.307397365570068,4.1969512792734,4.307397365570068,2248400,0.0,0.0,WFC
1996-07-29,4.275842189788818,4.307398220709769,4.260064174328343,4.275842189788818,1243200,0.0,0.0,WFC
1996-07-30,4.307397673206945,4.402065753936768,4.307397673206945,4.402065753936768,1950800,0.0,0.0,WFC
1996-07-31,4.370509046903798,4.480955123901367,4.370509046903798,4.480955123901367,2735200,0.0,0.0,WFC
1996-08-01,4.449400759898255,4.583513903370366,4.449400759898255,4.559846878051758,1779200,0.0,0.0,WFC
1996-08-02,4.607179377530072,4.670291423797607,4.607179377530072,4.670291423797607,3796000,0.0,0.0,WFC
1996-08-05,4.63873758707961,4.63873758707961,4.5756255110649215,4.607181549072266,1876400,0.0,0.0,WFC
1996-08-06,4.5756255110649215,4.607181549072266,4.559847492061249,4.607181549072266,1860000,0.0,0.0,WFC
1996-08-07,4.625618002113629,4.673304785640573,4.593826813095665,4.657409191131592,3119200,0.0675,0.0,WFC
1996-08-08,4.641513414830969,4.736886978149414,4.641513414830969,4.736886978149414,2516400,0.0,0.0,WFC
1996-08-09,4.736887206132163,4.736887206132163,4.705096016829263,4.720991611480713,2305200,0.0,0.0,WFC
1996-08-12,4.68920185414445,4.752784252166748,4.68920185414445,4.752784252166748,1050400,0.0,0.0,WFC
1996-08-13,4.752782572035821,4.784573759808636,4.705095790376599,4.736886978149414,2180800,0.0,0.0,WFC
1996-08-14,4.768680076341371,4.768680076341371,4.705097675323486,4.705097675323486,2481200,0.0,0.0,WFC
1996-08-15,4.720993053155599,4.768679851672323,4.6733062546388755,4.752784252166748,1544800,0.0,0.0,WFC
1996-08-16,4.784575255088557,4.864053249359131,4.768679656234442,4.864053249359131,2490400,0.0,0.0,WFC
1996-08-19,4.832261332527536,4.8640525255046905,4.784574543061804,4.848156929016113,1175200,0.0,0.0,WFC
1996-08-20,4.864050419299633,4.895841598510742,4.832259240088525,4.895841598510742,1548000,0.0,0.0,WFC
1996-08-21,4.895843718481846,4.911739314970423,4.832261332527536,4.848156929016113,1942800,0.0,0.0,WFC
1996-08-22,4.864053493213964,4.895844692516016,4.848157893562938,4.87994909286499,2264800,0.0,0.0,WFC
1996-08-23,4.848156681186275,4.879947872538316,4.832261085510254,4.832261085510254,1429600,0.0,0.0,WFC
1996-08-26,4.832261332527536,4.848156929016113,4.784574543061804,4.848156929016113,1418400,0.0,0.0,WFC
1996-08-27,4.848154829694079,4.9276327777218505,4.848154829694079,4.895841598510742,1663200,0.0,0.0,WFC
1996-08-28,4.879949103667126,4.911740303039551,4.864053503980914,4.911740303039551,1109600,0.0,0.0,WFC
1996-08-29,4.895843718481846,4.895843718481846,4.816365736038958,4.848156929016113,2286000,0.0,0.0,WFC
1996-08-30,4.832262260969295,4.848157860511957,4.784575462341309,4.784575462341309,6231600,0.0,0.0,WFC
1996-09-03,4.720992835152228,4.832262026553122,4.673306038837559,4.80047082901001,2653600,0.0,0.0,WFC
1996-09-04,4.784575255088557,4.864053249359131,4.784575255088557,4.864053249359131,2482800,0.0,0.0,WFC
1996-09-05,4.832261332527536,4.911739314970423,4.816365736038958,4.848156929016113,3128000,0.0,0.0,WFC
1996-09-06,4.848157904294702,4.9594271020981875,4.848157904294702,4.911740303039551,2679600,0.0,0.0,WFC
1996-09-09,4.943532706835331,4.959428310394287,4.911741499717419,4.959428310394287,1487200,0.0,0.0,WFC
1996-09-10,4.943531502411975,4.9594271020981875,4.8958447033533385,4.911740303039551,2038400,0.0,0.0,WFC
1996-09-11,4.9117374711481325,4.943528652191162,4.879946290105102,4.943528652191162,2180400,0.0,0.0,WFC
1996-09-12,4.943528931611662,5.007111297291555,4.927633340191689,4.991215705871582,2052000,0.0,0.0,WFC
1996-09-13,5.086591502092202,5.181965092756431,5.086591502092202,5.134278297424316,2588400,0.0,0.0,WFC
1996-09-16,5.166070690806608,5.213757497183284,5.086592680178814,5.118383884429932,2148800,0.0,0.0,WFC
1996-09-17,5.1183831428503765,5.1183831428503765,5.023009543915276,5.038905143737793,1538000,0.0,0.0,WFC
1996-09-18,5.038905143737793,5.070696343382827,5.00711394409276,5.038905143737793,1430000,0.0,0.0,WFC
1996-09-19,5.023006969690323,5.102484928071499,5.007111378014088,5.086589336395264,1015600,0.0,0.0,WFC
1996-09-20,5.118380519747734,5.118380519747734,5.0547981530427935,5.086589336395264,2750000,0.0,0.0,WFC
1996-09-23,5.054800545727765,5.150174140930176,5.023009347326962,5.150174140930176,1032400,0.0,0.0,WFC
1996-09-24,5.118382942529372,5.181965339330979,5.086591744128569,5.150174140930176,2159600,0.0,0.0,WFC
1996-09-25,5.197860938531381,5.197860938531381,5.118382942529372,5.150174140930176,2872800,0.0,0.0,WFC
1996-09-26,5.1819679759098936,5.19786358319796,5.166072368621826,5.166072368621826,955600,0.0,0.0,WFC
1996-09-27,5.197860938531381,5.197860938531381,5.102487343328971,5.150174140930176,1212800,0.0,0.0,WFC
1996-09-30,5.134279025844269,5.213757029340311,5.118383425145061,5.1819658279418945,1373600,0.0,0.0,WFC
1996-10-01,5.197862399475915,5.340922832489014,5.197862399475915,5.340922832489014,3573600,0.0,0.0,WFC
1996-10-02,5.32502345079501,5.43629259752804,5.309127858404578,5.372710227966309,3309200,0.0,0.0,WFC
1996-10-03,5.356815814971924,5.3886070067521725,5.3409202190817995,5.356815814971924,3018400,0.0,0.0,WFC
1996-10-04,5.356816565084178,5.4998769481279695,5.356816565084178,5.4362945556640625,3741600,0.0,0.0,WFC
1996-10-07,5.388610124588013,5.404505729675293,5.356818914413452,5.404505729675293,3852400,0.0,0.0,WFC
1996-10-08,5.404502142847112,5.4203977373848975,5.356815359233755,5.388606548309326,1578800,0.0,0.0,WFC
1996-10-09,5.388605820356742,5.388605820356742,5.309127858404578,5.372710227966309,1846800,0.0,0.0,WFC
1996-10-10,5.340919043185443,5.388605820356742,5.32502345079501,5.372710227966309,1284400,0.0,0.0,WFC
1996-10-11,5.404505729675293,5.404505729675293,5.372714519500732,5.404505729675293,744400,0.0,0.0,WFC
1996-10-14,5.388606548309326,5.404502142847112,5.356815359233755,5.388606548309326,1562800,0.0,0.0,WFC
1996-10-15,5.388606548309326,5.388606548309326,5.293232981082612,5.388606548309326,2381600,0.0,0.0,WFC
1996-10-16,5.388606548309326,5.388606548309326,5.3250241701581835,5.388606548309326,1028400,0.0,0.0,WFC
1996-10-17,5.388607061291575,5.4521894454956055,5.340920273138552,5.4521894454956055,1810000,0.0,0.0,WFC
1996-10-18,5.515774245884107,5.531669848898183,5.483983039855957,5.483983039855957,1957600,0.0,0.0,WFC
1996-10-21,5.499878406524658,5.547565213517647,5.483982804193662,5.499878406524658,1280000,0.0,0.0,WFC
1996-10-22,5.468085041546614,5.483980637597621,5.404502657342583,5.4521894454956055,2852000,0.0,0.0,WFC
1996-10-23,5.4521894454956055,5.468085041546614,5.388607061291575,5.4521894454956055,2393200,0.0,0.0,WFC
1996-10-24,5.452192544937134,5.452192544937134,5.404505729675293,5.404505729675293,985600,0.0,0.0,WFC
1996-10-25,5.404502657342583,5.468085041546614,5.388607061291575,5.4521894454956055,1272800,0.0,0.0,WFC
1996-10-28,5.4680845209982545,5.4680845209982545,5.3727109537715405,5.388606548309326,2690000,0.0,0.0,WFC
1996-10-29,5.340922383214697,5.563460815848643,5.340922383214697,5.499878406524658,4228400,0.0,0.0,WFC
1996-10-30,5.515772819519043,5.515772819519043,5.483981621712017,5.515772819519043,1316400,0.0,0.0,WFC
1996-10-31,5.5157733153753465,5.587303516871569,5.5157733153753465,5.579355716705322,1632400,0.0,0.0,WFC
1996-11-01,5.595247940894184,5.627039122376537,5.515769987188301,5.547561168670654,2612000,0.0,0.0,WFC
1996-11-04,5.547560974955559,5.611143335700035,5.515769794583321,5.595247745513916,1856000,0.0,0.0,WFC
1996-11-05,5.658832320312158,5.7383103023390145,5.642936723906787,5.674727916717529,5856800,0.0,0.0,WFC
1996-11-06,5.66129474371252,5.693279459778692,5.613317669613261,5.6772871017456055,3881200,0.0675,0.0,WFC
1996-11-07,5.677287773897419,5.677287773897419,5.613318334191533,5.661295413970947,2915200,0.0,0.0,WFC
1996-11-08,5.66129205151752,5.66129205151752,5.549345598521411,5.581330299377441,4410800,0.0,0.0,WFC
1996-11-11,5.581333071079309,5.581333071079309,5.517363637599891,5.5493483543396,1800800,0.0,0.0,WFC
1996-11-12,5.533357060232827,5.533357060232827,5.469387614449789,5.501372337341309,3513600,0.0,0.0,WFC
1996-11-13,5.501369665384988,5.501369665384988,5.437400250671209,5.485377311706543,2003600,0.0,0.0,WFC
1996-11-14,5.453396425247193,5.597327709197998,5.43740406036377,5.597327709197998,2962800,0.0,0.0,WFC
1996-11-15,5.645299701089504,5.66129205151752,5.565337948949426,5.581330299377441,4454400,0.0,0.0,WFC
1996-11-18,5.581333354971875,5.581333354971875,5.405417403955569,5.565340995788574,2122800,0.0,0.0,WFC
1996-11-19,5.5653405825297035,5.773241236474779,5.5653405825297035,5.757248878479004,4088800,0.0,0.0,WFC
1996-11-20,5.757248891911037,5.757248891911037,5.629310027646347,5.6772871017456055,2882400,0.0,0.0,WFC
1996-11-21,5.725264853676833,5.725264853676833,5.661295413970947,5.661295413970947,3841600,0.0,0.0,WFC
1996-11-22,5.629309451941288,5.805225372314453,5.629309451941288,5.805225372314453,2654800,0.0,0.0,WFC
1996-11-25,5.805224240310793,5.933163066543538,5.757247180473514,5.901178359985352,3940400,0.0,0.0,WFC
1996-11-26,5.901178171827986,5.997132288443075,5.885185819058805,5.917170524597168,4145200,0.0,0.0,WFC
1996-11-27,5.949154921940395,5.949154921940395,5.821216106414795,5.821216106414795,2047200,0.0,0.0,WFC
1996-11-29,5.869195067308803,5.981141567230225,5.853202710177172,5.981141567230225,776000,0.0,0.0,WFC
1996-12-02,5.981144072231899,5.981144072231899,5.837212797766426,5.933166980743408,2696000,0.0,0.0,WFC
1996-12-03,5.933164223494937,5.981141292687618,5.789233015916892,5.805225372314453,1784000,0.0,0.0,WFC
1996-12-04,5.629310694118004,5.677287773897419,5.581333614338589,5.661295413970947,4433600,0.0,0.0,WFC
1996-12-05,5.629308223724365,5.645300576632674,5.581331164999442,5.629308223724365,2305200,0.0,0.0,WFC
1996-12-06,5.437399988824671,5.6612929295409815,5.405415283008056,5.629308223724365,2977600,0.0,0.0,WFC
1996-12-09,5.645302649680267,5.7732415199279785,5.645302649680267,5.7732415199279785,969200,0.0,0.0,WFC
1996-12-10,5.757248501817719,5.789233215716706,5.709271430969238,5.709271430969238,1534000,0.0,0.0,WFC
1996-12-11,5.501368547237364,5.597322649805458,5.501368547237364,5.581330299377441,2218400,0.0,0.0,WFC
1996-12-12,5.613318867461626,5.629311228907385,5.45339525300403,5.501372337341309,2336400,0.0,0.0,WFC
1996-12-13,5.453394219192148,5.5333560112624145,5.389424785535935,5.469386577606201,2386000,0.0,0.0,WFC
1996-12-16,5.5013729731241865,5.5493500630060835,5.373434066772461,5.373434066772461,3247200,0.0,0.0,WFC
1996-12-17,5.213509831317635,5.5493494216785875,5.213509831317635,5.501372337341309,2592800,0.0,0.0,WFC
1996-12-18,5.565341387180924,5.629310828412889,5.485379585640968,5.533356666564941,2321600,0.0,0.0,WFC
1996-12-19,5.581332940525479,5.757248878479004,5.581332940525479,5.757248878479004,1881200,0.0,0.0,WFC
1996-12-20,5.949155610540639,5.949155610540639,5.789232072622879,5.885186195373535,5680000,0.0,0.0,WFC
1996-12-23,5.885187154302256,5.885187154302256,5.741255946724211,5.805225372314453,1226000,0.0,0.0,WFC
1996-12-24,5.821217728712013,5.821217728712013,5.773240659519332,5.805225372314453,1053200,0.0,0.0,WFC
1996-12-26,5.821220001887754,5.853204727172852,5.821220001887754,5.853204727172852,932800,0.0,0.0,WFC
1996-12-27,5.853202441507134,5.853202441507134,5.789233015916892,5.805225372314453,696400,0.0,0.0,WFC
1996-12-30,5.805222695703665,5.853199742775596,5.773237997655711,5.7892303466796875,1042000,0.0,0.0,WFC
1996-12-31,5.789234024354781,5.821218742721382,5.565340995788574,5.565340995788574,1760800,0.0,0.0,WFC
1997-01-02,5.597326107796906,5.64530318872088,5.485379585640968,5.533356666564941,2258400,0.0,0.0,WFC
1997-01-03,5.597326640704536,5.661296088026874,5.533357193382199,5.645303726196289,2239600,0.0,0.0,WFC
1997-01-06,5.677284401945535,5.709269102801566,5.565337948949426,5.581330299377441,1820000,0.0,0.0,WFC
1997-01-07,5.549349555212783,5.645303726196289,5.469387746059861,5.645303726196289,1946400,0.0,0.0,WFC
1997-01-08,5.6772871017456055,5.725264175844864,5.629310027646347,5.6772871017456055,3850000,0.0,0.0,WFC
1997-01-09,5.6772871017456055,5.7092718178117785,5.645302385679433,5.6772871017456055,2275600,0.0,0.0,WFC
1997-01-10,5.565341835348015,5.613318920135498,5.5173647505605325,5.613318920135498,3166000,0.0,0.0,WFC
1997-01-13,5.661291554487871,5.7892303466796875,5.661291554487871,5.7892303466796875,3342400,0.0,0.0,WFC
1997-01-14,5.789232072622879,5.9171709029570865,5.789232072622879,5.885186195373535,3003200,0.0,0.0,WFC
1997-01-15,5.853205161595923,5.933166980743408,5.7572509786189405,5.933166980743408,2666400,0.0,0.0,WFC
1997-01-16,5.93316287736635,5.93316287736635,5.805224055212897,5.917170524597168,1805600,0.0,0.0,WFC
1997-01-17,5.789235512415568,5.96515150864919,5.789235512415568,5.949159145355225,2414400,0.0,0.0,WFC
1997-01-20,5.965147582904712,5.981139935673894,5.869193466289623,5.917170524597168,2964800,0.0,0.0,WFC
1997-01-21,5.821218183788473,5.965149402618408,5.821218183788473,5.965149402618408,1851200,0.0,0.0,WFC
1997-01-22,5.965149210098593,6.029118638625119,5.93316449583533,5.981141567230225,4532800,0.0,0.0,WFC
1997-01-23,6.093086599334469,6.093086599334469,5.901178359985352,5.901178359985352,2659200,0.0,0.0,WFC
1997-01-24,5.885187742445204,5.885187742445204,5.725264162487454,5.757248878479004,4318800,0.0,0.0,WFC
1997-01-27,5.741253299607757,5.853199742775596,5.693276252535825,5.7892303466796875,2471600,0.0,0.0,WFC
1997-01-28,5.917174177743047,5.981143628313242,5.789235276602657,5.853204727172852,2836400,0.0,0.0,WFC
1997-01-29,5.885189889254917,5.981144072231899,5.86919752542542,5.933166980743408,5280800,0.0,0.0,WFC
1997-01-30,5.965148729582627,6.141064643859863,5.933164017895857,6.141064643859863,1910400,0.0,0.0,WFC
1997-01-31,6.1410637802965065,6.157056133891028,6.061102012323896,6.0930867195129395,4010800,0.0,0.0,WFC
1997-02-03,6.093085579847166,6.1090779304504395,5.997131476227525,6.1090779304504395,3714000,0.0,0.0,WFC
1997-02-04,6.109080215553185,6.173049641894056,6.0451107892123135,6.157057285308838,2694800,0.0,0.0,WFC
1997-02-05,6.179585988898026,6.260049348128469,6.083029957821495,6.115215301513672,3173200,0.075,0.0,WFC
1997-02-06,6.115214562540904,6.163492572245174,6.083029222738056,6.14739990234375,1846000,0.0,0.0,WFC
1997-02-07,6.179588435246394,6.292237182763906,6.179588435246394,6.276144504547119,6076400,0.0,0.0,WFC
1997-02-10,6.292235374450684,6.372698742410411,6.260050027266792,6.292235374450684,4128000,0.0,0.0,WFC
1997-02-11,6.308328048042629,6.324420721634574,6.179586659307065,6.292235374450684,1738800,0.0,0.0,WFC
1997-02-12,6.2922351504091045,6.404883861541748,6.227864458333308,6.404883861541748,2469600,0.0,0.0,WFC
1997-02-13,6.404883788449921,6.614088535308838,6.3887911156146195,6.614088535308838,4116400,0.0,0.0,WFC
1997-02-14,6.6945546964319735,6.6945546964319735,6.581905939520859,6.59799861907959,3108400,0.0,0.0,WFC
1997-02-18,6.597998910031076,6.646276950836182,6.5175355086892335,6.646276950836182,2201600,0.0,0.0,WFC
1997-02-19,6.6301819944151354,6.710645368133766,6.597996644927683,6.662367343902588,3743200,0.0,0.0,WFC
1997-02-20,6.597995710961612,6.597995710961612,6.437068986304013,6.5175323486328125,3811600,0.0,0.0,WFC
1997-02-21,6.517532888493336,6.517532888493336,6.404884171902093,6.45316219329834,2050000,0.0,0.0,WFC
1997-02-24,6.437072941360661,6.597999764894678,6.437072941360661,6.549721717834473,1926000,0.0,0.0,WFC
1997-02-25,6.614089993330149,6.694553375244141,6.581904640564551,6.694553375244141,1901200,0.0,0.0,WFC
1997-02-26,6.758923183367091,6.807201206105427,6.437069698444848,6.630181789398193,4749200,0.0,0.0,WFC
1997-02-27,6.597993185024451,6.597993185024451,6.4531591882800114,6.501437187194824,2002800,0.0,0.0,WFC
1997-02-28,6.4531618805985955,6.469254553617545,6.3887911885227995,6.404883861541748,2236000,0.0,0.0,WFC
1997-03-03,6.324420539676108,6.485347270965576,6.324420539676108,6.485347270965576,2768800,0.0,0.0,WFC
1997-03-04,6.5014396761670525,6.581903038495852,6.404883641372493,6.5175323486328125,1245200,0.0,0.0,WFC
1997-03-05,6.501443670774267,6.581907082541276,6.469258306067465,6.549721717834473,1745600,0.0,0.0,WFC
1997-03-06,6.581904411315918,6.630182438782783,6.533626383849053,6.581904411315918,2056400,0.0,0.0,WFC
1997-03-07,6.646275346095745,6.775016757158133,6.630182669712947,6.694553375244141,3064400,0.0,0.0,WFC
1997-03-10,6.726736232919514,6.855477596228978,6.662365551264781,6.823292255401611,2270000,0.0,0.0,WFC
1997-03-11,6.8554786137172155,6.8554786137172155,6.710644558497838,6.758922576904297,3759600,0.0,0.0,WFC
1997-03-12,6.726740352178024,6.758925712714761,6.614091590299445,6.646276950836182,1910800,0.0,0.0,WFC
1997-03-13,6.630183155050205,6.630183155050205,6.388792991638184,6.388792991638184,3037600,0.0,0.0,WFC
1997-03-14,6.469254597836629,6.501439944094523,6.372698559062949,6.485347270965576,2526800,0.0,0.0,WFC
1997-03-17,6.485349826571308,6.485349826571308,6.195681596104103,6.3566083908081055,5104000,0.0,0.0,WFC
1997-03-18,6.388793252064632,6.388793252064632,6.227866469896757,6.276144504547119,2350400,0.0,0.0,WFC
1997-03-19,6.260051826330332,6.340515217414269,6.1956811134631815,6.276144504547119,2576800,0.0,0.0,WFC
1997-03-20,6.276140176705297,6.388788846543598,6.2117695082262685,6.340510845184326,2608800,0.0,0.0,WFC
1997-03-21,6.356607361843711,6.501441453632555,6.324422008112857,6.42097806930542,4048000,0.0,0.0,WFC
1997-03-24,6.437070328915324,6.614089762960495,6.437070328915324,6.581904411315918,3359200,0.0,0.0,WFC
1997-03-25,6.581900518719513,6.662363850244201,6.485344520889886,6.501437187194824,2609200,0.0,0.0,WFC
1997-03-26,6.501439899655443,6.501439899655443,6.340513169465952,6.404883861541748,3001200,0.0,0.0,WFC
1997-03-27,6.453160243619515,6.469252912556223,6.115214195948668,6.163492202758789,3178400,0.0,0.0,WFC
1997-03-31,6.115214218964447,6.115214218964447,5.922102190997149,5.954287528991699,5137200,0.0,0.0,WFC
1997-04-01,5.857731430618851,6.099121462100397,5.857731430618851,6.083028793334961,3691200,0.0,0.0,WFC
1997-04-02,5.986475437798357,5.986475437798357,5.8577340305338765,5.906012058258057,3002800,0.0,0.0,WFC
1997-04-03,5.841641254112369,5.954289983530513,5.841641254112369,5.889919281005859,7938000,0.0,0.0,WFC
1997-04-04,5.841643150925958,6.002569959491411,5.8255504700694125,5.97038459777832,2669200,0.0,0.0,WFC
1997-04-07,6.002569588172974,6.099125667339295,5.970384228450866,6.0669403076171875,2160400,0.0,0.0,WFC
1997-04-08,6.050845694665464,6.211772441864014,6.018660345225754,6.211772441864014,2466000,0.0,0.0,WFC
1997-04-09,6.227862812223889,6.227862812223889,6.066936124569525,6.083028793334961,2051600,0.0,0.0,WFC
1997-04-10,6.066938949973589,6.066938949973589,5.986475568674205,6.002568244934082,2251600,0.0,0.0,WFC
1997-04-11,5.889917962377964,5.938195978463029,5.761176586151123,5.761176586151123,5111200,0.0,0.0,WFC
1997-04-14,5.777267784044887,5.825545787811279,5.712897112356365,5.825545787811279,2854000,0.0,0.0,WFC
1997-04-15,5.889915799706932,5.986471796423439,5.889915799706932,5.9381937980651855,3671600,0.0,0.0,WFC
1997-04-16,5.9381937980651855,5.9381937980651855,5.809452469109843,5.9381937980651855,3144000,0.0,0.0,WFC
1997-04-17,5.95428987669127,6.147401980800176,5.8899191753216344,6.099123954772949,4317200,0.0,0.0,WFC
1997-04-18,6.099124685410531,6.099124685410531,5.986475944519043,5.986475944519043,1725600,0.0,0.0,WFC
1997-04-21,6.002564462542857,6.018657128662275,5.889915799706932,5.9381937980651855,1730800,0.0,0.0,WFC
1997-04-22,5.9060118506640435,6.1313093054577665,5.873826499979225,6.099123954772949,2198400,0.0,0.0,WFC
1997-04-23,6.1313117980957035,6.147404479980469,6.034755706787109,6.034755706787109,1965600,0.0,0.0,WFC
1997-04-24,6.05084493708483,6.099122955199869,6.002566918969792,6.018659591674805,1847200,0.0,0.0,WFC
1997-04-25,6.018659591674805,6.083030282494856,6.002566918969792,6.018659591674805,1592000,0.0,0.0,WFC
1997-04-28,6.002567902718496,6.147401980800176,6.002567902718496,6.099123954772949,2622400,0.0,0.0,WFC
1997-04-29,6.2761438529910025,6.356607235721656,6.2761438529910025,6.3244218826293945,2745200,0.0,0.0,WFC
1997-04-30,6.30832933124743,6.437070746170847,6.30832933124743,6.42097806930542,2074800,0.0,0.0,WFC
1997-05-01,6.437069519499591,6.501440214694587,6.404884171902093,6.45316219329834,2366400,0.0,0.0,WFC
1997-05-02,6.485347314208162,6.565810680389404,6.469254640971913,6.565810680389404,2049600,0.0,0.0,WFC
1997-05-05,6.565811092413745,6.662367137890418,6.517533069675409,6.630181789398193,2580000,0.0,0.0,WFC
1997-05-06,6.630182498394732,6.807201934031484,6.614089822427754,6.742831230163574,3423200,0.0,0.0,WFC
1997-05-07,6.765493355268314,6.781678746070391,6.538897884039231,6.555083274841309,1994800,0.075,0.0,WFC
1997-05-08,6.490338277358275,6.814045922114299,6.474152895120474,6.733119010925293,4594800,0.0,0.0,WFC
1997-05-09,6.749306164646601,6.846418483562379,6.733120778160638,6.830233097076416,6398000,0.0,0.0,WFC
1997-05-12,6.846416931286036,6.943529228183711,6.7978607828371995,6.927343845367432,2320400,0.0,0.0,WFC
1997-05-13,6.943529147022176,6.943529147022176,6.846416851259628,6.862602233886719,2504800,0.0,0.0,WFC
1997-05-14,6.894971277978685,7.008268928086316,6.894971277978685,6.992083549499512,2763200,0.0,0.0,WFC
1997-05-15,6.992085756955447,6.992085756955447,6.862602687382198,6.9435296058654785,2286000,0.0,0.0,WFC
1997-05-16,6.959715423129853,6.959715423129853,6.73312003726051,6.797861576080322,1922400,0.0,0.0,WFC
1997-05-19,6.7654915511325635,6.846418483562379,6.700750005188712,6.830233097076416,1516000,0.0,0.0,WFC
1997-05-20,6.733119617808949,6.959714989562134,6.684563466718981,6.9435296058654785,2129600,0.0,0.0,WFC
1997-05-21,6.927343597778907,6.943528980016708,6.652192099736287,6.733119010925293,2766400,0.0,0.0,WFC
1997-05-22,6.83023168714784,6.83023168714784,6.684563238843739,6.74930477142334,1924800,0.0,0.0,WFC
1997-05-23,6.814046086005445,6.894972999140902,6.781675320751263,6.862602233886719,1258000,0.0,0.0,WFC
1997-05-27,6.797861576080322,6.878788499605088,6.765490806670416,6.797861576080322,1265200,0.0,0.0,WFC
1997-05-28,6.765489956075081,6.862602252095297,6.749304573405045,6.781675338745117,1724400,0.0,0.0,WFC
1997-05-29,6.894974576229114,6.894974576229114,6.749306099266527,6.765491485595703,1880800,0.0,0.0,WFC
1997-05-30,6.7331192515720835,6.943529228183711,6.684563103123246,6.927343845367432,1520000,0.0,0.0,WFC
1997-06-02,6.9597143298583415,6.9597143298583415,6.765489743908806,6.894972801208496,1941600,0.0,0.0,WFC
1997-06-03,6.830231272558652,6.975899712020802,6.797860508233729,6.894972801208496,2609200,0.0,0.0,WFC
1997-06-04,6.89497345477551,6.959714989562134,6.878788071078854,6.9435296058654785,2018400,0.0,0.0,WFC
1997-06-05,6.9435274137390985,7.040639685259925,6.91115665656549,6.992083549499512,1832800,0.0,0.0,WFC
1997-06-06,6.975902097875421,7.202497525648637,6.975902097875421,7.121570587158203,3333600,0.0,0.0,WFC
1997-06-09,7.121570587158203,7.251053688742897,7.040643648667769,7.121570587158203,2231600,0.0,0.0,WFC
1997-06-10,7.218684627999008,7.267240802626804,7.153943061828613,7.153943061828613,1976000,0.0,0.0,WFC
1997-06-11,7.153937056895052,7.202493190765381,7.137751678938276,7.202493190765381,1442400,0.0,0.0,WFC
1997-06-12,7.2996085770020604,7.41290627110187,7.251052422387856,7.396720886230469,2478400,0.0,0.0,WFC
1997-06-13,7.445275865752121,7.558573541970088,7.412905101118416,7.510017395019531,2706400,0.0,0.0,WFC
1997-06-16,7.510022121927013,7.510022121927013,7.364353589389635,7.4452805519104,2729200,0.0,0.0,WFC
1997-06-17,7.3805358425329874,7.542389698728886,7.315794300054629,7.493833541870117,2551200,0.0,0.0,WFC
1997-06-18,7.4938345557872434,7.5585761070251465,7.445278392358817,7.5585761070251465,2327200,0.0,0.0,WFC
1997-06-19,7.574760607093762,7.671872922569324,7.461462905705607,7.623316764831543,2081600,0.0,0.0,WFC
1997-06-20,7.623315353761927,7.639500736678619,7.526203056261775,7.542388439178467,4225200,0.0,0.0,WFC
1997-06-23,7.510016929609844,7.526202310923658,7.396719260413143,7.4290900230407715,2242000,0.0,0.0,WFC
1997-06-24,7.412908291560347,7.623318352237824,7.396722902277464,7.526206016540527,3812800,0.0,0.0,WFC
1997-06-25,7.526202310923658,7.5747584548651,7.412904641726957,7.4290900230407715,2839200,0.0,0.0,WFC
1997-06-26,7.437187442150744,7.510021704369849,7.315797005118904,7.364353179931641,2076800,0.0,0.0,WFC
1997-06-27,7.380534658884134,7.4614615740034775,7.323885818300594,7.340071201324463,1831200,0.0,0.0,WFC
1997-06-30,7.348162559933133,7.364347940021092,7.234864899317424,7.283421039581299,2250400,0.0,0.0,WFC
1997-07-01,7.299611506754892,7.477650811797694,7.283426115387364,7.380538463592529,3343600,0.0,0.0,WFC
1997-07-02,7.396722902277464,7.54239140582341,7.380537512994581,7.526206016540527,2528800,0.0,0.0,WFC
1997-07-03,7.62331446303123,7.7366121302100375,7.62331446303123,7.728519439697266,3258400,0.0,0.0,WFC
1997-07-07,7.736615139505138,7.785171301468559,7.623317428257154,7.631410121917725,3758400,0.0,0.0,WFC
1997-07-08,7.607130118707294,7.720427801326339,7.590944735476002,7.712335109710693,3747600,0.0,0.0,WFC
1997-07-09,7.712339434442641,7.736617522903636,7.582856295984002,7.671875953674316,2992000,0.0,0.0,WFC
1997-07-10,7.671872938482255,7.833726797943906,7.65568755253609,7.809448719024658,3615600,0.0,0.0,WFC
1997-07-11,7.76898345471914,7.874188439001795,7.736612690324477,7.793261528015137,2592400,0.0,0.0,WFC
1997-07-14,7.760890201748354,7.833724416363302,7.631407153544002,7.728519439697266,5732800,0.0,0.0,WFC
1997-07-15,7.785166468357016,7.914649486541748,7.688054204718467,7.914649486541748,2925600,0.0,0.0,WFC
1997-07-16,7.898463698212739,8.319283485412598,7.833722192489684,8.319283485412598,3742000,0.0,0.0,WFC
1997-07-17,8.28691562032652,8.327379075503895,8.068412962368692,8.116969108581543,4840400,0.0,0.0,WFC
1997-07-18,8.173622466004161,8.18980785702595,7.8903781231228285,7.979397773742676,3529200,0.0,0.0,WFC
1997-07-21,7.89846913634881,8.108879174817119,7.841820279838112,7.947025299072266,2512800,0.0,0.0,WFC
1997-07-22,7.898465707482569,8.14124641570437,7.849909565838209,8.12506103515625,2907600,0.0,0.0,WFC
1997-07-23,8.254542719038463,8.254542719038463,8.027947428711917,8.068410873413086,2277600,0.0,0.0,WFC
1997-07-24,8.100784478855227,8.173618704938841,8.060321019919886,8.149340629577637,3144000,0.0,0.0,WFC
1997-07-25,8.16552508469169,8.17361777555858,7.979393194753228,7.987485885620117,3190800,0.0,0.0,WFC
1997-07-28,8.027953946808047,8.149344379471476,7.979397773742676,7.979397773742676,2207600,0.0,0.0,WFC
1997-07-29,7.995580066680908,8.092692375183105,7.987487374305725,8.092692375183105,3910800,0.0,0.0,WFC
1997-07-30,8.108877544951273,8.197897158718204,8.100784852790644,8.165526390075684,3615600,0.0,0.0,WFC
1997-07-31,8.157433697915053,8.222175235200094,8.133155621433163,8.165526390075684,3126000,0.0,0.0,WFC
1997-08-01,8.14934241086034,8.14934241086034,7.906561604181284,8.019859313964844,3110400,0.0,0.0,WFC
1997-08-04,8.01985681615584,8.173617945829868,7.995578743049416,8.116969108581543,1898400,0.0,0.0,WFC
1997-08-05,8.084600278618113,8.092692971589702,7.995580655930626,8.036044120788574,1198000,0.0,0.0,WFC
1997-08-06,8.03441118838182,8.188919095850702,8.01814719812194,8.17265510559082,1910000,0.075,0.0,WFC
1997-08-07,8.172662229072756,8.262114253470568,7.985626178059151,8.001890182495117,3178800,0.0,0.0,WFC
1997-08-08,7.904304338798363,7.920568339495479,7.611552326250275,7.7741923332214355,3206000,0.0,0.0,WFC
1997-08-11,7.676607599946641,7.888039588928223,7.668475600370427,7.888039588928223,2630000,0.0,0.0,WFC
1997-08-12,7.888042605011927,7.9043066103830855,7.644082524444548,7.652214527130127,1902400,0.0,0.0,WFC
1997-08-13,7.725399568771459,7.790455565140061,7.546495578757804,7.692871570587158,2846400,0.0,0.0,WFC
1997-08-14,7.709135701481146,7.790455698332212,7.579023706519439,7.6359477043151855,3744000,0.0,0.0,WFC
1997-08-15,7.603420694711495,7.692872702884572,7.481440683566391,7.61968469619751,2841200,0.0,0.0,WFC
1997-08-18,7.619683913629631,7.635947913445276,7.4326479157497145,7.5464959144592285,3099600,0.0,0.0,WFC
1997-08-19,7.611550109027183,7.7253980807434015,7.5627581211488035,7.717266082763672,2604000,0.0,0.0,WFC
1997-08-20,7.798589520217959,7.871777534484863,7.774193515462324,7.871777534484863,2052400,0.0,0.0,WFC
1997-08-21,7.8555125957582055,7.8555125957582055,7.5464965723225825,7.668476581573486,1568000,0.0,0.0,WFC
1997-08-22,7.497703915012294,7.611551913721808,7.473307915288827,7.5464959144592285,2354400,0.0,0.0,WFC
1997-08-25,7.660344279042148,7.6766082796345945,7.497704273117686,7.595288276672363,1320800,0.0,0.0,WFC
1997-08-26,7.562762412322304,7.644082438261253,7.481442386383354,7.505838394165039,1604800,0.0,0.0,WFC
1997-08-27,7.538359249065287,7.554623238815159,7.408247331066318,7.489567279815674,2141200,0.0,0.0,WFC
1997-08-28,7.4326514056250375,7.595291480146373,7.391991386994704,7.473311424255371,1669600,0.0,0.0,WFC
1997-08-29,7.42451940189897,7.644083502502774,7.351331368364369,7.473311424255371,1844400,0.0,0.0,WFC
1997-09-02,7.497704723704222,7.81485275431644,7.497704723704222,7.798588752746582,3689600,0.0,0.0,WFC
1997-09-03,7.863649309559872,7.871781315050627,7.652217166800248,7.725405216217041,3462000,0.0,0.0,WFC
1997-09-04,7.692869804413916,7.904301744070112,7.660341813697578,7.8555097579956055,1801200,0.0,0.0,WFC
1997-09-05,7.953094895847181,7.985622891331219,7.749794924071947,7.766058921813965,2402400,0.0,0.0,WFC
1997-09-08,7.855511516516214,7.9937555080077,7.855511516516214,7.920567512512207,2014400,0.0,0.0,WFC
1997-09-09,7.863645841352275,7.993757871819324,7.806721828022941,7.93683385848999,2082400,0.0,0.0,WFC
1997-09-10,7.839245762637436,7.953093730144619,7.814849769600183,7.8555097579956055,2925600,0.0,0.0,WFC
1997-09-11,7.806724451356015,7.831120465266502,7.668480372529919,7.676612377166748,2266800,0.0,0.0,WFC
1997-09-12,7.757931254968313,7.790459268615979,7.676611220849148,7.7497992515563965,2128000,0.0,0.0,WFC
1997-09-15,7.77419259309029,7.928700604877649,7.7254005893679665,7.863644599914551,2286000,0.0,0.0,WFC
1997-09-16,7.985626693740784,8.188926762318706,7.928702674538966,8.164530754089355,3386000,0.0,0.0,WFC
1997-09-17,8.14826193869173,8.237713916062598,8.13199794280612,8.188921928405762,2681200,0.0,0.0,WFC
1997-09-18,8.245849776220606,8.294641786730788,8.180793762207031,8.180793762207031,3272000,0.0,0.0,WFC
1997-09-19,8.221452892897371,8.229584893780554,8.099472879649635,8.14826488494873,3225600,0.0,0.0,WFC
1997-09-22,8.148267883852304,8.221455918737204,8.075079848967404,8.099475860595703,2259600,0.0,0.0,WFC
1997-09-23,8.091340858938686,8.213320871887511,7.953096844263352,8.156396865844727,3328400,0.0,0.0,WFC
1997-09-24,8.12387021576486,8.21332224016267,7.969362173623185,8.001890182495117,3102400,0.0,0.0,WFC
1997-09-25,7.9368326054980365,7.993756609840748,7.847380598673777,7.863644599914551,2376000,0.0,0.0,WFC
1997-09-26,7.936832825018435,8.091340841079244,7.936832825018435,7.969360828399658,3739200,0.0,0.0,WFC
1997-09-29,7.936832196316739,8.034416198730469,7.936832196316739,8.034416198730469,2375600,0.0,0.0,WFC
1997-09-30,8.001888831780882,8.050680836852715,7.961228827554352,7.969360828399658,2052000,0.0,0.0,WFC
1997-10-01,8.001889007415006,8.123869022771942,7.969361003319822,8.091341018676758,2382800,0.0,0.0,WFC
1997-10-02,8.083206738073995,8.262110710144043,8.042546744421712,8.262110710144043,3072800,0.0,0.0,WFC
1997-10-03,8.457279223679809,8.571127213229344,8.359695232637348,8.44914722442627,5252000,0.0,0.0,WFC
1997-10-06,8.522338736894234,8.579262755175016,8.457282716001913,8.571130752563477,5452800,0.0,0.0,WFC
1997-10-07,8.562998076170189,8.847618145178695,8.546734072226846,8.831354141235352,4041600,0.0,0.0,WFC
1997-10-08,8.73376779313128,8.806955791397742,8.554863797368814,8.611787796020508,2771600,0.0,0.0,WFC
1997-10-09,8.562996984552859,8.587392987357854,8.449148971462888,8.514204978942871,2390400,0.0,0.0,WFC
1997-10-10,8.39222877173903,8.506076836471923,8.351568748620139,8.497944831848145,2023600,0.0,0.0,WFC
1997-10-13,8.57112605321975,8.58739004952567,8.49793806984311,8.53859806060791,978800,0.0,0.0,WFC
1997-10-14,8.847618145178695,8.847618145178695,8.554866074198516,8.831354141235352,3180000,0.0,2.0,WFC
1997-10-15,8.782557864270274,8.782557864270274,8.57112591568599,8.603653907775879,2110800,0.0,0.0,WFC
1997-10-16,8.668715005633475,8.863883073302521,8.40849091540808,8.489810943603516,1915400,0.0,0.0,WFC
1997-10-17,8.424755409972308,8.441019416555266,8.083211271730187,8.310907363891602,2151600,0.0,0.0,WFC
1997-10-20,8.408486261734595,8.538598234836872,8.262110291994535,8.45727825164795,1350200,0.0,0.0,WFC
1997-10-21,8.39222349287409,8.750031471252441,8.359695494839693,8.750031471252441,1917000,0.0,0.0,WFC
1997-10-22,8.750032822291057,8.750032822291057,8.587392807006836,8.587392807006836,1452800,0.0,0.0,WFC
1997-10-23,8.39222494518484,8.587392967165881,8.343432939689578,8.522336959838867,1862000,0.0,0.0,WFC
1997-10-24,8.717504819234213,8.717504819234213,8.554864803949993,8.587392807006836,2105800,0.0,0.0,WFC
1997-10-27,8.522336088675608,8.522336088675608,7.904304082244934,8.083208084106445,2288200,0.0,0.0,WFC
1997-10-28,7.741662560620354,8.48980642152064,7.741662560620354,8.375958442687988,4963400,0.0,0.0,WFC
1997-10-29,8.424750433616268,8.554862409425013,8.262110463855336,8.375958442687988,2219800,0.0,0.0,WFC
1997-10-30,8.213321769213819,8.39222580775115,8.13200175169685,8.180793762207031,2360400,0.0,0.0,WFC
1997-10-31,8.457281398959095,8.506073407030012,8.294641372056034,8.343433380126953,2460800,0.0,0.0,WFC
1997-11-03,8.684973853489138,8.684973853489138,8.522333893685971,8.619917869567871,1665400,0.0,0.0,WFC
1997-11-04,8.587394757786557,8.65245077867888,8.457282716001913,8.571130752563477,1333800,0.0,0.0,WFC
1997-11-05,8.679662313587977,8.712354073714486,8.565241153145198,8.614278793334961,1392400,0.0825,0.0,WFC
1997-11-06,8.46716908255374,8.516206741333008,8.369093764995203,8.516206741333008,2404000,0.0,0.0,WFC
1997-11-07,8.467169489443881,8.532553037624915,8.123905861493453,8.418131828308105,2779600,0.0,0.0,WFC
1997-11-10,8.597932889337004,8.597932889337004,8.434474089159496,8.450819969177246,2006000,0.0,0.0,WFC
1997-11-11,8.614278468640398,8.614278468640398,8.369090276933367,8.401782035827637,1302600,0.0,0.0,WFC
1997-11-12,8.336400322127295,8.581588566895745,8.205633258250788,8.221979141235352,2382000,0.0,0.0,WFC
1997-11-13,8.254673274483267,8.401786263533465,8.205635611466535,8.3037109375,2213800,0.0,0.0,WFC
1997-11-14,8.369093764995203,8.565244400112277,8.303710219956177,8.516206741333008,2687200,0.0,0.0,WFC
1997-11-17,8.630623364761668,8.761390385439874,8.597931609592116,8.712352752685547,2534000,0.0,0.0,WFC
1997-11-18,8.745047474621833,8.826776890272505,8.630626292710893,8.7287015914917,3089200,0.0,0.0,WFC
1997-11-19,8.69601322042531,9.03927690017894,8.663321441401155,9.006585121154785,4469400,0.0,0.0,WFC
1997-11-20,9.137351836956723,9.447923724080475,9.121005948160736,9.284464836120605,4747200,0.0,0.0,WFC
1997-11-21,9.48061411389075,9.48061411389075,9.219079931438593,9.382538795471191,4184800,0.0,0.0,WFC
1997-11-24,9.366191600050245,9.41522925240653,9.121003338268826,9.153695106506348,2479200,0.0,0.0,WFC
1997-11-25,9.219077867330965,9.545995522200856,9.104656688126502,9.513303756713867,2999200,0.0,0.0,WFC
1997-11-26,9.676763931638959,9.676763931638959,9.529650966462015,9.578688621520996,2529600,0.0,0.0,WFC
1997-11-28,9.742152467195895,9.856573721005244,9.660423000189219,9.791190147399902,1351400,0.0,0.0,WFC
1997-12-01,9.791188089065676,10.183489448226904,9.791188089065676,10.1181058883667,4540000,0.0,0.0,WFC
1997-12-02,9.95464267544023,10.232522684442666,9.921950909675237,10.020026206970215,3086000,0.0,0.0,WFC
1997-12-03,10.199828474145187,10.199828474145187,9.905602652775613,9.938294410705566,2921600,0.0,0.0,WFC
1997-12-04,10.003684452601842,10.020030342230276,9.725804328918457,9.725804328918457,3563800,0.0,0.0,WFC
1997-12-05,9.676759719848633,9.774834987279531,9.545992696607435,9.676759719848633,4477400,0.0,0.0,WFC
1997-12-08,9.676768893590554,9.840227827603908,9.676768893590554,9.791190147399902,3493400,0.0,0.0,WFC
1997-12-09,9.921957294610586,9.954649081413256,9.742152467195895,9.791190147399902,2895600,0.0,0.0,WFC
1997-12-10,9.693105597753783,9.79118086518468,9.545992696607435,9.676759719848633,2067800,0.0,0.0,WFC
1997-12-11,9.415226312970871,9.676760377220063,9.317151038877425,9.62772274017334,3178200,0.0,0.0,WFC
1997-12-12,9.693110157648723,9.872914899190267,9.611380729675293,9.807531356811523,3177400,0.0,0.0,WFC
1997-12-15,9.807530553394574,10.167140007019043,9.742147016371945,10.167140007019043,3032400,0.0,0.0,WFC
1997-12-16,10.330594836054622,10.330594836054622,9.676759719848633,9.676759719848633,2812800,0.0,0.0,WFC
1997-12-17,9.693110519687073,9.905607040354749,9.676764633481866,9.872915267944336,4417200,0.0,0.0,WFC
1997-12-18,9.807527640496634,9.889257037500773,9.644068846488356,9.823873519897461,2367800,0.0,0.0,WFC
1997-12-19,9.644077106787883,9.840227827603908,9.366196918965182,9.791190147399902,3546000,0.0,0.0,WFC
1997-12-22,9.856570813120628,9.954646144594465,9.480615375804252,9.611382484436035,2748000,0.0,0.0,WFC
1997-12-23,9.57869119910927,9.774841872128572,9.333502857835143,9.349848747253418,2717600,0.0,0.0,WFC
1997-12-24,9.333502928981577,9.415232376695952,9.055622806752705,9.186389923095703,2010200,0.0,0.0,WFC
1997-12-26,9.251773410743766,9.398886415508244,9.219081631907216,9.349848747253418,1161600,0.0,0.0,WFC
1997-12-29,9.398885493008596,9.644073810217515,9.398885493008596,9.52965259552002,2623000,0.0,0.0,WFC
1997-12-30,9.742145544624957,9.905604362487793,9.644070253907257,9.905604362487793,2681000,0.0,0.0,WFC
1997-12-31,9.872916695379443,10.150796801044095,9.74214958683137,10.134450912475586,3448400,0.0,0.0,WFC
1998-01-02,10.00368204444598,10.085411472913677,9.938298501671824,9.987336158752441,2031800,0.0,0.0,WFC
1998-01-05,9.987335600734742,10.183486218097782,9.758493213811196,9.889260292053223,2519800,0.0,0.0,WFC
1998-01-06,9.872919614406579,9.93830318801192,9.680855366940888,9.791190147399902,2799200,0.0,0.0,WFC
1998-01-07,9.545993345095468,9.62772274017334,9.235421643799553,9.62772274017334,5725000,0.0,0.0,WFC
1998-01-08,9.676768893590554,9.823881934202573,9.611385319985212,9.791190147399902,4574800,0.0,0.0,WFC
1998-01-09,9.742148010200461,9.758493896123616,9.186387888813186,9.333500862121582,2976600,0.0,0.0,WFC
1998-01-12,9.153695611009827,9.611380391560317,9.088312070931185,9.578688621520996,2852800,0.0,0.0,WFC
1998-01-13,9.840224089811915,9.840224089811915,9.41523102281007,9.464268684387207,3232800,0.0,0.0,WFC
1998-01-14,9.67676210643059,9.77483739804982,9.496957405128672,9.758491516113281,2694400,0.0,0.0,WFC
1998-01-15,9.774834987279531,9.80752674308983,9.660413841943484,9.676759719848633,2031000,0.0,0.0,WFC
1998-01-16,9.742148124347448,9.79118578269148,9.660418693774064,9.693110466003418,2357000,0.0,0.0,WFC
1998-01-20,9.79118850144041,9.840226173400879,9.644075485559,9.840226173400879,3157000,0.0,0.0,WFC
1998-01-21,9.840226253831243,9.840226253831243,9.431578984153866,9.496962547302246,3919600,0.0,0.0,WFC
1998-01-22,9.480612566726842,9.480612566726842,9.219078426955068,9.447920799255371,2637000,0.0,0.0,WFC
1998-01-23,9.447920908198833,9.447920908198833,9.121003229714445,9.30080795288086,2361400,0.0,0.0,WFC
1998-01-26,9.284461212158202,9.529649448394775,9.268115329742432,9.317152976989746,1924200,0.0,0.0,WFC
1998-01-27,9.251770377981252,9.562342175121966,9.251770377981252,9.480612754821777,2110800,0.0,0.0,WFC
1998-01-28,9.644078800820896,9.742154178456364,9.529657526912851,9.562349319458008,2827200,0.0,0.0,WFC
1998-01-29,9.595030982142191,9.77483565131351,9.529647466079894,9.62772274017334,2410600,0.0,0.0,WFC
1998-01-30,9.660419698031443,9.660419698031443,9.43157726863645,9.52965259552002,2606800,0.0,0.0,WFC
1998-02-02,9.742145634176744,9.840220925795972,9.611378578684437,9.758491516113281,3278200,0.0,0.0,WFC
1998-02-03,9.70945645774283,10.052720069885254,9.676764685157838,10.052720069885254,4764200,0.0,0.0,WFC
1998-02-04,10.04680618063196,10.145304280442076,9.866226330980078,10.112471580505371,2896000,0.0825,0.0,WFC
1998-02-05,10.09605769614055,10.227388527960265,9.915477802388443,10.079641342163086,1721400,0.0,0.0,WFC
1998-02-06,10.14530717232377,10.293054364153729,10.096058108380452,10.19455623626709,3194200,0.0,0.0,WFC
1998-02-09,10.21097219895469,10.21097219895469,9.981143242708123,10.161723136901855,2224400,0.0,0.0,WFC
1998-02-10,10.227388407774033,10.309470176696777,10.128890285066738,10.309470176696777,3152400,0.0,0.0,WFC
1998-02-11,10.375137149163013,10.440802574157715,10.276639011670959,10.440802574157715,2714600,0.0,0.0,WFC
1998-02-12,10.309470396312628,10.440801229386675,10.161723209104327,10.407968521118164,1866600,0.0,0.0,WFC
1998-02-13,10.440802560555387,10.440802560555387,10.243806285827928,10.358720779418945,1705800,0.0,0.0,WFC
1998-02-17,10.391553697630973,10.49005183694501,10.325888271421615,10.457219123840332,1724600,0.0,0.0,WFC
1998-02-18,10.473632255196572,10.555714012682438,10.391550497710705,10.506464958190918,2391600,0.0,0.0,WFC
1998-02-19,10.342301960805015,10.39155101776123,10.260220199211325,10.39155101776123,1967600,0.0,0.0,WFC
1998-02-20,10.490051629237252,10.490051629237252,10.145308148464197,10.358720779418945,2127200,0.0,0.0,WFC
1998-02-23,10.309471914869276,10.506468193497351,10.309471914869276,10.457219123840332,2114600,0.0,0.0,WFC
1998-02-24,10.457219111768506,10.457219111768506,10.243806476834454,10.375137329101562,2043200,0.0,0.0,WFC
1998-02-25,10.490049393280692,10.604963862377664,10.440800335096275,10.572131156921387,2363000,0.0,0.0,WFC
1998-02-26,10.998957966379198,10.998957966379198,10.53930002151559,10.785545349121094,2595800,0.0,0.0,WFC
1998-02-27,10.769132614135742,10.769132614135742,10.555719925136101,10.769132614135742,2539200,0.0,0.0,WFC
1998-03-02,10.736296283599993,10.966125256031797,10.719879928426293,10.785545349121094,2230200,0.0,0.0,WFC
1998-03-03,10.851210031753931,10.90045909392528,10.703462845239883,10.884042739868164,2232800,0.0,0.0,WFC
1998-03-04,10.884042739868164,11.031789926382212,10.785544615525465,10.884042739868164,2845400,0.0,0.0,WFC
1998-03-05,10.851209306930746,11.031789189496918,10.801960248049065,10.982540130615234,3316800,0.0,0.0,WFC
1998-03-06,11.064623893166138,11.442200079431451,11.064623893166138,11.392951011657715,2802400,0.0,0.0,WFC
1998-03-09,11.376533287581397,11.39294964153173,11.228786102028392,11.278035163879395,1927200,0.0,0.0,WFC
1998-03-10,11.294452876110242,11.47503279128061,11.278036520185664,11.392951011657715,1846600,0.0,0.0,WFC
1998-03-11,11.409369086118316,11.425785444515608,11.31087093573456,11.37653636932373,2211200,0.0,0.0,WFC
1998-03-12,11.261616746872102,11.392947554415802,11.24520039592914,11.343698501586914,2384400,0.0,0.0,WFC
1998-03-13,11.360120967377064,11.37653732715651,11.163124650023704,11.294455528259277,1751000,0.0,0.0,WFC
1998-03-16,11.491445500216038,11.491445500216038,11.294449291640905,11.409363746643066,4025400,0.0,0.0,WFC
1998-03-17,11.409369086118316,11.409369086118316,11.294454577337268,11.37653636932373,3287600,0.0,0.0,WFC
1998-03-18,11.37653655895128,11.392952917622205,11.245205689583877,11.310871124267578,3607400,0.0,0.0,WFC
1998-03-19,11.343701943883978,11.491449147205188,11.228787452411927,11.392951011657715,2949200,0.0,0.0,WFC
1998-03-20,11.524281859054346,11.524281859054346,11.360118299808558,11.392951011657715,3014800,0.0,0.0,WFC
1998-03-23,11.26162127607009,11.376535778887131,11.097457700617174,11.16312313079834,3059000,0.0,0.0,WFC
1998-03-24,11.228786102028392,11.376533287581397,11.228786102028392,11.278035163879395,2708000,0.0,0.0,WFC
1998-03-25,11.376529845906727,11.376529845906727,10.85120667841897,10.998953819274902,3467200,0.0,0.0,WFC
1998-03-26,10.933288423338933,11.048202866226879,10.867623027402963,10.998953819274902,2292000,0.0,0.0,WFC
1998-03-27,11.081039742247698,11.081039742247698,10.670630862905192,10.785545349121094,2758400,0.0,0.0,WFC
1998-03-30,10.785548213069424,10.834797291667915,10.621384617741123,10.703466415405273,2121000,0.0,0.0,WFC
1998-03-31,10.703464163873429,11.031791285464639,10.703464163873429,10.916876792907715,3697200,0.0,0.0,WFC
1998-04-01,10.916874827319429,10.933291180443216,10.637796824215021,10.752711296081543,2548000,0.0,0.0,WFC
1998-04-02,10.703462130285699,11.015372836536356,10.654213071404017,10.982540130615234,3639600,0.0,0.0,WFC
1998-04-03,11.031792080279478,11.27803743921429,10.949710293967875,11.146706581115723,4131000,0.0,0.0,WFC
1998-04-06,11.228780476392897,11.327278550747222,11.130282402038574,11.130282402038574,2794800,0.0,0.0,WFC
1998-04-07,11.130294404891094,11.261625312323439,11.04821258774588,11.179543495178223,3145200,0.0,0.0,WFC
1998-04-08,11.245201510861289,11.261617863431889,10.752710933743277,10.801959991455078,2565800,0.0,0.0,WFC
1998-04-09,10.867627180757976,11.130288864885058,10.851210825500035,11.031790733337402,2313600,0.0,0.0,WFC
1998-04-13,11.294454005144644,11.392952150538347,11.097457714357239,11.327286720275879,5597000,0.0,0.0,WFC
1998-04-14,11.392943933650104,11.491442008004427,11.03178432768425,11.130282402038574,3841800,0.0,0.0,WFC
1998-04-15,11.14670678705409,11.327286720275879,10.982543211397918,11.327286720275879,3267200,0.0,0.0,WFC
1998-04-16,11.32728611877081,11.32728611877081,11.097457125056618,11.113873481750488,2719400,0.0,0.0,WFC
1998-04-17,11.113874818846496,11.24520568819771,10.998960308164184,11.228789329528809,2999400,0.0,0.0,WFC
1998-04-20,11.228786996432714,11.228786996432714,10.900459891273862,11.031790733337402,2225400,0.0,0.0,WFC
1998-04-21,11.031791467709908,11.048207824060668,10.769129766097768,10.851211547851562,2417200,0.0,0.0,WFC
1998-04-22,10.916872934861617,11.03178738680753,10.801958482915705,10.83479118347168,2097800,0.0,0.0,WFC
1998-04-23,10.834791783435804,10.834791783435804,10.424383003760205,10.4900484085083,2731800,0.0,0.0,WFC
1998-04-24,10.424388125300789,10.473637203058114,10.12889365875683,10.276640892028809,3184200,0.0,0.0,WFC
1998-04-27,9.784145467605216,10.030390739440918,9.718480061782362,10.030390739440918,3670000,0.0,0.0,WFC
1998-04-28,10.178140194261845,10.178140194261845,9.734898605156893,9.899062156677246,3624800,0.0,0.0,WFC
1998-04-29,10.013976335141587,10.342303428097049,9.866229143311628,10.19455623626709,3434000,0.0,0.0,WFC
1998-04-30,10.342301993534482,10.588547279094827,10.309469288793103,10.4736328125,2885200,0.0,0.0,WFC
1998-05-01,10.490049976838243,10.687046220534736,10.473633623196868,10.621380805969238,2260600,0.0,0.0,WFC
1998-05-04,10.637794712611608,10.637794712611608,10.293051365443638,10.342300415039062,1897800,0.0,0.0,WFC
1998-05-05,10.358720779418945,10.358720779418945,10.145308148464197,10.358720779418945,2311600,0.0,0.0,WFC
1998-05-06,10.418725958103087,10.418725958103087,10.0230781369093,10.13847541809082,2579600,0.0825,0.0,WFC
1998-05-07,10.204419313770364,10.204419313770364,9.891198042426847,9.907683372497559,3490600,0.0,0.0,WFC
1998-05-08,9.92416816114991,10.237389415405472,9.907682831978565,10.121992111206055,2361200,0.0,0.0,WFC
1998-05-11,10.121991110320138,10.27035905819128,9.957137834907758,9.990108489990234,2060200,0.0,0.0,WFC
1998-05-12,10.056048061874913,10.154960010024501,9.858224165575734,10.105504035949707,2596400,0.0,0.0,WFC
1998-05-13,10.07253276324663,10.121988734260935,9.957135497546586,10.056047439575195,1573200,0.0,0.0,WFC
1998-05-14,10.006595379809049,10.171448680959115,9.957139389464029,10.039566040039062,1330200,0.0,0.0,WFC
1998-05-15,10.039566040039062,10.039566040039062,9.907683399119009,10.039566040039062,2445400,0.0,0.0,WFC
1998-05-18,9.990108946233097,10.138476900880123,9.841740991586072,9.92416763305664,2259000,0.0,0.0,WFC
1998-05-19,9.99010748514315,10.319814002804641,9.99010748514315,10.13847541809082,2514200,0.0,0.0,WFC
1998-05-20,10.352784332515686,10.468181610107422,10.2538723802942,10.468181610107422,3080000,0.0,0.0,WFC
1998-05-21,10.484667330980301,10.61654993891716,10.36927004903555,10.55060863494873,2545000,0.0,0.0,WFC
1998-05-22,10.56709849571204,10.600069161845306,10.426973164645656,10.451701164245605,939400,0.0,0.0,WFC
1998-05-26,10.418725615566217,10.418725615566217,10.0890191087445,10.187931060791016,1767200,0.0,0.0,WFC
1998-05-27,10.171445958026045,10.171445958026045,9.940651398200494,10.154960632324219,2283200,0.0,0.0,WFC
1998-05-28,10.138477022274614,10.35278629266416,10.039565051325594,10.319815635681152,2721600,0.0,0.0,WFC
1998-05-29,10.303330766426406,10.385757412557817,10.237389449521276,10.253874778747559,2420000,0.0,0.0,WFC
1998-06-01,10.418727606630172,10.50115424908769,10.237388993223636,10.319815635681152,1755000,0.0,0.0,WFC
1998-06-02,10.517639229900318,10.517639229900318,10.303329966595138,10.369271278381348,1743200,0.0,0.0,WFC
1998-06-03,10.336298988860788,10.36926963954296,10.17144573544993,10.187931060791016,1524400,0.0,0.0,WFC
1998-06-04,10.023079833984376,10.303330421447754,9.841741218566895,10.303330421447754,2192800,0.0,0.0,WFC
1998-06-05,10.286843031034696,10.48466693547767,10.270357705664447,10.468181610107422,2477000,0.0,0.0,WFC
1998-06-08,10.187934441558372,10.451699734543702,9.627433193964546,9.709859848022461,15914600,0.0,0.0,WFC
1998-06-09,9.643918244735055,9.742830226732336,9.14935833474864,9.47906494140625,11063600,0.0,0.0,WFC
1998-06-10,9.49554969524515,9.561491012573242,9.42960837791706,9.561491012573242,8773000,0.0,0.0,WFC
1998-06-11,9.627430808376259,9.709857442009618,9.34718025402284,9.363665580749512,6429400,0.0,0.0,WFC
1998-06-12,9.462575419488862,9.4955460655498,8.96801572857481,9.248266220092773,5806600,0.0,0.0,WFC
1998-06-15,9.033958435058594,9.18232636556138,8.98450245822433,9.033958435058594,5460000,0.0,0.0,WFC
1998-06-16,9.165846599232067,9.198817270452327,8.968022571910511,9.066934585571289,4483800,0.0,0.0,WFC
1998-06-17,9.099903486161956,9.545007461028574,9.099903486161956,9.44609546661377,6195600,0.0,0.0,WFC
1998-06-18,9.396638987562987,9.479065645348628,9.347182992891604,9.38015365600586,2873400,0.0,0.0,WFC
1998-06-19,9.429611219776621,9.446096554076929,9.132875202371062,9.16584587097168,6180000,0.0,0.0,WFC
1998-06-22,9.215296920533737,9.363664849486874,9.017473015262887,9.330694198608398,4645200,0.0,0.0,WFC
1998-06-23,9.429611676269108,9.512038351760971,9.363670335875618,9.495553016662598,4438600,0.0,0.0,WFC
1998-06-24,9.52851674341465,9.676884651184082,9.413119481816203,9.676884651184082,3113000,0.0,0.0,WFC
1998-06-25,9.676888350726795,9.759314997666547,9.627432362562946,9.693373680114746,3725600,0.0,0.0,WFC
1998-06-26,9.742829668278597,9.759314997666547,9.643917691950895,9.693373680114746,2100800,0.0,0.0,WFC
1998-06-29,9.759314801780675,9.874712105180109,9.726344143666552,9.858226776123047,3540000,0.0,0.0,WFC
1998-06-30,9.808773398399353,9.990112066268921,9.775802731513977,9.891200065612793,3794400,0.0,0.0,WFC
1998-07-01,9.940649425191276,10.171443939208984,9.907678780331603,10.171443939208984,4383200,0.0,0.0,WFC
1998-07-02,10.1714453347161,10.1714453347161,10.006592087800119,10.105504035949707,2317200,0.0,0.0,WFC
1998-07-06,10.039563961676134,10.20441722869873,9.973622654867095,10.20441722869873,2772400,0.0,0.0,WFC
1998-07-07,10.154958616779147,10.204414584068656,9.990105392480785,10.171443939208984,2099800,0.0,0.0,WFC
1998-07-08,10.105506365291609,10.319815635681152,10.056050379817098,10.319815635681152,3177800,0.0,0.0,WFC
1998-07-09,10.253872586535168,10.303328563640644,10.154960632324219,10.154960632324219,2239400,0.0,0.0,WFC
1998-07-10,10.154962803389864,10.286845437200123,10.105506815711019,10.253874778747559,2608000,0.0,0.0,WFC
1998-07-13,10.286841970975281,10.319812618318151,10.056047439575195,10.056047439575195,2032800,0.0,0.0,WFC
1998-07-14,10.28684547061012,10.402242775568887,10.253874812050471,10.385757446289062,2687400,0.0,0.0,WFC
1998-07-15,10.468184058689229,10.48466938791551,10.253874778747559,10.253874778747559,2802200,0.0,0.0,WFC
1998-07-16,10.270360141330295,10.385757446289062,10.187933494931174,10.385757446289062,2914200,0.0,0.0,WFC
1998-07-17,10.451698379516602,10.451698379516602,10.27035976409912,10.303330421447754,2465600,0.0,0.0,WFC
1998-07-20,10.303326191440705,10.31981151334701,10.187928938096569,10.22089958190918,1971400,0.0,0.0,WFC
1998-07-21,10.270361379999821,10.319817373803994,9.858228098298385,9.940654754638672,1975800,0.0,0.0,WFC
1998-07-22,10.02307763232342,10.07253360748291,9.940651007057602,10.07253360748291,3369000,0.0,0.0,WFC
1998-07-23,10.138480067253113,10.138480067253113,9.858229398727417,9.891200065612793,3788000,0.0,0.0,WFC
1998-07-24,9.891193409256523,9.891193409256523,9.577972284630068,9.742825508117676,3782400,0.0,0.0,WFC
1998-07-27,9.742832064628601,9.957141399383545,9.561493396759033,9.891200065612793,2571800,0.0,0.0,WFC
1998-07-28,9.891197987091846,9.907683317070333,9.495550067608173,9.64391803741455,3448600,0.0,0.0,WFC
1998-07-29,9.709854448207816,9.808766378070715,9.627427839988735,9.660398483276367,3117600,0.0,0.0,WFC
1998-07-30,9.627430967382482,9.759313583374023,9.528519005388826,9.759313583374023,3272800,0.0,0.0,WFC
1998-07-31,9.693374235733694,9.726344896399455,9.429608950407609,9.47906494140625,2796800,0.0,0.0,WFC
1998-08-03,9.3801541370039,9.495551463821172,9.297727474991564,9.44609546661377,3638600,0.0,0.0,WFC
1998-08-04,9.413120924121271,9.495547552178376,8.96801713261291,9.033958435058594,5381800,0.0,0.0,WFC
1998-08-05,9.016718864440918,9.116167969563428,8.768096101634642,9.016718864440918,4945000,0.0925,0.0,WFC
1998-08-06,9.016726488585865,9.066451083192037,8.850977839898626,9.03330135345459,4203200,0.0,0.0,WFC
1998-08-07,9.000145933091968,9.16589447697948,8.950421369925714,9.066445350646973,2798000,0.0,0.0,WFC
1998-08-10,9.00014297641925,9.049867523250295,8.850969335926113,8.884119033813477,2308600,0.0,0.0,WFC
1998-08-11,8.884123791388745,8.9006986492085,8.536051777173888,8.784674644470215,4936400,0.0,0.0,WFC
1998-08-12,8.817822493516006,9.00014589093833,8.801247639204885,8.933846473693848,4561600,0.0,0.0,WFC
1998-08-13,8.950421328004968,9.00014589093833,8.817822493516006,8.933846473693848,3522800,0.0,0.0,WFC
1998-08-14,8.93384441105342,8.93384441105342,8.569197700398178,8.652071952819824,4444000,0.0,0.0,WFC
1998-08-17,8.652075778354298,8.801249498670751,8.585776347102541,8.751524925231934,2348400,0.0,0.0,WFC
1998-08-18,8.817820696665724,9.132742864403784,8.78467099479856,9.099593162536621,4810600,0.0,0.0,WFC
1998-08-19,9.066445324253772,9.149319595956275,8.850972217827266,8.98357105255127,2132400,0.0,0.0,WFC
1998-08-20,8.983572938307276,9.000147796127031,8.76809978665046,8.784674644470215,3135600,0.0,0.0,WFC
1998-08-21,8.701796420136391,8.701796420136391,8.370299413655005,8.502898216247559,4193600,0.0,0.0,WFC
1998-08-24,8.486327176881067,8.751524901158602,8.486327176881067,8.536051750183105,3616000,0.0,0.0,WFC
1998-08-25,8.685226440429688,8.801250457763672,8.337154388427734,8.420028686523438,3548000,0.0,0.0,WFC
1998-08-26,7.989079632478601,8.45317554473877,7.989079632478601,8.45317554473877,4863200,0.0,0.0,WFC
1998-08-27,8.453176428632037,8.453176428632037,8.022230179329227,8.154829025268555,6475000,0.0,0.0,WFC
1998-08-28,8.221132321701837,8.28743177590911,7.939359641320927,8.038808822631836,3722400,0.0,0.0,WFC
1998-08-31,8.05537982748336,8.221128383604418,7.6575832927928245,7.889631271362305,4385600,0.0,0.0,WFC
1998-09-01,7.823333740234375,8.22113037109375,7.292938232421875,8.138256072998047,6949200,0.0,0.0,WFC
1998-09-02,8.138251352694727,8.453173502799004,8.038802252661798,8.221125602722168,4437200,0.0,0.0,WFC
1998-09-03,7.906205253211819,8.304001743939459,7.906205253211819,8.121678352355957,4085800,0.0,0.0,WFC
1998-09-04,8.105101963466181,8.154826515389287,7.790179801286514,7.922778606414795,3561200,0.0,0.0,WFC
1998-09-08,8.287425162034658,8.668646719488251,8.287425162034658,8.502898216247559,7253200,0.0,0.0,WFC
1998-09-09,8.519476881195848,8.652075743159985,8.38687801923171,8.436602592468262,5524400,0.0,0.0,WFC
1998-09-10,8.022232055664062,8.187980651855469,7.9559326171875,8.187980651855469,5328600,0.0,0.0,WFC
1998-09-11,8.187977006864271,8.618923165120286,8.121677597901808,8.569198608398438,9104800,0.0,0.0,WFC
1998-09-14,8.569201485739008,9.00014778869687,8.569201485739008,8.718375205993652,7407200,0.0,0.0,WFC
1998-09-15,8.734948216760912,9.000145885580977,8.668648799555896,8.917271614074707,7826400,0.0,0.0,WFC
1998-09-16,8.983569206001546,9.099593162536621,8.817820696665724,9.099593162536621,5144800,0.0,0.0,WFC
1998-09-17,8.68522552012519,9.033297535244712,8.68522552012519,9.000147819519043,3405200,0.0,0.0,WFC
1998-09-18,8.801249505881977,8.884123795014576,8.751524932402416,8.817824363708496,7762400,0.0,0.0,WFC
1998-09-21,8.65207214565838,9.03329371529467,8.519473338828368,9.016718864440918,4209400,0.0,0.0,WFC
1998-09-22,9.016720892677844,9.431092257231054,9.016720892677844,9.414517402648926,6258800,0.0,0.0,WFC
1998-09-23,9.414516566149612,9.779163334556815,9.381366859930774,9.71286392211914,5788800,0.0,0.0,WFC
1998-09-24,9.71286482612292,9.71286482612292,9.44766715168953,9.54711627960205,5108200,0.0,0.0,WFC
1998-09-25,9.28192138671875,9.679718017578125,9.215621948242188,9.679718017578125,5347200,0.0,0.0,WFC
1998-09-28,9.679714222376756,9.878612459822854,9.547115397412691,9.729438781738281,6939200,0.0,0.0,WFC
1998-09-29,9.795742985369987,9.895192152734149,9.712868679233184,9.828892707824707,5726600,0.0,0.0,WFC
1998-09-30,9.679715116818747,9.71286482612292,9.165894622604052,9.54711627960205,3163400,0.0,0.0,WFC
1998-10-01,9.298493338667827,9.414517319720725,9.149319648742676,9.149319648742676,4937200,0.0,0.0,WFC
1998-10-02,9.165894508361816,9.364792761707823,8.917271691679307,9.165894508361816,4926200,0.0,0.0,WFC
1998-10-05,9.165894428593518,9.165894428593518,8.56919967374837,8.917271614074707,4634000,0.0,0.0,WFC
1998-10-06,8.93384737276849,9.165895356476762,8.668649677101893,8.685224533081055,3815000,0.0,0.0,WFC
1998-10-07,8.685221512171879,8.817820313884427,8.154826305321688,8.403449058532715,4747200,0.0,0.0,WFC
1998-10-08,8.171404863063525,8.469752302282883,8.005656285719438,8.38687801361084,5015800,0.0,0.0,WFC
1998-10-09,8.61892609369187,9.049872398376465,8.469752372839512,9.049872398376465,4820200,0.0,0.0,WFC
1998-10-12,9.182472229003906,9.215621948242188,8.436603546142578,8.618927001953125,11206000,0.0,0.0,WFC
1998-10-13,8.668650632575437,8.751524921605796,8.552626627932936,8.718375205993652,5714600,0.0,0.0,WFC
1998-10-14,8.652073924461108,8.983571009689502,8.55262479889259,8.850972175598145,4066200,0.0,0.0,WFC
1998-10-15,8.850972356294331,9.563691104085823,8.668648955696508,9.447667121887207,7710200,0.0,0.0,WFC
1998-10-16,10.143814086914062,10.143814086914062,9.547119140625,9.56369400024414,11618600,0.0,0.0,WFC
1998-10-19,9.547117272201849,9.795740117832105,9.497392703075798,9.746015548706055,3434400,0.0,0.0,WFC
1998-10-20,9.944915771484375,10.127239227294922,9.928340911865234,10.044364929199219,10155600,0.0,0.0,WFC
1998-10-21,10.077515603682944,10.094090464873211,9.944916714160799,10.060940742492676,3944600,0.0,0.0,WFC
1998-10-22,9.92833995499603,10.0609388191696,9.679717084670587,9.895190238952637,4032200,0.0,0.0,WFC
1998-10-23,9.779161472578306,9.911760272206486,9.696287222810694,9.812311172485352,2712000,0.0,0.0,WFC
1998-10-26,9.812314018936029,9.862038583221176,9.762589454650879,9.762589454650879,2021000,0.0,0.0,WFC
1998-10-27,9.779163288123042,9.779163288123042,9.547115345693005,9.596839904785156,3057000,0.0,0.0,WFC
1998-10-28,9.662814977018757,9.779435157775879,9.596174873728971,9.779435157775879,2814400,0.0925,0.0,WFC
1998-10-29,9.762769256953257,9.862729351734348,9.596169098984772,9.8460693359375,3842200,0.0,0.0,WFC
1998-10-30,9.91272258758545,9.946042663510106,9.812762359811478,9.91272258758545,5054400,0.0,0.0,WFC
1998-11-02,9.979362739434762,10.029342853321749,9.896062549623121,9.91272258758545,3917600,0.0,0.0,WFC
1998-11-03,10.02933416130129,10.179274373015096,9.97935409073002,10.079314231872559,8193800,0.0,0.0,WFC
1998-11-04,10.195931610308195,10.262571686192562,10.079311477510553,10.129291534423828,9283400,0.0,0.0,WFC
1998-11-05,10.329217071053368,10.59577751159668,10.262576960917539,10.59577751159668,17867200,0.0,0.0,WFC
1998-11-06,10.562454414367675,10.729054641723632,10.51247434616089,10.66241455078125,13024400,0.0,0.0,WFC
1998-11-09,10.6624150390625,10.6624150390625,10.362534616088867,10.412514686584473,7773600,0.0,0.0,WFC
1998-11-10,10.479153828358086,10.679074092174138,10.412513740419403,10.579113960266113,9698000,0.0,0.0,WFC
1998-11-11,10.662418723295906,10.662418723295906,10.412518284468659,10.479158401489258,4343200,0.0,0.0,WFC
1998-11-12,10.41251680125361,10.495816935663639,10.312556639961574,10.345876693725586,4985800,0.0,0.0,WFC
1998-11-13,10.312554553272278,10.34587460029416,10.145954318162872,10.245914459228516,6504200,0.0,0.0,WFC
1998-11-16,10.262575327391792,10.429175576213089,10.112635103452627,10.36253547668457,7394000,0.0,0.0,WFC
1998-11-17,10.41252062870906,10.895661585881161,10.345880496685322,10.829021453857422,10246600,0.0,0.0,WFC
1998-11-18,10.829019472809074,10.862339532725409,10.595779053394725,10.77903938293457,6493800,0.0,0.0,WFC
1998-11-19,10.729056937672269,10.8956572006796,10.579116700965669,10.6957368850708,4788600,0.0,0.0,WFC
1998-11-20,10.79569240797276,10.79569240797276,10.57911215904738,10.6290922164917,7089800,0.0,0.0,WFC
1998-11-23,10.645757051030541,10.779037264501973,10.39585665077161,10.462496757507324,10600400,0.0,0.0,WFC
1998-11-24,10.362535791974606,10.379195817363634,10.145955461917259,10.179275512695312,10244800,0.0,0.0,WFC
1998-11-25,10.162614822387695,10.22925491958368,10.079314700892715,10.162614822387695,4789800,0.0,0.0,WFC
1998-11-27,10.162619617915833,10.162619617915833,9.862739039026513,9.946039199829102,2352600,0.0,0.0,WFC
1998-11-30,9.946041059329023,9.946041059329023,9.496220106897058,9.629500389099121,9447000,0.0,0.0,WFC
1998-12-01,9.529539707170818,9.779440223967255,9.47955960381153,9.76278018951416,7936600,0.0,0.0,WFC
1998-12-02,9.662822018150521,9.929382625547778,9.629501942225865,9.91272258758545,7325600,0.0,0.0,WFC
1998-12-03,9.862735741586802,9.896055794767838,9.479555130004883,9.479555130004883,7468400,0.0,0.0,WFC
1998-12-04,9.662813000406079,9.929373359037971,9.596172910748106,9.896053314208984,5111800,0.0,0.0,WFC
1998-12-07,9.896054465083752,9.929374513787739,9.746114245915818,9.829414367675781,3469600,0.0,0.0,WFC
1998-12-08,9.596175739471926,9.62949579412287,9.329615302264372,9.346275329589844,9176800,0.0,0.0,WFC
1998-12-09,9.379592216533164,9.496212368426116,9.146351912747258,9.196331977844238,7890400,0.0,0.0,WFC
1998-12-10,9.212997281551361,9.4129176565579,8.996416875294276,9.329617500305176,9155600,0.0,0.0,WFC
1998-12-11,9.329614573511584,9.66281509399414,9.12969426122205,9.66281509399414,6273200,0.0,0.0,WFC
1998-12-14,9.346273909369819,9.496214132514789,9.179673661430963,9.26297378540039,5565400,0.0,0.0,WFC
1998-12-15,9.262971778028051,9.296291820395059,9.029731481458999,9.212991714477539,13916600,0.0,0.0,WFC
1998-12-16,9.312959490732254,9.479559839403672,9.113039072326552,9.429579734802246,7607800,0.0,0.0,WFC
1998-12-17,9.896055332306892,10.462496209913684,9.66281497093939,10.329216003417969,16230600,0.0,0.0,WFC
1998-12-18,10.312554359436035,10.379194452227221,10.195934197051459,10.312554359436035,11877400,0.0,0.0,WFC
1998-12-21,10.312554459166682,10.345874505884506,10.129294202218647,10.195934295654297,8008800,0.0,0.0,WFC
1998-12-22,10.195936451787535,10.229256505551547,9.912715994793436,9.962696075439453,5877200,0.0,0.0,WFC
1998-12-23,9.962696075439453,10.045996209849482,9.912715994793436,9.962696075439453,5651200,0.0,0.0,WFC
1998-12-24,9.996017241320073,10.062657356262207,9.92937712637794,10.062657356262207,2630200,0.0,0.0,WFC
1998-12-28,10.112634749490706,10.279234992480669,10.09597472519171,10.162614822387695,5004400,0.0,0.0,WFC
1998-12-29,10.295898079682608,10.512478459999556,10.12929778713111,10.479158401489258,5451000,0.0,0.0,WFC
1998-12-30,10.429176704139467,10.52913686424304,10.295896490668035,10.462496757507324,6087800,0.0,0.0,WFC
1998-12-31,10.529137481546178,10.645757675170898,10.37919723260011,10.645757675170898,8804800,0.0,0.0,WFC
1999-01-04,10.645752235639804,10.729052331380336,10.512472082454956,10.6290922164917,11181200,0.0,0.0,WFC
1999-01-05,10.62909365367741,10.712393760681152,10.512473503872172,10.712393760681152,7928800,0.0,0.0,WFC
1999-01-06,10.679076396876265,10.779036550357166,10.579116243395363,10.612436294555664,11730800,0.0,0.0,WFC
1999-01-07,10.445837343242806,10.645757675170898,10.412517287921458,10.645757675170898,9755400,0.0,0.0,WFC
1999-01-08,10.662416371296114,10.679076396876265,10.579116243395363,10.612436294555664,8163400,0.0,0.0,WFC
1999-01-11,10.612432599651093,10.629092619430766,10.09597198648126,10.212592124938965,10866200,0.0,0.0,WFC
1999-01-12,10.079322967208734,10.129303081095719,9.862742473698464,9.91272258758545,6643200,0.0,0.0,WFC
1999-01-13,9.462899569358434,9.862740396232734,9.429579500452244,9.76278018951416,10818800,0.0,0.0,WFC
1999-01-14,9.462895186630996,9.646155480738287,9.429575133156943,9.529535293579102,9038200,0.0,0.0,WFC
1999-01-15,9.479555649757385,9.996016502380371,9.479555649757385,9.996016502380371,11092000,0.0,0.0,WFC
1999-01-19,9.746115478878313,9.962695822853387,9.629495293660966,9.812755584716797,8472200,0.0,0.0,WFC
1999-01-20,9.796095806619396,9.962696075439453,9.562855430271314,9.962696075439453,11843600,0.0,0.0,WFC
1999-01-21,9.862733269379998,9.946033381452464,9.662813000406079,9.896053314208984,10401400,0.0,0.0,WFC
1999-01-22,9.846076887481066,9.946037058927574,9.679476601736887,9.796096801757812,8229600,0.0,0.0,WFC
1999-01-25,9.729459700198674,9.779439801398325,9.562859362866506,9.679479598999023,6459200,0.0,0.0,WFC
1999-01-26,9.64615807857813,9.64615807857813,9.396257610221184,9.546197891235352,8690200,0.0,0.0,WFC
1999-01-27,9.496217812810626,9.596178000313895,9.31295746905463,9.329617500305176,7858400,0.0,0.0,WFC
1999-01-28,9.39625499705229,9.512875183185919,9.329614890690218,9.479555130004883,10133000,0.0,0.0,WFC
1999-01-29,9.429577687808445,9.429577687808445,9.179677219050271,9.329617500305176,10618200,0.0,0.0,WFC
1999-02-01,9.296296403688544,9.296296403688544,8.979755845140009,9.063055992126465,10385400,0.0,0.0,WFC
1999-02-02,9.296293562029572,9.312953586334284,8.94643305163061,9.113033294677734,14191400,0.0,0.0,WFC
1999-02-03,9.14586300992254,9.279868328749243,8.97835636138916,8.97835636138916,11180600,0.0925,0.0,WFC
1999-02-04,9.011860745794634,9.145866110044368,8.995110075263415,9.112364768981934,16733200,0.0,0.0,WFC
1999-02-05,9.078867086930709,9.212872505187988,8.995113700519909,9.212872505187988,9501200,0.0,0.0,WFC
1999-02-08,9.246367125140392,9.29661912038572,9.162613799731512,9.263117790222168,8448400,0.0,0.0,WFC
1999-02-09,9.22961873413259,9.22961873413259,8.710347988655077,8.861104011535645,14991200,0.0,0.0,WFC
1999-02-10,8.827602431974338,8.877854438228463,8.626594406957846,8.777350425720215,11472600,0.0,0.0,WFC
1999-02-11,8.810852699420032,9.246370133231668,8.60984465304543,9.112364768981934,13356600,0.0,0.0,WFC
1999-02-12,9.095611535585842,9.212866196265587,8.877852880037747,9.14586353302002,10268000,0.0,0.0,WFC
1999-02-16,9.380374575256239,9.447377250793783,9.263119893065536,9.397125244140625,8878000,0.0,0.0,WFC
1999-02-17,9.39712979205667,9.83264739382757,9.346877761083107,9.782395362854004,12792400,0.0,0.0,WFC
1999-02-18,9.832645632125235,9.949900350055179,9.78239361015526,9.916399002075195,9672000,0.0,0.0,WFC
1999-02-19,9.916401052637719,9.916401052637719,9.799146310461259,9.815896987915039,5730200,0.0,0.0,WFC
1999-02-22,9.866142126962469,10.083900781717158,9.849391461212107,10.067150115966797,5643000,0.0,0.0,WFC
1999-02-23,10.05039889403064,10.150902882970945,9.916393575443564,9.949894905090332,5599000,0.0,0.0,WFC
1999-02-24,10.016898764504326,10.1006520986557,9.598132093747457,9.648384094238281,5960000,0.0,0.0,WFC
1999-02-25,9.581377542563501,9.916390743352435,9.514374902405715,9.899640083312988,6735800,0.0,0.0,WFC
1999-02-26,9.933149117190823,9.98340113633344,9.73214104062035,9.849395751953125,7216200,0.0,0.0,WFC
1999-03-01,9.849392188138141,9.933145523071289,9.681885518271846,9.933145523071289,6550600,0.0,0.0,WFC
1999-03-02,10.016901299158732,10.28491203625997,9.983399957021078,10.050402641296387,12225600,0.0,0.0,WFC
1999-03-03,10.033653720005137,10.150908437935081,9.799144284145251,9.916399002075195,6249600,0.0,0.0,WFC
1999-03-04,10.117409632272736,10.217913701467499,10.050406919476227,10.167661666870117,9633800,0.0,0.0,WFC
1999-03-05,10.452418378009888,10.50267038944263,10.184407650368609,10.402166366577148,8567600,0.0,0.0,WFC
1999-03-08,10.25141033227893,10.452418378009888,10.184407650368609,10.402166366577148,3815400,0.0,0.0,WFC
1999-03-09,10.418921839857022,10.452423196255276,10.117409632272736,10.167661666870117,7321200,0.0,0.0,WFC
1999-03-10,10.201161395297962,10.435670852661133,10.016903964512613,10.435670852661133,5638600,0.0,0.0,WFC
1999-03-11,10.435669717909414,10.58642578125,10.351916349386867,10.58642578125,8827200,0.0,0.0,WFC
1999-03-12,10.653424131141982,10.653424131141982,10.351912127430417,10.418914794921875,5252400,0.0,0.0,WFC
1999-03-15,10.217909041346084,10.586423793656927,10.184407700226917,10.351914405822754,7726800,0.0,0.0,WFC
1999-03-16,10.385413448480215,10.41891478218499,9.89964410976098,10.033649444580078,8311800,0.0,0.0,WFC
1999-03-17,9.96664834022522,9.98339900970459,9.581382942199706,9.715388298034668,6698800,0.0,0.0,WFC
1999-03-18,9.698638519164055,10.418917372918898,9.6818878481465,10.385416030883789,7744400,0.0,0.0,WFC
1999-03-19,10.45241490986977,10.485916239709097,10.28490826067314,10.335160255432129,10638000,0.0,0.0,WFC
1999-03-22,10.318416123979548,10.469172203713015,10.301665448453607,10.435670852661133,5718600,0.0,0.0,WFC
1999-03-23,10.40216673374176,10.670177470842997,9.949898614883423,10.050402641296387,6386000,0.0,0.0,WFC
1999-03-24,9.94990314515699,10.016905859939191,9.882900430374788,9.966653823852539,5185000,0.0,0.0,WFC
1999-03-25,10.083901485340707,10.201156153774901,9.933145483068172,9.983397483825684,6612400,0.0,0.0,WFC
1999-03-26,9.815893225563533,9.882895909697073,9.715389199363225,9.765641212463379,5681200,0.0,0.0,WFC
1999-03-29,9.765638132460305,10.067150115966797,9.765638132460305,10.067150115966797,5366000,0.0,0.0,WFC
1999-03-30,9.782397431898282,10.033657639909368,9.648391987625702,9.681893348693848,6666200,0.0,0.0,WFC
1999-03-31,9.799141297365892,9.84939330401905,9.397125244140625,9.397125244140625,10187000,0.0,0.0,WFC
1999-04-01,9.464128760706627,9.832643508911133,9.212868705112646,9.832643508911133,8848200,0.0,0.0,WFC
1999-04-05,9.882897533301925,10.083905618725014,9.832645511946152,10.016902923583984,7035000,0.0,0.0,WFC
1999-04-06,10.08390198446343,10.284909997442767,9.98339797797376,10.150904655456543,6516800,0.0,0.0,WFC
1999-04-07,10.234662746349843,10.452421528187074,10.217912070823903,10.435670852661133,7226400,0.0,0.0,WFC
1999-04-08,10.58642578125,10.619927128659018,10.519423086431962,10.58642578125,11306000,0.0,0.0,WFC
1999-04-09,10.603175109287477,10.653427124023438,10.519421751394212,10.653427124023438,5253000,0.0,0.0,WFC
1999-04-12,10.586419048727867,10.720424353142143,10.536167059572513,10.686923027038574,6198600,0.0,0.0,WFC
1999-04-13,10.636680406237405,10.6869324396527,10.519425661601717,10.552927017211914,6293200,0.0,0.0,WFC
1999-04-14,10.6869324396527,10.938192606729174,10.552927017211914,10.552927017211914,17781400,0.0,0.0,WFC
1999-04-15,10.586420252015396,10.837680226351203,10.519417592192513,10.77067756652832,7337200,0.0,0.0,WFC
1999-04-16,10.787433565307806,10.837685585021973,10.603176159689195,10.837685585021973,6437200,0.0,0.0,WFC
1999-04-19,10.854430723335243,11.172693352568837,10.854430723335243,11.021937370300293,14633400,0.0,0.0,WFC
1999-04-20,11.222952980559132,11.390459741463,11.088947571836037,11.356958389282227,13837600,0.0,0.0,WFC
1999-04-21,11.356957097116732,11.45746114222396,11.139198332717738,11.37370777130127,11038000,0.0,0.0,WFC
1999-04-22,11.34020224497224,11.45745692106501,11.122443560799951,11.440706253051758,9098800,0.0,0.0,WFC
1999-04-23,11.407206485145972,11.50771050704153,11.340203803882265,11.45745849609375,4410200,0.0,0.0,WFC
1999-04-26,11.474207589078263,11.624963601197539,11.390454249011999,11.440706253051758,7516400,0.0,0.0,WFC
1999-04-27,11.440706884319132,11.825972269881856,11.340202870694073,11.792470932006836,8627600,0.0,0.0,WFC
1999-04-28,11.792468731219952,11.943224723522478,11.641712738917423,11.758967399597168,8368400,0.0,0.0,WFC
1999-04-29,11.792471313476561,12.026980686187743,11.55796194076538,11.725468635559082,7768400,0.0,0.0,WFC
1999-04-30,11.75897205755783,11.926478782024466,11.373706591284568,11.574714660644531,7558400,0.0,0.0,WFC
1999-05-03,11.507708953759748,11.77571964263916,11.407204945429969,11.77571964263916,5627600,0.0,0.0,WFC
1999-05-04,11.675220088169679,11.758973460394714,11.32345592482454,11.742222785949707,8648000,0.0,0.0,WFC
1999-05-05,11.728756446784038,11.829721351634403,11.560481605366764,11.812893867492676,6595000,0.1,0.0,WFC
1999-05-06,11.745577903415846,11.745577903415846,11.476338295314623,11.610958099365234,4680200,0.0,0.0,WFC
1999-05-07,11.594130623858907,11.796060329934825,11.509993246327276,11.610958099365234,3529400,0.0,0.0,WFC
1999-05-10,11.644624102557147,11.644624102557147,11.341729255958839,11.358556747436523,3845600,0.0,0.0,WFC
1999-05-11,11.375382228204382,11.610967067250035,11.291244785688077,11.510002136230469,4089400,0.0,0.0,WFC
1999-05-12,11.577312375086711,11.728759775342207,11.240762596741167,11.560484886169434,5056600,0.0,0.0,WFC
1999-05-13,11.661452384091248,11.829727310268611,11.577314921002566,11.678279876708984,4077800,0.0,0.0,WFC
1999-05-14,11.425862580537796,11.526827492884227,11.27441521201815,11.308070182800293,4725000,0.0,0.0,WFC
1999-05-17,11.308072291382956,11.341727268440643,10.971522520806081,11.00517749786377,6373600,0.0,0.0,WFC
1999-05-18,10.904205749416796,11.122962963525467,10.735930969333204,10.820068359375,5292800,0.0,0.0,WFC
1999-05-19,11.072484215823087,11.156621633876453,10.971519314159046,11.106139183044434,4681200,0.0,0.0,WFC
1999-05-20,11.24075905192982,11.24075905192982,11.072484215823087,11.106139183044434,4757000,0.0,0.0,WFC
1999-05-21,11.10614166603432,11.207106590270996,11.055659203915983,11.207106590270996,5517600,0.0,0.0,WFC
1999-05-24,11.190277063209592,11.190277063209592,10.820072408486869,11.022002220153809,5041000,0.0,0.0,WFC
1999-05-25,10.988349019898653,11.038831480939535,10.231112104285423,10.332077026367188,8771800,0.0,0.0,WFC
1999-05-26,10.601317587215734,11.13979721069336,10.433042704878977,11.13979721069336,9266600,0.0,0.0,WFC
1999-05-27,10.80324804099502,11.02200540008059,10.50035323610731,10.567663192749023,10371200,0.0,0.0,WFC
1999-05-28,10.634969556331635,10.88738180845976,10.584487105906009,10.7695894241333,5094400,0.0,0.0,WFC
1999-06-01,10.803239500018913,10.853721927589094,10.533999886311276,10.75275707244873,4648000,0.0,0.0,WFC
1999-06-02,10.820073300459253,10.820073300459253,10.61814347214586,10.685453414916992,4336400,0.0,0.0,WFC
1999-06-03,10.668625075862094,10.752762497596022,10.634970107168522,10.702280044555664,3804800,0.0,0.0,WFC
1999-06-04,10.7695894241333,10.820071874558925,10.584487105906009,10.7695894241333,3230000,0.0,0.0,WFC
1999-06-07,10.702280018347821,11.055657188764966,10.702280018347821,11.022002220153809,4567000,0.0,0.0,WFC
1999-06-08,11.005178170270085,11.106143107612013,10.870558253814181,10.954695701599121,3210800,0.0,0.0,WFC
1999-06-09,10.921039389679567,11.038831802203076,10.836901952162776,10.887384414672852,3720400,0.0,0.0,WFC
1999-06-10,10.61814413191397,10.719109052344214,10.5340066982221,10.634971618652344,4949400,0.0,0.0,WFC
1999-06-11,10.634968814077407,10.803243637084961,10.634968814077407,10.803243637084961,4792800,0.0,0.0,WFC
1999-06-14,10.836900786152036,10.836900786152036,10.651798443531426,10.685453414916992,4363200,0.0,0.0,WFC
1999-06-15,10.719103491324844,10.954688183441874,10.719103491324844,10.820068359375,6125400,0.0,0.0,WFC
1999-06-16,11.038827250687595,11.156619614643104,11.021999770122523,11.089309692382812,9535000,0.0,0.0,WFC
1999-06-17,11.055656815977658,11.509998876908247,11.055656815977658,11.442688941955566,7505400,0.0,0.0,WFC
1999-06-18,11.442689665071256,11.509999604277558,11.341724756261804,11.484758377075195,8164600,0.0,0.0,WFC
1999-06-21,11.49317311396641,11.510000600224048,11.341725737647673,11.409035682678223,4168200,0.0,0.0,WFC
1999-06-22,11.375372587410935,11.509992381344793,11.358545113169203,11.476337432861328,4044200,0.0,0.0,WFC
1999-06-23,11.476345627708772,11.476345627708772,11.207105847586574,11.409035682678223,5132600,0.0,0.0,WFC
1999-06-24,11.32489651352612,11.442688899253731,11.207104127798507,11.2744140625,6576200,0.0,0.0,WFC
1999-06-25,11.442689436195542,11.543654342985501,11.442689436195542,11.526826858520508,7233000,0.0,0.0,WFC
1999-06-28,11.57730770111084,11.695100075976793,11.543652736863423,11.57730770111084,7914400,0.0,0.0,WFC
1999-06-29,11.594133034348488,11.846545219421387,11.509995639324188,11.846545219421387,7595400,0.0,0.0,WFC
1999-06-30,11.779241952282645,11.779241952282645,11.3248997626946,11.510002136230469,15400200,0.0,0.0,WFC
1999-07-01,11.526827183698856,11.762411972854746,11.341724849362086,11.745584487915039,8561400,0.0,0.0,WFC
1999-07-02,11.728752026659377,11.880199326860144,11.711924548859292,11.863371849060059,7001400,0.0,0.0,WFC
1999-07-06,11.863379658016699,12.082137013412751,11.863379658016699,12.065309524536133,5865600,0.0,0.0,WFC
1999-07-07,11.997999569029655,12.098964502289371,11.88020714689332,12.065309524536133,5771600,0.0,0.0,WFC
1999-07-08,12.014822208681586,12.149442065361493,11.930684798256646,12.048477172851562,8239600,0.0,0.0,WFC
1999-07-09,12.082137576112444,12.19993000373471,12.048482596791796,12.166275024414062,4321000,0.0,0.0,WFC
1999-07-12,12.08214114493396,12.08214114493396,11.695108768424934,11.762418746948242,6266800,0.0,0.0,WFC
1999-07-13,11.695103175299508,11.84655055454799,11.62779322896685,11.779240608215332,4098200,0.0,0.0,WFC
1999-07-14,11.796064968719039,11.829719932966453,11.509997772616009,11.57730770111084,5667200,0.0,0.0,WFC
1999-07-15,11.627790147481962,11.661445111729378,11.476342808368594,11.57730770111084,4295000,0.0,0.0,WFC
1999-07-16,11.577303148352582,11.661440525884213,11.375373442276665,11.610958099365234,5794000,0.0,0.0,WFC
1999-07-19,11.57731103408389,11.594138521052034,11.442691138338729,11.493173599243164,7098600,0.0,0.0,WFC
1999-07-20,11.442691128462952,11.459518615416574,11.240761285019488,11.324898719787598,5837400,0.0,0.0,WFC
1999-07-21,11.291234750562364,11.409027065396844,11.173442435727882,11.257579803466797,5007000,0.0,0.0,WFC
1999-07-22,11.324898526494442,11.476345906492138,11.190278633163157,11.291243553161621,6442800,0.0,0.0,WFC
1999-07-23,11.308071611167072,11.341726586200307,11.005176835867955,11.223934173583984,5930600,0.0,0.0,WFC
1999-07-26,11.0556599634503,11.173452383152206,11.00517749786377,11.00517749786377,5854400,0.0,0.0,WFC
1999-07-27,11.139792887950415,11.17344785135812,10.937863107504183,11.055655479431152,5083200,0.0,0.0,WFC
1999-07-28,11.055655070504953,11.089310032667829,10.904207740772007,10.9883451461792,3633600,0.0,0.0,WFC
1999-07-29,10.786416455941607,10.870553869794506,10.651796593776968,10.853726387023926,6334000,0.0,0.0,WFC
1999-07-30,10.853728147653433,10.853728147653433,10.382558553646772,10.500350952148438,5630000,0.0,0.0,WFC
1999-08-02,10.702281155632537,10.702281155632537,10.348903947663539,10.399386405944824,4158600,0.0,0.0,WFC
1999-08-03,10.466693231201171,10.517175674438477,10.180626052856445,10.517175674438477,11838000,0.0,0.0,WFC
1999-08-04,10.571305991397463,10.571305991397463,10.266852378845215,10.266852378845215,8219000,0.1,0.0,WFC
1999-08-05,10.216105270385743,10.385246086120606,9.860909557342529,10.31758975982666,8843400,0.0,0.0,WFC
1999-08-06,10.24993768583572,10.24993768583572,9.9962263569784,10.114624977111816,6143800,0.0,0.0,WFC
1999-08-09,10.114620780944824,10.435988330841065,10.114620780944824,10.31758975982666,5991800,0.0,0.0,WFC
1999-08-10,10.283765462239584,10.351421813964844,10.114624582926432,10.148452758789062,4580800,0.0,0.0,WFC
1999-08-11,10.23302466495742,10.520564200997544,10.216110574602117,10.46982192993164,9598000,0.0,0.0,WFC
1999-08-12,10.537474585051584,10.672787260301043,10.249935150146484,10.249935150146484,4994000,0.0,0.0,WFC
1999-08-13,10.435994889335692,10.808104917804712,10.402166704929417,10.774276733398438,4171200,0.0,0.0,WFC
1999-08-16,10.706618352234363,10.875759242475032,10.622047907114029,10.825016975402832,4528000,0.0,0.0,WFC
1999-08-17,11.298610917751162,11.332439094151615,11.095641859348447,11.197126388549805,7612400,0.0,0.0,WFC
1999-08-18,11.197124871340664,11.214038957249034,11.044898098165339,11.163296699523926,4220800,0.0,0.0,WFC
1999-08-19,11.027985506547543,11.197126388549805,10.99415733014709,11.197126388549805,6103400,0.0,0.0,WFC
1999-08-20,11.14638607882889,11.43392562866211,11.11255789649557,11.43392562866211,6135000,0.0,0.0,WFC
1999-08-23,11.366261608195755,11.670715044129569,11.366261608195755,11.653800964355469,4872800,0.0,0.0,WFC
1999-08-24,11.619976502622483,11.907515950285632,11.535406076839205,11.704546928405762,4565800,0.0,0.0,WFC
1999-08-25,11.535412527557112,11.941350798321585,11.366271581405249,11.87369441986084,8078000,0.0,0.0,WFC
1999-08-26,11.80603705138712,11.992092076552247,11.501583373844186,11.518497467041016,5729800,0.0,0.0,WFC
1999-08-27,11.636894693645482,11.636894693645482,11.247870597782335,11.315526962280273,5529600,0.0,0.0,WFC
1999-08-30,11.264775566432787,11.332431876141092,10.84192363075588,10.89266586303711,4475200,0.0,0.0,WFC
1999-08-31,10.892675378820398,11.011074024242358,10.655878087976475,10.774276733398438,6566400,0.0,0.0,WFC
1999-09-01,10.791186852088341,11.027984055739182,10.7235305081881,10.994155883789062,5447600,0.0,0.0,WFC
1999-09-02,10.825011529937598,10.875753771484181,10.503644000142575,10.672784805297852,5842800,0.0,0.0,WFC
1999-09-03,10.89266936703505,11.230951024396386,10.875755284166983,11.21403694152832,7701000,0.0,0.0,WFC
1999-09-07,11.230952729317258,11.247866814752976,10.825014678860008,10.858842849731445,3990200,0.0,0.0,WFC
1999-09-08,10.80810260772705,10.825016696315043,10.622047633259136,10.80810260772705,4604600,0.0,0.0,WFC
1999-09-09,10.808100741315153,10.808100741315153,10.351420428301838,10.638959884643555,6496800,0.0,0.0,WFC
1999-09-10,10.689706545264743,10.909589749518606,10.60513608209018,10.791191101074219,5492600,0.0,0.0,WFC
1999-09-13,10.72353244125843,10.825016975402832,10.520563372969628,10.825016975402832,4468800,0.0,0.0,WFC
1999-09-14,10.68969955444336,10.68969955444336,10.233019351959229,10.31758975982666,8363800,0.0,0.0,WFC
1999-09-15,10.520561258777294,10.655873943777644,10.317592231276768,10.351420402526855,7900200,0.0,0.0,WFC
1999-09-16,10.300677118222575,10.385247537912415,10.046965859153053,10.233020782470703,5073400,0.0,0.0,WFC
1999-09-17,10.233018316608074,10.537471754126992,10.19919015688375,10.368330955505371,6949200,0.0,0.0,WFC
1999-09-20,10.419075810632041,10.43598989474021,10.030051876144157,10.182278633117676,3877000,0.0,0.0,WFC
1999-09-21,10.046968231201172,10.249937286376953,9.996225967407227,10.148452758789062,7874400,0.0,0.0,WFC
1999-09-22,10.249936998664559,10.503648310512691,10.216108823751474,10.41907787322998,6055800,0.0,0.0,WFC
1999-09-23,10.486732694147463,10.791186223977551,10.334505929232419,10.385248184204102,5986200,0.0,0.0,WFC
1999-09-24,10.35142221585126,10.875758962079018,10.35142221585126,10.80810260772705,7411800,0.0,0.0,WFC
1999-09-27,10.740445534904282,10.825015972186993,10.351421523403811,10.41907787322998,5704400,0.0,0.0,WFC
1999-09-28,10.41907481595251,10.757356465821097,10.283762156005073,10.520559310913086,5210600,0.0,0.0,WFC
1999-09-29,10.5712962498348,10.588210323834536,10.30067106583903,10.435983657836914,5475800,0.0,0.0,WFC
1999-09-30,10.588216194971126,10.875755612406445,10.435989444564195,10.723528861999512,5557400,0.0,0.0,WFC
1999-10-01,10.588216781616211,10.672787203194614,10.385247769828041,10.588216781616211,6588800,0.0,0.0,WFC
1999-10-04,10.723530128689632,11.078725921595755,10.706616043313149,11.027983665466309,6418200,0.0,0.0,WFC
1999-10-05,11.061811447143555,11.366264973211726,10.892670599327904,11.061811447143555,8901600,0.0,0.0,WFC
1999-10-06,11.061811971234846,11.332437340561693,11.044897885651919,11.26478099822998,5719200,0.0,0.0,WFC
1999-10-07,11.28169494611354,11.28169494611354,11.011069580089828,11.027983665466309,5056400,0.0,0.0,WFC
1999-10-08,10.96032304202809,11.50157356262207,10.909580805722404,11.50157356262207,6063000,0.0,0.0,WFC
1999-10-11,11.484659483853507,11.586143956464879,11.433917247547821,11.50157356262207,4233400,0.0,0.0,WFC
1999-10-12,11.36626387428844,11.36626387428844,11.180208959679554,11.281693458557129,3970600,0.0,0.0,WFC
1999-10-13,11.214037576810583,11.332436163594403,10.537474223760169,10.740443229675293,4730400,0.0,0.0,WFC
1999-10-14,10.723527438100572,11.044894979620935,10.706613356967921,10.977238655090332,6496800,0.0,0.0,WFC
1999-10-15,10.486732660195766,10.79118618904016,10.402162235516768,10.554388999938965,7528400,0.0,0.0,WFC
1999-10-18,10.537478084805645,10.740447165090826,10.41907945463929,10.689704895019531,5041000,0.0,0.0,WFC
1999-10-19,10.960327457737279,11.366265511727548,10.926499286571422,11.26478099822998,10397000,0.0,0.0,WFC
1999-10-20,11.400093395585959,11.738375098719073,11.383179310429304,11.704546928405762,10086400,0.0,0.0,WFC
1999-10-21,11.535406460969345,11.856774089647375,11.50157828952955,11.670719146728516,7838600,0.0,0.0,WFC
1999-10-22,11.907516990959977,12.178142377118158,11.80603247115066,12.110486030578613,14942400,0.0,0.0,WFC
1999-10-25,12.042828666138213,12.093570921753964,11.87368781408571,11.992086410522461,7817600,0.0,0.0,WFC
1999-10-26,12.110480974104021,12.296535849404503,12.025910576240166,12.09356689453125,11607400,0.0,0.0,WFC
1999-10-27,12.211970783049061,12.584080696105957,12.144314435220533,12.584080696105957,11327200,0.0,0.0,WFC
1999-10-28,13.023842343858853,13.514350691874316,12.922357858062549,13.27755355834961,24287800,0.0,0.0,WFC
1999-10-29,13.125330972298006,13.277557749038577,12.787049246207852,12.95619010925293,11853400,0.0,0.0,WFC
1999-11-01,12.719390299479166,12.770132548014322,12.533335388183593,12.685562133789062,10083800,0.0,0.0,WFC
1999-11-02,12.634812732485164,13.006922344419133,12.584070512675988,12.820867538452148,9976400,0.0,0.0,WFC
1999-11-03,12.824272327629854,12.858243909954702,12.535513877868652,12.535513877868652,8204400,0.1,0.0,WFC
1999-11-04,12.671402571049143,12.858246308691959,12.671402571049143,12.773317337036133,8867000,0.0,0.0,WFC
1999-11-05,13.045094631383511,13.147009433191194,12.671407024755338,12.72236442565918,10887600,0.0,0.0,WFC
1999-11-08,12.501544820851294,12.807289123535156,12.433601642477102,12.807289123535156,10665800,0.0,0.0,WFC
1999-11-09,12.80728833908228,12.82427413263544,12.229771358274856,12.348671913146973,9146000,0.0,0.0,WFC
1999-11-10,12.093887997602057,12.348674963843674,11.958001615606529,12.212788581848145,8180800,0.0,0.0,WFC
1999-11-11,12.229771358274856,12.43360088091277,12.093885009849581,12.348671913146973,6002600,0.0,0.0,WFC
1999-11-12,12.535514599365714,13.011116779287448,12.433599846525343,12.977145195007324,9694400,0.0,0.0,WFC
1999-11-15,13.011112094556212,13.028097880580438,12.705367946120166,12.841254234313965,6402600,0.0,0.0,WFC
1999-11-16,12.790301142110453,13.113031184208857,12.790301142110453,13.079059600830078,6193000,0.0,0.0,WFC
1999-11-17,13.045090247844827,13.045090247844827,12.773317534348061,12.807289123535156,5176400,0.0,0.0,WFC
1999-11-18,12.960162550716076,13.062077328310174,12.824276180590614,13.028105735778809,7075800,0.0,0.0,WFC
1999-11-19,13.028096388515674,13.079053740752371,12.909195899963379,12.909195899963379,6718600,0.0,0.0,WFC
1999-11-22,12.72236442565918,13.02810883108223,12.654421224454056,12.72236442565918,6893000,0.0,0.0,WFC
1999-11-23,12.77331699892697,12.841260174453177,12.450586915177485,12.552501678466797,6234600,0.0,0.0,WFC
1999-11-24,12.501541137695312,12.671399033587912,12.501541137695312,12.501541137695312,4649400,0.0,0.0,WFC
1999-11-26,12.569491872982102,12.586477672810457,12.484562873840332,12.484562873840332,2080400,0.0,0.0,WFC
1999-11-29,12.39963052007887,12.450587905777825,12.229772567749023,12.229772567749023,6207600,0.0,0.0,WFC
1999-11-30,12.229771152619392,12.756330743912727,12.229771152619392,12.637430191040039,9559800,0.0,0.0,WFC
1999-12-01,12.603460141499838,12.790303890228271,12.569488550821939,12.739346504211426,6687800,0.0,0.0,WFC
1999-12-02,12.671398889812657,12.909199941364102,12.671398889812657,12.790299415588379,6159600,0.0,0.0,WFC
1999-12-03,12.977144274174773,13.214945347261745,12.824272155761719,12.824272155761719,9667400,0.0,0.0,WFC
1999-12-06,12.892213868313148,12.943171235381579,12.348668619583213,12.433597564697266,8465400,0.0,0.0,WFC
1999-12-07,12.229772040184509,12.382644190686815,11.941013533680152,11.974985122680664,12428800,0.0,0.0,WFC
1999-12-08,11.839100339560156,11.958000916858465,11.805128746046353,11.877318382263184,11425000,0.0,0.0,WFC
1999-12-09,11.839097038993623,12.229770255488392,11.839097038993623,12.161827087402344,8081200,0.0,0.0,WFC
1999-12-10,12.348671970261172,12.365657763892894,12.195799827575684,12.195799827575684,7153800,0.0,0.0,WFC
1999-12-13,12.025938193846102,12.110867135893038,11.92402346338978,12.013198852539062,5467400,0.0,0.0,WFC
1999-12-14,11.924025880879368,12.0429264238511,11.70321058678901,11.822111129760742,5938600,0.0,0.0,WFC
1999-12-15,11.703213660349938,11.805128438233973,11.312540345127807,11.363497734069824,9130200,0.0,0.0,WFC
1999-12-16,10.480235521464643,11.0407667568104,10.463249726454164,10.718036651611328,17140200,0.0,0.0,WFC
1999-12-17,10.71803554421486,11.023779822813701,10.667078164448387,10.853921890258789,13563600,0.0,0.0,WFC
1999-12-20,10.85392348826802,11.125696220368628,10.836937692511732,11.049260139465332,7313400,0.0,0.0,WFC
1999-12-21,10.95583675056696,11.227609445154666,10.735021436214447,10.8709077835083,10431400,0.0,0.0,WFC
1999-12-22,10.870909418167987,11.057753173792749,10.870909418167987,10.9898099899292,5534200,0.0,0.0,WFC
1999-12-23,11.091719827020025,11.295549287853472,10.955833519797727,11.278563499450684,5432200,0.0,0.0,WFC
1999-12-27,11.159664801501354,11.41445166911554,11.091721636804238,11.108707427978516,5081200,0.0,0.0,WFC
1999-12-28,11.176654911185976,11.261583899872798,11.074740124761787,11.19364070892334,4976400,0.0,0.0,WFC
1999-12-29,11.210624565512447,11.26158194990114,10.938851848772751,11.023780822753906,4406000,0.0,0.0,WFC
1999-12-30,11.040764808654785,11.176651144761307,11.006793224628156,11.040764808654785,2657600,0.0,0.0,WFC
1999-12-31,11.023781581860975,11.040767377826862,10.904881010099762,10.9898099899292,2356800,0.0,0.0,WFC
2000-01-03,10.955837275654364,10.972823069880183,10.327362889298996,10.63310718536377,9037000,0.0,0.0,WFC
2000-01-04,10.12353219424977,10.242432740155389,9.783816348805146,10.106546401977539,15237200,0.0,0.0,WFC
2000-01-05,10.055587457679527,10.259416933173032,9.800800613312648,10.004630088806152,8228200,0.0,0.0,WFC
2000-01-06,10.072577684293918,10.599137394602707,10.038606090080448,10.44626522064209,8326800,0.0,0.0,WFC
2000-01-07,10.667078773815412,10.785979333396156,10.480235037331383,10.63310718536377,7711200,0.0,0.0,WFC
2000-01-10,10.42927854682746,10.497221729542948,10.25942059003874,10.293392181396484,8953200,0.0,0.0,WFC
2000-01-11,10.27640152297564,10.327358885899487,10.072572071280256,10.123529434204102,6170800,0.0,0.0,WFC
2000-01-12,10.140516041542538,10.49721761084303,10.140516041542538,10.412288665771484,7030000,0.0,0.0,WFC
2000-01-13,10.836937826236213,11.006795785895088,10.78598043833855,10.9898099899292,11077000,0.0,0.0,WFC
2000-01-14,11.890057216341171,11.890057216341171,11.1766537833607,11.3295259475708,11497400,0.0,0.0,WFC
2000-01-18,10.802962772332588,10.938849096512872,10.463246961881877,10.56516170501709,12744000,0.0,0.0,WFC
2000-01-19,10.429272729523328,10.582144805363248,9.919699143390266,9.987642288208008,17140600,0.0,0.0,WFC
2000-01-20,10.004636110718717,10.140522509506068,9.732863313144016,9.885735511779785,14965200,0.0,0.0,WFC
2000-01-21,9.919703682128073,10.225447973700513,9.800803124294346,9.953675270080566,14016600,0.0,0.0,WFC
2000-01-24,10.0555878217212,10.174488353396958,9.630943065736352,9.74984359741211,9540000,0.0,0.0,WFC
2000-01-25,9.732857829312549,10.327360489043683,9.732857829312549,10.225445747375488,10701000,0.0,0.0,WFC
2000-01-26,10.174488985224775,10.463247437226146,10.055588446165386,10.327361106872559,14587200,0.0,0.0,WFC
2000-01-27,10.497216857396639,10.802961037709162,10.378316342830658,10.59913158416748,10255000,0.0,0.0,WFC
2000-01-28,10.565161498900384,10.633104659665015,10.378317806797643,10.531189918518066,8089000,0.0,0.0,WFC
2000-01-31,10.412291361391544,10.8709077835083,10.412291361391544,10.8709077835083,9267400,0.0,0.0,WFC
2000-02-01,10.870909418167987,11.057753173792749,10.819952030270326,10.9898099899292,9528800,0.0,0.0,WFC
2000-02-02,11.049921355186365,11.067000058981089,10.657111167907715,10.657111167907715,6637600,0.11,0.0,WFC
2000-02-03,10.742507230813864,10.827900770009522,10.40093307403123,10.622956275939941,10805600,0.0,0.0,WFC
2000-02-04,10.691267832751405,10.691267832751405,10.503402104060886,10.537559509277344,7146800,0.0,0.0,WFC
2000-02-07,10.452170682616789,10.554642944211071,10.383855841553933,10.435091972351074,8873200,0.0,0.0,WFC
2000-02-08,10.469250417253178,10.810824655989007,10.469250417253178,10.640037536621094,8445000,0.0,0.0,WFC
2000-02-09,10.503408389516396,10.554644528001843,10.315542548403096,10.349699974060059,9003600,0.0,0.0,WFC
2000-02-10,10.349693006398727,10.4009291103908,10.025197681115598,10.042276382446289,14250800,0.0,0.0,WFC
2000-02-11,10.298463835574614,10.554644528001843,10.144755420118276,10.349699974060059,11174800,0.0,0.0,WFC
2000-02-14,10.486323219488476,10.554638028735956,10.281378791746029,10.33261489868164,8303800,0.0,0.0,WFC
2000-02-15,10.213070257386164,10.366778672631106,10.042283129336228,10.298463821411133,7574600,0.0,0.0,WFC
2000-02-16,10.315540399816301,10.315540399816301,9.837336540222168,9.837336540222168,7861000,0.0,0.0,WFC
2000-02-17,10.12767208795428,10.14475079299299,9.393287771289806,9.546996116638184,9629000,0.0,0.0,WFC
2000-02-18,9.495762341058077,9.495762341058077,8.949243645169842,9.15418815612793,20619200,0.0,0.0,WFC
2000-02-22,9.222501346043178,9.564075469970703,8.949242046901158,9.564075469970703,10546000,0.0,0.0,WFC
2000-02-23,9.359132093541763,9.478683050941019,8.949243096744313,9.290817260742188,8786200,0.0,0.0,WFC
2000-02-24,9.051716137294987,9.171267105146054,8.744299362820819,8.98340129852295,9797200,0.0,0.0,WFC
2000-02-25,9.068792886533426,9.256658652544477,8.812612296518358,8.93216323852539,8026800,0.0,0.0,WFC
2000-02-28,9.120026777078817,9.444522111843794,9.017554566100403,9.324971199035645,8663600,0.0,0.0,WFC
2000-02-29,9.324975516710479,9.342054226448045,8.91508648300892,9.034637451171875,11133400,0.0,0.0,WFC
2000-03-01,9.034637038772171,9.546998307511613,9.034637038772171,9.478683471679688,11305800,0.0,0.0,WFC
2000-03-02,9.717787287731417,9.751944712292863,9.137111070186833,9.273740768432617,10556200,0.0,0.0,WFC
2000-03-03,9.461604762721706,9.564077016469595,9.307896382099873,9.478683471679688,8831400,0.0,0.0,WFC
2000-03-06,9.47868375726274,9.700706980405831,9.410368919372559,9.410368919372559,7545400,0.0,0.0,WFC
2000-03-07,9.478683904348564,9.478683904348564,8.91508648300892,9.034637451171875,8782600,0.0,0.0,WFC
2000-03-08,8.966319311049677,9.27373597314281,8.471036911010742,8.471036911010742,9310400,0.0,0.0,WFC
2000-03-09,9.376208953857422,9.376208953857422,8.812611694335937,8.966320037841797,9146600,0.0,0.0,WFC
2000-03-10,9.017557325640928,9.08587215386548,8.744298012742718,8.795534133911133,8554000,0.0,0.0,WFC
2000-03-13,8.67598665902441,9.00048222304304,8.573514375650106,8.915088653564453,8542400,0.0,0.0,WFC
2000-03-14,8.863850526248708,8.898007946388395,8.693063425550275,8.710142135620117,7903800,0.0,0.0,WFC
2000-03-15,8.744299146864149,9.837336540222168,8.744299146864149,9.837336540222168,15288600,0.0,0.0,WFC
2000-03-16,9.803179134022106,10.58879976148729,9.700706878265777,10.520484924316406,19621600,0.0,0.0,WFC
2000-03-17,10.418012668560078,10.81082298229267,10.400933959267356,10.520484924316406,14195400,0.0,0.0,WFC
2000-03-20,10.520484848902292,10.537563558072588,10.213068083836966,10.366776466369629,10822200,0.0,0.0,WFC
2000-03-21,10.298463048528156,10.913296663365658,10.298463048528156,10.810824394226074,12409200,0.0,0.0,WFC
2000-03-22,10.776668579876423,10.998691862821579,10.708353723585605,10.930377006530762,10333800,0.0,0.0,WFC
2000-03-23,10.89621629038907,11.45981368471954,10.86205887255086,11.3231840133667,12593200,0.0,0.0,WFC
2000-03-24,11.306104601883307,11.647678759039902,11.135317523305009,11.203632354736328,12729000,0.0,0.0,WFC
2000-03-27,11.169470636238117,11.425651155417889,10.998683623451601,11.178009986877441,14213400,0.0,0.0,WFC
2000-03-28,11.067003276490945,11.271947781611148,10.998688441450879,11.118239402770996,11255800,0.0,0.0,WFC
2000-03-29,10.998688910918077,11.118239877341098,10.605878592671003,10.776665687561035,10821000,0.0,0.0,WFC
2000-03-30,10.998694101969402,11.15240255991618,10.708355903625488,10.708355903625488,9668200,0.0,0.0,WFC
2000-03-31,10.776666774340201,11.289028110679673,10.58880095101573,11.135319709777832,10090800,0.0,0.0,WFC
2000-04-03,11.186558207728833,12.125887522881635,11.101164633624032,11.938021659851074,15408800,0.0,0.0,WFC
2000-04-04,11.938018108378945,12.433300690843879,11.47689294539435,11.818467140197754,16863600,0.0,0.0,WFC
2000-04-05,11.869702514738327,11.869702514738327,11.374419963763634,11.596443176269531,8731200,0.0,0.0,WFC
2000-04-06,11.340261612409428,11.476891270390263,10.82790039498129,11.067002296447754,13575200,0.0,0.0,WFC
2000-04-07,10.930374433409494,11.04992540377491,10.827902173096279,10.862059593200684,9817800,0.0,0.0,WFC
2000-04-10,10.38385415379005,10.964530208442785,10.34969673881048,10.793743133544922,15029600,0.0,0.0,WFC
2000-04-11,10.742510243466025,11.306107760213845,10.742510243466025,11.032848358154297,11059400,0.0,0.0,WFC
2000-04-12,11.254869253862472,11.68183697972979,11.1865544177237,11.476892471313477,13893800,0.0,0.0,WFC
2000-04-13,11.56228630414266,11.56228630414266,11.254869533870034,11.408577919006348,9115200,0.0,0.0,WFC
2000-04-14,11.408581000566482,11.425659714639187,10.45217301249504,10.930377006530762,13311200,0.0,0.0,WFC
2000-04-17,10.554639026096888,10.94744921638852,10.554639026096888,10.759583473205566,9401200,0.0,0.0,WFC
2000-04-18,10.622956259874984,11.32318328022044,10.60587755206168,11.152396202087402,8063600,0.0,0.0,WFC
2000-04-19,11.152398420989147,11.22071326583441,10.98161130887599,11.135319709777832,6159400,0.0,0.0,WFC
2000-04-20,11.306106299384648,11.545208245293086,11.186555326430431,11.425657272338867,7525800,0.0,0.0,WFC
2000-04-24,11.425654578627201,11.784307412933885,11.391497165836089,11.681835174560547,7880200,0.0,0.0,WFC
2000-04-25,11.750156087003356,12.177123968071792,11.750156087003356,11.767234802246094,8943000,0.0,0.0,WFC
2000-04-26,11.767234802246094,12.023415530887155,11.767234802246094,11.767234802246094,7376000,0.0,0.0,WFC
2000-04-27,11.493969917297363,11.596442160245036,11.374418967191744,11.493969917297363,9294800,0.0,0.0,WFC
2000-04-28,11.562286867580095,11.664759129331173,11.220712661743164,11.220712661743164,9847000,0.0,0.0,WFC
2000-05-01,11.23779010772705,11.459813316542327,11.11823914913421,11.23779010772705,9475400,0.0,0.0,WFC
2000-05-02,11.220711120305825,11.459813031545218,11.13531758057747,11.30610466003418,7786800,0.0,0.0,WFC
2000-05-03,11.315028646142897,11.486728625598785,11.091818672850247,11.143328666687012,8711600,0.11,0.0,WFC
2000-05-04,11.160502193858788,11.28069221748496,10.868612136480943,10.920122146606445,6629600,0.0,0.0,WFC
2000-05-05,10.88578582931088,11.108995948839338,10.7827657741439,10.954465866088867,5063400,0.0,0.0,WFC
2000-05-08,10.885784628897001,11.469564877134381,10.851444614294802,11.332204818725586,5539600,0.0,0.0,WFC
2000-05-09,11.366539860346231,11.589749857603785,11.29785986119006,11.400879859924316,5631800,0.0,0.0,WFC
2000-05-10,11.400883621560004,11.5210736597391,11.31503359428922,11.41805362701416,7265400,0.0,0.0,WFC
2000-05-11,11.641264806074256,11.950324933669147,11.606924791897045,11.675604820251465,6144800,0.0,0.0,WFC
2000-05-12,11.624095639786837,12.242215939686876,11.572585614795168,12.001835823059082,8653800,0.0,0.0,WFC
2000-05-15,12.07051574951427,12.362405888549466,12.019005724978646,12.328065872192383,6668600,0.0,0.0,WFC
2000-05-16,12.362394250908007,12.362394250908007,11.915974458514107,11.984654426574707,7645800,0.0,0.0,WFC
2000-05-17,11.830130674259458,12.001830684045517,11.675600665452006,11.795790672302246,4750200,0.0,0.0,WFC
2000-05-18,11.830133333219978,12.173533429975276,11.778623318706684,11.864473342895508,4738000,0.0,0.0,WFC
2000-05-19,11.778617681973222,11.933147651561793,11.589747719142748,11.847297668457031,4993000,0.0,0.0,WFC
2000-05-22,11.950328468257545,12.156368614261986,11.744288322253105,12.053348541259766,3989000,0.0,0.0,WFC
2000-05-23,12.05334000580661,12.396740005972042,12.001830005781796,12.03617000579834,7234200,0.0,0.0,WFC
2000-05-24,12.310891399222813,12.534101424592265,12.139191379707851,12.225041389465332,14351200,0.0,0.0,WFC
2000-05-25,12.24221867509717,12.24221867509717,11.744288322253105,12.053348541259766,7388800,0.0,0.0,WFC
2000-05-26,12.019002404011472,12.379572476131816,11.967492393708566,12.190702438354492,5937800,0.0,0.0,WFC
2000-05-30,12.310895864013842,12.362405888549466,12.036175733157188,12.328065872192383,6055000,0.0,0.0,WFC
2000-05-31,12.362403658872152,12.499763699526287,12.225043618218017,12.431083679199219,7610600,0.0,0.0,WFC
2000-06-01,12.431085926497063,12.877506139327068,12.345235885568217,12.619956016540527,13134000,0.0,0.0,WFC
2000-06-02,12.911842685719435,13.11788272857666,12.843162671433692,13.11788272857666,8794200,0.0,0.0,WFC
2000-06-05,12.80882981213176,12.963359930508686,12.328069443847996,12.396749496459961,8318000,0.0,0.0,WFC
2000-06-06,12.413910103109515,12.413910103109515,11.98466009954418,12.345230102539062,5388200,0.0,0.0,WFC
2000-06-07,12.276555299758911,12.637125455416166,12.225045277522161,12.499765396118164,4832200,0.0,0.0,WFC
2000-06-08,12.43108501460928,12.465425028461793,12.036174855305394,12.310894966125488,3962800,0.0,0.0,WFC
2000-06-09,12.413913497703984,12.413913497703984,11.76145331386892,11.864473342895508,4697000,0.0,0.0,WFC
2000-06-12,12.01900463199141,12.190704698162715,11.950324605522887,12.079099655151367,3423000,0.0,0.0,WFC
2000-06-13,11.984665758950369,12.070515800203596,11.830135684694563,12.01900577545166,4721200,0.0,0.0,WFC
2000-06-14,12.019003189964348,12.293723262877819,11.915983162621798,12.242213249206543,5241800,0.0,0.0,WFC
2000-06-15,11.984661388538921,12.122021404453408,11.349371314934423,11.555411338806152,14971200,0.0,0.0,WFC
2000-06-16,11.469563532420123,11.469563532420123,10.250493156968284,10.525213241577148,24845200,0.0,0.0,WFC
2000-06-19,10.525218942890996,11.108999438907789,10.490878913713539,11.057489395141602,11854000,0.0,0.0,WFC
2000-06-20,11.023144645812794,11.143334696468072,10.645404486610486,10.748424530029297,9436600,0.0,0.0,WFC
2000-06-21,10.765593315609905,10.78276332089796,10.456533220424932,10.525213241577148,7338600,0.0,0.0,WFC
2000-06-22,10.714082990373884,10.954463057465606,10.611062961620288,10.93729305267334,6969200,0.0,0.0,WFC
2000-06-23,10.9544614468437,11.07465146271816,10.799931426433679,10.834271430969238,4174400,0.0,0.0,WFC
2000-06-26,10.93729179643361,11.177671835915667,10.868611785153023,11.040311813354492,4371400,0.0,0.0,WFC
2000-06-27,11.263524055480957,11.503904142030855,11.194844030752414,11.263524055480957,7662600,0.0,0.0,WFC
2000-06-28,11.263521120484791,11.641261158062026,11.194841113652567,11.289276123046875,6948600,0.0,0.0,WFC
2000-06-29,11.263523312434096,11.332203332631865,11.126163272038559,11.194843292236328,7680000,0.0,0.0,WFC
2000-06-30,11.126157059208039,11.229177031978484,10.641104687413861,10.645397186279297,9739200,0.0,0.0,WFC
2000-07-03,11.05748047367219,11.212010480291832,10.954460469259095,11.1776704788208,3664000,0.0,0.0,WFC
2000-07-05,11.332205604104434,11.606925739961511,11.263525570140164,11.383715629577637,6442800,0.0,0.0,WFC
2000-07-06,11.469564735188204,11.778624862783095,11.160504607593312,11.675604820251465,5954600,0.0,0.0,WFC
2000-07-07,11.795796623341685,12.087686787238058,11.727116584777832,11.727116584777832,8476800,0.0,0.0,WFC
2000-07-10,11.812962842477033,11.984662883792105,11.709942817687988,11.709942817687988,5502400,0.0,0.0,WFC
2000-07-11,11.709940667409217,11.915980679152488,11.641260663494794,11.795790672302246,5370800,0.0,0.0,WFC
2000-07-12,11.967487644803697,12.104847617771314,11.744277688731318,11.847297668457031,5943200,0.0,0.0,WFC
2000-07-13,11.88164655587969,12.001836622196393,11.555416375877213,11.761456489562988,5538200,0.0,0.0,WFC
2000-07-14,11.744285698100732,12.07051585638131,11.70994568143962,12.001835823059082,5323200,0.0,0.0,WFC
2000-07-17,12.053344201629375,12.087684213599829,11.812964117836197,11.915984153747559,4846400,0.0,0.0,WFC
2000-07-18,11.675601352731327,11.70994135670995,11.452391326870288,11.555411338806152,8181800,0.0,0.0,WFC
2000-07-19,11.555415994149667,11.641266038682726,11.486735958523221,11.58975601196289,5291200,0.0,0.0,WFC
2000-07-20,11.606929679969689,11.933159952039842,11.606929679969689,11.898819923400879,6919800,0.0,0.0,WFC
2000-07-21,11.898810150349036,11.950320150999897,11.538240145793004,11.641260147094727,5734000,0.0,0.0,WFC
2000-07-24,11.624096372915133,11.77862645763631,11.486736297607422,11.486736297607422,5403000,0.0,0.0,WFC
2000-07-25,11.675606401155525,11.675606401155525,11.366546231713174,11.486736297607422,3706600,0.0,0.0,WFC
2000-07-26,11.160504071767093,11.349374140673921,11.160504071767093,11.246354103088379,6996000,0.0,0.0,WFC
2000-07-27,11.349374177910033,11.606924272718883,11.297864158948261,11.538244247436523,5093800,0.0,0.0,WFC
2000-07-28,11.29786145509179,11.503901481628418,11.177671439612089,11.503901481628418,4904200,0.0,0.0,WFC
2000-07-31,11.521069858447614,11.538239858236658,11.280689861401017,11.400879859924316,5609200,0.0,0.0,WFC
2000-08-01,11.469562999395391,11.486733003885503,11.246352941023924,11.315032958984375,5604400,0.0,0.0,WFC
2000-08-02,11.444849014282227,11.496635661405676,11.306751288619695,11.444849014282227,4760600,0.11,0.0,WFC
2000-08-03,11.427586076608932,12.169861305149995,11.37579943275723,12.135336875915527,11149800,0.0,0.0,WFC
2000-08-04,12.20437978279827,12.359739638590609,12.135330958001674,12.187117576599121,11625200,0.0,0.0,WFC
2000-08-07,12.273428216409147,12.394263655951853,12.049019542972694,12.290690422058105,7151200,0.0,0.0,WFC
2000-08-08,12.377003575581925,12.377003575581925,12.031759403320226,12.238905906677246,4539800,0.0,0.0,WFC
2000-08-09,12.22164249420166,12.446051184066945,11.928184976685518,12.22164249420166,7885400,0.0,0.0,WFC
2000-08-10,12.394267082214355,12.584151396844382,12.238907188426154,12.394267082214355,6813800,0.0,0.0,WFC
2000-08-11,12.342483785417345,12.532368151346843,12.290697140163845,12.428794860839844,4652600,0.0,0.0,WFC
2000-08-14,12.394265722833286,12.566887808109515,12.204381429029432,12.497838973999023,3103800,0.0,0.0,WFC
2000-08-15,12.394261474180155,12.428785879400712,12.049017421974579,12.273426055908203,8870400,0.0,0.0,WFC
2000-08-16,12.221641988997419,12.394264050988907,12.135330958001674,12.187117576599121,4519400,0.0,0.0,WFC
2000-08-17,12.238908095854002,12.428792424562598,12.152597037350096,12.32521915435791,4973800,0.0,0.0,WFC
2000-08-18,12.273429114939804,12.34247794259066,12.204380287288947,12.22164249420166,4659400,0.0,0.0,WFC
2000-08-21,12.15259794853103,12.29069565249161,12.118073522540884,12.256171226501465,3630600,0.0,0.0,WFC
2000-08-22,12.273427763102967,12.653196273353691,12.20437894305738,12.584147453308105,7736400,0.0,0.0,WFC
2000-08-23,12.497838723379216,12.63593638883092,12.359741057927513,12.480576515197754,4628800,0.0,0.0,WFC
2000-08-24,12.480573780709804,12.532360393907771,12.307951736716584,12.35973834991455,5806600,0.0,0.0,WFC
2000-08-25,12.359741414245349,12.41152804028269,12.22164374481244,12.307954788208008,3158600,0.0,0.0,WFC
2000-08-28,12.204380485859323,12.394264764988675,12.15259386427859,12.169856071472168,4723400,0.0,0.0,WFC
2000-08-29,12.10081262395561,12.135337053695855,11.893666045514145,11.945452690124512,5046200,0.0,0.0,WFC
2000-08-30,12.049022175799841,12.135333222904425,11.841875662748842,12.014497756958008,5169600,0.0,0.0,WFC
2000-08-31,11.997237952234086,12.273433358328683,11.928189100710437,11.932504653930664,9050600,0.0,0.0,WFC
2000-09-01,12.152591177816822,12.169853381194402,11.841871517020369,11.85913372039795,4796400,0.0,0.0,WFC
2000-09-05,11.841876396975975,12.083547343853034,11.790089765502318,12.066285133361816,7394400,0.0,0.0,WFC
2000-09-06,12.135328435025972,12.394261474180155,12.083541827195136,12.273426055908203,6623600,0.0,0.0,WFC
2000-09-07,12.428794860839844,12.515105936262342,12.342483785417345,12.428794860839844,7081000,0.0,0.0,WFC
2000-09-08,12.497844089485977,12.756777323384167,12.428795227113126,12.674781799316406,8199600,0.0,0.0,WFC
2000-09-11,12.843086211745803,12.98118391294737,12.722250723194431,12.77403736114502,8977800,0.0,0.0,WFC
2000-09-12,12.929396559834963,12.929396559834963,12.601414537622862,12.791298866271973,5598000,0.0,0.0,WFC
2000-09-13,12.791297745577154,13.015706477955701,12.722248904845294,12.91213321685791,7851400,0.0,0.0,WFC
2000-09-14,12.739508719359007,12.75677092629581,12.37700237368619,12.5496244430542,9321000,0.0,0.0,WFC
2000-09-15,12.549628428723752,12.739512765334426,12.411530729370533,12.661832809448242,12601800,0.0,0.0,WFC
2000-09-18,12.601415767536297,12.601415767536297,12.32522035345331,12.342482566833496,5782200,0.0,0.0,WFC
2000-09-19,12.394265951648835,12.843083381652832,12.35974153395622,12.843083381652832,4933600,0.0,0.0,WFC
2000-09-20,12.566887808109515,12.566887808109515,12.273430263139923,12.497838973999023,4428000,0.0,0.0,WFC
2000-09-21,12.44605463626338,12.480579059664942,12.256170307554784,12.32521915435791,5139400,0.0,0.0,WFC
2000-09-22,12.394265722833286,12.566887808109515,12.273430263139923,12.497838973999023,5389000,0.0,0.0,WFC
2000-09-25,12.670464085243843,12.912135062346588,12.51510417139208,12.77403736114502,6322800,0.0,0.0,WFC
2000-09-26,12.843087638296733,12.860349852864337,12.670465492620702,12.739514350891113,7108800,0.0,0.0,WFC
2000-09-27,12.584152325927487,12.843085501358095,12.515103479145992,12.791298866271973,6116200,0.0,0.0,WFC
2000-09-28,12.84308437612605,12.998444267772737,12.756773325211224,12.91213321685791,7742000,0.0,0.0,WFC
2000-09-29,12.808562469482423,12.998446818760463,12.61867812020438,12.687726974487305,8937800,0.0,0.0,WFC
2000-10-02,12.704983248970265,12.998440742492676,12.532361193957081,12.998440742492676,5985600,0.0,0.0,WFC
2000-10-03,13.08475358823207,13.326424498832662,13.08475358823207,13.188326835632324,11755400,0.0,0.0,WFC
2000-10-04,13.257379911306366,13.343690978437268,12.894873429356583,13.015708923339844,8140600,0.0,0.0,WFC
2000-10-05,13.06748923905399,13.326422315125072,13.06748923905399,13.171062469482422,7490200,0.0,0.0,WFC
2000-10-06,13.205584148432584,13.222846349933803,12.584144894388698,12.860340118408203,8500400,0.0,0.0,WFC
2000-10-09,12.653203278053098,12.912136496567145,12.618678848917892,12.739514350891113,4751000,0.0,0.0,WFC
2000-10-10,12.739513979796087,12.739513979796087,12.325220842241741,12.377007484436035,7073800,0.0,0.0,WFC
2000-10-11,12.290695592548774,12.411531082924954,11.979975760152877,12.118073463439941,9278600,0.0,0.0,WFC
2000-10-12,12.187120699743081,12.221645120988812,11.582943327942788,11.807352066040039,9932600,0.0,0.0,WFC
2000-10-13,11.73830191752409,12.204381552484605,11.73830191752409,11.979972839355469,6378400,0.0,0.0,WFC
2000-10-16,12.135333474431523,12.135333474431523,11.876400327750908,12.031760215759277,4907400,0.0,0.0,WFC
2000-10-17,12.014502152152684,12.031764367888535,11.444849032869582,11.513897895812988,9422600,0.0,0.0,WFC
2000-10-18,11.496635016604992,11.824617096658288,10.944244144936285,11.669257164001465,10616000,0.0,0.0,WFC
2000-10-19,11.479372608190399,11.92819018384897,11.444848179293587,11.790092468261719,6453600,0.0,0.0,WFC
2000-10-20,11.790087140645374,11.928184793830093,11.600202867516387,11.686513900756836,5206000,0.0,0.0,WFC
2000-10-23,11.790093385201914,11.790093385201914,11.600209011501736,11.651995658874512,4377800,0.0,0.0,WFC
2000-10-24,11.910930402351148,12.10081480006979,11.84188153045346,11.962717056274414,4931400,0.0,0.0,WFC
2000-10-25,12.01450050578398,12.256171492969289,11.721042878487532,11.73830509185791,11271000,0.0,0.0,WFC
2000-10-26,11.82461906311124,11.945454586383908,11.531161363734755,11.876405715942383,7076200,0.0,0.0,WFC
2000-10-27,11.824614186484755,12.169858396309127,11.807351975993537,12.066285133361816,5074400,0.0,0.0,WFC
2000-10-30,12.238907102348046,12.653200149536133,12.169858261150033,12.653200149536133,8299200,0.0,0.0,WFC
2000-10-31,12.68772559609973,12.860347713053468,12.446054632364497,12.791298866271973,8056600,0.0,0.0,WFC
2000-11-01,12.71911309543003,12.875282287597656,12.66705669804082,12.875282287597656,6476000,0.12,0.0,WFC
2000-11-02,12.875277475644184,13.014094483467842,12.7885168457544,12.909981727600098,4501800,0.0,0.0,WFC
2000-11-03,12.7885168457544,13.014094483467842,12.753812593798484,12.909981727600098,3911800,0.0,0.0,WFC
2000-11-06,12.94468967045579,13.03145032508351,12.840576884902527,12.996746063232422,4985800,0.0,0.0,WFC
2000-11-07,12.944685979556013,12.96203810553397,12.771164719776442,12.909981727600098,3487000,0.0,0.0,WFC
2000-11-08,12.90998724519651,13.04880431234916,12.632353110891207,13.031452178955078,6702800,0.0,0.0,WFC
2000-11-09,13.031452713760675,13.30908685945997,13.01410057965447,13.274382591247559,6499600,0.0,0.0,WFC
2000-11-10,13.274379054810705,13.326435443260943,13.083505630493164,13.083505630493164,4548400,0.0,0.0,WFC
2000-11-13,12.90998479594355,13.135562487270521,12.614998584208282,12.771167755126953,5718600,0.0,0.0,WFC
2000-11-14,12.788520571373743,13.10085892996903,12.719112047241456,12.944689750671387,7114200,0.0,0.0,WFC
2000-11-15,12.701757814631115,12.771166327279373,12.302658866903634,12.424123764038086,10217400,0.0,0.0,WFC
2000-11-16,12.233255170704274,12.476185060618969,12.163846630728647,12.354720115661621,4731000,0.0,0.0,WFC
2000-11-17,12.320010995065699,12.476180148524278,12.077081200796798,12.424123764038086,5826800,0.0,0.0,WFC
2000-11-20,12.458830259063026,12.458830259063026,12.14649189602245,12.215900421142578,4793000,0.0,0.0,WFC
2000-11-21,12.21590092976888,12.580295701821644,12.163844533761342,12.493535041809082,5374600,0.0,0.0,WFC
2000-11-22,12.354721730844135,12.476186691681086,11.938270436546018,12.007678985595703,5991400,0.0,0.0,WFC
2000-11-24,12.077085555458618,12.129141958714905,11.990324883364806,12.042381286621094,2258600,0.0,0.0,WFC
2000-11-27,12.11178656122076,12.406772766866537,12.05973017198915,12.30265998840332,4418000,0.0,0.0,WFC
2000-11-28,12.320017129712816,12.753820549773126,12.250608582503165,12.684412002563477,6074000,0.0,0.0,WFC
2000-11-29,12.753818044649778,13.04880431234916,12.684409511073452,13.031452178955078,6381600,0.0,0.0,WFC
2000-11-30,13.066163783016883,13.222333071260113,12.87529020849738,13.170276641845703,9917400,0.0,0.0,WFC
2000-12-01,13.274386652541349,13.413203767862043,13.066160979560308,13.152921676635742,8246000,0.0,0.0,WFC
2000-12-04,13.135559277100997,13.187615654685281,12.857925263318148,12.979390144348145,8332600,0.0,0.0,WFC
2000-12-05,12.979391556877463,13.343786239624023,12.909983045878118,13.343786239624023,10351800,0.0,0.0,WFC
2000-12-06,13.08351250284726,13.89906301695047,13.08351250284726,13.465259552001953,23037000,0.0,0.0,WFC
2000-12-07,13.465245914338967,13.846992576858886,13.465245914338967,13.760231971740723,7328600,0.0,0.0,WFC
2000-12-08,13.86435436509201,13.881706498214779,13.604072368250483,13.725537300109863,8260600,0.0,0.0,WFC
2000-12-11,13.534660890473791,13.951111994796063,13.534660890473791,13.812294960021973,10510400,0.0,0.0,WFC
2000-12-12,13.8817024469674,13.8817024469674,13.673476910262888,13.864350318908691,9119000,0.0,0.0,WFC
2000-12-13,13.881705284118652,14.037874468564988,13.760240362882614,13.881705284118652,6930000,0.0,0.0,WFC
2000-12-14,13.742888285701437,13.88170533909236,13.49995844226732,13.847001075744629,7244000,0.0,0.0,WFC
2000-12-15,13.847001774160391,14.037875232200197,13.760241111415027,14.00317096710205,22609400,0.0,0.0,WFC
2000-12-18,14.22874398644426,14.697251410388155,14.176687606006048,14.627842903137207,15455200,0.0,0.0,WFC
2000-12-19,14.645200700026292,14.940186970050519,14.523735765310434,14.662552833557129,15054400,0.0,0.0,WFC
2000-12-20,14.454324359736168,14.801366961410505,14.280803058898998,14.697254180908203,10098600,0.0,0.0,WFC
2000-12-21,14.784014831326788,14.853423351661656,14.489028619903602,14.697254180908203,13507000,0.0,0.0,WFC
2000-12-22,14.766663233070771,15.079001585826676,14.73195897165345,14.974888801574707,10058800,0.0,0.0,WFC
2000-12-26,14.974891193897651,15.269877463070607,14.905482659974604,15.252525329589844,5180000,0.0,0.0,WFC
2000-12-27,15.26987823658744,15.35663890838623,15.131061161709372,15.35663890838623,5982200,0.0,0.0,WFC
2000-12-28,15.356635860263498,15.582213562165675,15.252523074770187,15.478100776672363,5018000,0.0,0.0,WFC
2000-12-29,15.599570531234999,15.651626940126773,15.3913448956679,15.460753440856934,6043000,0.0,0.0,WFC
2001-01-02,15.113705847243997,15.217818631495966,14.818719625196756,14.974888801574707,10616400,0.0,0.0,WFC
2001-01-03,14.67990956699147,14.99224806841682,13.881711174460019,14.74931812286377,25444200,0.0,0.0,WFC
2001-01-04,14.471677835171038,14.801368337411146,14.07257880614354,14.436973571777344,17224200,0.0,0.0,WFC
2001-01-05,14.246101830056858,14.610496639351856,13.864354886985906,14.541088104248047,14437000,0.0,0.0,WFC
2001-01-08,14.332862734507366,14.610496879485716,14.280806332323925,14.402271270751953,9123600,0.0,0.0,WFC
2001-01-09,14.315509826283991,14.523735423757213,13.673480900741557,13.725537300109863,11326800,0.0,0.0,WFC
2001-01-10,13.274382179906647,13.777594053393305,13.239677912769636,13.517312049865723,15362600,0.0,0.0,WFC
2001-01-11,13.742889520480547,14.037875785440358,13.569368188151248,13.673480987548828,11738200,0.0,0.0,WFC
2001-01-12,13.899058988372843,13.899058988372843,13.37849498131768,13.517312049865723,8525000,0.0,0.0,WFC
2001-01-16,13.534659885793214,13.933758831143528,13.257025836853867,13.864350318908691,14995200,0.0,0.0,WFC
2001-01-17,14.055222970020923,14.107279351391371,13.70818042755127,13.70818042755127,9124200,0.0,0.0,WFC
2001-01-18,13.812298441240864,13.812298441240864,13.413199365677372,13.447903633117676,8346600,0.0,0.0,WFC
2001-01-19,13.46525264667098,13.777590981258708,13.34378773877575,13.621421813964844,9148400,0.0,0.0,WFC
2001-01-22,13.621418758363507,13.91640489707966,13.499953877715681,13.777587890625,6294200,0.0,0.0,WFC
2001-01-23,13.794940016431832,14.003165526113822,13.690827261590838,13.777587890625,9064800,0.0,0.0,WFC
2001-01-24,13.86435401959259,14.089931744567188,13.742889090760114,13.933762550354004,7102800,0.0,0.0,WFC
2001-01-25,13.95111259177879,14.12463389267156,13.794943420975295,14.055225372314453,10620000,0.0,0.0,WFC
2001-01-26,14.176689923388286,14.402267608827758,14.037872886194766,14.298154830932617,9104000,0.0,0.0,WFC
2001-01-29,14.367565518524634,14.514711261254796,14.062168414230683,14.195432662963867,7106200,0.0,0.0,WFC
2001-01-30,14.331480741484368,14.464745064185315,14.05107059438063,14.411994934082031,8707400,0.0,0.0,WFC
2001-01-31,14.35062346796292,14.448246329809239,14.141430709141332,14.367358207702637,6828200,0.12,0.0,WFC
2001-02-01,14.239057176099932,14.470564398534435,13.876456515139427,14.057757377624512,9373200,0.0,0.0,WFC
2001-02-02,13.932238249447728,14.113538005913345,13.904345242600344,14.013126373291016,5189000,0.0,0.0,WFC
2001-02-05,14.191634441126428,14.367355560067685,14.07169719638349,14.325517654418945,5201000,0.0,0.0,WFC
2001-02-06,14.158163304909648,14.275311785394821,14.021491319021049,14.19442367553711,5214800,0.0,0.0,WFC
2001-02-07,14.197213723183832,14.370146082324105,14.085643841410544,14.152585983276367,4983400,0.0,0.0,WFC
2001-02-08,14.211168049184753,14.375733136366655,14.205589445414702,14.253005981445312,6306200,0.0,0.0,WFC
2001-02-09,14.253001553792751,14.280894563978118,14.01591681926962,14.133064270019531,6213800,0.0,0.0,WFC
2001-02-12,14.272526354168669,14.353414488968506,14.113539917636333,14.16932487487793,5967400,0.0,0.0,WFC
2001-02-13,14.183272002491696,14.222322220545607,13.876456308707056,13.943398475646973,7284400,0.0,0.0,WFC
2001-02-14,14.09959006002336,14.219527312647857,13.932236298412525,14.024280548095703,4532600,0.0,0.0,WFC
2001-02-15,14.043801559335904,14.11911105217952,13.834608878328861,13.865290641784668,4475400,0.0,0.0,WFC
2001-02-16,13.862505210504354,14.141428852309232,13.834612207918314,13.976863861083984,6796000,0.0,0.0,WFC
2001-02-20,14.099588850152424,14.102378682211796,13.513849670766897,13.578001976013184,7583000,0.0,0.0,WFC
2001-02-21,13.578002828175618,13.723043248099714,13.332549727995671,13.393913269042969,7599000,0.0,0.0,WFC
2001-02-22,13.416228745872536,13.499906702099668,12.947636872642008,13.43017578125,9636600,0.0,0.0,WFC
2001-02-23,13.396702123959372,13.555688514056873,13.0675721427728,13.519429206848145,6664400,0.0,0.0,WFC
2001-02-26,13.519433118949024,13.85693056653585,13.326975070185474,13.829038619995117,7720200,0.0,0.0,WFC
2001-02-27,13.829039556707457,14.038232361961331,13.71189103248028,13.96571159362793,7209600,0.0,0.0,WFC
2001-02-28,14.10796754102749,14.10796754102749,13.675634762240067,13.845778465270996,7045400,0.0,0.0,WFC
2001-03-01,13.845769148186212,13.882029518860522,13.550110774407292,13.823455810546875,8979600,0.0,0.0,WFC
2001-03-02,13.862510270388121,14.082860283205024,13.778833360106027,13.993603706359863,6782000,0.0,0.0,WFC
2001-03-05,13.923867670246077,13.979652611337071,13.597527520479021,13.898765563964844,5492800,0.0,0.0,WFC
2001-03-06,14.085642264839766,14.147005799347733,13.594737180803428,13.798351287841797,7346400,0.0,0.0,WFC
2001-03-07,13.798353460572455,14.292048454284668,13.778828889974454,14.292048454284668,9027400,0.0,0.0,WFC
2001-03-08,14.292052814428095,14.42314624786377,14.015917845428552,14.42314624786377,6455400,0.0,0.0,WFC
2001-03-09,14.225108704513287,14.225108704513287,13.862508107200137,14.082858085632324,5289800,0.0,0.0,WFC
2001-03-12,13.90434529873902,13.943395508483022,13.304660013226178,13.332551956176758,7622400,0.0,0.0,WFC
2001-03-13,13.569641130883916,13.817883103041117,13.287927541979235,13.792779922485352,8839000,0.0,0.0,WFC
2001-03-14,13.4190172050846,13.485958286403438,12.86395866376861,12.986685752868652,13686400,0.0,0.0,WFC
2001-03-15,13.087102077224792,13.636582215198523,13.00063639411886,13.589165687561035,8754200,0.0,0.0,WFC
2001-03-16,13.332552350206331,13.53337775021584,13.248875454872186,13.35765552520752,11874600,0.0,0.0,WFC
2001-03-19,13.27955817842148,13.483172361724822,13.07315416213603,13.396705627441406,7919800,0.0,0.0,WFC
2001-03-20,13.332550274331334,13.430174190362358,13.042469422596334,13.067572593688965,7481200,0.0,0.0,WFC
2001-03-21,13.067572566598917,13.142882079720687,12.635241122241457,12.66871166229248,9634200,0.0,0.0,WFC
2001-03-22,12.635240749486746,12.691025690598922,11.868200735219778,12.272640228271484,13750400,0.0,0.0,WFC
2001-03-23,12.138764353865275,12.721715160045266,12.082979378994436,12.6715087890625,11197200,0.0,0.0,WFC
2001-03-26,12.82491363456561,13.061999455614062,12.788653249885796,12.886277198791504,7449800,0.0,0.0,WFC
2001-03-27,12.99505392388333,13.597529012974759,12.797018372082253,13.552901268005371,10969800,0.0,0.0,WFC
2001-03-28,13.527797146769498,13.63378843264617,13.315815639025447,13.57242488861084,7249800,0.0,0.0,WFC
2001-03-29,13.388338256514134,13.505485705534058,13.321396097067371,13.396705627441406,7696600,0.0,0.0,WFC
2001-03-30,13.52779504643027,13.798351287841797,13.435749744668321,13.798351287841797,9081600,0.0,0.0,WFC
2001-04-02,13.803932534077227,13.99081087734672,13.700730012799804,13.859716415405273,10105000,0.0,0.0,WFC
2001-04-03,13.946183272704715,13.946183272704715,13.463645459150253,13.653313636779785,10468600,0.0,0.0,WFC
2001-04-04,13.505478159528199,13.58357747924739,12.559927468717255,12.8276948928833,23293200,0.0,0.0,WFC
2001-04-05,13.011792990692575,13.287926899443917,12.992268413872162,13.285138130187988,13356400,0.0,0.0,WFC
2001-04-06,13.207036509326143,13.354866790941545,12.534830448123456,12.90022087097168,18965400,0.0,0.0,WFC
2001-04-09,13.11219884865156,13.11219884865156,12.635239715973883,12.819329261779785,10633800,0.0,0.0,WFC
2001-04-10,12.969941979296467,13.304650372209073,12.942050056557353,13.176345825195312,12543600,0.0,0.0,WFC
2001-04-11,13.424598990766677,13.424598990766677,13.081522941589355,13.081522941589355,8601200,0.0,0.0,WFC
2001-04-12,13.173568202753556,13.499909534073895,13.025738960024054,13.324187278747559,9682800,0.0,0.0,WFC
2001-04-16,13.499905410114355,13.594739495954348,12.964371435956364,13.151250839233398,8370400,0.0,0.0,WFC
2001-04-17,13.081516566989816,13.081516566989816,12.576664494907991,12.746808052062988,13214200,0.0,0.0,WFC
2001-04-18,12.746814253276492,13.611477362146875,12.621298366115422,13.276768684387207,17955400,0.0,0.0,WFC
2001-04-19,13.207037086300726,13.452490246113058,13.179145141235246,13.37997055053711,10824200,0.0,0.0,WFC
2001-04-20,13.379976445300851,13.430182819745543,13.131734407218751,13.368819236755371,7679600,0.0,0.0,WFC
2001-04-23,13.368814419830732,13.368814419830732,13.095469293015414,13.262823104858398,5536400,0.0,0.0,WFC
2001-04-24,13.346498939715012,13.474804653441579,13.151253196236654,13.360445976257324,6943200,0.0,0.0,WFC
2001-04-25,13.22935194392426,13.254455120941575,13.028526527785749,13.123360633850098,6480600,0.0,0.0,WFC
2001-04-26,13.112198922245206,13.179141059281784,12.819329333729668,12.86674690246582,11525200,0.0,0.0,WFC
2001-04-27,13.081517922077339,13.340916968215565,13.028521754451996,13.338127136230469,8284200,0.0,0.0,WFC
2001-04-30,13.379969288913045,13.430175636504455,13.039682058351142,13.101045608520508,9137200,0.0,0.0,WFC
2001-05-01,13.106624609162258,13.20424747467041,12.989476106543044,13.20424747467041,5564200,0.0,0.0,WFC
2001-05-02,13.092116210098563,13.436940550189483,13.041654007213877,13.344426155090332,7599600,0.12,0.0,WFC
2001-05-03,13.21825920662056,13.347217572189868,13.117334896373047,13.302362442016602,6950400,0.0,0.0,WFC
2001-05-04,13.050059998651246,13.296763906836018,13.050059998651246,13.260318756103516,7003200,0.0,0.0,WFC
2001-05-07,13.327599355995238,13.327599355995238,13.12014361970079,13.271530151367188,5607400,0.0,0.0,WFC
2001-05-08,13.316391490861346,13.321998520873503,13.010815306504314,13.030439376831055,6982600,0.0,0.0,WFC
2001-05-09,12.974363589355008,13.075287939706985,12.828584091005604,12.895867347717285,7697600,0.0,0.0,WFC
2001-05-10,13.008004380702744,13.0640725077137,12.794941648109608,12.873437881469727,9582000,0.0,0.0,WFC
2001-05-11,13.027630289251517,13.027630289251517,12.724857227123282,12.755695343017578,6646000,0.0,0.0,WFC
2001-05-14,12.75569358225684,12.87904495937582,12.736069523838614,12.783727645874023,6260000,0.0,0.0,WFC
2001-05-15,12.78653641145048,12.822981563143937,12.615525779771229,12.665987968444824,9133200,0.0,0.0,WFC
2001-05-16,12.68000130155368,12.895867030173086,12.489366659900984,12.811763763427734,14915000,0.0,0.0,WFC
2001-05-17,12.727655281926232,12.95193092450097,12.688406108723859,12.73045825958252,11077600,0.0,0.0,WFC
2001-05-18,12.730467927578944,12.96876077826492,12.685612764999298,12.890264511108398,7878600,0.0,0.0,WFC
2001-05-21,12.867830609425418,12.960343865084889,12.79774438839245,12.951933860778809,7747800,0.0,0.0,WFC
2001-05-22,12.895870323571183,13.380867057408514,12.87344220968141,13.232284545898438,9575000,0.0,0.0,WFC
2001-05-23,13.336011874325445,13.453757333165695,13.22107046443188,13.439739227294922,10593400,0.0,0.0,WFC
2001-05-24,13.400486946105957,13.5126253417444,13.364041807108814,13.400486946105957,7135000,0.0,0.0,WFC
2001-05-25,13.470575754545937,13.470575754545937,13.128555614298444,13.139768600463867,4358000,0.0,0.0,WFC
2001-05-29,13.254705282005236,13.274329337603385,13.089301763798824,13.108925819396973,5863000,0.0,0.0,WFC
2001-05-30,13.108923963729683,13.327593661403142,13.06687288029951,13.092103958129883,5305800,0.0,0.0,WFC
2001-05-31,13.064073361660839,13.198639869689941,12.957543057831776,13.198639869689941,5687200,0.0,0.0,WFC
2001-06-01,13.14817629386263,13.30516875409657,13.041644931967507,13.265920639038086,5162600,0.0,0.0,WFC
2001-06-04,13.265928605877246,13.593932893363217,13.195842338488024,13.554683685302734,5919800,0.0,0.0,WFC
2001-06-05,13.661216931186623,13.708876155465095,13.504223286323972,13.672430992126465,6752000,0.0,0.0,WFC
2001-06-06,13.565899378399424,13.565899378399424,13.364050561793057,13.411709785461426,4745200,0.0,0.0,WFC
2001-06-07,13.036037493607822,13.40048563975799,12.912686125975256,13.361237525939941,14696200,0.0,0.0,WFC
2001-06-08,13.361241566469761,13.364044545691165,12.954741135768407,13.019220352172852,8630600,0.0,0.0,WFC
2001-06-11,12.963155045239837,13.086506477131703,12.814571447685065,12.828588485717773,7682400,0.0,0.0,WFC
2001-06-12,12.828584416292447,12.842602519309846,12.58748865808739,12.7276611328125,9551600,0.0,0.0,WFC
2001-06-13,12.727662731022626,12.738875717641003,12.35200040881024,12.4389066696167,11809800,0.0,0.0,WFC
2001-06-14,12.27911070125128,12.385642099955794,12.192204436287936,12.237059593200684,9041000,0.0,0.0,WFC
2001-06-15,11.970732120331329,12.195007914059957,11.970732120331329,12.096887588500977,18058800,0.0,0.0,WFC
2001-06-18,12.189400644181898,12.192204693103113,11.95671484699303,12.130528450012207,10234600,0.0,0.0,WFC
2001-06-19,12.239863306712943,12.551046444334423,12.085673762417365,12.197811126708984,9249800,0.0,0.0,WFC
2001-06-20,12.180984542944646,12.559449681207521,12.158556440519488,12.4781494140625,13837600,0.0,0.0,WFC
2001-06-21,12.47254436557671,12.977164943127912,12.455723287533687,12.951933860778809,12615400,0.0,0.0,WFC
2001-06-22,13.064076362628127,13.064076362628127,12.78653541596251,12.946331977844238,10060000,0.0,0.0,WFC
2001-06-25,13.064075834896952,13.064075834896952,12.618327267277547,12.71925163269043,7090000,0.0,0.0,WFC
2001-06-26,12.508991076026609,12.825781161533609,12.508991076026609,12.70242977142334,10162400,0.0,0.0,WFC
2001-06-27,12.68840616460747,12.99398206315847,12.685603186938836,12.834185600280762,9044200,0.0,0.0,WFC
2001-06-28,12.811768984461397,13.100524043418206,12.811768984461397,13.01081371307373,7782400,0.0,0.0,WFC
2001-06-29,12.912684483779216,13.016411781311035,12.702425841267534,13.016411781311035,9856800,0.0,0.0,WFC
2001-07-02,13.030434197228464,13.218265884961891,12.926706856814267,13.184623718261719,6752400,0.0,0.0,WFC
2001-07-03,13.254711899868006,13.254711899868006,13.086505319492248,13.212660789489746,3416400,0.0,0.0,WFC
2001-07-05,13.21265799804488,13.26312017538271,13.0388433563563,13.050057411193848,6159000,0.0,0.0,WFC
2001-07-06,13.052859803736755,13.061269809082459,12.83979706657697,12.898669242858887,5944800,0.0,0.0,WFC
2001-07-09,12.89867456486225,12.918299701151229,12.769716105675117,12.845409393310547,6449800,0.0,0.0,WFC
2001-07-10,12.84540964355137,12.88465777803105,12.604312738111672,12.68000602722168,9161400,0.0,0.0,WFC
2001-07-11,12.713643132784544,12.803353431780842,12.590291739022414,12.696823120117188,8643400,0.0,0.0,WFC
2001-07-12,12.780929831596017,12.853819068111187,12.696826537330388,12.806160926818848,6791800,0.0,0.0,WFC
2001-07-13,12.769710645774552,13.083696650676798,12.736069555464198,13.033235549926758,10058400,0.0,0.0,WFC
2001-07-16,13.108931425789917,13.243497963772315,12.879048616669516,12.904279708862305,7194200,0.0,0.0,WFC
2001-07-17,12.671593906063476,13.316387176513672,12.60431063714817,13.316387176513672,12713200,0.0,0.0,WFC
2001-07-18,13.176212238864883,13.209853332374474,12.9687565117884,13.162195205688477,8047000,0.0,0.0,WFC
2001-07-19,13.190230440252565,13.313582909764417,13.044450929558398,13.20424747467041,6523400,0.0,0.0,WFC
2001-07-20,13.008006127378742,13.106126432254188,12.867833652167468,12.963150978088379,10919800,0.0,0.0,WFC
2001-07-23,12.963149498882283,13.013610600323672,12.772514868793499,12.86783218383789,6682000,0.0,0.0,WFC
2001-07-24,12.761299099152879,12.881847483421167,12.668784775185232,12.733263969421387,10021000,0.0,0.0,WFC
2001-07-25,12.733267950640238,12.811765269000754,12.601506542713317,12.789337158203125,8885000,0.0,0.0,WFC
2001-07-26,12.783729918189609,12.811765056221033,12.587489299125476,12.747285842895508,6434400,0.0,0.0,WFC
2001-07-27,12.76970636335427,12.865023645127362,12.71644123243984,12.73045825958252,6456000,0.0,0.0,WFC
2001-07-30,12.80055270561639,12.879048963695134,12.713645370292559,12.839800834655762,6092400,0.0,0.0,WFC
2001-07-31,12.876247868769072,12.999599302293543,12.7276653386792,12.91269302368164,6465400,0.0,0.0,WFC
2001-08-01,13.002397713325,13.092108002338069,12.898669322740949,13.058466911315918,5098200,0.0,0.0,WFC
2001-08-02,13.0864980915713,13.145370255243469,13.022018902392627,13.10331916809082,4054400,0.0,0.0,WFC
2001-08-03,13.156593172087087,13.156593172087087,13.010813618973785,13.100523948669434,4689800,0.0,0.0,WFC
2001-08-06,13.106130985995474,13.173414268024235,12.904282209340677,12.9379243850708,4540400,0.0,0.0,WFC
2001-08-07,12.937920816469795,13.01081003825076,12.91549270550261,12.9351167678833,5449000,0.0,0.0,WFC
2001-08-08,12.935120052042327,13.011242289487232,12.853359010843153,12.86745548248291,7005400,0.13,0.0,WFC
2001-08-09,12.842077529428646,12.870271539695079,12.760316512893276,12.847716331481934,6629000,0.0,0.0,WFC
2001-08-10,12.827985307444697,13.008422730899284,12.760320735903287,12.968952178955078,5654200,0.0,0.0,WFC
2001-08-13,12.954852958365104,13.174760887107624,12.954852958365104,13.13810920715332,5371400,0.0,0.0,WFC
2001-08-14,13.222693675067296,13.298814843263711,13.138112687307837,13.152210235595703,6971600,0.0,0.0,WFC
2001-08-15,13.214227764556561,13.38056863451796,13.19449249824685,13.27343463897705,9982400,0.0,0.0,WFC
2001-08-16,13.219873634428088,13.273441736332947,12.943578682864883,13.056352615356445,7254000,0.0,0.0,WFC
2001-08-17,13.061984177664604,13.107093510553186,12.921017377951364,12.988680839538574,4681000,0.0,0.0,WFC
2001-08-20,12.983047344621097,13.307271546667478,12.983047344621097,13.279077529907227,6973400,0.0,0.0,WFC
2001-08-21,13.321369987283536,13.617400216347008,13.284718297820994,13.338286399841309,11383800,0.0,0.0,WFC
2001-08-22,13.338280885049274,13.524357044282747,13.231145800796217,13.453873634338379,11856200,0.0,0.0,WFC
2001-08-23,13.453874378955481,13.479248450959464,13.37493222411445,13.41158390045166,10167400,0.0,0.0,WFC
2001-08-24,13.448230541086678,13.493339866036806,13.389024753744227,13.462327003479004,8429400,0.0,0.0,WFC
2001-08-27,13.420038908065884,13.448232913315016,13.318543715643004,13.39748477935791,5956200,0.0,0.0,WFC
2001-08-28,13.39748563687295,13.487704308462016,13.194493088051855,13.208589553833008,5504600,0.0,0.0,WFC
2001-08-29,13.2508841878684,13.301632341010214,12.842080098889005,12.954854011535645,11094000,0.0,0.0,WFC
2001-08-30,12.954850731792192,13.092997610543739,12.898463789744197,12.926656723022461,7629000,0.0,0.0,WFC
2001-08-31,12.926659032611695,13.107097494502275,12.88718848877339,12.971768379211426,6280000,0.0,0.0,WFC
2001-09-04,12.957671769373436,13.183218499923347,12.771595582233303,13.101458549499512,9052200,0.0,0.0,WFC
2001-09-05,12.974585867543745,13.10991388178057,12.954850599352424,13.016875267028809,9127400,0.0,0.0,WFC
2001-09-06,13.045070869574472,13.045070869574472,12.76313720325687,12.788511276245117,8969000,0.0,0.0,WFC
2001-09-07,12.630630431205859,12.79697136889784,12.56578580471465,12.610895156860352,10804200,0.0,0.0,WFC
2001-09-10,12.405081538830775,12.74340215953357,12.405081538830775,12.475564956665039,13139400,0.0,0.0,WFC
2001-09-17,11.601567993439826,12.402259455162053,11.58747045314003,12.264111518859863,16636800,0.0,0.0,WFC
2001-09-18,12.193636608969369,12.40226809006189,12.140069575205379,12.337422370910645,8840400,0.0,0.0,WFC
2001-09-19,12.433274345098583,12.568603452350725,12.24437930352394,12.436094284057617,17373000,0.0,0.0,WFC
2001-09-20,12.334597941066388,12.3571531506803,12.09777361757825,12.117508888244629,15555400,0.0,0.0,WFC
2001-09-21,11.418314381462352,12.303585991057556,11.418314381462352,11.968085289001465,18068600,0.0,0.0,WFC
2001-09-24,12.145699968446348,12.306402033933503,12.12314476427697,12.171072959899902,10362000,0.0,0.0,WFC
2001-09-25,12.010376247295625,12.348696932182502,12.010376247295625,12.278213500976562,9074600,0.0,0.0,WFC
2001-09-26,12.419185022485491,12.433281498916656,12.204915784452036,12.312049865722656,9244800,0.0,0.0,WFC
2001-09-27,12.390993375660642,12.472754453268289,12.25002644550635,12.320509910583496,8625200,0.0,0.0,WFC
2001-09-28,12.390983182754205,12.571420532843941,12.337415105045947,12.531949996948242,9836600,0.0,0.0,WFC
2001-10-01,12.574237681392733,12.726482078081455,12.450187288993382,12.534767150878906,8452600,0.0,0.0,WFC
2001-10-02,12.503754425203352,12.605250690809447,12.410716898725305,12.574237823486328,10523400,0.0,0.0,WFC
2001-10-03,12.574238041148998,12.701108375352769,12.495296977862798,12.616528511047363,7716800,0.0,0.0,WFC
2001-10-04,12.687015210167838,12.687015210167838,12.405081538830775,12.475564956665039,8609400,0.0,0.0,WFC
2001-10-05,12.546054174107393,12.56015064909224,12.123153471609392,12.137249946594238,15874200,0.0,0.0,WFC
2001-10-08,12.120327090549075,12.123145953601123,11.657955039138459,11.748173713684082,12941400,0.0,0.0,WFC
2001-10-09,11.719980857406334,11.965262813203964,11.714342055774136,11.750993728637695,10571000,0.0,0.0,WFC
2001-10-10,11.700247203619435,12.123147704955077,11.688969598799169,11.875045776367188,7682000,0.0,0.0,WFC
2001-10-11,11.883503492117935,11.93707049715369,11.728439127951148,11.798922538757324,11925800,0.0,0.0,WFC
2001-10-12,11.559280536798827,11.694608570121868,11.460604181925236,11.581835746765137,12979800,0.0,0.0,WFC
2001-10-15,11.545182496713894,11.64385883815505,11.418312146652793,11.494434356689453,12088200,0.0,0.0,WFC
2001-10-16,11.418318171675052,11.841218844700053,11.277351280666718,11.330918312072754,21640200,0.0,0.0,WFC
2001-10-17,11.474703046733039,11.601573440559552,10.783965191892536,10.953125,26714000,0.0,0.0,WFC
2001-10-18,10.953127154145877,11.07999757292393,10.924934205747217,11.015152931213379,17166000,0.0,0.0,WFC
2001-10-19,10.972856665606601,11.271706708815215,10.874180322585184,10.99541187286377,10701200,0.0,0.0,WFC
2001-10-22,10.888275007285946,11.21531793054727,10.888275007285946,11.201221466064453,13127800,0.0,0.0,WFC
2001-10-23,11.27734661102295,11.345011163905383,10.984135341018373,11.27734661102295,9877800,0.0,0.0,WFC
2001-10-24,11.282985946620101,11.432410452120635,11.22659899580183,11.361927032470703,9114000,0.0,0.0,WFC
2001-10-25,11.361928467203903,11.672056198120117,11.249155626818546,11.672056198120117,11633400,0.0,0.0,WFC
2001-10-26,11.700245846110095,11.700245846110095,11.553640226931185,11.587471961975098,7794000,0.0,0.0,WFC
2001-10-29,11.516989796310554,11.550822610497562,11.263250142857487,11.27734661102295,7799600,0.0,0.0,WFC
2001-10-30,11.277346402668545,11.356287483329925,11.037703221808464,11.235055923461914,8184800,0.0,0.0,WFC
2001-10-31,11.3844831064139,11.3844831064139,11.094090664097994,11.136381149291992,7331000,0.0,0.0,WFC
2001-11-01,11.139202736058165,11.356291867170896,11.065900429360399,11.302724838256836,9210200,0.0,0.0,WFC
2001-11-02,11.27734770430996,11.345012263752162,11.142019660917244,11.29990291595459,8267000,0.0,0.0,WFC
2001-11-05,11.347831223818863,11.615668449168828,11.347831223818863,11.525449752807617,10875000,0.0,0.0,WFC
2001-11-06,11.615667455109167,11.98218101214711,11.576196913265457,11.953988075256348,13233600,0.0,0.0,WFC
2001-11-07,11.953981413691459,12.240491782442282,11.85753253937832,12.084470748901367,11535600,0.13,0.0,WFC
2001-11-08,12.098662778423739,12.223478600629313,12.036254326257247,12.053275108337402,8803400,0.0,0.0,WFC
2001-11-09,12.056105968150383,12.16390204215527,11.99937113540429,12.013554573059082,5584000,0.0,0.0,WFC
2001-11-12,11.908595471231255,12.178085106928481,11.832003611688238,12.0901460647583,5304800,0.0,0.0,WFC
2001-11-13,12.192275875095891,12.246173401791973,11.985194537207725,12.039092063903809,8029200,0.0,0.0,WFC
2001-11-14,12.110009260924421,12.163907864790582,11.953989207783978,12.010724067687988,9591000,0.0,0.0,WFC
2001-11-15,12.041925653630203,12.09298690813199,11.868884855832727,11.874558448791504,10692400,0.0,0.0,WFC
2001-11-16,11.945475380760362,12.073128502515369,11.900087724372703,12.016393661499023,9248800,0.0,0.0,WFC
2001-11-19,12.107168974274341,12.161066478069973,11.962495075576305,12.016393661499023,5770000,0.0,0.0,WFC
2001-11-20,12.070295399161228,12.098663370683504,11.988029904937823,12.002214431762695,6327600,0.0,0.0,WFC
2001-11-21,12.050438173704837,12.070295212399452,11.98802971944893,12.007887840270996,4114400,0.0,0.0,WFC
2001-11-23,11.999380024332936,12.189441692507634,11.999380024332936,12.15823745727539,2339600,0.0,0.0,WFC
2001-11-26,12.192269884222284,12.436228926885796,12.084473801669962,12.302902221679688,8319200,0.0,0.0,WFC
2001-11-27,12.254682356846683,12.368150986648233,12.19794750088222,12.229151725769043,7542800,0.0,0.0,WFC
2001-11-28,12.271699188794866,12.356801993920492,12.101495742797852,12.101495742797852,8893600,0.0,0.0,WFC
2001-11-29,12.098661554012487,12.23766080615412,12.0561101441821,12.223477363586426,7298800,0.0,0.0,WFC
2001-11-30,12.24900954202839,12.29723346928225,12.11284652833065,12.141213417053223,7603400,0.0,0.0,WFC
2001-12-03,12.084478624641136,12.163907861335165,12.010724064276086,12.0419282913208,8713000,0.0,0.0,WFC
2001-12-04,12.112844995877289,12.200782989068276,12.044762956578081,12.192273139953613,5067400,0.0,0.0,WFC
2001-12-05,12.169580216872946,12.405028400570886,12.163906623248891,12.305743217468262,9762800,0.0,0.0,WFC
2001-12-06,12.368152432444095,12.48729575210966,12.31425490814747,12.373826026916504,9747000,0.0,0.0,WFC
2001-12-07,12.373831759673386,12.427730391068573,12.288729967414879,12.402199745178223,4769400,0.0,0.0,WFC
2001-12-10,12.402191902128296,12.427722531873275,12.334109862099243,12.379497528076172,6443400,0.0,0.0,WFC
2001-12-11,12.42488212202624,12.42488212202624,12.297229004863313,12.322759628295898,5572200,0.0,0.0,WFC
2001-12-12,12.410703730316733,12.419213580879584,12.260357265693122,12.311418533325195,6212000,0.0,0.0,WFC
2001-12-13,12.268863340349565,12.36814850678477,12.087312703366818,12.11851692199707,7771600,0.0,0.0,WFC
2001-12-14,12.098658506644066,12.24900490782204,12.056107107531377,12.104331016540527,8530200,0.0,0.0,WFC
2001-12-17,12.18943820877808,12.260356511445623,12.104335379875092,12.180927276611328,10301400,0.0,0.0,WFC
2001-12-18,12.197948564390558,12.365315808907992,12.155397148175417,12.353968620300293,8150400,0.0,0.0,WFC
2001-12-19,12.339784776260124,12.439069968045727,12.271702728944689,12.368151664733887,10032600,0.0,0.0,WFC
2001-12-20,12.42488426776061,12.46459833726377,12.283047686890907,12.407864570617676,9970800,0.0,0.0,WFC
2001-12-21,12.407864800929296,12.439067940312938,12.240497589111328,12.240497589111328,12932600,0.0,0.0,WFC
2001-12-24,12.24049640076864,12.33694531147185,12.24049640076864,12.28304672241211,2042200,0.0,0.0,WFC
2001-12-26,12.283048815028422,12.311416783084162,12.246170997619629,12.246170997619629,5103800,0.0,0.0,WFC
2001-12-27,12.246172738585054,12.311418533325195,12.246172738585054,12.311418533325195,4380200,0.0,0.0,WFC
2001-12-28,12.31141788778636,12.368151664733887,12.268866472948284,12.368151664733887,5330600,0.0,0.0,WFC
2001-12-31,12.368154594616149,12.424889467130985,12.314257060897281,12.331277847290039,6421200,0.0,0.0,WFC
2002-01-02,12.305739934092207,12.334106812516392,12.169576969827434,12.322759628295898,8024000,0.0,0.0,WFC
2002-01-03,12.322763993899407,12.405029485451724,12.268866472948284,12.368151664733887,7569600,0.0,0.0,WFC
2002-01-04,12.410702122057398,12.475946826215218,12.297232412661934,12.399354934692383,10441600,0.0,0.0,WFC
2002-01-07,12.467440220114751,12.507154304096435,12.407869094142224,12.419215202331543,7019800,0.0,0.0,WFC
2002-01-08,12.467439702609159,12.467439702609159,12.271704465213222,12.370990753173828,6435000,0.0,0.0,WFC
2002-01-09,12.345455349229807,12.416373635186693,12.285884248736544,12.308577537536621,7803400,0.0,0.0,WFC
2002-01-10,12.325604251825787,12.379501785544655,12.297236274504526,12.331277847290039,8272400,0.0,0.0,WFC
2002-01-11,12.353965007278378,12.3681484478262,12.271699537122991,12.28304672241211,6401600,0.0,0.0,WFC
2002-01-14,12.283049058520472,12.322763132458443,12.203620910644531,12.203620910644531,8383800,0.0,0.0,WFC
2002-01-15,12.353965112799274,12.864576551772338,12.336945416847373,12.856066703796387,31319800,0.0,0.0,WFC
2002-01-16,12.856066491886,13.10569915562832,12.751107734113091,12.86457633972168,22628600,0.0,0.0,WFC
2002-01-17,12.935497127114495,12.975212282996099,12.807845056369347,12.938334465026855,13061800,0.0,0.0,WFC
2002-01-18,12.89294205154019,13.063145471298187,12.833370962837588,12.873085021972656,11003200,0.0,0.0,WFC
2002-01-22,13.014921341946815,13.239022254943848,12.921308705201259,13.239022254943848,13581800,0.0,0.0,WFC
2002-01-23,13.239029287125875,13.33264197359573,13.148253938982233,13.321294784545898,8640600,0.0,0.0,WFC
2002-01-24,13.33264693056442,13.457462810135572,13.230524355402611,13.375198364257812,13785800,0.0,0.0,WFC
2002-01-25,13.446111478449021,13.460294923464028,13.304274864043979,13.361008644104004,9167200,0.0,0.0,WFC
2002-01-28,13.417748715823294,13.457462810135572,13.304280029520767,13.375198364257812,9839000,0.0,0.0,WFC
2002-01-29,13.417743742719525,13.457457822312323,12.907132138289613,12.9695405960083,13977400,0.0,0.0,WFC
2002-01-30,12.97238976361396,13.19491995733595,12.858271101629432,13.15497875213623,13714200,0.13,0.0,WFC
2002-01-31,13.19492206965626,13.263393495471526,13.072244869294684,13.23486328125,11925800,0.0,0.0,WFC
2002-02-01,13.163531659599327,13.35182660978715,13.12929651092402,13.323297500610352,8014800,0.0,0.0,WFC
2002-02-04,13.209180741113553,13.254827975192239,13.009473683900831,13.04085636138916,8374800,0.0,0.0,WFC
2002-02-05,13.046565711992649,13.166390412049756,12.912476451725837,12.941006660461426,10872000,0.0,0.0,WFC
2002-02-06,12.98094891145848,12.98094891145848,12.76697722610477,12.912477493286133,11505200,0.0,0.0,WFC
2002-02-07,12.96668479653162,13.08080237965949,12.844007605639838,12.952420234680176,8991000,0.0,0.0,WFC
2002-02-08,12.94955651437224,13.103616273514445,12.895350786517962,13.060821533203125,7558800,0.0,0.0,WFC
2002-02-11,13.060831107270838,13.26624427003582,12.992360778560013,13.229155540466309,7149000,0.0,0.0,WFC
2002-02-12,13.229156039231576,13.263392293194016,13.157832142617602,13.243420600891113,5224400,0.0,0.0,WFC
2002-02-13,13.28336127408393,13.377508240186069,13.169242618119235,13.317596435546875,6251200,0.0,0.0,WFC
2002-02-14,13.317602295477718,13.403190780953286,13.21489567758038,13.286219596862793,7218800,0.0,0.0,WFC
2002-02-15,13.266245102558194,13.294774226592006,13.140715433166573,13.17495059967041,7943000,0.0,0.0,WFC
2002-02-19,13.123595269171746,13.152124388778267,12.92388816697764,12.980947494506836,8382200,0.0,0.0,WFC
2002-02-20,12.966687295396689,13.15212881183531,12.866833166560648,13.106481552124023,8893200,0.0,0.0,WFC
2002-02-21,13.072240534782903,13.157828972435158,12.97809357986023,13.05226993560791,8521200,0.0,0.0,WFC
2002-02-22,12.980952499069723,13.140718460083008,12.95527584619824,13.140718460083008,7471800,0.0,0.0,WFC
2002-02-25,13.123596195453306,13.334715395717565,13.120743718617783,13.29477310180664,6903600,0.0,0.0,WFC
2002-02-26,13.351830137525758,13.394624900913676,13.280506257423252,13.303330421447754,7349800,0.0,0.0,WFC
2002-02-27,13.337566424385207,13.423154868268842,13.317595823756228,13.366095542907715,10255200,0.0,0.0,WFC
2002-02-28,13.408897366264771,13.520162510705235,13.36895614398529,13.38036823272705,10739000,0.0,0.0,WFC
2002-03-01,13.451687879693873,13.662806012735809,13.423157666906897,13.648541450500488,9953400,0.0,0.0,WFC
2002-03-04,13.685635653533412,14.056519861487185,13.671369997279335,14.019431114196777,12935800,0.0,0.0,WFC
2002-03-05,14.005158207538111,14.065070010193152,13.842539835579505,13.871068954467773,9145400,0.0,0.0,WFC
2002-03-06,13.942396816146028,14.070780064388272,13.69418992842198,14.008014678955078,8114800,0.0,0.0,WFC
2002-03-07,13.968070692642291,14.13924868575259,13.85109955375922,13.948100090026855,8174600,0.0,0.0,WFC
2002-03-08,14.022276010383314,14.164923778186536,13.88533319557405,13.993745803833008,9083800,0.0,0.0,WFC
2002-03-11,13.948100913839642,14.179190728445038,13.88248306018247,14.065072059631348,6522200,0.0,0.0,WFC
2002-03-12,14.008013526694366,14.250515439719159,13.948101711881646,14.236250877380371,7780800,0.0,0.0,WFC
2002-03-13,14.236255817241732,14.259078907239946,14.0508131775414,14.150666236877441,8510800,0.0,0.0,WFC
2002-03-14,14.093597412109375,14.136391081923827,13.996596903554346,14.093597412109375,7939600,0.0,0.0,WFC
2002-03-15,14.221985212611502,14.464487125395637,14.190603610823848,14.407427787780762,14391600,0.0,0.0,WFC
2002-03-18,14.478750150930324,14.478750150930324,14.196307058289488,14.313278198242188,8553200,0.0,0.0,WFC
2002-03-19,14.333242998225206,14.378890223862534,14.233388943926503,14.318977355957031,5410200,0.0,0.0,WFC
2002-03-20,14.25907284865219,14.25907284865219,14.122131101898399,14.13068962097168,5943600,0.0,0.0,WFC
2002-03-21,14.107870622242192,14.122135187596651,13.916721963879397,14.03654670715332,6433000,0.0,0.0,WFC
2002-03-22,14.036540545095898,14.244806155128572,13.953804578718012,14.136393547058105,6153600,0.0,0.0,WFC
2002-03-25,14.136399390186751,14.173488129809845,13.965222433692785,13.990899085998535,5643000,0.0,0.0,WFC
2002-03-26,13.922425622373392,14.113574247986943,13.905308582207313,14.022279739379883,8390800,0.0,0.0,WFC
2002-03-27,14.093599991428817,14.227688154033139,14.022276107035587,14.159217834472656,8353400,0.0,0.0,WFC
2002-03-28,14.093597412109375,14.250509711394184,13.893890354694209,14.093597412109375,8175200,0.0,0.0,WFC
2002-04-01,13.842542512874438,13.982336746107222,13.799747737948946,13.959513664245605,6828800,0.0,0.0,WFC
2002-04-02,13.959514696024995,14.030838600628305,13.879632271130541,13.985191345214844,6786800,0.0,0.0,WFC
2002-04-03,13.956659531606288,13.99374826247998,13.728423280684131,13.779776573181152,7095400,0.0,0.0,WFC
2002-04-04,13.936692200625279,13.990899071166925,13.865368287442312,13.908163070678711,7476800,0.0,0.0,WFC
2002-04-05,13.950955679277095,14.010867495815923,13.893896339961671,13.970926284790039,6191000,0.0,0.0,WFC
2002-04-08,13.922430528579627,14.119285266391453,13.836842032639028,14.019431114196777,6803400,0.0,0.0,WFC
2002-04-09,14.15065575605333,14.153509320387538,13.98518493909454,14.062214851379395,8887400,0.0,0.0,WFC
2002-04-10,14.119284624169488,14.17349041519238,14.065077744829875,14.150666236877441,9301200,0.0,0.0,WFC
2002-04-11,14.150662490709474,14.18489874911836,14.008014678955078,14.008014678955078,8053200,0.0,0.0,WFC
2002-04-12,14.11642452031489,14.261925868898196,14.036542109840115,14.259072303771973,10741000,0.0,0.0,WFC
2002-04-15,14.259070295221212,14.310423577097371,14.122128572990144,14.147805213928223,9128600,0.0,0.0,WFC
2002-04-16,14.296163731070202,14.473046711220919,14.279045602029903,14.293310165405273,16496200,0.0,0.0,WFC
2002-04-17,14.33610199832661,14.612839041878875,14.236248986898577,14.57860279083252,12843000,0.0,0.0,WFC
2002-04-18,14.64993003784077,14.721253944720845,14.407429189775096,14.647077560424805,13243200,0.0,0.0,WFC
2002-04-19,14.721254461937537,14.792578371323506,14.550077514737806,14.575754165649414,8679400,0.0,0.0,WFC
2002-04-22,14.575752029575511,14.62425175845843,14.27904434881638,14.327545166015625,7963600,0.0,0.0,WFC
2002-04-23,14.336108419273108,14.450227130574097,14.150665785488174,14.21628475189209,8796000,0.0,0.0,WFC
2002-04-24,14.279045703153482,14.501577028987619,14.2505165762007,14.40172290802002,8428000,0.0,0.0,WFC
2002-04-25,14.244808438699295,14.572898791998547,14.221984269839815,14.49301528930664,8732000,0.0,0.0,WFC
2002-04-26,14.495868808935342,14.692722367305382,14.41313282955461,14.550074577331543,9536000,0.0,0.0,WFC
2002-04-29,14.55007684084226,14.649929874031269,14.376046335870184,14.427399635314941,6949400,0.0,0.0,WFC
2002-04-30,14.493013755538875,14.692720858659616,14.341807461953644,14.592867851257324,8700800,0.0,0.0,WFC
2002-05-01,14.649925637617955,14.649925637617955,14.404572385830134,14.552925109863281,6948400,0.0,0.0,WFC
2002-05-02,14.552929975018538,14.835373134711727,14.550077497505733,14.829667091369629,8021200,0.0,0.0,WFC
2002-05-03,14.82966473353267,14.835370775967538,14.67560485274017,14.758340835571289,6907000,0.0,0.0,WFC
2002-05-06,14.806837363601636,14.955190070675524,14.48159956891073,14.544364929199219,6818000,0.0,0.0,WFC
2002-05-07,14.706985010869492,14.878162989506492,14.578601798970771,14.635661125183105,7718800,0.0,0.0,WFC
2002-05-08,14.916795191772861,14.956955619125917,14.83360510980463,14.85942268371582,8439200,0.14,0.0,WFC
2002-05-09,14.687298797525429,14.793437172259408,14.543868147343128,14.609846115112305,7068400,0.0,0.0,WFC
2002-05-10,14.672957750000073,14.67582588186813,14.360278850502405,14.400439262390137,6125400,0.0,0.0,WFC
2002-05-13,14.44346231215351,14.69590049779735,14.409039271384858,14.681557655334473,5337800,0.0,0.0,WFC
2002-05-14,14.845070550149817,14.974158339008898,14.687297072339337,14.96842098236084,6726800,0.0,0.0,WFC
2002-05-15,14.968426628522856,15.097514466074486,14.939740928751073,14.991374969482422,5762400,0.0,0.0,WFC
2002-05-16,15.031533355070467,15.157751939821747,14.859415909367005,15.10898494720459,7594400,0.0,0.0,WFC
2002-05-17,15.17496140175419,15.238070136127133,15.100376859828595,15.14053726196289,7286200,0.0,0.0,WFC
2002-05-20,15.174961286684287,15.174961286684287,14.974158183246583,14.98563289642334,4911000,0.0,0.0,WFC
2002-05-21,15.117591168205445,15.289707515491886,15.063086819276467,15.08890438079834,6987400,0.0,0.0,WFC
2002-05-22,15.002845193935661,15.040137467901834,14.830728858273122,14.945472717285156,8826200,0.0,0.0,WFC
2002-05-23,15.08890280418212,15.272494941537191,14.948341390586016,15.263888359069824,9953200,0.0,0.0,WFC
2002-05-24,15.272493579113624,15.329864954237125,15.117588239986965,15.172091484069824,4077000,0.0,0.0,WFC
2002-05-28,15.304051587200375,15.304051587200375,14.945474923073945,15.120460510253906,7123800,0.0,0.0,WFC
2002-05-29,15.12045670723522,15.226596161009176,15.008580991252433,15.043004035949707,6064600,0.0,0.0,WFC
2002-05-30,14.945472179300774,15.063085259770611,14.865151371454719,15.02005672454834,7538600,0.0,0.0,WFC
2002-05-31,14.959822658632447,15.146281914687675,14.888107307621341,15.031538009643555,10294400,0.0,0.0,WFC
2002-06-03,15.034400167858957,15.146275895893039,14.615582947012248,14.773356437683105,7838200,0.0,0.0,WFC
2002-06-04,14.495097788116135,14.658608603775576,14.48936043212771,14.624185562133789,10335400,0.0,0.0,WFC
2002-06-05,14.701643382628488,14.77049058434656,14.543869867623963,14.644270896911621,10160800,0.0,0.0,WFC
2002-06-06,14.650005887087033,14.652875112768166,14.242663383483887,14.242663383483887,9129000,0.0,0.0,WFC
2002-06-07,14.242661504262452,14.440595372874716,14.165208835425785,14.331587791442871,9628800,0.0,0.0,WFC
2002-06-10,14.259871946533579,14.417645409330209,14.248397234329406,14.345930099487305,7992400,0.0,0.0,WFC
2002-06-11,14.417650598249336,14.472154953690907,14.199636459350586,14.199636459350586,6794600,0.0,0.0,WFC
2002-06-12,14.257007519512035,14.406175534052885,14.139394424586047,14.340197563171387,10175000,0.0,0.0,WFC
2002-06-13,14.340201466020353,14.380361885809723,14.113580703735352,14.113580703735352,8296000,0.0,0.0,WFC
2002-06-14,14.084895051601993,14.394705905342871,13.984493993976407,14.294304847717285,12004400,0.0,0.0,WFC
2002-06-17,14.414779825117982,14.773356437683105,14.388962265241734,14.773356437683105,9524200,0.0,0.0,WFC
2002-06-18,14.601239878228615,14.845071533331028,14.601239878228615,14.813516616821289,6969400,0.0,0.0,WFC
2002-06-19,14.741800113333202,14.82499014213575,14.629924395979579,14.687296867370605,7381800,0.0,0.0,WFC
2002-06-20,14.658612374551012,14.799174896703763,14.606977251661354,14.629926681518555,8580600,0.0,0.0,WFC
2002-06-21,14.558208768840245,14.802040399174246,14.549603281316811,14.661478996276855,16664200,0.0,0.0,WFC
2002-06-24,14.701635932422764,14.73032161359986,14.28568698962333,14.431986808776855,14744800,0.0,0.0,WFC
2002-06-25,14.452074264053875,14.604110420383059,14.374621572823214,14.42912483215332,9037800,0.0,0.0,WFC
2002-06-26,14.2713529297513,14.354542988353144,13.984491564329163,14.254140853881836,16741000,0.0,0.0,WFC
2002-06-27,14.271352494227191,14.388965606689453,14.153739381764927,14.388965606689453,11778600,0.0,0.0,WFC
2002-06-28,14.343066056365924,14.543869200012866,14.242665031687,14.360278129577637,12269200,0.0,0.0,WFC
2002-07-01,14.314383127620827,14.380361112912887,14.145134871684045,14.150872230529785,9762000,0.0,0.0,WFC
2002-07-02,14.228319443656167,14.28856114578127,14.041860263074476,14.242663383483887,14744000,0.0,0.0,WFC
2002-07-03,14.188158169541747,14.22831857230639,13.864005721919177,14.082019805908203,13743800,0.0,0.0,WFC
2002-07-05,14.228323806861084,14.460681915283203,14.142265612949329,14.460681915283203,4200200,0.0,0.0,WFC
2002-07-08,14.48074995051729,14.598362971990426,14.391822604803107,14.592625617980957,7629600,0.0,0.0,WFC
2002-07-09,14.67296064194399,14.836471547879043,14.409047592211857,14.41765308380127,12826600,0.0,0.0,WFC
2002-07-10,14.429123101097666,14.500838425749532,14.038991559905272,14.079153060913086,14560200,0.0,0.0,WFC
2002-07-11,13.998834197458256,14.076286896240289,13.691892628742007,13.984491348266602,17987600,0.0,0.0,WFC
2002-07-12,14.056209427203758,14.067684146508496,13.69763265610162,13.798033714294434,9587600,0.0,0.0,WFC
2002-07-15,13.582886003645132,13.683288143945791,13.23578399396102,13.525514602661133,17750000,0.0,0.0,WFC
2002-07-16,13.525513108369841,13.740659121158613,13.339052792903887,13.53985595703125,14775800,0.0,0.0,WFC
2002-07-17,13.683287977991954,14.05620755131175,13.594360556682359,13.703368186950684,13051600,0.0,0.0,WFC
2002-07-18,13.568538141327736,13.714838004947602,13.310363649398617,13.339049339294434,13068000,0.0,0.0,WFC
2002-07-19,12.837045201325886,13.12390654660691,12.822702352919672,12.917366027832031,17629800,0.0,0.0,WFC
2002-07-22,12.765330008679918,13.009161717197449,12.478468660170257,12.73951244354248,17813800,0.0,0.0,WFC
2002-07-23,12.739503879603784,12.851379555229551,12.08832892491466,12.228891372680664,22872600,0.0,0.0,WFC
2002-07-24,11.933426914252365,13.149719029689994,11.904741228525642,13.034974098205566,20172400,0.0,0.0,WFC
2002-07-25,12.894418423909663,13.450929071518381,12.80836023427996,13.3218412399292,17818600,0.0,0.0,WFC
2002-07-26,13.453791241080305,13.700490963474698,13.20135306885941,13.683279991149902,11880000,0.0,0.0,WFC
2002-07-29,13.970143323898212,14.222581534455877,13.843923671474958,14.213974952697754,10152800,0.0,0.0,WFC
2002-07-30,14.17095037100451,14.311511812196748,13.88408903632255,14.25700855255127,11834000,0.0,0.0,WFC
2002-07-31,14.27135120385724,14.601242171913313,14.205373229103852,14.589767456054688,15298400,0.0,0.0,WFC
2002-08-01,14.486500580205036,14.543873078588478,14.127923833170257,14.156609535217285,11505000,0.0,0.0,WFC
2002-08-02,14.156609358880786,14.257011503373535,13.91277761165009,14.030390739440918,8447000,0.0,0.0,WFC
2002-08-05,14.102098879760385,14.102098879760385,13.714836633448897,13.795157432556152,10656800,0.0,0.0,WFC
2002-08-06,13.878349626448088,14.30290420769376,13.826714506296277,14.053335189819336,12256800,0.0,0.0,WFC
2002-08-07,14.151428923337006,14.422629289172546,14.004289165733397,14.39089298248291,14257000,0.14,0.0,WFC
2002-08-08,14.431280120611303,14.852504742183466,14.41396911266129,14.838079452514648,19427400,0.0,0.0,WFC
2002-08-09,14.7572970651303,14.985219285066947,14.650547499473639,14.944828033447266,11624600,0.0,0.0,WFC
2002-08-12,14.598615996982538,14.861160240664214,14.555340126389638,14.786148071289062,8247400,0.0,0.0,WFC
2002-08-13,14.59861851260203,14.944831039899716,14.477444733366449,14.494755744934082,10995600,0.0,0.0,WFC
2002-08-14,14.494760466533535,14.887133618000034,14.36781520817764,14.872708320617676,12231600,0.0,0.0,WFC
2002-08-15,14.9448299826547,15.045809225453375,14.777494618322548,14.901554107666016,10649200,0.0,0.0,WFC
2002-08-16,14.714022229294173,14.950600537875701,14.6332397143383,14.829426765441895,6705000,0.0,0.0,WFC
2002-08-19,14.872701575190058,15.21602944030589,14.81499931125151,15.1900634765625,8840000,0.0,0.0,WFC
2002-08-20,14.988109488322783,15.089087647588087,14.789036687800618,14.89578628540039,8667400,0.0,0.0,WFC
2002-08-21,15.016960872599771,15.037156505523445,14.719795616226172,14.861165046691895,7666600,0.0,0.0,WFC
2002-08-22,14.861160231775552,15.054462642161331,14.77172277225626,14.982335090637207,8270800,0.0,0.0,WFC
2002-08-23,14.95925996187303,15.002536951001971,14.774613529338042,14.898673057556152,7248200,0.0,0.0,WFC
2002-08-26,14.996764074589702,15.216032501554029,14.855394655106856,15.14678955078125,6745000,0.0,0.0,WFC
2002-08-27,15.218912135941622,15.253533049700126,15.083311997900557,15.204486846923828,7863000,0.0,0.0,WFC
2002-08-28,15.146789992667427,15.190066975735379,14.907325927362383,15.016960144042969,7654800,0.0,0.0,WFC
2002-08-29,14.887127715423913,15.014072923447483,14.800574864867338,14.901554107666016,7825200,0.0,0.0,WFC
2002-08-30,14.901557341460792,15.28816118505119,14.855395737774451,15.057352066040039,8733200,0.0,0.0,WFC
2002-09-03,14.944829618252973,14.944829618252973,14.641894098401874,14.74287223815918,11763800,0.0,0.0,WFC
2002-09-04,14.771724558326099,14.843852118571267,14.555341877590598,14.708251953125,9849800,0.0,0.0,WFC
2002-09-05,14.543801833908919,14.719793264624467,14.36781040319337,14.67363166809082,9031400,0.0,0.0,WFC
2002-09-06,14.815006050123698,14.956376606049126,14.74864880161328,14.858283042907715,7936200,0.0,0.0,WFC
2002-09-09,14.742873085605918,14.959255769448937,14.641894940044208,14.907323837280273,9971800,0.0,0.0,WFC
2002-09-10,14.835194987234328,14.85827633311716,14.621698040713861,14.78326416015625,7986600,0.0,0.0,WFC
2002-09-11,15.03138074490022,15.03138074490022,14.59861545166226,14.656317710876465,6538000,0.0,0.0,WFC
2002-09-12,14.584196088699793,14.59285214647594,14.154316339047352,14.20624828338623,8877400,0.0,0.0,WFC
2002-09-13,14.021598824902767,14.362041035024399,13.992748237839992,14.16008472442627,10982800,0.0,0.0,WFC
2002-09-16,14.445700426004002,14.445700426004002,14.018705615776769,14.142765045166016,8244400,0.0,0.0,WFC
2002-09-17,14.382239522855064,14.390895581156744,13.790793565953361,13.9148530960083,11450400,0.0,0.0,WFC
2002-09-18,13.689816031851677,13.785023872993326,13.611918106965081,13.681159973144531,11710000,0.0,0.0,WFC
2002-09-19,13.444578043599364,13.617684864682985,13.271472323095074,13.277242660522461,9755200,0.0,0.0,WFC
2002-09-20,13.280128798382606,13.54555884751474,13.277244179628536,13.528247833251953,15796000,0.0,0.0,WFC
2002-09-23,13.444576773691312,14.15719742026271,13.337828292815908,14.02736759185791,14509400,0.0,0.0,WFC
2002-09-24,13.877339385795949,14.23797711516257,13.764820590326206,13.848488807678223,20429000,0.0,0.0,WFC
2002-09-25,14.050450519402643,14.16585396828942,13.747514952778243,14.007173538208008,12179000,0.0,0.0,WFC
2002-09-26,14.108151061272663,14.180278620684938,13.958125605625625,14.131231307983398,13444800,0.0,0.0,WFC
2002-09-27,14.131235003897842,14.315881428193425,13.871576382449492,13.978324890136719,11286400,0.0,0.0,WFC
2002-09-30,13.975438714181175,14.061992685749557,13.574409568154943,13.89465618133545,10973600,0.0,0.0,WFC
2002-10-01,13.9206205512296,14.105266948251662,13.66096086755524,14.082186698913574,15629600,0.0,0.0,WFC
2002-10-02,13.935047618822155,14.021600490873576,13.663848326239842,13.790792465209961,12162000,0.0,0.0,WFC
2002-10-03,13.793673293175784,13.834064545771174,13.16183524004218,13.320515632629395,18281600,0.0,0.0,WFC
2002-10-04,13.31763283006121,13.386875772933498,12.867556452839434,12.942569732666016,14555200,0.0,0.0,WFC
2002-10-07,12.729072339169418,13.069514533377397,12.492494014459373,12.55885124206543,16140200,0.0,0.0,WFC
2002-10-08,12.694453033953083,13.265703288411439,12.68291235796497,13.05509090423584,15130600,0.0,0.0,WFC
2002-10-09,12.815624639470284,13.127216234411273,12.760808088765888,12.86755657196045,15472400,0.0,0.0,WFC
2002-10-10,12.867554083142647,13.242618212045038,12.766575956486797,13.040660858154297,14916800,0.0,0.0,WFC
2002-10-11,13.25416308543679,13.707124178630817,13.184921228195888,13.516707420349121,11239400,0.0,0.0,WFC
2002-10-14,13.415730364303997,13.747517684513234,13.389764390543451,13.6263427734375,8763800,0.0,0.0,WFC
2002-10-15,14.42551121389218,14.42551121389218,14.137000989614338,14.362038612365723,18327000,0.0,0.0,WFC
2002-10-16,14.36492505219008,14.48032848734808,14.15142699124999,14.34472942352295,10577200,0.0,0.0,WFC
2002-10-17,14.621698295461481,14.627468632032723,14.275485805241106,14.31876277923584,11441800,0.0,0.0,WFC
2002-10-18,14.318761804709679,14.598615955603648,14.24086391716834,14.529374122619629,13328800,0.0,0.0,WFC
2002-10-21,14.529373989640604,14.780377557923789,14.330301245330594,14.633237838745117,11164200,0.0,0.0,WFC
2002-10-22,14.569770467895143,14.656323339667734,14.428399933555646,14.564000129699707,8038800,0.0,0.0,WFC
2002-10-23,14.563997408767499,14.627470016479492,14.252406908483458,14.627470016479492,9393200,0.0,0.0,WFC
2002-10-24,14.685171768010006,14.771724620552972,14.367809841246826,14.483214378356934,9436600,0.0,0.0,WFC
2002-10-25,14.425512727981808,14.737104331184268,14.370696175824017,14.719793319702148,7804600,0.0,0.0,WFC
2002-10-28,14.866932825635201,14.887128455082504,14.439937787839112,14.549571990966797,7745400,0.0,0.0,WFC
2002-10-29,14.546690691650532,14.552461030471346,14.266836412608505,14.468793869018555,6844000,0.0,0.0,WFC
2002-10-30,14.569769317809634,14.78615203045037,14.529378054209399,14.60727596282959,9557800,0.0,0.0,WFC
2002-10-31,14.708247327872812,14.84096173285066,14.451473470239488,14.561107635498047,9471600,0.0,0.0,WFC
2002-11-01,14.396661693836956,14.656320254496318,14.333189087627687,14.621699333190918,10212200,0.0,0.0,WFC
2002-11-04,14.800575131654607,14.800575131654607,14.425512038762625,14.451478004455566,9027400,0.0,0.0,WFC
2002-11-05,14.454366374969924,14.468792771217169,14.209133046879943,14.419745445251465,9698200,0.0,0.0,WFC
2002-11-06,14.419745042816393,14.448758171173768,13.92071126625423,14.115102767944336,16112800,0.14,0.0,WFC
2002-11-07,13.86848191857214,13.926509261852427,13.569642594831002,13.697301864624023,13636200,0.0,0.0,WFC
2002-11-08,13.636380716528716,13.735026919174807,12.969068690054605,13.189571380615234,16543400,0.0,0.0,WFC
2002-11-11,13.25920404765172,13.468101035849442,13.227288937943442,13.340441703796387,11946600,0.0,0.0,WFC
2002-11-12,13.343336170794544,13.75242730534864,13.343336170794544,13.462291717529297,13274800,0.0,0.0,WFC
2002-11-13,13.465200457958975,13.735026800909356,13.250499510479072,13.485509872436523,10564400,0.0,0.0,WFC
2002-11-14,13.694405963800474,13.868486950017886,13.581253212081165,13.78144645690918,9526200,0.0,0.0,WFC
2002-11-15,13.784343175571186,13.984537466885543,13.581249121744422,13.932312965393066,9583400,0.0,0.0,WFC
2002-11-18,13.935215000200985,14.062875395317473,13.671191601364175,13.737922668457031,7016800,0.0,0.0,WFC
2002-11-19,13.563839646823105,13.639274417768977,13.404265284098734,13.441983222961426,10124600,0.0,0.0,WFC
2002-11-20,13.462291657025686,13.778539490598632,13.453586836820213,13.636372566223145,9423400,0.0,0.0,WFC
2002-11-21,13.694402681867802,13.912004415880173,13.694402681867802,13.810456275939941,12106200,0.0,0.0,WFC
2002-11-22,13.81336156263102,13.987442548848431,13.755334198298577,13.78144645690918,10849400,0.0,0.0,WFC
2002-11-25,13.784351424017238,13.999052403826067,13.575454399824599,13.66829776763916,8006000,0.0,0.0,WFC
2002-11-26,13.671188883532508,13.671188883532508,13.227281778747159,13.230182647705078,13247200,0.0,0.0,WFC
2002-11-27,13.433287686427132,13.688607507315872,13.346247165400142,13.613171577453613,9161800,0.0,0.0,WFC
2002-11-29,13.63637485208864,13.64217769760521,13.375252337741054,13.407167434692383,5778600,0.0,0.0,WFC
2002-12-02,13.636380231702649,13.691505625687864,13.323033090868675,13.418778419494629,14492800,0.0,0.0,WFC
2002-12-03,13.404270666520944,13.456495185369176,13.259202804560283,13.31432819366455,12106600,0.0,0.0,WFC
2002-12-04,13.317228420103621,13.6189686921642,13.235989675474405,13.476802825927734,10899600,0.0,0.0,WFC
2002-12-05,13.520324924357727,13.534832596656269,13.25630144751233,13.26790714263916,8556800,0.0,0.0,WFC
2002-12-06,13.186665437388331,13.502913338325643,13.1344409321488,13.360746383666992,9534800,0.0,0.0,WFC
2002-12-09,13.323028523178369,13.447786941280977,13.259199432757727,13.302719116210938,9552600,0.0,0.0,WFC
2002-12-10,13.305617622835848,13.60735888592433,13.305617622835848,13.58704948425293,11073200,0.0,0.0,WFC
2002-12-11,13.589954294860853,13.662488209520276,13.433280773569368,13.549335479736328,8384800,0.0,0.0,WFC
2002-12-12,13.54933735081388,13.563843914393088,13.404269501462082,13.447789192199707,6521200,0.0,0.0,WFC
2002-12-13,13.450692900400496,13.531930552325123,13.30272305521778,13.346243858337402,7844400,0.0,0.0,WFC
2002-12-16,13.317223863767992,13.64507627964919,13.317223863767992,13.636372566223145,10313400,0.0,0.0,WFC
2002-12-17,13.69440504954712,13.766938973425251,13.584153175354004,13.584153175354004,8005400,0.0,0.0,WFC
2002-12-18,13.534825732546734,13.592851965193212,13.35204000072789,13.42457389831543,7874000,0.0,0.0,WFC
2002-12-19,13.302716960132809,13.563839445648535,13.276604711581237,13.395560264587402,9277400,0.0,0.0,WFC
2002-12-20,13.534833160293617,13.67699905778757,13.482608636828068,13.656689643859863,11699000,0.0,0.0,WFC
2002-12-23,13.607368792495649,13.752436685350485,13.555144262525493,13.653790473937988,6969600,0.0,0.0,WFC
2002-12-24,13.563849021357752,13.665396111425862,13.540637625467744,13.613171577453613,3172200,0.0,0.0,WFC
2002-12-26,13.679896829377546,13.85107691326979,13.52032133074771,13.589954376220703,5230800,0.0,0.0,WFC
2002-12-27,13.520324301730076,13.61316764490917,13.424580088292863,13.433283805847168,4898000,0.0,0.0,WFC
2002-12-30,13.549338833658638,13.752434066333944,13.453593511353715,13.659590721130371,8349000,0.0,0.0,WFC
2002-12-31,13.732121811242727,13.732121811242727,13.44488701056455,13.598658561706543,6651400,0.0,0.0,WFC
2003-01-02,13.679899113489837,14.12960924080206,13.650884878540081,14.091891288757324,9904200,0.0,0.0,WFC
2003-01-03,13.941025414461347,14.109304715097236,13.894603729248047,13.894603729248047,7808000,0.0,0.0,WFC
2003-01-06,13.868491269736777,14.254372421977779,13.868491269736777,14.170232772827148,8097400,0.0,0.0,WFC
2003-01-07,14.173121743320376,14.245655633729957,14.04836336327355,14.08318042755127,6556200,0.0,0.0,WFC
2003-01-08,14.086093760709678,14.094798587871516,13.813366489878875,13.8829984664917,8071000,0.0,0.0,WFC
2003-01-09,13.955525310246564,14.109297968242823,13.903300801007044,14.01355266571045,7303400,0.0,0.0,WFC
2003-01-10,14.016455217212052,14.115101393513513,13.85978168306624,13.946822166442871,6924600,0.0,0.0,WFC
2003-01-13,14.071582668239989,14.12670805757169,13.929415675948816,14.028061866760254,6844000,0.0,0.0,WFC
2003-01-14,14.013551449786716,14.126704174394428,13.926510977533065,14.10639476776123,4946000,0.0,0.0,WFC
2003-01-15,14.115103790694862,14.126708378810715,13.804658646301153,13.836572647094727,9694800,0.0,0.0,WFC
2003-01-16,13.868480814079568,13.912001594768647,13.607359450283377,13.636372566223145,10748400,0.0,0.0,WFC
2003-01-17,13.636381074937617,13.714717864990234,13.610268811586744,13.714717864990234,12866000,0.0,0.0,WFC
2003-01-21,13.694403553549133,13.868484509127835,13.636376199429657,13.671192169189453,11285800,0.0,0.0,WFC
2003-01-22,13.67409288683627,13.77854189328018,13.621868383614316,13.645078659057617,13986200,0.0,0.0,WFC
2003-01-23,13.665388330329478,13.92070800583874,13.665388330329478,13.848174095153809,9740400,0.0,0.0,WFC
2003-01-24,13.851078004389441,13.851078004389441,13.604462009575954,13.650883674621582,8663000,0.0,0.0,WFC
2003-01-27,13.563840866088867,13.781442591213287,13.520320078352139,13.563840866088867,10985800,0.0,0.0,WFC
2003-01-28,13.607362473047719,13.65958697876409,13.433280418399924,13.520320892333984,8859000,0.0,0.0,WFC
2003-01-29,13.52322356794355,13.720515909345487,13.31722751073203,13.595757484436035,9431800,0.0,0.0,WFC
2003-01-30,13.59865988833916,13.697306070169576,13.375255267523809,13.447789192199707,8219000,0.0,0.0,WFC
2003-01-31,13.450685516414394,13.781439896854192,13.375249646656206,13.743721961975098,12092200,0.0,0.0,WFC
2003-02-03,13.746629956663325,13.923612913075386,13.706011135213975,13.851078987121582,9390000,0.0,0.0,WFC
2003-02-04,13.853976671945436,13.853976671945436,13.5348279138376,13.645078659057617,8473400,0.0,0.0,WFC
2003-02-05,13.694721997061844,13.770641072056653,13.096124534938935,13.23336410522461,24868800,0.15,0.0,WFC
2003-02-06,13.329720483502967,13.487398691068554,13.221680329610072,13.391039848327637,15605600,0.0,0.0,WFC
2003-02-07,13.475723208972777,13.504922596058817,13.242123656743587,13.271324157714844,8705000,0.0,0.0,WFC
2003-02-10,13.256721464302949,13.402720594465382,13.227520969939482,13.37936019897461,9184600,0.0,0.0,WFC
2003-02-11,13.382281279494508,13.57791958617895,13.212921747840808,13.315120697021484,9601600,0.0,0.0,WFC
2003-02-12,13.315127319459751,13.4290076373244,13.183728923413456,13.239208221435547,7323800,0.0,0.0,WFC
2003-02-13,13.239201636756553,13.399800462848336,13.081522303262075,13.315120697021484,7551800,0.0,0.0,WFC
2003-02-14,13.315118665543418,13.528278350830078,13.174959650671731,13.528278350830078,9624000,0.0,0.0,WFC
2003-02-18,13.59252297792206,13.718082357608623,13.522443997655559,13.642163276672363,7765000,0.0,0.0,WFC
2003-02-19,13.650918714854573,13.650918714854573,13.458199906964966,13.554558753967285,7186600,0.0,0.0,WFC
2003-02-20,13.554558642645453,13.592518728187924,13.391040330557814,13.455280303955078,7330000,0.0,0.0,WFC
2003-02-21,13.563319459247474,13.720998787671235,13.388119834148304,13.554558753967285,8050000,0.0,0.0,WFC
2003-02-24,13.417321414119403,13.481560279356462,13.169122203619901,13.210002899169922,11751400,0.0,0.0,WFC
2003-02-25,13.116563954344322,13.329723707425638,12.950125001631111,13.312203407287598,11364000,0.0,0.0,WFC
2003-02-26,13.291762193710964,13.312201984745219,13.07568297063947,13.163283348083496,10174800,0.0,0.0,WFC
2003-02-27,13.204162979659536,13.461120671877904,13.122402701330897,13.277162551879883,9866600,0.0,0.0,WFC
2003-02-28,13.306361675214077,13.426080926760786,13.192482522997093,13.242121696472168,8556600,0.0,0.0,WFC
2003-03-03,13.391041444667495,13.50492059688448,13.192482522997093,13.242121696472168,9663800,0.0,0.0,WFC
2003-03-04,13.280082141724415,13.300521932984703,13.139923095703125,13.139923095703125,7871400,0.0,0.0,WFC
2003-03-05,13.096126140545849,13.358925112911363,13.087366546095451,13.326805114746094,9381800,0.0,0.0,WFC
2003-03-06,13.215842067088154,13.356002225995814,13.128242803184673,13.148682594299316,8006400,0.0,0.0,WFC
2003-03-07,13.151606985186175,13.373525258521735,12.982247394207794,13.300525665283203,9359000,0.0,0.0,WFC
2003-03-10,13.201242481016045,13.242122063572332,12.891725005155555,12.926764488220215,8976400,0.0,0.0,WFC
2003-03-11,12.979324580875058,13.154523114282968,12.897564299917606,12.94720458984375,14933600,0.0,0.0,WFC
2003-03-12,12.894640263634123,13.020199576760332,12.634762047963271,12.89172077178955,15308400,0.0,0.0,WFC
2003-03-13,13.154521097128278,13.382280492295367,13.05232215395935,13.358920097351074,12215600,0.0,0.0,WFC
2003-03-14,13.385199984720934,13.44651935062229,13.242120350399494,13.358920097351074,9872200,0.0,0.0,WFC
2003-03-17,13.35892556442458,13.680123329162598,13.242125769673267,13.680123329162598,12542000,0.0,0.0,WFC
2003-03-18,13.718078114126012,13.764797791146746,13.475720137669999,13.630478858947754,9989400,0.0,0.0,WFC
2003-03-19,13.63048130407726,13.796920252938403,13.566241318943078,13.747281074523926,10041000,0.0,0.0,WFC
2003-03-20,13.74728393517011,13.779402820535594,13.431925157672802,13.680123329162598,12145600,0.0,0.0,WFC
2003-03-21,13.68011503561175,13.811514446574918,13.548716738533304,13.799834251403809,17074400,0.0,0.0,WFC
2003-03-24,13.60711816726701,13.642158759683447,13.323880618819576,13.358920097351074,8941600,0.0,0.0,WFC
2003-03-25,13.379366285637607,13.64508477886091,13.32972709346485,13.566245079040527,9429800,0.0,0.0,WFC
2003-03-26,13.607116403855303,13.621717205745766,13.347238170146092,13.402718544006348,9091600,0.0,0.0,WFC
2003-03-27,13.402721163085422,13.420240346561801,13.204162248529713,13.306361198425293,8638600,0.0,0.0,WFC
2003-03-28,13.306365222793934,13.36184451038994,13.198326141102617,13.335564613342285,7925200,0.0,0.0,WFC
2003-03-31,13.139925299259554,13.242124272699687,13.096125102707916,13.137005805969238,10307000,0.0,0.0,WFC
2003-04-01,13.183726180515716,13.54872412445153,13.14284547513123,13.519523620605469,12404000,0.0,0.0,WFC
2003-04-02,13.723921048423522,13.884519901745056,13.65968106154083,13.820281028747559,9647200,0.0,0.0,WFC
2003-04-03,13.85239747454103,13.855318081005404,13.618799082216182,13.665518760681152,9848200,0.0,0.0,WFC
2003-04-04,13.723920674880528,13.796920252938403,13.650921096822653,13.747281074523926,6755800,0.0,0.0,WFC
2003-04-07,14.001322815045837,14.048042512195591,13.671364327365136,13.674284934997559,8060800,0.0,0.0,WFC
2003-04-08,13.674284160859067,13.925401822644139,13.610044163207913,13.85532283782959,7799000,0.0,0.0,WFC
2003-04-09,13.615881543330984,13.779399884478542,13.534121258872046,13.542881965637207,15648800,0.0,0.0,WFC
2003-04-10,13.54288638856816,13.718084986696748,13.54288638856816,13.69764518737793,8348800,0.0,0.0,WFC
2003-04-11,13.723918039615267,13.796917603655773,13.45819967106322,13.501999855041504,11391400,0.0,0.0,WFC
2003-04-14,13.60711888412869,13.665518760681152,13.464040356154406,13.665518760681152,9591000,0.0,0.0,WFC
2003-04-15,13.577924164382338,13.878682128139314,13.577924164382338,13.85532283782959,11768000,0.0,0.0,WFC
2003-04-16,13.893275444804255,13.899114428818578,13.586676431467627,13.64799690246582,8953800,0.0,0.0,WFC
2003-04-17,13.709324699119547,13.86992359161377,13.636325101268946,13.86992359161377,8242200,0.0,0.0,WFC
2003-04-21,13.92832266357229,13.986722561153542,13.665523681399351,13.70932388305664,9030600,0.0,0.0,WFC
2003-04-22,13.680122522001083,14.027601278247154,13.612963033841545,13.96628189086914,9204000,0.0,0.0,WFC
2003-04-23,13.942914947927836,14.083073959287951,13.910794965637743,14.065553665161133,8420400,0.0,0.0,WFC
2003-04-24,14.065564720186785,14.065564720186785,13.744366872605557,13.89328670501709,7770800,0.0,0.0,WFC
2003-04-25,13.942922383819054,14.001322281502183,13.738523298870804,13.846562385559082,6212800,0.0,0.0,WFC
2003-04-28,13.869927777824648,14.08892663747451,13.864087674567688,13.995487213134766,8081600,0.0,0.0,WFC
2003-04-29,14.05387020111084,14.11227004944029,13.861151481342775,14.05387020111084,8034000,0.0,0.0,WFC
2003-04-30,14.001319120215658,14.217397244805033,13.899119043874068,14.091837882995605,15248800,0.0,0.0,WFC
2003-05-01,14.091837187429112,14.220317149758527,13.846558575755342,14.126877784729004,7313800,0.0,0.0,WFC
2003-05-02,14.126885540726237,14.337123670525866,14.088925429752894,14.307924270629883,10511000,0.0,0.0,WFC
2003-05-05,14.307922983444213,14.307922983444213,13.992564146286883,14.030524253845215,9132800,0.0,0.0,WFC
2003-05-06,14.097677943407886,14.150237727919967,13.998398474205642,14.12979793548584,9888400,0.0,0.0,WFC
2003-05-07,14.167995302655115,14.235573742130931,13.96232115769215,14.029899597167969,10194600,0.15,0.0,WFC
2003-05-08,13.897676973294894,14.029896113716543,13.80659354831948,13.833037376403809,7764000,0.0,0.0,WFC
2003-05-09,13.91237032094822,13.979949877016638,13.759584975708057,13.932937622070312,9554600,0.0,0.0,WFC
2003-05-12,13.991700905584922,14.159178129968378,13.897678643504168,14.132734298706055,7797800,0.0,0.0,WFC
2003-05-13,14.100414802381831,14.162116700602716,14.047527140811427,14.079846382141113,6535800,0.0,0.0,WFC
2003-05-14,14.14742800024221,14.156242238180907,13.935877323042142,14.029899597167969,8090800,0.0,0.0,WFC
2003-05-15,14.126862153420369,14.217945610395658,14.068097945828352,14.141552925109863,7987600,0.0,0.0,WFC
2003-05-16,14.141553364889782,14.300215273238113,14.085726861565938,14.21794605255127,7951600,0.0,0.0,WFC
2003-05-19,14.217946230066806,14.217946230066806,13.95644667176095,13.974076271057129,7418400,0.0,0.0,WFC
2003-05-20,13.927061071182251,14.044588336427555,13.80953268510319,13.921184539794922,7575800,0.0,0.0,WFC
2003-05-21,13.927059120717153,14.044586369502932,13.865356110208499,13.897676467895508,8739600,0.0,0.0,WFC
2003-05-22,13.941750393713324,14.059277646773069,13.818345489041905,13.833037376403809,7760200,0.0,0.0,WFC
2003-05-23,13.882985701901486,13.956440652705197,13.853604169913442,13.897676467895508,6243800,0.0,0.0,WFC
2003-05-27,13.83892010229538,14.179751221766251,13.771341643873095,14.17387580871582,11612200,0.0,0.0,WFC
2003-05-28,14.173871834892218,14.229697209893828,13.985826165806648,14.029899597167969,9306600,0.0,0.0,WFC
2003-05-29,14.000518764413778,14.112169520059915,13.891804593783732,13.977012634277344,8581400,0.0,0.0,WFC
2003-05-30,14.009326053183793,14.226752044917303,13.985819934708053,14.19149398803711,9508600,0.0,0.0,WFC
2003-06-02,14.25614404983972,14.523520158406171,14.25614404983972,14.367795944213867,11376600,0.0,0.0,WFC
2003-06-03,14.397170933973685,14.488255480117303,14.344283277610764,14.476502418518066,7185800,0.0,0.0,WFC
2003-06-04,14.426549661517605,14.811453947785557,14.426549661517605,14.761505126953125,12591600,0.0,0.0,WFC
2003-06-05,14.76150583004899,14.896662656092065,14.558769470150898,14.867280006408691,9637600,0.0,0.0,WFC
2003-06-06,14.949555584588644,15.028887085501914,14.779139518737793,14.779139518737793,11218200,0.0,0.0,WFC
2003-06-09,14.682176896654306,14.690991132667131,14.552895457353284,14.632226943969727,8694800,0.0,0.0,WFC
2003-06-10,14.714502270477324,14.873164176940918,14.579344254167815,14.873164176940918,10066400,0.0,0.0,WFC
2003-06-11,14.940737567079003,15.1140913076664,14.79382765542303,15.111153602600098,12302800,0.0,0.0,WFC
2003-06-12,15.20518277956187,15.228688914129718,14.984817811742133,15.140542030334473,8754600,0.0,0.0,WFC
2003-06-13,15.155232407341645,15.205181257045592,14.928990928533823,14.931928634643555,9191800,0.0,0.0,WFC
2003-06-16,15.102339494802012,15.237496345673046,15.049451836490094,15.219866752624512,8123400,0.0,0.0,WFC
2003-06-17,15.513686578431292,15.513686578431292,15.161102563296417,15.219866752624512,8703800,0.0,0.0,WFC
2003-06-18,15.161104722283198,15.278633117675781,15.13759971570499,15.278633117675781,7542800,0.0,0.0,WFC
2003-06-19,15.278632812459175,15.278632812459175,15.002442545887975,15.01419448852539,8296800,0.0,0.0,WFC
2003-06-20,15.102350007516467,15.249260022683613,15.005388859505606,15.043585777282715,11199400,0.0,0.0,WFC
2003-06-23,14.990696654204998,15.0670893616479,14.881983567170511,14.914302825927734,7211000,0.0,0.0,WFC
2003-06-24,14.914303446632672,15.05239921214968,14.867292289134134,14.97012996673584,7142400,0.0,0.0,WFC
2003-06-25,14.973056865786512,15.090585235115137,14.870220383249166,14.887848854064941,8100800,0.0,0.0,WFC
2003-06-26,14.87022708359145,15.134664352482654,14.837906711421233,15.122912406921387,8371200,0.0,0.0,WFC
2003-06-27,15.137599786462173,15.196363984433145,14.911358352815938,14.999504089355469,6301400,0.0,0.0,WFC
2003-06-30,15.028886163942703,15.105278833748622,14.793829381205525,14.808521270751953,13174000,0.0,0.0,WFC
2003-07-01,14.808522306150584,14.93486494341375,14.655735835022247,14.899605751037598,12115800,0.0,0.0,WFC
2003-07-02,14.949555045794305,14.984813115762625,14.896667380424907,14.975998878479004,6411400,0.0,0.0,WFC
2003-07-03,14.97599993780869,15.043578377042241,14.852595002939747,14.896668434143066,4653800,0.0,0.0,WFC
2003-07-07,15.07295870391075,15.13759943224964,14.99068950117676,15.025947570800781,9007000,0.0,0.0,WFC
2003-07-08,14.89667245268223,14.9701274439471,14.79971132621218,14.926054000854492,12915600,0.0,0.0,WFC
2003-07-09,14.926045826875022,15.023006900246093,14.820270518046074,14.934861183166504,10478200,0.0,0.0,WFC
2003-07-10,14.934864276710325,15.102341510102141,14.617538284493934,14.975998878479004,11292400,0.0,0.0,WFC
2003-07-11,15.09646111491539,15.263938305447555,15.052387698108591,15.24337100982666,10195800,0.0,0.0,WFC
2003-07-14,15.543065872730867,15.781059162840979,15.498992460056098,15.58126163482666,16287600,0.0,0.0,WFC
2003-07-15,14.699804292178632,15.466674152477555,14.699804292178632,15.258062362670898,15105000,0.0,0.0,WFC
2003-07-16,15.258064835267737,15.322705560659601,15.131722210638422,15.261002540588379,12979400,0.0,0.0,WFC
2003-07-17,15.131730750584914,15.190494977666688,14.905489204862448,14.97012996673584,8912600,0.0,0.0,WFC
2003-07-18,15.028883827516657,15.12584378261338,14.920169690109836,15.09646224975586,9549200,0.0,0.0,WFC
2003-07-21,15.081775064347628,15.081775064347628,14.896668225059258,15.055331230163574,10789600,0.0,0.0,WFC
2003-07-22,15.075894420760111,15.337393864801545,15.043574063256816,15.269815444946289,15919000,0.0,0.0,WFC
2003-07-23,15.275690977456136,15.27862868211287,15.105274965694019,15.246308326721191,8581800,0.0,0.0,WFC
2003-07-24,15.422601083284473,15.422601083284473,15.105275175931602,15.11702823638916,11521000,0.0,0.0,WFC
2003-07-25,15.13172660784656,15.346215025263515,15.064148157496074,15.30508041381836,9315000,0.0,0.0,WFC
2003-07-28,15.366783443696082,15.366783443696082,15.216935759604803,15.249256134033203,8817400,0.0,0.0,WFC
2003-07-29,15.263940574223557,15.308012876747554,15.131721424984137,15.222805976867676,9267600,0.0,0.0,WFC
2003-07-30,15.22281004219871,15.293326193402297,15.064147020739616,15.08177661895752,7621800,0.0,0.0,WFC
2003-07-31,15.213992675981153,15.246313041367321,14.793830167628723,14.846717834472656,18053600,0.0,0.0,WFC
2003-08-01,14.846710961976994,14.849649787015654,14.549953520573112,14.720368385314941,14218600,0.0,0.0,WFC
2003-08-04,14.720378549083179,14.820277373539732,14.508828954401277,14.770328521728516,13498200,0.0,0.0,WFC
2003-08-05,14.661612447381417,14.823213157071878,14.605785952897042,14.620476722717285,10965200,0.0,0.0,WFC
2003-08-06,14.676813771323982,14.940699736949478,14.656058771627324,14.816169738769531,11039000,0.225,0.0,WFC
2003-08-07,14.795418268680454,14.851753119716008,14.682747435546423,14.813207626342773,6976400,0.0,0.0,WFC
2003-08-08,14.830996686102493,14.922912505732452,14.810241683454247,14.899191856384277,5834000,0.0,0.0,WFC
2003-08-11,14.869539319110956,14.884364156574096,14.67977755396994,14.8102388381958,9716400,0.0,0.0,WFC
2003-08-12,14.949593055109968,14.949593055109968,14.783553072625638,14.931803703308105,9455000,0.0,0.0,WFC
2003-08-13,14.973313410273098,14.988138246843041,14.798377624197704,14.839887619018555,8282800,0.0,0.0,WFC
2003-08-14,14.88436149754348,15.008891467262195,14.753900236623993,14.967381477355957,8520600,0.0,0.0,WFC
2003-08-15,14.967383909973348,14.979244232177734,14.860643272259034,14.979244232177734,4480000,0.0,0.0,WFC
2003-08-18,15.008898543735459,15.008898543735459,14.863613510563884,14.925878524780273,6399200,0.0,0.0,WFC
2003-08-19,14.884361432907658,15.014821562198224,14.825060962843805,14.937731742858887,8947400,0.0,0.0,WFC
2003-08-20,14.937734476291476,14.937734476291476,14.765763194743785,14.8102388381958,7819200,0.0,0.0,WFC
2003-08-21,14.825063175642535,14.869538817594487,14.647162869959848,14.724252700805664,12390200,0.0,0.0,WFC
2003-08-22,14.736114757584405,14.74500943459688,14.564143461591904,14.567109107971191,20987600,0.0,0.0,WFC
2003-08-25,14.56710669178689,14.736112313367856,14.498911540189527,14.733146667480469,11111400,0.0,0.0,WFC
2003-08-26,14.611582329235926,14.736113451688269,14.510771851465018,14.712392807006836,11373000,0.0,0.0,WFC
2003-08-27,14.661983524504512,14.706458022707286,14.6175078952395,14.67680835723877,7616000,0.0,0.0,WFC
2003-08-28,14.745008042405976,14.845818519592285,14.620478051738377,14.845818519592285,12132200,0.0,0.0,WFC
2003-08-29,14.845817383210022,14.86657238006592,14.703496920028524,14.866572380065918,8146800,0.0,0.0,WFC
2003-09-02,15.151209688464592,15.204579990796146,14.866568830071113,15.166035652160645,13974200,0.0,0.0,WFC
2003-09-03,15.166036418971496,15.269811383717476,15.059295808911465,15.260916709899902,11943600,0.0,0.0,WFC
2003-09-04,15.260918835716375,15.26981351077296,15.077087256755702,15.091913223266602,8012800,0.0,0.0,WFC
2003-09-05,15.091915373903536,15.189760206656441,14.976278926377223,15.011859893798828,7545400,0.0,0.0,WFC
2003-09-08,15.085987322144524,15.207552816843704,15.017792154977935,15.183832168579102,6763800,0.0,0.0,WFC
2003-09-09,15.154174946916699,15.177894452313089,15.038539671836578,15.118595123291016,7444200,0.0,0.0,WFC
2003-09-10,15.121558710888491,15.121558710888491,14.801336924689265,14.836917877197266,14559200,0.0,0.0,WFC
2003-09-11,14.887326837346842,14.955521986124912,14.765761375427246,14.765761375427246,10128400,0.0,0.0,WFC
2003-09-12,14.768724850057923,14.946625113668446,14.733143892485984,14.905115127563477,11594000,0.0,0.0,WFC
2003-09-15,14.854707222389136,14.896218333648472,14.795407897000063,14.836917877197266,6167000,0.0,0.0,WFC
2003-09-16,14.84285031756162,14.999995589910554,14.84285031756162,14.95848560333252,7905600,0.0,0.0,WFC
2003-09-17,14.95849168870762,15.03261701805596,14.937736686975105,15.005931854248047,6629400,0.0,0.0,WFC
2003-09-18,15.056332349903245,15.338008749338483,15.050402189476326,15.299463272094727,10407200,0.0,0.0,WFC
2003-09-19,15.329109121168335,15.335039279679133,15.198647896054933,15.320213317871094,8166800,0.0,0.0,WFC
2003-09-22,15.320221199065879,15.320221199065879,14.952560230756884,15.151215553283691,8084200,0.0,0.0,WFC
2003-09-23,15.154176149917644,15.204580809800175,15.065226018261107,15.127490997314453,7792200,0.0,0.0,WFC
2003-09-24,15.16604584277269,15.183835201461699,14.994074501692335,15.044480323791504,8368800,0.0,0.0,WFC
2003-09-25,15.047434275444802,15.183824541264842,15.032609443257787,15.109699249267578,9983000,0.0,0.0,WFC
2003-09-26,15.109704427940164,15.269815384985321,15.109704427940164,15.240165710449219,11414400,0.0,0.0,WFC
2003-09-29,15.240162376773384,15.343937346012302,15.151211110497359,15.332077026367188,8787600,0.0,0.0,WFC
2003-09-30,15.332080440354156,15.367661407212298,15.151214484210993,15.269815444946289,10413200,0.0,0.0,WFC
2003-10-01,15.3231883379295,15.69677950418951,15.3231883379295,15.684920310974121,13211000,0.0,0.0,WFC
2003-10-02,15.595961914462254,15.72345751479061,15.57224240776005,15.702702522277832,9913600,0.0,0.0,WFC
2003-10-03,15.8331664182733,15.957696394195837,15.738286113457333,15.782760620117188,13604200,0.0,0.0,WFC
2003-10-06,15.773869142372941,15.880609789692928,15.67898881832466,15.81537914276123,5550600,0.0,0.0,WFC
2003-10-07,15.815379347308614,16.07926532267227,15.759044507633432,16.055545806884766,10259600,0.0,0.0,WFC
2003-10-08,16.025890909696432,16.085191380630132,15.901360938691832,16.052576065063477,10473800,0.0,0.0,WFC
2003-10-09,16.052579236345537,16.15931987890096,15.996244399913568,16.070369720458984,9937600,0.0,0.0,WFC
2003-10-10,16.076296118115412,16.203791730089804,16.06147015262722,16.17414093017578,8590400,0.0,0.0,WFC
2003-10-13,16.233448960354657,16.36983931030163,16.188973305298394,16.322399139404297,8136200,0.0,0.0,WFC
2003-10-14,16.28681723164832,16.580352898448915,16.24827174421798,16.35797691345215,7854800,0.0,0.0,WFC
2003-10-15,16.39059069917663,16.39059069917663,16.24530570268844,16.316465377807617,7890200,0.0,0.0,WFC
2003-10-16,16.316463537798725,16.357973532114265,16.025892446527426,16.325359344482422,9076800,0.0,0.0,WFC
2003-10-17,16.325358077359585,16.334252752290393,16.236406803801813,16.307567596435547,9685000,0.0,0.0,WFC
2003-10-20,16.30757122002729,16.41727638244629,16.248270734832836,16.41727638244629,9140400,0.0,0.0,WFC
2003-10-21,16.280884293342602,16.541805721275868,16.11780882503277,16.455820083618164,13084800,0.0,0.0,WFC
2003-10-22,16.298675068977474,16.355009902732498,16.183039755391462,16.227514266967773,10225600,0.0,0.0,WFC
2003-10-23,16.22750686249061,16.375757428891287,16.138556748862616,16.369827270507812,9824200,0.0,0.0,WFC
2003-10-24,16.277917925957908,16.307567596435547,16.091121834973983,16.307567596435547,8945200,0.0,0.0,WFC
2003-10-27,16.366866818804123,16.420237126438867,16.019959819178293,16.141525268554688,11773800,0.0,0.0,WFC
2003-10-28,15.89839876302324,16.289780373120685,15.89839876302324,16.280885696411133,10847800,0.0,0.0,WFC
2003-10-29,16.28088400304021,16.292744324794462,16.1326333742997,16.274953842163086,6985200,0.0,0.0,WFC
2003-10-30,16.28978101369914,16.420242309570312,16.188970526463557,16.420242309570312,9436600,0.0,0.0,WFC
2003-10-31,16.396524030507344,16.814590878609767,16.369838864413026,16.698955535888672,15241800,0.0,0.0,WFC
2003-11-03,16.6989548045434,16.885750959022733,16.6989548045434,16.8649959564209,10957400,0.0,0.0,WFC
2003-11-04,16.864996688066586,16.864996688066586,16.500300172303554,16.59518051147461,14114000,0.0,0.0,WFC
2003-11-05,16.634036964848747,16.681861642355457,16.48458470511149,16.645992279052734,9903200,0.225,0.0,WFC
2003-11-06,16.645984775285864,16.711744104800594,16.35305861507531,16.66391944885254,7944400,0.0,0.0,WFC
2003-11-07,16.708757550159778,16.771527204764972,16.41284167237407,16.61908531188965,8379000,0.0,0.0,WFC
2003-11-10,16.523430487774995,16.634025907428363,16.46365053580284,16.592178344726562,6480000,0.0,0.0,WFC
2003-11-11,16.592181507510126,16.804404482291158,16.592181507510126,16.717721939086914,6900800,0.0,0.0,WFC
2003-11-12,16.768532376227128,17.022601739642404,16.663916317322297,16.95684242248535,12063800,0.0,0.0,WFC
2003-11-13,16.95684774664609,17.145157852030472,16.82831875379023,17.085376739501953,8532600,0.0,0.0,WFC
2003-11-14,17.08537726734616,17.08537726734616,16.84027572461383,16.900056838989258,5838000,0.0,0.0,WFC
2003-11-17,16.77451957958134,16.906038284301758,16.741639903401236,16.906038284301758,5597600,0.0,0.0,WFC
2003-11-18,16.947880706892033,16.962825699726878,16.75359237934947,16.783483505249023,6774000,0.0,0.0,WFC
2003-11-19,16.613113717606584,16.89408355505601,16.604145806677703,16.85821533203125,6238400,0.0,0.0,WFC
2003-11-20,16.813370870806846,17.073417354344347,16.765546217050183,16.846250534057617,8750000,0.0,0.0,WFC
2003-11-21,16.956847549939994,16.971792542841285,16.81636210816214,16.888099670410156,11042800,0.0,0.0,WFC
2003-11-24,17.03755115804417,17.064452600218694,16.88809895490343,16.950868606567383,9088400,0.0,0.0,WFC
2003-11-25,16.983748919062936,17.18102578909587,16.87315460380065,17.082387924194336,7275400,0.0,0.0,WFC
2003-11-26,17.142161456723507,17.181019335685498,17.025588960066965,17.145151138305664,6826400,0.0,0.0,WFC
2003-11-28,17.10928706749951,17.18700170393798,17.10928706749951,17.136188507080078,2296200,0.0,0.0,WFC
2003-12-01,17.267706511289084,17.294607951630862,17.127221085034282,17.261728286743164,7023400,0.0,0.0,WFC
2003-12-02,17.261734523284936,17.261734523284936,17.046522922796303,17.088369369506836,9908800,0.0,0.0,WFC
2003-12-03,17.052504542510135,17.121252452960807,16.926965177399445,16.962833404541016,10740600,0.0,0.0,WFC
2003-12-04,17.004670775786803,17.064451882574975,16.87016357057086,17.01363754272461,6545400,0.0,0.0,WFC
2003-12-05,16.986745392549693,17.04951507169224,16.88810634798542,16.9777774810791,7458200,0.0,0.0,WFC
2003-12-08,16.947883851172325,17.154127527108493,16.94489416791277,17.100324630737305,5691200,0.0,0.0,WFC
2003-12-09,17.028580860798982,17.031569402541166,16.825325815442834,16.867172241210938,9056600,0.0,0.0,WFC
2003-12-10,16.87016328473021,16.912010856933726,16.65196321784578,16.861196517944336,8662000,0.0,0.0,WFC
2003-12-11,16.834298597826393,17.109291285808514,16.834298597826393,17.00766372680664,8577200,0.0,0.0,WFC
2003-12-12,17.022612875537703,17.06147078293517,16.968809969981294,17.040546417236328,6116400,0.0,0.0,WFC
2003-12-15,17.112277503775925,17.112277503775925,16.756581665708563,16.76255989074707,8744600,0.0,0.0,WFC
2003-12-16,16.789460591505257,17.091354691849965,16.789460591505257,17.082387924194336,9446800,0.0,0.0,WFC
2003-12-17,17.08238898720782,17.151136870715426,16.97777175038586,17.12722396850586,8430000,0.0,0.0,WFC
2003-12-18,17.1571091334421,17.282648405722288,17.085371591975175,17.273681640625,6580000,0.0,0.0,WFC
2003-12-19,17.309552484110377,17.390256802996728,17.24678283838645,17.360366821289062,14301600,0.0,0.0,WFC
2003-12-22,17.35737924374024,17.38129214418983,17.23482847951074,17.333467483520508,6117400,0.0,0.0,WFC
2003-12-23,17.333468863833858,17.450041412233965,17.312544504159277,17.444063186645508,5548000,0.0,0.0,WFC
2003-12-24,17.441083253762695,17.48293085627583,17.39027001819976,17.417171478271484,2174800,0.0,0.0,WFC
2003-12-26,17.41716010969271,17.512809429686214,17.40221511723682,17.447050094604492,1783600,0.0,0.0,WFC
2003-12-29,17.42612518554824,17.57557737605934,17.417158418991086,17.569599151611328,5795000,0.0,0.0,WFC
2003-12-30,17.551667722228697,17.632372051605426,17.494875153280333,17.6174259185791,5547600,0.0,0.0,WFC
2003-12-31,17.617430653551455,17.689168234576925,17.464989861688807,17.60248565673828,6413000,0.0,0.0,WFC
2004-01-02,17.485910900158412,17.602483457055996,17.321513675296945,17.387271881103516,8243200,0.0,0.0,WFC
2004-01-05,17.470970153808594,17.542706603084294,17.315539660070836,17.470970153808594,8846000,0.0,0.0,WFC
2004-01-06,17.381298401308573,17.470969529815658,17.369341946779556,17.41417694091797,8381600,0.0,0.0,WFC
2004-01-07,17.267708891131445,17.33645677253979,17.18700455898341,17.237817764282227,10670600,0.0,0.0,WFC
2004-01-08,17.240808809664106,17.285644933366484,17.073421906769212,17.231842041015625,11367000,0.0,0.0,WFC
2004-01-09,17.14217420917286,17.441078736901982,17.139185665596894,17.151142120361328,6712000,0.0,0.0,WFC
2004-01-12,17.151144761948366,17.151144761948366,16.959846017175103,17.025604248046875,8059400,0.0,0.0,WFC
2004-01-13,16.971786445329247,16.98972111450527,16.729674682714986,16.82233428955078,12016400,0.0,0.0,WFC
2004-01-14,16.88809728486747,16.906031957953562,16.759568311658064,16.837284088134766,10535800,0.0,0.0,WFC
2004-01-15,16.897066438104957,17.02858511218801,16.7296806932427,16.888099670410156,15305000,0.0,0.0,WFC
2004-01-16,16.88809577965337,17.106295818385938,16.873150790195172,17.09433937072754,9213200,0.0,0.0,WFC
2004-01-20,17.076421248137734,17.246796790202282,16.959848628854687,17.142179489135742,9566000,0.0,0.0,WFC
2004-01-21,17.04951189677527,17.306569933277363,17.04054398697466,17.28863525390625,7570600,0.0,0.0,WFC
2004-01-22,17.246789131378655,17.303580573437113,17.037555762390987,17.067445755004883,8899800,0.0,0.0,WFC
2004-01-23,17.11228162720596,17.2139091968894,16.941906163358738,16.989730834960938,10300600,0.0,0.0,WFC
2004-01-26,16.97777147087056,17.348413467407227,16.971793245416592,17.348413467407227,8958000,0.0,0.0,WFC
2004-01-27,17.34841873445116,17.45602454483229,17.13619679743852,17.16010856628418,8306400,0.0,0.0,WFC
2004-01-28,17.157119984005615,17.464991276165918,17.02560126484567,17.055492401123047,10035800,0.0,0.0,WFC
2004-01-29,17.11527010734247,17.318525245961332,17.03456690074773,17.28863525390625,10798200,0.0,0.0,WFC
2004-01-30,17.28863760199161,17.324505825375233,17.148152111746217,17.16010856628418,7398200,0.0,0.0,WFC
2004-02-02,17.228856379316156,17.3065721931757,17.049514123106874,17.204944610595703,7022200,0.0,0.0,WFC
2004-02-03,17.25276840955696,17.396242435263083,17.1720640563041,17.324504852294922,7382400,0.0,0.0,WFC
2004-02-04,17.25521455873458,17.318476520332997,17.155804874768904,17.200990676879883,7239200,0.225,0.0,WFC
2004-02-05,17.222079662075522,17.243167751216983,17.0744710821496,17.18894386291504,5446400,0.0,0.0,WFC
2004-02-06,17.30040532980909,17.460063934326172,17.29739225284528,17.460063934326172,5921600,0.0,0.0,WFC
2004-02-09,17.351611205338614,17.42391009290292,17.3004004030591,17.37872314453125,5014400,0.0,0.0,WFC
2004-02-10,17.336548163219305,17.40282204348429,17.252200424083334,17.342573165893555,6998800,0.0,0.0,WFC
2004-02-11,17.303414528159667,17.580558958352853,17.167855964127586,17.532360076904297,8056600,0.0,0.0,WFC
2004-02-12,17.502228253897233,17.550427116608784,17.11061235072194,17.291358947753906,8569000,0.0,0.0,WFC
2004-02-13,17.321483867394285,17.426918526926478,17.188937274103584,17.28232192993164,6506600,0.0,0.0,WFC
2004-02-17,17.354619739596902,17.426917459088465,17.267258941822366,17.291358947753906,5892800,0.0,0.0,WFC
2004-02-18,17.29137298771877,17.35162075316355,17.149788210788113,17.155813217163086,8460200,0.0,0.0,WFC
2004-02-19,17.200988475928096,17.466082847836265,17.116640736792124,17.342573165893555,9603800,0.0,0.0,WFC
2004-02-20,17.345584377973566,17.369683236929312,17.13471390364052,17.137725830078125,9448800,0.0,0.0,WFC
2004-02-23,17.246175398718382,17.270275409383668,17.119653790180887,17.128690719604492,8201000,0.0,0.0,WFC
2004-02-24,17.09254615286372,17.143756964683323,17.008197243466654,17.08652114868164,9742600,0.0,0.0,WFC
2004-02-25,17.062415006776284,17.27027355440745,17.05940308034251,17.240148544311523,7902600,0.0,0.0,WFC
2004-02-26,17.231125267677637,17.303423050884437,17.19798830489429,17.246187210083008,8698600,0.0,0.0,WFC
2004-02-27,16.990124005303308,17.38776510273724,16.990124005303308,17.276304244995117,7829000,0.0,0.0,WFC
2004-03-01,17.39679988904745,17.42089990369015,17.32148906701694,17.36065101623535,6058800,0.0,0.0,WFC
2004-03-02,17.381736171985395,17.448008907152687,17.267263412475586,17.267263412475586,6699800,0.0,0.0,WFC
2004-03-03,17.26726249452112,17.402822182898298,17.249187486353573,17.39679718017578,5293800,0.0,0.0,WFC
2004-03-04,17.411855372980153,17.56247696123976,17.405830371551588,17.50825309753418,6447200,0.0,0.0,WFC
2004-03-05,17.508261865734717,17.764319383501487,17.44801297042771,17.589597702026367,7519600,0.0,0.0,WFC
2004-03-08,17.57754410296988,17.74322881851154,17.574532175938153,17.652854919433594,6900000,0.0,0.0,WFC
2004-03-09,17.577546183728643,17.619721211228395,17.51729844274728,17.604658126831055,5969800,0.0,0.0,WFC
2004-03-10,17.604658126831055,17.737205914954853,17.574534256340375,17.604658126831055,8683200,0.0,0.0,WFC
2004-03-11,17.532358163587766,17.767327541363137,17.381736531854454,17.384748458862305,10775200,0.0,0.0,WFC
2004-03-12,17.43596253966134,17.56248417416924,17.366676718504348,17.44801139831543,8047400,0.0,0.0,WFC
2004-03-15,17.417891838180555,17.57755045908828,17.38475488308976,17.405841827392578,7935000,0.0,0.0,WFC
2004-03-16,17.4721114556404,17.54742228088023,17.36065175604801,17.49319839477539,6649600,0.0,0.0,WFC
2004-03-17,17.547417800526688,17.692014410169303,17.53235586915486,17.583566665649414,5768000,0.0,0.0,WFC
2004-03-18,17.571519540325873,17.71310308814496,17.478133717982033,17.565494537353516,7002800,0.0,0.0,WFC
2004-03-19,17.56549366823374,17.622729469911466,17.33956123913231,17.342573165893555,7688200,0.0,0.0,WFC
2004-03-22,17.34257412861203,17.34257412861203,17.023255864061426,17.11061668395996,9654400,0.0,0.0,WFC
2004-03-23,17.17087310822307,17.23413394387786,17.053388370820652,17.056400299072266,6730200,0.0,0.0,WFC
2004-03-24,17.095552300329224,17.107602304619245,16.963005700593953,17.04132843017578,8322600,0.0,0.0,WFC
2004-03-25,17.095562289988028,17.255220918095294,17.03230145422692,17.21304702758789,6925400,0.0,0.0,WFC
2004-03-26,17.21003712538536,17.24618601448272,17.13472626942692,17.155813217163086,6393800,0.0,0.0,WFC
2004-03-29,17.23111449513046,17.279313370186202,17.155803681033866,17.222076416015625,6838000,0.0,0.0,WFC
2004-03-30,17.225086455923645,17.228098382329808,17.077476780685952,17.119651794433594,10068800,0.0,0.0,WFC
2004-03-31,17.095555014236957,17.131703883693977,16.993132259815546,17.071455001831055,11330400,0.0,0.0,WFC
2004-04-01,17.08652855211149,17.309448057677095,17.08351547413889,17.246187210083008,7028400,0.0,0.0,WFC
2004-04-02,17.297385334310473,17.300398410069125,16.975055177236747,17.05337905883789,10338000,0.0,0.0,WFC
2004-04-05,17.035306267919914,17.07446821381519,16.96602045542941,17.059406280517578,9280800,0.0,0.0,WFC
2004-04-06,17.050370269135847,17.2250919342041,17.023258326251185,17.2250919342041,6654200,0.0,0.0,WFC
2004-04-07,17.185936683680815,17.2371486620516,17.089538882320745,17.095563888549805,8556000,0.0,0.0,WFC
2004-04-08,17.15580296907535,17.16182797185126,17.07446715532821,17.134716033935547,5838800,0.0,0.0,WFC
2004-04-12,17.222080727681092,17.345591596907045,17.116646021210297,17.179906845092773,6158200,0.0,0.0,WFC
2004-04-13,17.140750662186086,17.143762590689516,16.69189747111504,16.764196395874023,13803400,0.0,0.0,WFC
2004-04-14,16.649721061104703,16.869628581500997,16.493074372092494,16.640684127807617,15814400,0.0,0.0,WFC
2004-04-15,16.658750251259654,16.70393719504626,16.4448678355267,16.550302505493164,11567600,0.0,0.0,WFC
2004-04-16,16.568380608955497,16.95999664806406,16.553318674595925,16.890710830688477,13420600,0.0,0.0,WFC
2004-04-19,16.803357793318302,16.872643642817653,16.76118389789717,16.842519760131836,7029800,0.0,0.0,WFC
2004-04-20,16.845521961322394,17.056392465813712,16.67682647705078,16.67682647705078,11589400,0.0,0.0,WFC
2004-04-21,16.66779096162978,16.94192229598421,16.652727878554387,16.932884216308594,10267000,0.0,0.0,WFC
2004-04-22,16.932892167822526,17.164849736455327,16.89975520813892,17.095563888549805,9568800,0.0,0.0,WFC
2004-04-23,17.09555077463378,17.098562700861656,16.869618385541703,16.990116119384766,8337600,0.0,0.0,WFC
2004-04-26,17.05638830111764,17.15278602549286,16.932878644939922,16.987102508544922,7256600,0.0,0.0,WFC
2004-04-27,17.095556211792474,17.31847674555547,17.059407339803204,17.197978973388672,10814000,0.0,0.0,WFC
2004-04-28,17.125674980606597,17.125674980606597,16.95396645334871,16.959991455078125,10569000,0.0,0.0,WFC
2004-04-29,17.005189053294487,17.24618352778238,16.911803191676295,16.996150970458984,8325000,0.0,0.0,WFC
2004-04-30,17.050371665887706,17.152794441936592,16.98711084369189,17.008197784423828,7787600,0.0,0.0,WFC
2004-05-03,17.02627308165795,17.167857813922488,16.96301225840652,17.161832809448242,8294800,0.0,0.0,WFC
2004-05-04,17.101578698764364,17.318474197086964,17.038317894804187,17.18592643737793,12521200,0.0,0.0,WFC
2004-05-05,17.185924624033078,17.270944122348386,17.097870411128238,17.191997528076172,9762000,0.225,0.0,WFC
2004-05-06,17.08572788368448,17.16771036657575,16.991599590374896,17.049291610717773,7010400,0.0,0.0,WFC
2004-05-07,17.00375078428417,17.018932472969556,16.609021087021006,16.727439880371094,12484000,0.0,0.0,WFC
2004-05-10,16.624195286178875,16.730468217387163,16.493630737386937,16.636341094970703,11726600,0.0,0.0,WFC
2004-05-11,16.636347314440165,16.760839005377193,16.57865528025496,16.7304744720459,9078200,0.0,0.0,WFC
2004-05-12,16.71529906852612,17.03108338415745,16.575625637558435,16.973392486572266,10987000,0.0,0.0,WFC
2004-05-13,16.897472799619567,17.152529032159464,16.885326988953796,17.034109115600586,11970800,0.0,0.0,WFC
2004-05-14,17.034107042467877,17.386327400890515,17.034107042467877,17.304346084594727,14996400,0.0,0.0,WFC
2004-05-17,17.097879140645578,17.38026295223968,17.08269629364206,17.280061721801758,10223600,0.0,0.0,WFC
2004-05-18,17.33774485271777,17.574583492306484,17.30130858443031,17.565473556518555,12647200,0.0,0.0,WFC
2004-05-19,17.598882996837702,17.853939322514567,17.486537102875474,17.51993751525879,16055600,0.0,0.0,WFC
2004-05-20,17.519937375312395,17.65353786548979,17.4956457453045,17.61102867126465,8893400,0.0,0.0,WFC
2004-05-21,17.67174783419757,17.77802076711754,17.519928696718704,17.626201629638672,9670600,0.0,0.0,WFC
2004-05-24,17.73248010147828,17.79927975083526,17.629243016157442,17.711225509643555,7335600,0.0,0.0,WFC
2004-05-25,17.711234666384815,17.856981010726244,17.63836091506961,17.838762283325195,7672400,0.0,0.0,WFC
2004-05-26,17.838753527643295,17.990572706601963,17.741589345772823,17.951099395751953,8815400,0.0,0.0,WFC
2004-05-27,18.08166499741827,18.13328412347207,17.808391154924212,17.929845809936523,12676400,0.0,0.0,WFC
2004-05-28,17.914657403526274,17.960203606003,17.750692464555716,17.85392951965332,7927600,0.0,0.0,WFC
2004-06-01,17.86607661237273,17.86911248555499,17.711221597738728,17.80231285095215,7136400,0.0,0.0,WFC
2004-06-02,17.85393162150103,17.87822324122515,17.641384582067694,17.76891326904297,8642400,0.0,0.0,WFC
2004-06-03,17.768921938945358,17.771957813748063,17.635321440140203,17.699085235595703,5910200,0.0,0.0,WFC
2004-06-04,17.853932529794466,17.908587518666053,17.741586678575423,17.79016876220703,5023600,0.0,0.0,WFC
2004-06-07,17.85089825943184,17.954135341206314,17.832679542075752,17.91769790649414,5949400,0.0,0.0,WFC
2004-06-08,17.87822113651772,17.951093670534828,17.79016576281634,17.85392951965332,6064200,0.0,0.0,WFC
2004-06-09,17.85393917990022,17.863049120297514,17.61102867126465,17.61102867126465,8827400,0.0,0.0,WFC
2004-06-10,17.747661578510694,17.805352447342145,17.686933677573798,17.79624366760254,4057000,0.0,0.0,WFC
2004-06-14,17.762836531680456,17.762836531680456,17.574581152588394,17.6231632232666,5563800,0.0,0.0,WFC
2004-06-15,17.793200717990132,17.844819822020394,17.647454499185603,17.686927795410156,7573200,0.0,0.0,WFC
2004-06-16,17.689964762188776,17.75980258224646,17.64138268624955,17.6717472076416,3873600,0.0,0.0,WFC
2004-06-17,17.620130804711444,17.832677853924743,17.583694531736892,17.73551368713379,4553600,0.0,0.0,WFC
2004-06-18,17.77802548246213,17.91162710018366,17.72033461190227,17.7932071685791,6649400,0.0,0.0,WFC
2004-06-21,17.77194914236439,17.87822324122515,17.699076599768393,17.76891326904297,6777000,0.0,0.0,WFC
2004-06-22,17.768910990308942,17.869111013100564,17.73854646954782,17.84178352355957,6935200,0.0,0.0,WFC
2004-06-23,17.82357284201469,17.957173310014777,17.778026622454774,17.929845809936523,6696400,0.0,0.0,WFC
2004-06-24,17.83875437911852,17.91769984629833,17.808391005192853,17.82053565979004,5938200,0.0,0.0,WFC
2004-06-25,17.732477469038457,17.796241235076717,17.468311309814453,17.468311309814453,9109800,0.0,0.0,WFC
2004-06-28,17.544223067957457,17.686933459657613,17.450095923038933,17.535114288330078,8043600,0.0,0.0,WFC
2004-06-29,17.307390874711768,17.46831887535056,17.249699988779998,17.413663864135742,9438800,0.0,0.0,WFC
2004-06-30,17.474386237305072,17.495640828444394,17.252730388074777,17.377222061157227,10297200,0.0,0.0,WFC
2004-07-01,17.359007242209085,17.431880969829923,17.158605939112544,17.182897567749023,9435400,0.0,0.0,WFC
2004-07-02,17.21629411159142,17.53511413696956,17.207184173754325,17.377222061157227,7302000,0.0,0.0,WFC
2004-07-06,17.30131312419619,17.352932246245402,17.261839814192488,17.28309440612793,6609200,0.0,0.0,WFC
2004-07-07,17.28309375876285,17.48349617514217,17.277022011255912,17.377222061157227,5369200,0.0,0.0,WFC
2004-07-08,17.292208251713898,17.45920915106637,17.23755324344747,17.28917121887207,5526200,0.0,0.0,WFC
2004-07-09,17.316495270310167,17.359004455310775,17.17985893517634,17.313459396362305,4247800,0.0,0.0,WFC
2004-07-12,17.23754689106842,17.52903938887616,17.23754689106842,17.480457305908203,8098200,0.0,0.0,WFC
2004-07-13,17.37418453950683,17.63227664074111,17.37418453950683,17.54118537902832,9360000,0.0,0.0,WFC
2004-07-14,17.498677026737184,17.61102288287619,17.386330012309887,17.459203720092773,5591600,0.0,0.0,WFC
2004-07-15,17.53511934652244,17.589774356629242,17.42884635925293,17.42884635925293,7250800,0.0,0.0,WFC
2004-07-16,17.604954775973717,17.6413910606525,17.422772194291213,17.58370018005371,7385400,0.0,0.0,WFC
2004-07-19,17.64139126614688,17.83875669717576,17.583700384876085,17.747665405273438,8440600,0.0,0.0,WFC
2004-07-20,17.656563708609337,17.711218683201054,17.36507012469086,17.629236221313477,9717800,0.0,0.0,WFC
2004-07-21,17.65657003000038,17.76284298626096,17.3832950592041,17.3832950592041,6557200,0.0,0.0,WFC
2004-07-22,17.292201896974458,17.39847484161107,17.231474003630012,17.3347110748291,6238800,0.0,0.0,WFC
2004-07-23,17.301299903651444,17.31344570641591,17.16162664672263,17.198062896728516,4856400,0.0,0.0,WFC
2004-07-26,17.176823633075625,17.295242419873166,17.164677819483945,17.25273323059082,4780000,0.0,0.0,WFC
2004-07-27,17.286129072007366,17.489566183623616,17.24058286221567,17.43794822692871,5767400,0.0,0.0,WFC
2004-07-28,17.362038649468037,17.504749025746335,17.246655767407113,17.43794822692871,11086600,0.0,0.0,WFC
2004-07-29,17.535118012117824,17.58673598535246,17.45313550319641,17.52904510498047,4770000,0.0,0.0,WFC
2004-07-30,17.495640909945465,17.535114218654517,17.346858771277144,17.43187713623047,4319800,0.0,0.0,WFC
2004-08-02,17.41365200247189,17.586725700663234,17.340779476016547,17.56850814819336,4417200,0.0,0.0,WFC
2004-08-03,17.51992769467087,17.617091844437017,17.437945226126676,17.453126907348633,5360200,0.0,0.0,WFC
2004-08-04,17.453133776776067,17.551116188746146,17.358212804161465,17.53580665588379,4578800,0.24,0.0,WFC
2004-08-05,17.499061166646303,17.52968022821228,17.220423501443577,17.235733032226562,4978200,0.0,0.0,WFC
2004-08-06,17.223484241631965,17.419449031005545,17.183678528777243,17.257165908813477,6861200,0.0,0.0,WFC
2004-08-09,17.244920028594446,17.376584107344595,17.244920028594446,17.266353607177734,3747600,0.0,0.0,WFC
2004-08-10,17.352083824057207,17.492934523256274,17.303092632000794,17.453128814697266,6003200,0.0,0.0,WFC
2004-08-11,17.45313143775722,17.655220281367452,17.3857681005397,17.627662658691406,7909600,0.0,0.0,WFC
2004-08-12,17.50825264909372,17.655226297433526,17.49600455305472,17.50212860107422,5312400,0.0,0.0,WFC
2004-08-13,17.51743376001491,17.65522188591767,17.46844255614309,17.618478775024414,4730000,0.0,0.0,WFC
2004-08-16,17.61848078034738,17.75626892193309,17.5633655237131,17.691967010498047,5742000,0.0,0.0,WFC
2004-08-17,17.716461631456205,17.759328789924403,17.65828377235583,17.722585678100586,4968600,0.0,0.0,WFC
2004-08-18,17.71646840175726,17.78383177254571,17.66747717792282,17.747087478637695,7171600,0.0,0.0,WFC
2004-08-19,17.740959761504204,17.786889535371255,17.61235826354474,17.744022369384766,5589200,0.0,0.0,WFC
2004-08-20,17.75932769064796,17.81750437810482,17.685840303506627,17.77463722229004,6390600,0.0,0.0,WFC
2004-08-23,17.759330555876982,17.887932044069444,17.704215298639472,17.725648880004883,5378000,0.0,0.0,WFC
2004-08-24,17.80219871367765,17.863438021591527,17.76545559614638,17.811384201049805,4428400,0.0,0.0,WFC
2004-08-25,17.811377940318092,17.97978626989608,17.796068410731614,17.927732467651367,6052800,0.0,0.0,WFC
2004-08-26,17.88486552031589,18.074706259032993,17.86037050630832,17.961414337158203,5945200,0.0,0.0,WFC
2004-08-27,18.00428148770314,18.0226536242405,17.897113611340803,17.961414337158203,3820600,0.0,0.0,WFC
2004-08-30,17.906299839948062,17.982848659972486,17.875680779155214,17.878742218017578,3788400,0.0,0.0,WFC
2004-08-31,17.878745019905505,17.988975524902344,17.832816421518476,17.988975524902344,5632400,0.0,0.0,WFC
2004-09-01,17.995103274130443,18.074713561873303,17.869563210508,18.01347541809082,6109200,0.0,0.0,WFC
2004-09-02,18.0502174544385,18.218624675816507,18.010411728935193,18.200252532958984,5853800,0.0,0.0,WFC
2004-09-03,18.21249982652789,18.313544855732534,18.12676549971857,18.1481990814209,5437800,0.0,0.0,WFC
2004-09-07,18.292106177601372,18.3288492834193,18.209433313479337,18.285982131958008,6942200,0.0,0.0,WFC
2004-09-08,18.24924179166309,18.27986202648001,18.0410288670781,18.06552505493164,7577400,0.0,0.0,WFC
2004-09-09,18.11145496843356,18.12676450194358,18.004285897778356,18.062463760375977,5227000,0.0,0.0,WFC
2004-09-10,18.09307951441886,18.132885228690217,17.946105917158068,18.105327606201172,5215600,0.0,0.0,WFC
2004-09-13,18.148191552771525,18.203306788011236,18.08082822791363,18.123695373535156,6076000,0.0,0.0,WFC
2004-09-14,18.157378931301366,18.209432733591164,18.025714874267578,18.025714874267578,5136600,0.0,0.0,WFC
2004-09-15,18.028775842762087,18.236988696916786,18.025713236295093,18.09613800048828,5384200,0.0,0.0,WFC
2004-09-16,18.105331021312004,18.17881724978255,18.056339812984127,18.135950088500977,3803200,0.0,0.0,WFC
2004-09-17,18.188002190066424,18.24005483298997,18.117576239693204,18.16963005065918,4705200,0.0,0.0,WFC
2004-09-20,18.151262194083554,18.20331601733175,17.998164500360062,18.077775955200195,4437600,0.0,0.0,WFC
2004-09-21,18.114513647505554,18.154319362999765,17.94916790749177,18.086956024169922,5512600,0.0,0.0,WFC
2004-09-22,17.933855713146407,18.037962144949887,17.860369507192296,17.973661422729492,9074400,0.0,0.0,WFC
2004-09-23,18.004281663917613,18.028777846207184,17.774635211143046,17.799131393432617,7255000,0.0,0.0,WFC
2004-09-24,17.76545099393129,18.02571652508907,17.76545099393129,17.955291748046875,5944400,0.0,0.0,WFC
2004-09-27,17.958350018291853,18.15125216480672,17.946101929231272,18.07164192199707,8448800,0.0,0.0,WFC
2004-09-28,18.096142661072633,18.206373161431237,17.95223165719773,18.16963005065918,6589200,0.0,0.0,WFC
2004-09-29,18.080836478312758,18.169633416500016,17.99510214794859,18.163509368896484,7159200,0.0,0.0,WFC
2004-09-30,18.23393429037349,18.2982350385913,18.096146138447715,18.25843048095703,8665200,0.0,0.0,WFC
2004-10-01,18.2706680260518,18.44520037422894,18.227800882585928,18.429889678955078,8296000,0.0,0.0,WFC
2004-10-04,18.4941994628442,18.589119273055978,18.44214564636842,18.500322341918945,8433400,0.0,0.0,WFC
2004-10-05,18.445201485074225,18.570741484802834,18.41458126072449,18.475820541381836,5706000,0.0,0.0,WFC
2004-10-06,18.448266880553877,18.57074546813965,18.44214283437035,18.57074546813965,5235800,0.0,0.0,WFC
2004-10-07,18.509510250196506,18.5768724369639,18.417651873300876,18.445209503173828,4187000,0.0,0.0,WFC
2004-10-08,18.469706521139507,18.57993705254309,18.432963400019233,18.51869773864746,5289000,0.0,0.0,WFC
2004-10-11,18.524819574918414,18.56768673911405,18.472766923550175,18.509510040283203,3050400,0.0,0.0,WFC
2004-10-12,18.448266787602122,18.524815612446943,18.41458511778362,18.5125675201416,5274000,0.0,0.0,WFC
2004-10-13,18.570749557474475,18.570749557474475,18.35334995823556,18.445209503173828,6339200,0.0,0.0,WFC
2004-10-14,18.43296257886494,18.460520210488195,18.096146951464863,18.212501525878906,11385400,0.0,0.0,WFC
2004-10-15,18.285987691445563,18.41765179270208,18.26149150142452,18.38703155517578,8162000,0.0,0.0,WFC
2004-10-18,18.371714746648934,18.524812369537674,18.325784992565445,18.417644500732422,7029000,0.0,0.0,WFC
2004-10-19,18.26455087347742,18.285984451927373,18.00428415680416,18.172691345214844,10124000,0.0,0.0,WFC
2004-10-20,18.065521738651082,18.068583177549524,17.83893671477006,18.010406494140625,9220000,0.0,0.0,WFC
2004-10-21,17.943041689946163,18.041024079272276,17.69196167129272,17.918546676635742,9433000,0.0,0.0,WFC
2004-10-22,17.943045517085945,18.010408862131662,17.722585678100586,17.722585678100586,7261200,0.0,0.0,WFC
2004-10-25,17.682778916362185,17.719522026019636,17.621539621571497,17.713397979736328,7155600,0.0,0.0,WFC
2004-10-26,17.753200468782786,17.973661422729492,17.753200468782786,17.973661422729492,6989200,0.0,0.0,WFC
2004-10-27,17.912420921617937,18.172686399416058,17.823624024753315,18.111448287963867,7275200,0.0,0.0,WFC
2004-10-28,18.10226823629859,18.362534977023426,18.019595354047816,18.31966781616211,8527000,0.0,0.0,WFC
2004-10-29,18.27985808631464,18.35640690479331,18.17268903961914,18.285982131958008,6797200,0.0,0.0,WFC
2004-11-01,18.350291757963756,18.365601295475262,18.279866950976558,18.344167709350586,6785200,0.0,0.0,WFC
2004-11-02,18.28291868299589,18.44520296496453,18.21555652010614,18.310476303100586,8276600,0.0,0.0,WFC
2004-11-03,18.520376335389198,18.612977981567383,18.44320810065841,18.612977981567383,9490200,0.24,0.0,WFC
2004-11-04,18.622236409204028,18.980296922008943,18.569761404507506,18.958688735961914,9776600,0.0,0.0,WFC
2004-11-05,18.983383178710938,19.057465192139702,18.88460794580169,18.983383178710938,9630600,0.0,0.0,WFC
2004-11-08,18.983383591241786,19.08524621473322,18.9463431724693,19.017337799072266,5946000,0.0,0.0,WFC
2004-11-09,19.091417165039285,19.100678152138826,18.940168113172028,18.998815536499023,5036000,0.0,0.0,WFC
2004-11-10,19.001903976441543,19.10376542022573,18.977209579467402,18.983383178710938,4833600,0.0,0.0,WFC
2004-11-11,19.060557051665672,19.22415335887379,19.026602834510626,19.18402671813965,6919200,0.0,0.0,WFC
2004-11-12,19.227237345275505,19.31366539001465,19.137721911799222,19.31366539001465,5939400,0.0,0.0,WFC
2004-11-15,19.270447073657508,19.322920895558283,19.184019048176914,19.30748748779297,6858800,0.0,0.0,WFC
2004-11-16,19.30440552540847,19.316752725335288,19.187109481091277,19.193283081054688,5777200,0.0,0.0,WFC
2004-11-17,19.338357466325405,19.363050685786504,19.184021017839147,19.279708862304688,6291000,0.0,0.0,WFC
2004-11-18,19.292054272787684,19.3476154832928,19.22723325302957,19.276620864868164,4514000,0.0,0.0,WFC
2004-11-19,19.261188191105624,19.3167494037285,18.955601521679807,18.998815536499023,7879200,0.0,0.0,WFC
2004-11-22,19.0759823441527,19.202538168536083,18.983380722468628,19.15315055847168,6130400,0.0,0.0,WFC
2004-11-23,19.1531636706679,19.261199951171875,19.0976024241217,19.261199951171875,7367000,0.0,0.0,WFC
2004-11-24,19.25810006886861,19.316748667453755,19.239580450362606,19.276620864868164,4962400,0.0,0.0,WFC
2004-11-26,19.267366448963063,19.363055494687053,19.251933035780212,19.29206085205078,1774000,0.0,0.0,WFC
2004-11-29,19.359965315928115,19.393919524469077,19.156241242176048,19.19945526123047,7622200,0.0,0.0,WFC
2004-11-30,19.13155154377236,19.184026563724323,19.05129708545606,19.066730499267578,8465800,0.0,0.0,WFC
2004-12-01,19.184025939622032,19.40935707092285,19.153157935509206,19.40935707092285,9401200,0.0,0.0,WFC
2004-12-02,19.409359964539238,19.427879592273946,19.298237488154445,19.34453773498535,5129600,0.0,0.0,WFC
2004-12-03,19.313673807635336,19.35071424616803,19.193291499283337,19.261199951171875,5045400,0.0,0.0,WFC
2004-12-06,19.25193254988469,19.304407566374714,19.177851697479138,19.285886764526367,4943000,0.0,0.0,WFC
2004-12-07,19.28279304837074,19.28279304837074,19.06980803123426,19.082155227661133,6421400,0.0,0.0,WFC
2004-12-08,19.214896373397394,19.319845252094833,19.134641902626022,19.267370223999023,7434000,0.0,0.0,WFC
2004-12-09,19.199454902219856,19.44021939101741,19.168586905262675,19.434045791625977,7549000,0.0,0.0,WFC
2004-12-10,19.76741264368239,19.76741264368239,19.316750495812684,19.452566146850586,5739200,0.0,0.0,WFC
2004-12-13,19.477269584479146,19.56369884183981,19.458749954504505,19.523571014404297,6795600,0.0,0.0,WFC
2004-12-14,19.523570920190412,19.539004337592896,19.418622033361554,19.43096923828125,5706600,0.0,0.0,WFC
2004-12-15,19.424786853350255,19.477260684292713,19.276623993785176,19.30131721496582,7763800,0.0,0.0,WFC
2004-12-16,19.301317913259638,19.397006945344156,19.171675848010082,19.372312545776367,11531400,0.0,0.0,WFC
2004-12-17,19.137723922729492,19.31058120786486,19.103769708015946,19.137723922729492,13108000,0.0,0.0,WFC
2004-12-20,19.245760946056688,19.255021936688667,19.12229245340601,19.16242027282715,6759200,0.0,0.0,WFC
2004-12-21,19.156241242176048,19.25810269030523,19.109939834621333,19.19945526123047,7022200,0.0,0.0,WFC
2004-12-22,19.159333079090857,19.26119573462449,19.091424642068436,19.22724151611328,7197800,0.0,0.0,WFC
2004-12-23,19.245759516819348,19.35996936534462,19.230326103570892,19.264280319213867,4441000,0.0,0.0,WFC
2004-12-27,19.322920300172623,19.39082870523983,19.23340606689453,19.23340606689453,4545400,0.0,0.0,WFC
2004-12-28,19.26119026150734,19.350704511471857,19.2364958632456,19.31675148010254,3614000,0.0,0.0,WFC
2004-12-29,19.261199951171875,19.338368218320007,19.18711789661217,19.261199951171875,3506400,0.0,0.0,WFC
2004-12-30,19.285883299339314,19.322923718886862,19.19945526123047,19.19945526123047,3413200,0.0,0.0,WFC
2004-12-31,19.217979757800688,19.28280198032123,19.18402671813965,19.18402671813965,2721400,0.0,0.0,WFC
2005-01-03,19.208716728184303,19.239584728380546,19.060553859723765,19.109941482543945,8168200,0.0,0.0,WFC
2005-01-04,19.122287629229323,19.29205749972818,19.066726409430608,19.12537384033203,9241400,0.0,0.0,WFC
2005-01-05,19.162416782070114,19.369227087770387,19.122288969958934,19.146982192993164,7694600,0.0,0.0,WFC
2005-01-06,19.16858811675193,19.23032293707435,19.075986475015178,19.214889526367188,8887600,0.0,0.0,WFC
2005-01-07,19.24267391802419,19.31058235147295,19.15624585908504,19.19019889831543,6573200,0.0,0.0,WFC
2005-01-10,19.153156322056585,19.27662597311895,19.02968784848808,19.1778507232666,7685200,0.0,0.0,WFC
2005-01-11,19.15316293973442,19.193290766818475,19.04512784084765,19.14081573486328,7490800,0.0,0.0,WFC
2005-01-12,19.09759504085049,19.122289441988123,18.85991672862311,18.884611129760742,11469200,0.0,0.0,WFC
2005-01-13,18.890783287674303,18.955604319470517,18.66236480456708,18.717926025390625,10710000,0.0,0.0,WFC
2005-01-14,18.714844478663494,18.782751738544352,18.619155423952847,18.73336410522461,10155000,0.0,0.0,WFC
2005-01-18,18.566676149415894,18.98647032112997,18.551241561802954,18.971036911010742,10051000,0.0,0.0,WFC
2005-01-19,18.952521635688456,18.98030225127066,18.816704769511457,18.829051971435547,6215400,0.0,0.0,WFC
2005-01-20,18.656191403072512,18.76731384590086,18.616064770101882,18.68705940246582,6901800,0.0,0.0,WFC
2005-01-21,18.646926601892332,18.699401598071216,18.5234569923484,18.557411193847656,6870600,0.0,0.0,WFC
2005-01-24,18.55741385918103,18.705576705417755,18.458638628356542,18.504940032958984,7968800,0.0,0.0,WFC
2005-01-25,18.504938327130855,18.668534567323167,18.504938327130855,18.622234344482422,7470600,0.0,0.0,WFC
2005-01-26,18.674714594899132,18.853745481832444,18.662367393560164,18.788923263549805,7278400,0.0,0.0,WFC
2005-01-27,18.665459616035285,18.819796140255868,18.579030361775683,18.653112411499023,6116000,0.0,0.0,WFC
2005-01-28,18.640761312027532,18.78275060204358,18.585200080717946,18.680889129638672,6079000,0.0,0.0,WFC
2005-01-31,18.847561491258602,18.952510289797946,18.801260100508518,18.921642303466797,6569800,0.0,0.0,WFC
2005-02-01,18.998818629586818,19.19328290542649,18.943257407918342,19.075986862182617,8031800,0.0,0.0,WFC
2005-02-02,19.054215169955498,19.054215169955498,18.83334210340834,18.908002853393555,8393000,0.24,0.0,WFC
2005-02-03,18.867557998664026,18.991992950439453,18.830226445091526,18.991992950439453,5671600,0.0,0.0,WFC
2005-02-04,19.007556673365606,19.010668231074334,18.845791273858584,18.970226287841797,5937600,0.0,0.0,WFC
2005-02-07,18.976435051640642,19.14442345002312,18.836444719655244,19.107091903686523,7077800,0.0,0.0,WFC
2005-02-08,19.284417476334298,19.284417476334298,19.06043290224882,19.113317489624023,7216800,0.0,0.0,WFC
2005-02-09,19.14753356807172,19.15686704788899,18.948436737060547,18.948436737060547,5659000,0.0,0.0,WFC
2005-02-10,19.023102617038056,19.069765279031966,18.79289611638414,18.799118041992188,8304000,0.0,0.0,WFC
2005-02-11,18.836444990152035,18.879997274792753,18.733786203029027,18.7586727142334,9075200,0.0,0.0,WFC
2005-02-14,18.970215988717733,19.0728759765625,18.957772138061838,19.0728759765625,6347800,0.0,0.0,WFC
2005-02-15,19.13197550541161,19.156863197641307,19.05109287908606,19.06975746154785,7888200,0.0,0.0,WFC
2005-02-16,19.038655339289587,19.044877264407948,18.88311077146322,18.901775360107422,6526800,0.0,0.0,WFC
2005-02-17,18.883113810855786,18.92666610698353,18.78978729248047,18.78978729248047,5904000,0.0,0.0,WFC
2005-02-18,18.805340006571193,18.817783857813076,18.578245061606168,18.606243133544922,8970000,0.0,0.0,WFC
2005-02-22,18.57203132916659,18.62491594020856,18.285828557897748,18.30138397216797,10694800,0.0,0.0,WFC
2005-02-23,18.43202907326328,18.540909782978012,18.38847678937739,18.506690979003906,10419800,0.0,0.0,WFC
2005-02-24,18.643570600532847,18.662236374492196,18.503580262614715,18.56890869140625,11462600,0.0,0.0,WFC
2005-02-25,18.572024935946114,18.712015309207455,18.500474564437223,18.63424301147461,6639200,0.0,0.0,WFC
2005-02-28,18.572019655037423,18.640458450618386,18.413363548217685,18.472471237182617,10207800,0.0,0.0,WFC
2005-03-01,18.556471691279086,18.72445896133102,18.556471691279086,18.618688583374023,7323600,0.0,0.0,WFC
2005-03-02,18.587572226003438,18.677788342538527,18.50979995727539,18.50979995727539,8147600,0.0,0.0,WFC
2005-03-03,18.603132296259528,18.656018072725715,18.481807708740234,18.481807708740234,7258600,0.0,0.0,WFC
2005-03-04,18.649801110145003,18.855119971367955,18.590693392087072,18.820899963378906,7183200,0.0,0.0,WFC
2005-03-07,18.8208942459503,19.013769193547084,18.81156195086511,18.892444610595703,6901600,0.0,0.0,WFC
2005-03-08,18.830224180665002,18.954660304187346,18.768007305614656,18.911108016967773,6662000,0.0,0.0,WFC
2005-03-09,18.78356187888012,18.814670316992405,18.56890962108848,18.58446502685547,8224600,0.0,0.0,WFC
2005-03-10,18.621797824013814,18.814672776284798,18.61557589823591,18.73067855834961,6687600,0.0,0.0,WFC
2005-03-11,18.774229130288425,18.82089297598763,18.537801905966003,18.603130340576172,6568800,0.0,0.0,WFC
2005-03-14,18.603126608517563,18.749338854779257,18.593794315934275,18.696453094482422,7924200,0.0,0.0,WFC
2005-03-15,18.805344322656637,18.870672776603854,18.640466222637297,18.65913200378418,6888400,0.0,0.0,WFC
2005-03-16,18.572026026182936,18.637354475302857,18.497364093823634,18.519140243530273,8023800,0.0,0.0,WFC
2005-03-17,18.44758422396177,18.634238404399415,18.438251930288665,18.540910720825195,6721000,0.0,0.0,WFC
2005-03-18,18.634237712874366,18.646680375073156,18.369811263745053,18.472471237182617,15738800,0.0,0.0,WFC
2005-03-21,18.47247401560427,18.51602630662755,18.354259806604702,18.413366317749023,7827200,0.0,0.0,WFC
2005-03-22,18.453809889101898,18.565802182722358,18.161386489868164,18.161386489868164,10154400,0.0,0.0,WFC
2005-03-23,18.13650027092688,18.363595246378086,18.08983760257208,18.273380279541016,9915800,0.0,0.0,WFC
2005-03-24,18.270267746166574,18.416480043292434,18.16449737548828,18.16449737548828,6903800,0.0,0.0,WFC
2005-03-28,18.22982376477209,18.43203218750504,18.22982376477209,18.313817977905273,6785400,0.0,0.0,WFC
2005-03-29,18.316930977548754,18.47869749114192,18.276489052472705,18.33248519897461,6835400,0.0,0.0,WFC
2005-03-30,18.34492844363149,18.59690990783912,18.34492844363149,18.572023391723633,7839000,0.0,0.0,WFC
2005-03-31,18.649794186275372,18.774229130288425,18.600019971327974,18.603130340576172,8826400,0.0,0.0,WFC
2005-04-01,18.71201213181631,18.749342496110096,18.435141802064,18.488027572631836,10740000,0.0,0.0,WFC
2005-04-04,18.522256868844984,18.646691874547585,18.416486461306462,18.615583419799805,9716000,0.0,0.0,WFC
2005-04-05,18.61557583983948,18.680904280236025,18.559579694725013,18.5658016204834,5439400,0.0,0.0,WFC
2005-04-06,18.596907690073873,18.6964561160862,18.572021176926217,18.58446502685547,6572400,0.0,0.0,WFC
2005-04-07,18.584468943015402,18.755567762108978,18.559581237912507,18.628021240234375,6693600,0.0,0.0,WFC
2005-04-08,18.70578979558074,18.712011720611454,18.52846908569336,18.52846908569336,7322600,0.0,0.0,WFC
2005-04-11,18.64357571876705,18.705793795668193,18.584469198402076,18.66535186767578,5838200,0.0,0.0,WFC
2005-04-12,18.603129305508876,18.945328052604538,18.584464717636397,18.8613338470459,9482200,0.0,0.0,WFC
2005-04-13,18.895554024452736,18.939106312193786,18.690235248880043,18.733787536621094,8400000,0.0,0.0,WFC
2005-04-14,18.796009336609117,18.796009336609117,18.58446976740627,18.618688583374023,8100800,0.0,0.0,WFC
2005-04-15,18.61869016743684,18.677797881351474,18.39470672607422,18.39470672607422,9987200,0.0,0.0,WFC
2005-04-18,18.416473986474276,18.68089923285018,18.416473986474276,18.512910842895508,11165000,0.0,0.0,WFC
2005-04-19,18.509805933993633,18.537804007244585,18.33248519897461,18.33248519897461,10071000,0.0,0.0,WFC
2005-04-20,18.270265299836502,18.385367950932718,18.080500731965696,18.089834213256836,9099200,0.0,0.0,WFC
2005-04-21,18.198713776629734,18.257820283047334,17.971618858232645,18.251598358154297,10482400,0.0,0.0,WFC
2005-04-22,18.20493570152277,18.366702188609224,18.08672150197674,18.251598358154297,6322400,0.0,0.0,WFC
2005-04-25,18.323154290239355,18.44136733139158,18.279600805555198,18.40092658996582,6318800,0.0,0.0,WFC
2005-04-26,18.400925092659907,18.52224968048708,18.270267022661475,18.28893280029297,6901200,0.0,0.0,WFC
2005-04-27,18.27959403019535,18.587572745112254,18.189379097851408,18.512910842895508,8934400,0.0,0.0,WFC
2005-04-28,18.516023482662824,18.68712225132104,18.43202928276645,18.522245407104492,8910800,0.0,0.0,WFC
2005-04-29,18.547134308781413,18.65601622047872,18.410255513554084,18.646682739257812,9182000,0.0,0.0,WFC
2005-05-02,18.69023884798532,18.873780328320507,18.668461513210385,18.78978729248047,10383600,0.0,0.0,WFC
2005-05-03,18.808450230613236,18.917332148071477,18.693347574293117,18.755565643310547,8389200,0.0,0.0,WFC
2005-05-04,18.75870391635431,19.037795108619825,18.72107395237924,19.025251388549805,8421000,0.24,0.0,WFC
2005-05-05,18.987616821307533,19.06601325838662,18.75556403744487,18.89354133605957,6642000,0.0,0.0,WFC
2005-05-06,18.89667437060539,18.91235461310328,18.72106713848075,18.73988151550293,7046600,0.0,0.0,WFC
2005-05-09,18.74302046552077,18.940579823435247,18.702253982978323,18.88413429260254,6331200,0.0,0.0,WFC
2005-05-10,18.783780487615264,18.87471941491535,18.699112220486803,18.72733497619629,6476600,0.0,0.0,WFC
2005-05-11,18.71480319347442,18.884139835678052,18.655222313988723,18.830829620361328,5759800,0.0,0.0,WFC
2005-05-12,18.887269526407188,18.95625877401036,18.714797603633947,18.758699417114258,5820200,0.0,0.0,WFC
2005-05-13,18.652088294075387,18.768114736565987,18.501567212841177,18.57996368408203,7528000,0.0,0.0,WFC
2005-05-16,18.611312730917646,18.893540368442174,18.57995463618587,18.818279266357422,7479200,0.0,0.0,WFC
2005-05-17,18.75242979109016,18.971940080859472,18.705392640861994,18.959396362304688,6099600,0.0,0.0,WFC
2005-05-18,19.084823394541854,19.1506760958232,19.037785067206972,19.11931800842285,8407200,0.0,0.0,WFC
2005-05-19,19.19772309314261,19.219674003483092,19.078560153983638,19.216537475585938,5630600,0.0,0.0,WFC
2005-05-20,19.244758403030783,19.2823895567845,19.109916426000243,19.232215881347656,7065400,0.0,0.0,WFC
2005-05-23,19.25416374206543,19.379597312686705,19.219669121368337,19.25416374206543,6383600,0.0,0.0,WFC
2005-05-24,19.175768968431278,19.2855235017359,19.047198859602428,19.138137817382812,6047600,0.0,0.0,WFC
2005-05-25,19.06601741724456,19.109919240187573,18.971941911475966,19.094240188598633,4333400,0.0,0.0,WFC
2005-05-26,19.125595023826993,19.147545930174847,19.047198587946177,19.109914779663086,4074200,0.0,0.0,WFC
2005-05-27,19.081682487913817,19.103633383302164,19.03464536761053,19.062868118286133,5001400,0.0,0.0,WFC
2005-05-31,19.040928067160216,19.066014306362362,18.943716049194336,18.943716049194336,7182800,0.0,0.0,WFC
2005-06-01,18.987613899286526,19.320015171992807,18.971934853530513,19.285520553588867,9600200,0.0,0.0,WFC
2005-06-02,19.354523037869292,19.357658370672713,19.269854697352972,19.294940948486328,7398200,0.0,0.0,WFC
2005-06-03,19.310611111686317,19.320018301416784,19.17890447428624,19.23848533630371,6123000,0.0,0.0,WFC
2005-06-06,19.213393663604187,19.2917900791422,19.16635533578763,19.26670265197754,4051600,0.0,0.0,WFC
2005-06-07,19.345100206006645,19.473670287206172,19.23534569628794,19.244752883911133,5839800,0.0,0.0,WFC
2005-06-08,19.34196607529813,19.38900440880069,19.23848222008631,19.285520553588867,6303000,0.0,0.0,WFC
2005-06-09,19.285524888146586,19.32629137326239,19.216535635832884,19.232215881347656,5360200,0.0,0.0,WFC
2005-06-10,19.269842513246953,19.511303658438386,19.10364127010492,19.225940704345703,4914000,0.0,0.0,WFC
2005-06-13,19.185178837682773,19.285526195358205,19.078559620623267,19.160091400146484,4074200,0.0,0.0,WFC
2005-06-14,19.128739073840187,19.219679268008996,19.094244434932346,19.175777435302734,5180000,0.0,0.0,WFC
2005-06-15,19.194583522581922,19.24162186370367,19.14754637769488,19.23848533630371,5105600,0.0,0.0,WFC
2005-06-16,19.229079477147003,19.282389680522815,19.160090224390586,19.269845962524414,4433200,0.0,0.0,WFC
2005-06-17,19.454861240173585,19.454861240173585,19.260437203660377,19.31374740600586,9063600,0.0,0.0,WFC
2005-06-20,19.285523502241027,19.40468642142823,19.21026239637682,19.335697174072266,5869400,0.0,0.0,WFC
2005-06-21,19.33569769152844,19.36078512623279,19.22907848650441,19.28238868713379,4980600,0.0,0.0,WFC
2005-06-22,19.379602164327597,19.464270473716645,19.35137939453125,19.35137939453125,6314600,0.0,0.0,WFC
2005-06-23,19.341969533726516,19.36078510973875,19.131866455078125,19.131866455078125,6583200,0.0,0.0,WFC
2005-06-24,19.0754263338528,19.12873534997962,18.815149524570117,19.040931701660156,8934600,0.0,0.0,WFC
2005-06-27,19.02524680515432,19.125595345304404,18.984481519100054,19.0032958984375,5039000,0.0,0.0,WFC
2005-06-28,19.05346745945995,19.28238608340437,18.997023131466378,19.235347747802734,5376800,0.0,0.0,WFC
2005-06-29,19.414092871748384,19.479945589225085,19.341968296002285,19.423500061035156,9936400,0.0,0.0,WFC
2005-06-30,19.44232101091581,19.489359362823308,19.238489747629956,19.31061553955078,12656800,0.0,0.0,WFC
2005-07-01,19.379598035217395,19.417227988183278,19.138136877569924,19.213397979736328,6923400,0.0,0.0,WFC
2005-07-05,19.1820417321084,19.285525614476352,19.13500458249691,19.191450119018555,5957800,0.0,0.0,WFC
2005-07-06,19.15381716312219,19.203990832598098,19.069148871587608,19.078556060791016,7746600,0.0,0.0,WFC
2005-07-07,19.03465228840114,19.05346666486952,18.893538483715695,19.015836715698242,10395800,0.0,0.0,WFC
2005-07-08,19.012703302272104,19.244756074502124,19.012703302272104,19.213397979736328,8564600,0.0,0.0,WFC
2005-07-11,19.244761576775574,19.379603576043543,19.20399628117175,19.35765266418457,7286600,0.0,0.0,WFC
2005-07-12,19.348239203290404,19.401548201608133,19.2290762944981,19.30120086669922,7835400,0.0,0.0,WFC
2005-07-13,19.301207120480072,19.432913787868895,19.282392736735222,19.35765266418457,5686800,0.0,0.0,WFC
2005-07-14,19.410956930614176,19.592836029771366,19.357646735117243,19.58970069885254,9578600,0.0,0.0,WFC
2005-07-15,19.630471077437157,19.715139389038086,19.511309331837264,19.715139389038086,7989400,0.0,0.0,WFC
2005-07-18,19.7057258387529,19.7057258387529,19.426634751444123,19.439178466796875,7942600,0.0,0.0,WFC
2005-07-19,19.5050301238176,19.53638821427007,19.32942170707416,19.38900375366211,10659200,0.0,0.0,WFC
2005-07-20,19.357646265467118,19.589700223572382,19.310609125418264,19.508167266845703,7015600,0.0,0.0,WFC
2005-07-21,19.439179258065643,19.46426549355774,19.25102710881927,19.37332534790039,7499200,0.0,0.0,WFC
2005-07-22,19.3231556323651,19.395280218977284,19.16636274071214,19.363922119140625,7391200,0.0,0.0,WFC
2005-07-25,19.33256618933759,19.46740818699361,19.32629432941929,19.392147064208984,6154000,0.0,0.0,WFC
2005-07-26,19.436048010359833,19.536395372054564,19.345107840000573,19.442319869995117,6649800,0.0,0.0,WFC
2005-07-27,19.445455163941244,19.464270742810566,19.31688503225481,19.379602432250977,5821400,0.0,0.0,WFC
2005-07-28,19.395277296940193,19.49876116403328,19.370191060097252,19.423500061035156,5843200,0.0,0.0,WFC
2005-07-29,19.395275935626074,19.4485861290569,19.219668701347043,19.235347747802734,7598000,0.0,0.0,WFC
2005-08-01,19.269842423351367,19.36078256778518,19.254163376850435,19.298065185546875,4878200,0.0,0.0,WFC
2005-08-02,19.29806763677427,19.414094031100255,19.269844870993925,19.35451316833496,5580400,0.0,0.0,WFC
2005-08-03,19.35451281950441,19.39878765525432,19.27545026812277,19.370325088500977,5798000,0.26,0.0,WFC
2005-08-04,19.370326901913845,19.370326901913845,19.218526933817735,19.278614044189453,6358400,0.0,0.0,WFC
2005-08-05,19.234334756318326,19.237497933521556,19.03509681646681,19.092021942138672,7680200,0.0,0.0,WFC
2005-08-08,19.095188521937654,19.145788508618157,18.97501310117189,19.088863372802734,4739600,0.0,0.0,WFC
2005-08-09,19.123648863516916,19.158436576509647,19.063560556929946,19.114160537719727,7410400,0.0,0.0,WFC
2005-08-10,19.126821062570137,19.278621086114423,19.003483618840363,19.07305908203125,8688600,0.0,0.0,WFC
2005-08-11,19.073056113805016,19.15844383996017,19.04775551061868,19.120492935180664,6420800,0.0,0.0,WFC
2005-08-12,19.079373540011957,19.117323223027768,18.975010403720134,19.028772354125977,4704200,0.0,0.0,WFC
2005-08-15,19.02876838756975,19.24381855716316,18.99081871246457,19.20903205871582,6040200,0.0,0.0,WFC
2005-08-16,19.228012513907647,19.26596220129069,18.96236228942871,18.96236228942871,6524000,0.0,0.0,WFC
2005-08-17,18.96236575219477,19.0477534691986,18.908603785784415,18.978178024291992,6829800,0.0,0.0,WFC
2005-08-18,18.981338629354408,19.114163144643605,18.952876060878314,19.082538604736328,5449800,0.0,0.0,WFC
2005-08-19,19.174251556396484,19.25015093511734,19.12997671774284,19.174251556396484,5422400,0.0,0.0,WFC
2005-08-22,19.234333373933424,19.36399588277848,19.133133425878675,19.1868953704834,6036200,0.0,0.0,WFC
2005-08-23,19.164755335203445,19.18056880512228,18.959193496640722,18.99081802368164,8539400,0.0,0.0,WFC
2005-08-24,18.97501815797195,19.00664270567557,18.81056785583496,18.81056785583496,10031200,0.0,0.0,WFC
2005-08-25,18.816888078561888,18.873813214639192,18.747312644156548,18.839025497436523,5754400,0.0,0.0,WFC
2005-08-26,18.839028647448895,18.959204088861668,18.589190642490443,18.59235382080078,10717000,0.0,0.0,WFC
2005-08-29,18.481667955240205,18.75680659761395,18.40576855530202,18.747318267822266,9488200,0.0,0.0,WFC
2005-08-30,18.74731577883391,18.74731577883391,18.551240947559748,18.59235382080078,9986200,0.0,0.0,WFC
2005-08-31,18.661922706238705,18.86116065866081,18.541748505703584,18.854835510253906,9824800,0.0,0.0,WFC
2005-09-01,18.85483402432209,19.047746813134015,18.668246383418595,18.88962173461914,11171000,0.0,0.0,WFC
2005-09-02,18.975006495086575,18.978168465353782,18.750469207763672,18.750469207763672,5735200,0.0,0.0,WFC
2005-09-06,18.85800570331783,19.054080551282,18.82321797733727,19.050918579101562,5899800,0.0,0.0,WFC
2005-09-07,19.050917410803454,19.050917410803454,18.927578788145436,18.997154235839844,5596000,0.0,0.0,WFC
2005-09-08,18.7536371332108,18.930737684372964,18.737824864056755,18.911762237548828,8651200,0.0,0.0,WFC
2005-09-09,18.911756136668433,18.971844429027804,18.892781902364142,18.918081283569336,13154600,0.0,0.0,WFC
2005-09-12,18.943387982255718,18.95603707373967,18.81688741622577,18.911762237548828,8940400,0.0,0.0,WFC
2005-09-13,18.88013457431125,18.927571373921914,18.753634029218933,18.848508834838867,10214000,0.0,0.0,WFC
2005-09-14,18.848509797241075,18.908598102107398,18.712522126562835,18.718847274780273,10502400,0.0,0.0,WFC
2005-09-15,18.53225819439605,18.604996790083106,18.469009129900726,18.53542137145996,15864800,0.0,0.0,WFC
2005-09-16,18.661931075168667,18.968694275278533,18.652443951503166,18.965532302856445,20939000,0.0,0.0,WFC
2005-09-19,18.911759107385024,18.914922284531567,18.794746887333726,18.848508834838867,7762200,0.0,0.0,WFC
2005-09-20,18.857997357329907,18.968684430645663,18.699872277508188,18.731496810913086,11905000,0.0,0.0,WFC
2005-09-21,18.60816713421714,18.690391678900337,18.46901744075361,18.472179412841797,14770400,0.0,0.0,WFC
2005-09-22,18.374136998482946,18.639787227187707,18.367813055817518,18.59551239013672,12277000,0.0,0.0,WFC
2005-09-23,18.598680548430224,18.728343122972962,18.55440449312367,18.649280548095703,6879000,0.0,0.0,WFC
2005-09-26,18.712520299124954,18.753633155323943,18.506958430927114,18.541746139526367,7148800,0.0,0.0,WFC
2005-09-27,18.563883899268216,18.617645845271145,18.50695877620713,18.52593421936035,10178600,0.0,0.0,WFC
2005-09-28,18.53226837825367,18.623981261127984,18.380468368530273,18.380468368530273,9702000,0.0,0.0,WFC
2005-09-29,18.374142353130303,18.69988098967384,18.342517804991715,18.661930084228516,10643600,0.0,0.0,WFC
2005-09-30,18.601830544606074,18.608155691291973,18.472168053541058,18.522768020629883,8148000,0.0,0.0,WFC
2005-10-03,18.50063931257916,18.557564453129782,18.389952209507925,18.484827041625977,7618000,0.0,0.0,WFC
2005-10-04,18.48799381544296,18.627144731332372,18.260294400495365,18.2729434967041,9730600,0.0,0.0,WFC
2005-10-05,18.27294082473009,18.421578842641164,18.25396657999188,18.28559112548828,9008800,0.0,0.0,WFC
2005-10-06,18.24763438568209,18.519609715000257,18.231822119037723,18.421571731567383,9648200,0.0,0.0,WFC
2005-10-07,18.614480837977872,18.6777310984385,18.44054352650993,18.522768020629883,7177000,0.0,0.0,WFC
2005-10-10,18.5069627343572,18.519613032498242,18.288750520218933,18.295074462890625,10048000,0.0,0.0,WFC
2005-10-11,18.310887557564698,18.412087527788575,18.2666115149928,18.30139923095703,9535400,0.0,0.0,WFC
2005-10-12,18.29507710151384,18.459527381868895,18.22233968631047,18.3045654296875,9155000,0.0,0.0,WFC
2005-10-13,18.241311231530936,18.57969884158059,18.234986082902125,18.513286590576172,8234600,0.0,0.0,WFC
2005-10-14,18.605000402501005,18.728337791172546,18.544912090605468,18.652437210083008,7975400,0.0,0.0,WFC
2005-10-17,18.690386964003107,18.772612694342893,18.56704957489224,18.70303726196289,7193200,0.0,0.0,WFC
2005-10-18,18.703037513800453,18.77577491845041,18.59551239249208,18.627138137817383,10685200,0.0,0.0,WFC
2005-10-19,18.516450161234683,18.921251263656245,18.500637891496083,18.880138397216797,9381600,0.0,0.0,WFC
2005-10-20,18.880140124914746,18.908602695608344,18.61448986724081,18.696714401245117,12349200,0.0,0.0,WFC
2005-10-21,18.84851360709188,18.937064493636136,18.630301378277043,18.70936393737793,15356400,0.0,0.0,WFC
2005-10-24,18.848513537661386,18.96868896484375,18.816888996697088,18.96868896484375,9054600,0.0,0.0,WFC
2005-10-25,18.883302747102217,18.975015612096445,18.851678203641658,18.933902740478516,7473800,0.0,0.0,WFC
2005-10-26,18.88645976386423,18.965522303121666,18.85483402432209,18.88962173461914,7888200,0.0,0.0,WFC
2005-10-27,18.86432571261125,18.993988251854397,18.84535026550293,18.84535026550293,9985600,0.0,0.0,WFC
2005-10-28,18.876981233013293,19.183744430541992,18.864332137032136,19.183744430541992,10868000,0.0,0.0,WFC
2005-10-31,19.18058000318653,19.183741975177306,18.978178810203698,19.038267135620117,13614800,0.0,0.0,WFC
2005-11-01,18.98134037933386,19.031940371689874,18.87697721650016,18.940227508544922,11941200,0.0,0.0,WFC
2005-11-02,18.949799788164977,19.169923281336057,18.940228354920706,19.023174285888672,8252000,0.26,0.0,WFC
2005-11-03,18.997647845078195,19.128446045203503,18.908322601177545,18.98169708251953,10389800,0.0,0.0,WFC
2005-11-04,19.061446279328838,19.074207372256847,18.96893018104799,19.051876068115234,8273000,0.0,0.0,WFC
2005-11-07,19.144392431623256,19.268811271856844,19.112490913798172,19.233718872070312,6431000,0.0,0.0,WFC
2005-11-08,19.138018366828327,19.20501230287113,19.093354525834556,19.192251205444336,6620800,0.0,0.0,WFC
2005-11-09,19.182685067290898,19.361335601369333,19.166734300600393,19.278390884399414,6741000,0.0,0.0,WFC
2005-11-10,19.28158109624992,19.64845482533446,19.275200546000175,19.603792190551758,10906600,0.0,0.0,WFC
2005-11-11,19.635678508774525,19.836661426516738,19.539972763123572,19.827091217041016,12150800,0.0,0.0,WFC
2005-11-14,19.804775775636504,19.93238313303122,19.76330280642458,19.903671264648438,10287200,0.0,0.0,WFC
2005-11-15,19.91643359377391,19.93238436231128,19.5240388463196,19.622934341430664,10838600,0.0,0.0,WFC
2005-11-16,19.622934052142224,19.74735296561699,19.399620861979958,19.45704460144043,9411800,0.0,0.0,WFC
2005-11-17,19.444282587489447,19.916432365477576,19.444282587489447,19.903671264648438,9780400,0.0,0.0,WFC
2005-11-18,19.90685674470528,20.01213275555505,19.75053634439474,19.94194793701172,12561600,0.0,0.0,WFC
2005-11-21,19.900481792848296,20.17802904529007,19.8813401414171,20.165267944335938,11281200,0.0,0.0,WFC
2005-11-22,20.050421007965458,20.382202339886714,20.050421007965458,20.363061904907227,11893000,0.0,0.0,WFC
2005-11-23,20.30563212636857,20.640601808532853,20.273729382615848,20.500234603881836,9218600,0.0,0.0,WFC
2005-11-25,20.5002351668164,20.525754928588867,20.423668579707353,20.525754928588867,2334400,0.0,0.0,WFC
2005-11-28,20.525755533570724,20.589561024708882,20.347105026245117,20.347105026245117,10322600,0.0,0.0,WFC
2005-11-29,20.465138115553692,20.50980073094105,20.356671242342262,20.366241455078125,9595800,0.0,0.0,WFC
2005-11-30,20.375815723465323,20.385387155071303,19.97066000514902,20.0504150390625,12234400,0.0,0.0,WFC
2005-12-01,20.225879046175095,20.257780576044137,20.047227314798516,20.075939178466797,7817800,0.0,0.0,WFC
2005-12-02,20.09826432487177,20.130165844950653,19.970655810626276,20.034460067749023,5053600,0.0,0.0,WFC
2005-12-05,20.034466453519613,20.146124243315388,19.906859115565634,20.136552810668945,5347400,0.0,0.0,WFC
2005-12-06,20.296063997690307,20.3343472964237,20.053609190539337,20.079130172729492,9467800,0.0,0.0,WFC
2005-12-07,20.066363554412966,20.098265075683592,19.79200609041145,19.93875503540039,7394800,0.0,0.0,WFC
2005-12-08,19.967469563758836,20.085506668616183,19.763296879584445,19.84305191040039,8688000,0.0,0.0,WFC
2005-12-09,19.884526903360822,20.10465037284612,19.817531745721542,19.973852157592773,6037600,0.0,0.0,WFC
2005-12-12,19.97385321402754,20.031276942489644,19.81115224439644,19.890907287597656,6328200,0.0,0.0,WFC
2005-12-13,19.85262884369529,20.29287710354945,19.843058626187243,20.162078857421875,7883800,0.0,0.0,WFC
2005-12-14,20.23864253302332,20.44281649823663,20.21631121474407,20.423673629760742,9934400,0.0,0.0,WFC
2005-12-15,20.420482724880294,20.458763589367415,20.292874164084562,20.32477569580078,7543200,0.0,0.0,WFC
2005-12-16,20.445997712735597,20.570417795040846,20.324770946965973,20.33753204345703,12464800,0.0,0.0,WFC
2005-12-19,20.337536984283208,20.48428597868633,20.26735215349674,20.305635452270508,7165600,0.0,0.0,WFC
2005-12-20,20.241827946313016,20.289680236708147,20.178023675487594,20.229066848754883,5788000,0.0,0.0,WFC
2005-12-21,20.369433640497114,20.481090192779952,20.229065229489382,20.315200805664062,8066200,0.0,0.0,WFC
2005-12-22,20.33114891317149,20.410903930664062,20.22906258813819,20.410903930664062,5297400,0.0,0.0,WFC
2005-12-23,20.455568159778547,20.46513837263463,20.375811923772815,20.426855087280273,3630400,0.0,0.0,WFC
2005-12-27,20.43005396294419,20.519379229790125,20.245021662231327,20.289684295654297,4331800,0.0,0.0,WFC
2005-12-28,20.292870948545715,20.340723238537535,20.136550547189213,20.146121978759766,5146000,0.0,0.0,WFC
2005-12-29,20.152496121249396,20.24501222849533,20.098263296497247,20.11740493774414,4514600,0.0,0.0,WFC
2005-12-30,20.04403305053711,20.120597191445302,19.916424526403354,20.04403305053711,5242800,0.0,0.0,WFC
2006-01-03,20.162071616858057,20.401336704359622,19.90366488424891,20.353483200073242,11016400,0.0,0.0,WFC
2006-01-04,20.28967484110649,20.302435935271085,20.01212773633361,20.11740493774414,10870000,0.0,0.0,WFC
2006-01-05,20.098269087974884,20.13336149855722,19.977041092408253,20.09507942199707,10158000,0.0,0.0,WFC
2006-01-06,20.149311422554263,20.27372907891299,20.02489376619554,20.213115692138672,8403800,0.0,0.0,WFC
2006-01-09,20.209928512573242,20.305635542969718,20.1333643486146,20.209928512573242,5619600,0.0,0.0,WFC
2006-01-10,20.13016927327067,20.216304852511172,20.06317533951645,20.193973541259766,7157800,0.0,0.0,WFC
2006-01-11,20.19397432757042,20.350294729382234,20.146122037439223,20.299251556396484,8047000,0.0,0.0,WFC
2006-01-12,20.2290677333791,20.283301791890217,20.053606893660163,20.06317710876465,10763600,0.0,0.0,WFC
2006-01-13,20.130176491645422,20.286496943424584,20.10465550547746,20.178030014038086,6365600,0.0,0.0,WFC
2006-01-17,20.072751349499818,20.146127069900853,19.906861908581202,19.970664978027344,10690400,0.0,0.0,WFC
2006-01-18,19.97385497818302,20.318396162421276,19.97066409467253,20.289684295654297,10780800,0.0,0.0,WFC
2006-01-19,20.292872313524384,20.302442528773433,19.951520844034786,19.973852157592773,8713400,0.0,0.0,WFC
2006-01-20,19.977037881151773,19.977037881151773,19.619735717773438,19.619735717773438,18166000,0.0,0.0,WFC
2006-01-23,19.622928188580055,19.760106945526598,19.619738522658967,19.654830932617188,7047400,0.0,0.0,WFC
2006-01-24,19.667596316731846,19.763302135771568,19.56231906391229,19.648454666137695,8232000,0.0,0.0,WFC
2006-01-25,19.67397195821949,19.82072215130651,19.60697801915939,19.77924919128418,8580800,0.0,0.0,WFC
2006-01-26,19.932378226575413,20.09826884562273,19.897285816416233,19.961090087890625,8598000,0.0,0.0,WFC
2006-01-27,19.96108861327452,20.16207162763349,19.801578554854895,20.002561569213867,7640000,0.0,0.0,WFC
2006-01-30,20.002566086764197,20.01213630300194,19.874957524422225,19.92919158935547,5756400,0.0,0.0,WFC
2006-01-31,19.859005867941494,19.96747277597915,19.846244768886386,19.89409828186035,11763400,0.0,0.0,WFC
2006-02-01,19.91339707042094,19.93591616062258,19.78471550309867,19.894094467163086,8224200,0.26,0.0,WFC
2006-02-02,19.832971741192143,19.878009922375576,19.68820528224653,19.720375061035156,9830600,0.0,0.0,WFC
2006-02-03,19.57561160897264,19.765416278256353,19.501620124634726,19.636735916137695,7532400,0.0,0.0,WFC
2006-02-06,19.575603309159153,19.688199958871802,19.517696741237916,19.639944076538086,7290000,0.0,0.0,WFC
2006-02-07,19.62386205735425,19.739675210110025,19.591692282565752,19.66568374633789,8095000,0.0,0.0,WFC
2006-02-08,19.62385997592132,19.76862640151118,19.556302719712086,19.730022430419922,5924400,0.0,0.0,WFC
2006-02-09,19.691416981397307,19.826532719293436,19.627076212265724,19.697851181030273,7052600,0.0,0.0,WFC
2006-02-10,19.710730160626106,19.92627044163685,19.668908454161798,19.858713150024414,6501200,0.0,0.0,WFC
2006-02-13,19.80080056716198,19.86514135139159,19.68820511515895,19.832971572875977,5401400,0.0,0.0,WFC
2006-02-14,19.913393737385668,20.321955006773784,19.87478853733157,20.15467071533203,8263600,0.0,0.0,WFC
2006-02-15,20.15467356700631,20.424903869628906,20.148239366086923,20.424903869628906,10144800,0.0,0.0,WFC
2006-02-16,20.379863179477407,20.588970400991787,20.270484225134208,20.572885513305664,8282600,0.0,0.0,WFC
2006-02-17,20.576109811751294,20.601846623578766,20.389522834797045,20.46351432800293,6829000,0.0,0.0,WFC
2006-02-21,20.524633347502483,20.537501750865818,20.296224710196437,20.431339263916016,6424800,0.0,0.0,WFC
2006-02-22,20.524634724937286,20.78199667348349,20.49568142902593,20.714439392089844,8381400,0.0,0.0,WFC
2006-02-23,20.685487323377057,20.846338694618257,20.498899143681953,20.714439392089844,8148800,0.0,0.0,WFC
2006-02-24,20.79486177210295,20.85598606886521,20.691917009048847,20.772342681884766,7995600,0.0,0.0,WFC
2006-02-27,20.769129736868646,20.8913783584646,20.70157245070119,20.746610641479492,6128800,0.0,0.0,WFC
2006-02-28,20.69835277697009,20.762694796562275,20.5149835435258,20.6533145904541,9832000,0.0,0.0,WFC
2006-03-01,20.733737006869287,20.839899481669217,20.688698827450537,20.81094741821289,8469600,0.0,0.0,WFC
2006-03-02,20.724085384325715,20.72730309825241,20.444204405419637,20.537498474121094,7875800,0.0,0.0,WFC
2006-03-03,20.492457201583754,20.65330728487343,20.40237963321588,20.53106117248535,6991800,0.0,0.0,WFC
2006-03-06,20.48923801066772,20.553578775662857,20.399161675993344,20.498889923095703,7712200,0.0,0.0,WFC
2006-03-07,20.498900592198815,20.788433571771716,20.412040698326948,20.746610641479492,10496800,0.0,0.0,WFC
2006-03-08,20.685485384320707,20.855987429149984,20.547151892646195,20.72087287902832,6629200,0.0,0.0,WFC
2006-03-09,20.701569199449686,20.76912647500704,20.524632951809643,20.560020446777344,5337200,0.0,0.0,WFC
2006-03-10,20.5568113909035,20.7208805219379,20.492470579266463,20.66940689086914,6338800,0.0,0.0,WFC
2006-03-13,20.672616521022228,20.78842969123275,20.640446741385272,20.70478630065918,5802800,0.0,0.0,WFC
2006-03-14,20.66617936695503,20.910674089696393,20.646877991663782,20.884937286376953,9241000,0.0,0.0,WFC
2006-03-15,20.83025361682078,20.90746159164417,20.730526547074014,20.878509521484375,5446200,0.0,0.0,WFC
2006-03-16,20.910672146813322,21.029703010308666,20.814160370531,20.89137077331543,6533800,0.0,0.0,WFC
2006-03-17,21.00397394802041,21.013624638325027,20.8945937309743,20.929981231689453,9776600,0.0,0.0,WFC
2006-03-20,20.936413818775033,20.997535667204357,20.84633744896593,20.952497482299805,3767200,0.0,0.0,WFC
2006-03-21,20.975020828691225,21.04579583486567,20.810954173720464,20.8720760345459,8162200,0.0,0.0,WFC
2006-03-22,20.58896962562748,21.074741314963134,20.58896962562748,21.02970314025879,7438200,0.0,0.0,WFC
2006-03-23,20.975021764334432,20.984674910114045,20.791651264883445,20.901031494140625,5277400,0.0,0.0,WFC
2006-03-24,20.85599137707269,20.939632330944438,20.79808477971674,20.904247283935547,5661600,0.0,0.0,WFC
2006-03-27,20.79807672724834,20.92354056387704,20.79807672724834,20.888153076171875,4370400,0.0,0.0,WFC
2006-03-28,20.86885725087626,20.86885725087626,20.540719087533994,20.6082763671875,12745600,0.0,0.0,WFC
2006-03-29,20.582540823299784,20.77556320048071,20.49246445026781,20.6533145904541,8398400,0.0,0.0,WFC
2006-03-30,20.653317436204574,20.749829251692347,20.553590360091988,20.63079833984375,7766800,0.0,0.0,WFC
2006-03-31,20.679051546010218,20.724089732847933,20.514983690073038,20.54715347290039,7081600,0.0,0.0,WFC
2006-04-03,20.582540333118803,20.814165462141716,20.563237727700844,20.69513702392578,8248200,0.0,0.0,WFC
2006-04-04,20.695136665893052,20.99432029510358,20.672617573560945,20.86885643005371,7475600,0.0,0.0,WFC
2006-04-05,20.917109986389512,21.04579156657266,20.868856541418207,20.952497482299805,6983200,0.0,0.0,WFC
2006-04-06,20.865633972387286,20.910672146813322,20.759471509356015,20.89137077331543,4383200,0.0,0.0,WFC
2006-04-07,20.891372517179846,20.99109956110538,20.608272592131936,20.7080020904541,6489800,0.0,0.0,WFC
2006-04-10,20.76269334804781,20.90102561252387,20.691918358632584,20.72087287902832,4753800,0.0,0.0,WFC
2006-04-11,20.77556371613546,20.830252593348394,20.6597505323921,20.71122169494629,6077400,0.0,0.0,WFC
2006-04-12,20.74982689011468,20.801300507022493,20.630795991813223,20.714439392089844,4091200,0.0,0.0,WFC
2006-04-13,20.71443895318023,20.83668510915035,20.64688167321803,20.79808235168457,5030000,0.0,0.0,WFC
2006-04-17,20.749820228098308,20.878501774655707,20.637224795259215,20.73695182800293,6532600,0.0,0.0,WFC
2006-04-18,20.65653437067018,20.968586447305256,20.524636285312848,20.929981231689453,10444200,0.0,0.0,WFC
2006-04-19,20.929983990574623,20.929983990574623,20.775568016551738,20.823823928833008,6701600,0.0,0.0,WFC
2006-04-20,20.814159957289355,21.049003965902354,20.785207897617322,20.92032241821289,7559400,0.0,0.0,WFC
2006-04-21,21.052221679553593,21.05543693880846,20.814159957289355,20.92032241821289,7587400,0.0,0.0,WFC
2006-04-24,20.92032720629785,21.013621288365236,20.820600149852023,20.942846298217773,5664800,0.0,0.0,WFC
2006-04-25,20.910674630040567,20.991100301694573,20.839899646281573,20.939626693725586,9045600,0.0,0.0,WFC
2006-04-26,20.95892969428329,21.11013034371123,20.95892969428329,21.103694915771484,8547800,0.0,0.0,WFC
2006-04-27,21.039357655593204,21.737451944939007,21.013620849822704,21.6087703704834,14258200,0.0,0.0,WFC
2006-04-28,21.557300473388214,22.232875710772195,21.50582685883852,22.097761154174805,17036400,0.0,0.0,WFC
2006-05-01,22.14923652198366,22.14923652198366,21.830751448245685,21.875789642333984,13684800,0.0,0.0,WFC
2006-05-02,21.898295817709997,21.97872146746718,21.769614287219294,21.840389251708984,9664400,0.0,0.0,WFC
2006-05-03,21.840393180624638,21.901986786494355,21.70747584618948,21.833908081054688,6397400,0.26,0.0,WFC
2006-05-04,21.914953264017186,22.132157093763343,21.914953264017186,22.102981567382812,7822400,0.0,0.0,WFC
2006-05-05,22.20024695261687,22.355854767529298,22.167826390613627,22.326679229736328,7290600,0.0,0.0,WFC
2006-05-08,22.27804627339608,22.446621783734603,22.109468289716443,22.171064376831055,6428800,0.0,0.0,WFC
2006-05-09,22.1386451147667,22.24562700562917,22.10946711119467,22.141887664794922,5520200,0.0,0.0,WFC
2006-05-10,22.171073526339494,22.24239482014889,21.931176652624185,22.028430938720703,7143800,0.0,0.0,WFC
2006-05-11,21.986282478765915,22.025185668038294,21.73017538107459,21.876060485839844,7774600,0.0,0.0,WFC
2006-05-12,21.882543696911753,22.00573342287657,21.743143689982947,21.772321701049805,7781200,0.0,0.0,WFC
2006-05-15,21.785276783304713,22.04462631755329,21.775551608604975,21.934404373168945,9386200,0.0,0.0,WFC
2006-05-16,21.963588651836975,22.08353829207281,21.86957447003183,22.018699645996094,5938800,0.0,0.0,WFC
2006-05-17,21.89875875933616,22.012223330833528,21.44489800000453,21.54863739013672,10174000,0.0,0.0,WFC
2006-05-18,21.467594649024214,21.55836632201367,21.289291381835938,21.289291381835938,10211200,0.0,0.0,WFC
2006-05-19,21.302244030987744,21.538900702263124,21.302244030987744,21.415708541870117,11928600,0.0,0.0,WFC
2006-05-22,21.415718013934995,21.801499994905342,21.396267652992602,21.60374641418457,11066200,0.0,0.0,WFC
2006-05-23,21.726932924481034,21.940896756394263,21.6361612891269,21.684789657592773,9861800,0.0,0.0,WFC
2006-05-24,21.623194613308062,21.90847973643156,21.581051344365584,21.72045135498047,13867600,0.0,0.0,WFC
2006-05-25,21.879304823849974,21.879304823849974,21.55836148821532,21.749629974365234,7225400,0.0,0.0,WFC
2006-05-26,21.872819695822535,21.882544875588117,21.671823578414102,21.801498413085938,7154800,0.0,0.0,WFC
2006-05-30,21.658851521590478,21.710722434435496,21.45461536728105,21.47730827331543,8249600,0.0,0.0,WFC
2006-05-31,21.571323455846073,21.636159626590814,21.324941555001587,21.516212463378906,14804400,0.0,0.0,WFC
2006-06-01,21.558347795842558,21.94736962387496,21.51620454769686,21.934404373168945,11070400,0.0,0.0,WFC
2006-06-02,22.008970879348595,22.14512830390009,21.94089216707285,22.090017318725586,11030600,0.0,0.0,WFC
2006-06-05,22.00897257276096,22.122437101950716,21.817704148318402,21.830669403076172,7216600,0.0,0.0,WFC
2006-06-06,21.859844437015166,21.95061604802336,21.613462583320853,21.93116569519043,10172200,0.0,0.0,WFC
2006-06-07,21.944135327387187,22.385028167725277,21.93765022698571,22.11919593811035,12921000,0.0,0.0,WFC
2006-06-08,21.979793655270722,22.47579743031612,21.88253694617361,22.456344604492188,16089400,0.0,0.0,WFC
2006-06-09,22.537390972413736,22.592504426524417,22.271558771437117,22.407718658447266,9589400,0.0,0.0,WFC
2006-06-12,22.407725554909693,22.598994008215833,22.245632639223157,22.436901092529297,8986000,0.0,0.0,WFC
2006-06-13,22.333167058777747,22.336409610401475,21.639409411831352,21.743148803710938,18554200,0.0,0.0,WFC
2006-06-14,21.723693095651623,21.775561542158353,21.185543432262424,21.568082809448242,15514400,0.0,0.0,WFC
2006-06-15,21.587535208326457,21.749628138162247,21.3962667383243,21.694517135620117,13550800,0.0,0.0,WFC
2006-06-16,21.581051538387015,21.694516089130456,21.461101885691548,21.60698699951172,11961200,0.0,0.0,WFC
2006-06-19,21.671819528072984,21.752865975428037,21.467583371141114,21.545387268066406,7249400,0.0,0.0,WFC
2006-06-20,21.451372977364255,21.688029690642807,21.451372977364255,21.55187225341797,7897200,0.0,0.0,WFC
2006-06-21,21.551877960557544,21.7982574436343,21.545392858015457,21.60374641418457,7764800,0.0,0.0,WFC
2006-06-22,21.483790335169633,21.574564430258704,21.412471541897155,21.529178619384766,6289000,0.0,0.0,WFC
2006-06-23,21.367092064866302,21.37033214278833,21.149885650336063,21.237417221069336,10360000,0.0,0.0,WFC
2006-06-26,21.266586915892013,21.389779096635486,21.159605013669918,21.347633361816406,7111000,0.0,0.0,WFC
2006-06-27,21.331431746783174,21.331431746783174,21.117467880249023,21.117467880249023,8223400,0.0,0.0,WFC
2006-06-28,21.376811471354777,21.564837347064827,21.315215380686634,21.47730827331543,11937000,0.0,0.0,WFC
2006-06-29,21.477310178347846,21.97331407805279,21.156366915010793,21.85012435913086,9938800,0.0,0.0,WFC
2006-06-30,21.856607566824582,22.018700478130032,21.739900472817336,21.74638557434082,7969400,0.0,0.0,WFC
2006-07-03,21.756108610609388,21.876058243564998,21.69127244180929,21.86309051513672,2963400,0.0,0.0,WFC
2006-07-05,21.81770517232794,21.820945249498838,21.62643426556689,21.68154525756836,6975600,0.0,0.0,WFC
2006-07-06,21.70099650714029,21.88902237635662,21.691271329653034,21.882539749145508,6018600,0.0,0.0,WFC
2006-07-07,21.895504077109283,22.20996462485594,21.817700195950984,22.080289840698242,9838000,0.0,0.0,WFC
2006-07-10,22.158095862304375,22.2132068470593,22.099742327463566,22.151613235473633,4874200,0.0,0.0,WFC
2006-07-11,22.10947862499802,22.32668506986431,21.970078581281864,22.320199966430664,7012400,0.0,0.0,WFC
2006-07-12,22.320193900237108,22.414208087735595,22.054361618577854,22.070571899414062,10465800,0.0,0.0,WFC
2006-07-13,21.983035928710255,22.21320752501251,21.973310751496808,22.04138946533203,12563400,0.0,0.0,WFC
2006-07-14,22.041389241200104,22.090017600113946,21.882538910533214,21.970067977905273,7958800,0.0,0.0,WFC
2006-07-17,21.97331218983871,22.352608966037938,21.963587011988665,22.222936630249023,9472000,0.0,0.0,WFC
2006-07-18,22.060842850823775,22.326675085856618,21.996004212193103,22.12567901611328,11284600,0.0,0.0,WFC
2006-07-19,22.30398880471037,22.984778635801945,22.239150146823334,22.962085723876953,23302400,0.0,0.0,WFC
2006-07-20,23.007457829716603,23.338126131085563,22.94910430908203,22.94910430908203,15528000,0.0,0.0,WFC
2006-07-21,22.855103533205817,23.227917773451306,22.855103533205817,23.078792572021484,18395400,0.0,0.0,WFC
2006-07-24,23.09176281680901,23.182534473355478,22.916702133465613,22.975055694580078,9715800,0.0,0.0,WFC
2006-07-25,22.86158168311017,22.98477387088593,22.754602248122517,22.91993522644043,9140800,0.0,0.0,WFC
2006-07-26,22.84861586112935,23.043126842961023,22.80647012494925,22.971805572509766,9591400,0.0,0.0,WFC
2006-07-27,23.036647285149,23.098243392331298,22.67356069125399,22.7157039642334,9789400,0.0,0.0,WFC
2006-07-28,22.919932912778872,23.52940374233639,22.919932912778872,23.474292755126953,14244400,0.0,0.0,WFC
2006-07-31,23.328407512602986,23.522918478268867,23.28950433013336,23.451597213745117,11020400,0.0,0.0,WFC
2006-08-01,23.441869907859463,23.561819521243123,23.263569236081526,23.516433715820312,7252400,0.0,0.0,WFC
2006-08-02,23.558914200957698,23.741869884274696,23.41516188258906,23.65365982055664,9775200,0.28,0.0,WFC
2006-08-03,23.653647900358635,23.803933206288004,23.52623204331889,23.73532485961914,9832400,0.0,0.0,WFC
2006-08-04,23.908483652505435,24.104507889321923,23.790868611898862,23.84967613220215,10971600,0.0,0.0,WFC
2006-08-07,23.84968511090608,23.852952888981875,23.575251574563538,23.647125244140625,7244000,0.0,0.0,WFC
2006-08-08,23.65038991970022,23.74513553079457,23.24527273189792,23.34981918334961,12422400,0.0,0.0,WFC
2006-08-09,23.398831000361728,23.47724023297041,22.70620904999545,22.781352996826172,15922800,0.0,0.0,WFC
2006-08-10,22.70619577993947,22.709463556392226,22.412158213768954,22.68985939025879,13050800,0.0,0.0,WFC
2006-08-11,22.5820583847499,22.765014071396003,22.52651612908866,22.73560905456543,6047800,0.0,0.0,WFC
2006-08-14,23.222399296268897,23.255069589392654,22.54284623192698,22.640859603881836,6539400,0.0,2.0,WFC
2006-08-15,23.418425734817156,23.42495879701864,22.836885988115743,22.84995460510254,8049500,0.0,0.0,WFC
2006-08-16,23.065584884273346,23.117859362034576,22.921835055598542,23.019845962524414,7873400,0.0,0.0,WFC
2006-08-17,23.091715009033667,23.124385301277194,22.90875937840311,23.032907485961914,5339700,0.0,0.0,WFC
2006-08-18,23.0917242104577,23.372693322360906,22.869562645059457,22.961040496826172,6990000,0.0,0.0,WFC
2006-08-21,22.947965464920014,23.059047462876908,22.876089317874463,23.006772994995117,6733700,0.0,0.0,WFC
2006-08-22,23.078643535768055,23.078643535768055,22.78460595682025,22.791141510009766,8289800,0.0,0.0,WFC
2006-08-23,22.79768043679651,22.849954905430767,22.595123102298416,22.810749053955078,7197400,0.0,0.0,WFC
2006-08-24,22.86955625568115,23.0263771667427,22.849954576517387,23.006772994995117,7025200,0.0,0.0,WFC
2006-08-25,22.934901410116655,23.006777571459676,22.732344038241937,22.80422019958496,4387700,0.0,0.0,WFC
2006-08-28,22.86956591633061,23.013318271146133,22.79768973892285,22.947975158691406,4224000,0.0,0.0,WFC
2006-08-29,22.954505498203122,22.954505498203122,22.621261931899248,22.771547317504883,6449700,0.0,0.0,WFC
2006-08-30,22.725801618861464,22.869553898133614,22.666994094848633,22.666994094848633,5045600,0.0,0.0,WFC
2006-08-31,22.797679376616745,22.804214931184028,22.66699570369226,22.706201553344727,11055800,0.0,0.0,WFC
2006-09-01,22.791149443291292,22.804218061636114,22.634328515737547,22.751943588256836,6150900,0.0,0.0,WFC
2006-09-05,22.778079845054794,22.895694912514394,22.706203693542374,22.75847816467285,6165500,0.0,0.0,WFC
2006-09-06,22.758466610396397,23.026366907469495,22.67352188422706,22.89568328857422,8283200,0.0,0.0,WFC
2006-09-07,22.895694441846373,22.961035036832286,22.588588161727955,22.653928756713867,6723800,0.0,0.0,WFC
2006-09-08,22.934886912699255,22.934886912699255,22.549371603117255,22.856477737426758,6596700,0.0,0.0,WFC
2006-09-11,22.934886629434903,22.941422181300158,22.353347142562768,22.89568328857422,5197800,0.0,0.0,WFC
2006-09-12,22.99370338958432,23.163592910313202,22.895692505394926,23.091716766357422,8839300,0.0,0.0,WFC
2006-09-13,23.085188026294695,23.222404785398844,22.96103739346164,23.183198928833008,6318700,0.0,0.0,WFC
2006-09-14,23.183190472576303,23.320407181629548,23.039438210187228,23.287736892700195,7104900,0.0,0.0,WFC
2006-09-15,23.470700543038227,23.536043635858967,23.340019342565,23.438030242919922,12860300,0.0,0.0,WFC
2006-09-18,23.372687900021504,23.50990464583802,23.163595003753308,23.379220962524414,7045800,0.0,0.0,WFC
2006-09-19,23.424964286783098,23.509909070812622,23.281214451407447,23.503376007080078,4750900,0.0,0.0,WFC
2006-09-20,23.522977456399744,23.78434486961572,23.522977456399744,23.71900177001953,7031200,0.0,0.0,WFC
2006-09-21,23.79086812067586,23.843142578792065,23.444558559697725,23.588308334350586,6262000,0.0,0.0,WFC
2006-09-22,23.705929284615294,23.705929284615294,23.464166086992236,23.52950668334961,3550400,0.0,0.0,WFC
2006-09-25,23.71246610153526,23.843149793787628,23.555645172315593,23.764738082885742,6484300,0.0,0.0,WFC
2006-09-26,23.83661598272132,23.83661598272132,23.686330598036992,23.82354736328125,6973500,0.0,0.0,WFC
2006-09-27,23.817009440597253,23.823542502692234,23.581779323837374,23.640586853027344,5727500,0.0,0.0,WFC
2006-09-28,23.68632415148066,23.758200292546807,23.568709101114894,23.60137939453125,5447100,0.0,0.0,WFC
2006-09-29,23.620985174158616,23.81047388591849,23.58831238593236,23.640586853027344,5432100,0.0,0.0,WFC
2006-10-02,23.732065676659964,23.732065676659964,23.41189327627146,23.55564308166504,4577500,0.0,0.0,WFC
2006-10-03,23.555644571047313,23.888888102413873,23.555644571047313,23.843149185180664,6904600,0.0,0.0,WFC
2006-10-04,23.705934227551733,23.99997195763783,23.640593617570154,23.93463134765625,7836700,0.0,0.0,WFC
2006-10-05,23.915029704959238,23.99344143634811,23.7843484711473,23.85622215270996,4114600,0.0,0.0,WFC
2006-10-06,23.764736033380636,23.817010502807,23.65365652472545,23.745134353637695,4834400,0.0,0.0,WFC
2006-10-09,23.692861092320936,23.797407543920645,23.640589112813092,23.790874481201172,2392000,0.0,0.0,WFC
2006-10-10,23.79087357009442,23.895420017690366,23.673258504975987,23.705928802490234,4296700,0.0,0.0,WFC
2006-10-11,23.70592660769669,23.771269689259373,23.5360395808011,23.666723251342773,4630000,0.0,0.0,WFC
2006-10-12,23.764740693444672,23.81047961686981,23.614455303250022,23.71900177001953,5446500,0.0,0.0,WFC
2006-10-13,23.67325289040936,23.823538217398983,23.627513986220485,23.738595962524414,6359300,0.0,0.0,WFC
2006-10-16,23.738604598918492,23.751670725511783,23.51644305806889,23.65365982055664,7133700,0.0,0.0,WFC
2006-10-17,23.653643790646303,23.96728296060331,23.359606289879558,23.836599349975586,8750900,0.0,0.0,WFC
2006-10-18,23.99996209643273,24.143714370428057,23.84314369987734,24.052236557006836,6670400,0.0,0.0,WFC
2006-10-19,23.954229584309097,24.058776040782547,23.718999434097807,24.00650405883789,7139800,0.0,0.0,WFC
2006-10-20,24.117587049672267,24.169861531725125,23.84315349664824,23.93463134765625,11002100,0.0,0.0,WFC
2006-10-23,23.82354716715976,24.013038408604345,23.73860488037503,23.960763931274414,4544800,0.0,0.0,WFC
2006-10-24,23.84968308709786,23.915023687563103,23.666727411727866,23.817012786865234,7779500,0.0,0.0,WFC
2006-10-25,23.81701118155622,23.875818715044865,23.542575194414574,23.77780532836914,7103600,0.0,0.0,WFC
2006-10-26,23.738606839260488,23.83661775346546,23.575252823001062,23.80394744873047,6275300,0.0,0.0,WFC
2006-10-27,23.803950913979833,23.9280990870794,23.686335805744523,23.732074737548828,8199100,0.0,0.0,WFC
2006-10-30,23.830079120163592,23.869282479649474,23.660189587111798,23.745134353637695,5850600,0.0,0.0,WFC
2006-10-31,23.843154727595223,23.999973196680852,23.640594838059606,23.71247100830078,11531700,0.0,0.0,WFC
2006-11-01,23.90342739352538,23.90342739352538,23.55442498014115,23.699295043945312,7279600,0.28,0.0,WFC
2006-11-02,23.620271682739258,23.771725595097717,23.528082563213683,23.620271682739258,6738800,0.0,0.0,WFC
2006-11-03,23.68612511591184,23.85733313828516,23.659784647249683,23.70587921142578,6358200,0.0,0.0,WFC
2006-11-06,23.7717273123498,23.969278310707097,23.719048888229068,23.929767608642578,7950800,0.0,0.0,WFC
2006-11-07,23.93634988709207,24.081219939785097,23.8375769064092,23.962690353393555,6877000,0.0,0.0,WFC
2006-11-08,23.995622029030752,24.3117001855532,23.936357217684925,24.232681274414062,6838200,0.0,0.0,WFC
2006-11-09,24.29852064154526,24.29852064154526,24.094385832430515,24.186574935913086,5831000,0.0,0.0,WFC
2006-11-10,24.193170827573226,24.24584925945083,24.021960272048283,24.14707374572754,5366300,0.0,0.0,WFC
2006-11-13,24.17341294364139,24.331453254876347,23.96269420330514,24.028545379638672,6552100,0.0,0.0,WFC
2006-11-14,24.054880822610095,24.311694103540194,23.830991870420856,24.173410415649414,5911000,0.0,0.0,WFC
2006-11-15,24.120731882272842,24.179996678522762,23.784897199534885,23.857332229614258,9744200,0.0,0.0,WFC
2006-11-16,24.10756267292811,24.12073290731725,23.93635213783462,24.035127639770508,7102800,0.0,0.0,WFC
2006-11-17,23.9034210822304,24.035120877100596,23.87708062086343,23.8836669921875,11406500,0.0,0.0,WFC
2006-11-20,23.883664711670978,23.910005170522844,23.73221084121936,23.811229705810547,5877200,0.0,0.0,WFC
2006-11-21,23.811234019164303,23.837574482787687,23.55442077874846,23.561004638671875,7766300,0.0,0.0,WFC
2006-11-22,23.48198853750252,23.587347892494385,23.31736438832991,23.38321304321289,9128900,0.0,0.0,WFC
2006-11-24,23.271273644196214,23.52808695711052,23.23176293760725,23.422727584838867,3660000,0.0,0.0,WFC
2006-11-27,23.350294739220384,23.422729785456127,23.146162349246005,23.179086685180664,10366100,0.0,0.0,WFC
2006-11-28,23.119823455810547,23.14616393114481,22.981539728254635,23.119823455810547,9385700,0.0,0.0,WFC
2006-11-29,23.15273235239765,23.37662121948538,23.14614849393815,23.35028076171875,5941700,0.0,0.0,WFC
2006-11-30,23.350292831118786,23.363463066809587,23.04080108426455,23.205425262451172,6475300,0.0,0.0,WFC
2006-12-01,23.33053903426191,23.37004974184355,23.053969105121684,23.19883918762207,8862600,0.0,0.0,WFC
2006-12-04,23.198839871032707,23.455653197964708,23.17908577264277,23.37005043029785,8880800,0.0,0.0,WFC
2006-12-05,23.376623166016117,23.422717714963778,23.25150974915312,23.389793395996094,8803800,0.0,0.0,WFC
2006-12-06,23.455642033931458,23.49515272387139,23.383207025023847,23.389793395996094,5104800,0.0,0.0,WFC
2006-12-07,23.475409808320357,23.57418281223574,23.31736948530374,23.37005043029785,5952900,0.0,0.0,WFC
2006-12-08,23.310781793527262,23.429311388325544,23.185665825703907,23.330535888671875,8873800,0.0,0.0,WFC
2006-12-11,23.33053396269934,23.449063547712818,23.26468530967634,23.3041934967041,7216500,0.0,0.0,WFC
2006-12-12,23.25810433059868,23.356879845003675,23.172499052245392,23.27127456665039,12805500,0.0,0.0,WFC
2006-12-13,23.277849197387695,23.37004081318921,23.238341016866013,23.277849197387695,10873500,0.0,0.0,WFC
2006-12-14,23.32395207434925,23.495162624269177,23.244933173136904,23.422727584838867,14117700,0.0,0.0,WFC
2006-12-15,23.442487423252285,23.55443319668725,23.330544161783514,23.475414276123047,19638400,0.0,0.0,WFC
2006-12-18,23.534680020495788,23.580774601968987,23.3963937641099,23.547847747802734,10313500,0.0,0.0,WFC
2006-12-19,23.514916134902005,23.751975344590182,23.508332273284232,23.633445739746094,10087800,0.0,0.0,WFC
2006-12-20,23.653199530361285,23.738804802077254,23.607104963737026,23.626861572265625,6413300,0.0,0.0,WFC
2006-12-21,23.633445739746094,23.745391482972405,23.61369164292725,23.633445739746094,5323400,0.0,0.0,WFC
2006-12-22,23.574176807161894,23.70587662413343,23.389798570580794,23.60051727294922,4564000,0.0,0.0,WFC
2006-12-26,23.547842683194492,23.686128909838143,23.521504722279,23.666372299194336,5115000,0.0,0.0,WFC
2006-12-27,23.692713106013674,23.811242723684135,23.67295900705719,23.738807678222656,5199700,0.0,0.0,WFC
2006-12-28,23.738811166248045,23.765151643370842,23.593943566004974,23.65320587158203,4328300,0.0,0.0,WFC
2006-12-29,23.587357216960477,23.64662203456957,23.363468185100142,23.416149139404297,5992100,0.0,0.0,WFC
2007-01-03,23.65977373987425,23.71245214094798,23.291014884501358,23.53466033935547,12447600,0.0,0.0,WFC
2007-01-04,23.53467050579782,23.71904875714938,23.40297067827587,23.57417869567871,11060500,0.0,0.0,WFC
2007-01-05,23.567597977845573,23.59393844925599,23.383217189938275,23.442481994628906,10329200,0.0,0.0,WFC
2007-01-08,23.449063902332213,23.633442143157033,23.304193849132634,23.376628875732422,11650400,0.0,0.0,WFC
2007-01-09,23.429313965364496,23.607105865152317,23.363462787697177,23.435897827148438,10159800,0.0,0.0,WFC
2007-01-10,23.323944125601777,23.47540052659401,23.291019803980966,23.363454818725586,9801800,0.0,0.0,WFC
2007-01-11,23.343696956828268,23.4688103635604,23.343696956828268,23.40296173095703,7089700,0.0,0.0,WFC
2007-01-12,23.402969649249915,23.52149923761141,23.31078052762768,23.38321304321289,10251800,0.0,0.0,WFC
2007-01-16,23.580764855091473,24.035126618364014,23.54125415360311,23.857332229614258,15186000,0.0,0.0,WFC
2007-01-17,23.91000745355447,24.02195064641711,23.73879696663382,23.8836669921875,11854100,0.0,0.0,WFC
2007-01-18,23.883672381635513,23.962691271602704,23.798067118858015,23.83757781982422,8292400,0.0,0.0,WFC
2007-01-19,23.896845777925478,23.923186248722317,23.620275858489762,23.732221603393555,10649900,0.0,0.0,WFC
2007-01-22,23.67953197453643,23.74538312736985,23.42930512966334,23.541248321533203,13683900,0.0,0.0,WFC
2007-01-23,23.57418158081729,23.73880575737602,23.41614377802163,23.712465286254883,8460900,0.0,0.0,WFC
2007-01-24,23.686112107738065,24.120719554120235,23.672941880639943,24.07462501525879,10893500,0.0,0.0,WFC
2007-01-25,24.008785169957655,24.127314757615615,23.71904757344106,23.75855827331543,8555000,0.0,0.0,WFC
2007-01-26,23.791488619028563,23.85733729017825,23.59394009361371,23.725637435913086,10103800,0.0,0.0,WFC
2007-01-29,23.646615996248944,23.784899698036444,23.60710529061015,23.672956466674805,13256200,0.0,0.0,WFC
2007-01-30,23.765135692240108,23.778305921961664,23.580757500067264,23.64002227783203,9689100,0.0,0.0,WFC
2007-01-31,23.547120876134016,23.892231185958853,23.540485259202274,23.839136123657227,8536500,0.28,0.0,WFC
2007-02-01,23.84576190412372,23.951949441938343,23.640022441984495,23.805940628051758,7875600,0.0,0.0,WFC
2007-02-02,23.805953930796633,23.92541529405681,23.739587631968543,23.799318313598633,6222200,0.0,0.0,WFC
2007-02-05,23.752852187984526,23.79267093915698,23.666574007592484,23.68648338317871,15495800,0.0,0.0,WFC
2007-02-06,23.752845135326528,23.90548954349041,23.726297621286648,23.825849533081055,9657100,0.0,0.0,WFC
2007-02-07,23.832500935599803,23.9187791475366,23.732948957848734,23.812591552734375,9411400,0.0,0.0,WFC
2007-02-08,23.76613610456115,23.76613610456115,23.467482684593616,23.600217819213867,11147500,0.0,0.0,WFC
2007-02-09,23.507294647773943,23.792674218495158,23.381197698829535,23.46747589111328,12378900,0.0,0.0,WFC
2007-02-12,23.54711471982327,23.646666669755355,23.47411029410124,23.626754760742188,8153500,0.0,0.0,WFC
2007-02-13,23.626748683293844,23.91212816586638,23.606839311113166,23.805940628051758,10409500,0.0,0.0,WFC
2007-02-14,23.812587174383538,24.02496232493919,23.772765884262544,23.898862838745117,10671900,0.0,0.0,WFC
2007-02-15,24.038236088312853,24.131149900217014,23.87895345954037,23.898862838745117,6591900,0.0,0.0,WFC
2007-02-16,24.07142299287057,24.078058609738694,23.593577563584994,23.732948303222656,11446000,0.0,0.0,WFC
2007-02-20,23.739582358806434,23.872317458690805,23.62675663780571,23.852405548095703,7986600,0.0,0.0,WFC
2007-02-21,23.85240560583278,24.07805451666898,23.772765558393964,24.011688232421875,12414900,0.0,0.0,WFC
2007-02-22,23.978502714307997,24.044868991978976,23.85240324233744,24.03159523010254,10513900,0.0,0.0,WFC
2007-02-23,24.00504313397899,24.031590652675217,23.586931107211708,23.64666175842285,15818200,0.0,0.0,WFC
2007-02-26,23.72630901231098,23.772765918329636,23.5072957138989,23.673213958740234,11862000,0.0,0.0,WFC
2007-02-27,23.328100335023716,23.5603848063456,22.432140520544625,22.823707580566406,15744000,0.0,0.0,WFC
2007-02-28,22.89671627678519,23.241826507081228,22.69761490245976,23.029451370239258,19013100,0.0,0.0,WFC
2007-03-01,22.896717318714654,23.168823133407734,22.70425155103355,23.002904891967773,18585400,0.0,0.0,WFC
2007-03-02,22.963083017323957,23.22855320954618,22.83035045292423,22.856895446777344,14720900,0.0,0.0,WFC
2007-03-05,22.56487418112358,22.996262494329343,22.551600421917637,22.58478355407715,15652700,0.0,0.0,WFC
2007-03-06,22.86353417676895,23.062635560154614,22.69761593532899,23.002904891967773,14467900,0.0,0.0,WFC
2007-03-07,22.909994948557294,23.049365687278943,22.757350444474742,22.777259826660156,10505800,0.0,0.0,WFC
2007-03-08,22.976351427821342,23.082538973631824,22.863528268021174,22.90334701538086,9772400,0.0,0.0,WFC
2007-03-09,23.082542766963698,23.122364052578316,22.883441402313032,22.89671516418457,10890000,0.0,0.0,WFC
2007-03-12,22.704247057392436,22.923260307967418,22.578150130271382,22.916622161865234,8307700,0.0,0.0,WFC
2007-03-13,22.73743643192126,22.85689777743126,22.179950996778466,22.213136672973633,21867900,0.0,0.0,WFC
2007-03-14,22.219768209265407,22.485238379812134,21.90784113862968,22.33259391784668,26108800,0.0,0.0,WFC
2007-03-15,22.31267821329557,22.929894102852725,22.24631194780564,22.631240844726562,20471200,0.0,0.0,WFC
2007-03-16,22.651155731206035,22.92989712100603,22.505146889856853,22.531694412231445,21731600,0.0,0.0,WFC
2007-03-19,22.624613048161642,22.856897589346534,22.624613048161642,22.73080062866211,12432400,0.0,0.0,WFC
2007-03-20,22.73079628965863,23.009537685872516,22.697613151782377,22.96971893310547,10092400,0.0,0.0,WFC
2007-03-21,23.002898134369552,23.600204640766304,22.78388743649788,23.547109603881836,16124700,0.0,0.0,WFC
2007-03-22,23.26173877421169,23.606849047371956,22.976359173939002,23.221920013427734,13373700,0.0,0.0,WFC
2007-03-23,23.24183049543285,23.341379933822815,23.102459762659844,23.202009201049805,9270700,0.0,0.0,WFC
2007-03-26,23.122361869642397,23.228549422878547,22.843617960078152,23.01617431640625,11924600,0.0,0.0,WFC
2007-03-27,22.89671715928379,23.19537049813847,22.823712728484704,22.830350875854492,14390400,0.0,0.0,WFC
2007-03-28,22.77725245557193,22.856892490252655,22.61797238621048,22.657791137695312,18239700,0.0,0.0,WFC
2007-03-29,22.896716025063466,23.016177354687656,22.717524030627178,22.923263549804688,10156800,0.0,0.0,WFC
2007-03-30,22.89671477343712,23.08254237304498,22.671065888894223,22.850257873535156,12506300,0.0,0.0,WFC
2007-04-02,22.843627637709574,22.863539552928266,22.518429225778128,22.571521759033203,19070700,0.0,0.0,WFC
2007-04-03,22.63124127100957,22.92989453476118,22.63124127100957,22.90334701538086,11247100,0.0,0.0,WFC
2007-04-04,22.929894206236405,22.929894206236405,22.76397601005277,22.790523529052734,8783800,0.0,0.0,WFC
2007-04-05,22.697615356813117,22.883442972341843,22.690977209566302,22.856895446777344,8935200,0.0,0.0,WFC
2007-04-09,22.836993319516164,22.850267086513018,22.710896330614357,22.81044578552246,10389300,0.0,0.0,WFC
2007-04-10,22.8237127786907,22.88344344659303,22.75734649511542,22.836986541748047,10856200,0.0,0.0,WFC
2007-04-11,22.85026024500431,22.923264675772923,22.677703857421875,22.677703857421875,16288300,0.0,0.0,WFC
2007-04-12,22.677697839158267,22.85025418094727,22.584784054369152,22.790523529052734,13058300,0.0,0.0,WFC
2007-04-13,22.66443514152319,23.05600233315812,22.63124946442785,22.98299789428711,11352900,0.0,0.0,WFC
2007-04-16,23.095815197040835,23.5670223236084,23.02944892322129,23.5670223236084,16418600,0.0,0.0,WFC
2007-04-17,23.68647572975907,23.79266325142672,23.288273156432933,23.394460678100586,15190100,0.0,0.0,WFC
2007-04-18,23.494025382392145,23.94532322818899,23.328107131193644,23.859045028686523,17211900,0.0,0.0,WFC
2007-04-19,23.792679761114,24.038240632379136,23.626761485146087,23.985145568847656,11740400,0.0,0.0,WFC
2007-04-20,24.17096962630382,24.217429065827385,23.90550194333709,24.09132957458496,20674700,0.0,0.0,WFC
2007-04-23,24.137781084403507,24.17096422088957,23.898858450966205,23.90549659729004,9400400,0.0,0.0,WFC
2007-04-24,23.859039614666816,23.89222275103438,23.62011698208271,23.746213912963867,11667100,0.0,0.0,WFC
2007-04-25,23.77939985099383,24.111236281858645,23.77939985099383,24.07805061340332,17424400,0.0,0.0,WFC
2007-04-26,23.586932952203746,24.131144469491474,23.586932952203746,23.938678741455078,15068300,0.0,0.0,WFC
2007-04-27,23.872317458690805,23.94532189021278,23.75949173769008,23.852405548095703,8692500,0.0,0.0,WFC
2007-04-30,23.991779800522828,24.044872323673953,23.799314024212936,23.819223403930664,19273800,0.0,0.0,WFC
2007-05-01,23.91213741070463,23.991779993639724,23.70640040073459,23.91877555847168,10277400,0.0,0.0,WFC
2007-05-02,23.91876698551405,24.032476102535274,23.838503377432897,23.871946334838867,8231300,0.28,0.0,WFC
2007-05-03,23.892013083126717,24.065917984788978,23.87863539045516,23.97227668762207,6225100,0.0,0.0,WFC
2007-05-04,24.052550379474166,24.14619171591315,23.91208837481569,24.025794982910156,8103300,0.0,0.0,WFC
2007-05-07,24.025788180705877,24.193005534585627,24.019100609225795,24.12611961364746,8388900,0.0,0.0,WFC
2007-05-08,23.992345727499785,24.126120123738804,23.89870441559279,23.95221519470215,9384100,0.0,0.0,WFC
2007-05-09,23.912078716820798,24.22644812063772,23.8920134532696,24.15287208557129,11187600,0.0,0.0,WFC
2007-05-10,24.099364413600977,24.099364413600977,23.677978515625,23.677978515625,11804500,0.0,0.0,WFC
2007-05-11,23.75824546813965,23.945528115763057,23.691356985749355,23.75824546813965,13532500,0.0,0.0,WFC
2007-05-14,23.818445914753646,23.94553021513498,23.577652460106965,23.611095428466797,12078800,0.0,0.0,WFC
2007-05-15,23.711421068670383,23.972279730037357,23.611089636667252,23.68466567993164,11736100,0.0,0.0,WFC
2007-05-16,23.858569763070026,24.233137537612578,23.698042539361946,24.226449966430664,13810700,0.0,0.0,WFC
2007-05-17,24.112750777863734,24.279968193176984,24.079307805108137,24.239837646484375,9456600,0.0,0.0,WFC
2007-05-18,24.306721251238486,24.37360719030851,24.266588156875457,24.3602294921875,11731400,0.0,0.0,WFC
2007-05-21,24.380298673904907,24.40705407163806,24.16626059510999,24.286657333374023,15405800,0.0,0.0,WFC
2007-05-22,24.253206780233086,24.293339868509065,24.059236565735773,24.079301834106445,12812300,0.0,0.0,WFC
2007-05-23,24.119432490610357,24.20638367913976,24.01241348419893,24.139497756958008,14520200,0.0,0.0,WFC
2007-05-24,24.11943772572302,24.353541055705545,24.072617059726515,24.106060028076172,14604100,0.0,0.0,WFC
2007-05-25,24.12612095785955,24.172941615431792,24.012414375622516,24.1662540435791,7717100,0.0,0.0,WFC
2007-05-29,24.17963218688965,24.279961075746012,24.09936601396313,24.17963218688965,9657300,0.0,0.0,WFC
2007-05-30,24.119438155410336,24.246522458017008,24.04586209280938,24.233144760131836,9801600,0.0,0.0,WFC
2007-05-31,24.199696107535335,24.279959724460312,24.072611834776257,24.139497756958008,10211900,0.0,0.0,WFC
2007-06-01,24.13949331640688,24.393664366703685,24.112737931842183,24.346843719482422,9860900,0.0,0.0,WFC
2007-06-04,24.34685196174291,24.34685196174291,24.172944454732516,24.213077545166016,7486000,0.0,0.0,WFC
2007-06-05,24.152874580280365,24.186317540164637,23.912081186658735,24.019100189208984,13274400,0.0,0.0,WFC
2007-06-06,23.972288289094116,23.972288289094116,23.744872506686974,23.805070877075195,11550300,0.0,0.0,WFC
2007-06-07,23.785002019113332,23.898708617410787,23.43718954835402,23.4505672454834,12456600,0.0,0.0,WFC
2007-06-08,23.44388270253154,23.66461093041368,23.43719512814213,23.637855529785156,10598900,0.0,0.0,WFC
2007-06-11,23.591023408971594,23.87194732467098,23.550890327499882,23.73148536682129,7012700,0.0,0.0,WFC
2007-06-12,23.61778413705096,23.84519988041197,23.510765113794886,23.53083038330078,12201500,0.0,0.0,WFC
2007-06-13,23.61109510602829,24.065926613808532,23.5508967431887,24.03917121887207,10914500,0.0,0.0,WFC
2007-06-14,23.71143173606532,24.146195516758798,23.68467633528975,24.005733489990234,7805400,0.0,0.0,WFC
2007-06-15,24.0793056127059,24.393675141362994,24.04586264299526,24.059240341186523,13530400,0.0,0.0,WFC
2007-06-18,24.166255542966756,24.253206740118944,24.012415865465233,24.172943115234375,8271400,0.0,0.0,WFC
2007-06-19,24.17963542152771,24.373605653212252,24.09936923786356,24.33347511291504,10029000,0.0,0.0,WFC
2007-06-20,24.380296682309638,24.386984255429045,23.858576675272396,23.865266799926758,11947500,0.0,0.0,WFC
2007-06-21,23.865260586913628,23.93214650683464,23.6311573156558,23.831817626953125,9491900,0.0,0.0,WFC
2007-06-22,23.724802753969513,23.791688685533455,23.417120834785067,23.423810958862305,18177800,0.0,0.0,WFC
2007-06-25,23.41042698726361,23.68466331562448,23.39036172347971,23.463937759399414,14861400,0.0,0.0,WFC
2007-06-26,23.617784632298363,23.69135813920769,23.41712172689254,23.4505672454834,11361000,0.0,0.0,WFC
2007-06-27,23.283344530225023,23.657909757988197,23.20307836581784,23.63115692138672,13528900,0.0,0.0,WFC
2007-06-28,23.631157074263502,23.838504954821154,23.437184336325995,23.59771156311035,9297300,0.0,0.0,WFC
2007-06-29,23.74486371648934,24.179629847404968,23.376986056540726,23.52413558959961,14624700,0.0,0.0,WFC
2007-07-02,23.69134852286101,23.845190701636707,23.611084924198668,23.75154685974121,6758900,0.0,0.0,WFC
2007-07-03,23.90539989324807,24.012418923903283,23.764935342390956,23.865266799926758,3654400,0.0,0.0,WFC
2007-07-05,23.79169096826588,23.90540012467627,23.48401157109537,23.624473571777344,7500800,0.0,0.0,WFC
2007-07-06,23.570958573848458,23.677977574857117,23.504070103509143,23.63115692138672,8711000,0.0,0.0,WFC
2007-07-09,23.67799075981692,23.805075096926466,23.463952638613648,23.490705490112305,10523600,0.0,0.0,WFC
2007-07-10,23.410433640491792,23.410433640491792,22.962292278396216,23.035865783691406,21159600,0.0,0.0,WFC
2007-07-11,23.009104732755514,23.410425288516535,22.968971656565866,23.356914520263672,16253500,0.0,0.0,WFC
2007-07-12,23.510762689427676,23.73148828583623,23.356920467297012,23.70473289489746,18310100,0.0,0.0,WFC
2007-07-13,23.637839712614472,23.81843471870937,23.604396759974765,23.77161407470703,9719500,0.0,0.0,WFC
2007-07-16,23.845194445668334,24.085985279462907,23.7114200592041,23.7114200592041,10034300,0.0,0.0,WFC
2007-07-17,23.945532890802635,24.065929631579078,23.67798656249349,23.805070877075195,15446500,0.0,0.0,WFC
2007-07-18,23.71142252955047,23.738177919937634,23.403743194701477,23.671289443969727,19774000,0.0,0.0,WFC
2007-07-19,23.77161407470703,23.912076006714038,23.52413061179899,23.77161407470703,14956400,0.0,0.0,WFC
2007-07-20,23.530827683566024,23.85188471649879,23.176327688115475,23.223148345947266,21416100,0.0,0.0,WFC
2007-07-23,23.37699286055249,23.51076728988808,23.22315315985382,23.310104370117188,15077800,0.0,0.0,WFC
2007-07-24,23.042550773692966,23.203077996886428,22.62785247031995,22.694738388061523,23414300,0.0,0.0,WFC
2007-07-25,23.0024269734684,23.32348410093415,22.841899685503144,23.12282371520996,22049700,0.0,0.0,WFC
2007-07-26,22.64123917368708,22.989051736918213,22.3469374132002,22.50746726989746,30408300,0.0,0.0,WFC
2007-07-27,22.53421109528825,22.98235495842555,22.34024089185981,22.4472599029541,26603700,0.0,0.0,WFC
2007-07-30,22.58772378615794,23.22315033454528,22.30010969111456,23.149574279785156,23790300,0.0,0.0,WFC
2007-07-31,23.223147337350458,23.437185350009823,22.527522520440336,22.58772087097168,21447300,0.0,0.0,WFC
2007-08-01,22.58103143667364,23.11612903617961,22.427191769852733,23.062618255615234,29218200,0.0,0.0,WFC
2007-08-02,22.534209463453806,23.290032609811785,22.534209463453806,23.022483825683594,19716100,0.0,0.0,WFC
2007-08-03,22.81513595323502,23.069307043129186,21.845274799708143,21.945606231689453,34723700,0.0,0.0,WFC
2007-08-06,21.94560923988257,23.283348241487577,21.94560923988257,23.249902725219727,36005500,0.0,0.0,WFC
2007-08-07,22.908777018312733,23.611089380100136,22.908777018312733,23.33685302734375,29253000,0.0,0.0,WFC
2007-08-08,23.370603803837966,23.789019886684198,23.14114932464963,23.613555908203125,27057900,0.31,0.0,WFC
2007-08-09,22.87794375436153,23.76201599963798,22.088349702165623,23.053407669067383,25370300,0.0,0.0,WFC
2007-08-10,22.614745257547916,23.546060511912337,22.607997734247352,23.215377807617188,24789400,0.0,0.0,WFC
2007-08-13,23.404339292239285,23.49207254136698,22.810456841418542,22.877944946289062,13300800,0.0,0.0,WFC
2007-08-14,22.9049401884986,23.100651853010465,22.634995461896818,22.715978622436523,18934300,0.0,0.0,WFC
2007-08-15,22.72947856399424,23.411091835696947,22.419040938244827,22.655242919921875,22875600,0.0,0.0,WFC
2007-08-16,22.317805429411024,24.268166622773393,22.20307951187582,23.890243530273438,44702200,0.0,0.0,WFC
2007-08-17,24.997032005009643,25.638155085166648,24.23443286442673,25.13200569152832,49846400,0.0,0.0,WFC
2007-08-20,25.118503288763304,25.17249120845877,24.53136825022122,25.037517547607422,29025800,0.0,0.0,WFC
2007-08-21,24.922784742616944,25.489671902479202,24.74057073683182,25.219724655151367,27153000,0.0,0.0,WFC
2007-08-22,25.246732278345757,25.469439252790664,24.551621250973486,24.767578125,25721000,0.0,0.0,WFC
2007-08-23,24.821558396249678,24.970029666727335,24.39639487982256,24.598854064941406,17197600,0.0,0.0,WFC
2007-08-24,24.598851216057785,24.727074751087766,24.40313957753209,24.679834365844727,16806800,0.0,0.0,WFC
2007-08-27,24.54485505605653,24.686578753412995,24.349146037206086,24.382888793945312,18149200,0.0,0.0,WFC
2007-08-28,24.092716350611056,24.214192434727153,23.7080429423799,23.75528335571289,19522200,0.0,0.0,WFC
2007-08-29,23.856505343102906,24.369404800143197,23.62705086482883,24.28167152404785,15912900,0.0,0.0,WFC
2007-08-30,24.16018976955239,24.35590142602727,23.957730589313062,24.119699478149414,14342300,0.0,0.0,WFC
2007-08-31,24.55161707087285,24.821561830241325,24.362652907465492,24.659595489501953,15133700,0.0,0.0,WFC
2007-09-04,24.619102748260467,24.895797608372053,24.45038630735319,24.69333839416504,12123600,0.0,0.0,WFC
2007-09-05,24.301926660534335,24.53813133563416,23.789029567146112,24.220943450927734,13896400,0.0,0.0,WFC
2007-09-06,24.193932941093507,24.29516382010723,23.73502408520549,24.058961868286133,15233800,0.0,0.0,WFC
2007-09-07,23.66755005620472,24.025228206985755,23.559571600813683,23.75528335571289,17034300,0.0,0.0,WFC
2007-09-10,23.84975830175313,23.96448425601404,23.42459211217986,23.714784622192383,13618400,0.0,0.0,WFC
2007-09-11,23.789015789066244,24.436886239506222,23.67428985643781,24.376148223876953,16563400,0.0,0.0,WFC
2007-09-12,24.268177635416745,24.328915670617658,24.05222074901553,24.07921600341797,13375900,0.0,0.0,WFC
2007-09-13,24.119704105146262,24.30191560023044,24.052215982514486,24.16694450378418,14613700,0.0,0.0,WFC
2007-09-14,23.998224529450844,24.166940949604555,23.876748500987514,24.065710067749023,12095900,0.0,0.0,WFC
2007-09-17,23.930736416744402,24.15344332706327,23.876748500987514,24.065710067749023,11573500,0.0,0.0,WFC
2007-09-18,23.937484233364337,25.138744206537297,23.930734135533015,25.098251342773438,20974500,0.0,0.0,WFC
2007-09-19,25.226473921664873,25.638142301801953,25.09824782492257,25.172483444213867,21376400,0.0,0.0,WFC
2007-09-20,25.044259768846402,25.25346643167153,24.46387501183287,24.66633415222168,17721400,0.0,0.0,WFC
2007-09-21,24.632602039199803,24.90929691803364,24.376152310833955,24.457138061523438,23788600,0.0,0.0,WFC
2007-09-24,24.45713162318276,24.490874389882883,24.207429485904086,24.26816749572754,15541500,0.0,0.0,WFC
2007-09-25,23.99822118806453,24.463877516066255,23.99822118806453,24.3424015045166,15990400,0.0,0.0,WFC
2007-09-26,24.430138018496834,24.463880787459956,24.05896241108599,24.193933486938477,14538500,0.0,0.0,WFC
2007-09-27,24.24116859487977,24.42338259685604,23.991469069686076,24.308656692504883,13663600,0.0,0.0,WFC
2007-09-28,24.20068234207363,24.281665498306293,23.93073505542061,24.038713455200195,15879300,0.0,0.0,WFC
2007-10-01,23.755277359888897,24.78782123985254,23.755277359888897,24.73383331298828,19206300,0.0,0.0,WFC
2007-10-02,24.828317263236634,24.85531251729529,24.450391429642828,24.720338821411133,14569000,0.0,0.0,WFC
2007-10-03,24.619106895198875,25.05102064476936,24.524626084281458,24.97003746032715,16787300,0.0,0.0,WFC
2007-10-04,24.970030522695403,25.30746336759669,24.970030522695403,25.152244567871094,12525700,0.0,0.0,WFC
2007-10-05,25.30071189979597,25.496420962783077,24.949781486869437,25.287214279174805,11630000,0.0,0.0,WFC
2007-10-08,25.273722377102175,25.314212673719286,24.808063370737568,24.943037033081055,9408300,0.0,0.0,WFC
2007-10-09,25.037523948950817,25.13200733778924,24.83506469311527,25.051021575927734,10259500,0.0,0.0,WFC
2007-10-10,25.044264476362226,25.044264476362226,24.48412475577704,24.713579177856445,13995900,0.0,0.0,WFC
2007-10-11,24.74057811354764,24.97003256986872,24.281669200905483,24.511123657226562,16334300,0.0,0.0,WFC
2007-10-12,24.598851699882765,24.706830093191773,24.281664043234066,24.32215690612793,13902700,0.0,0.0,WFC
2007-10-15,24.274924551089363,24.450388532864146,24.01172729122278,24.26142692565918,14955400,0.0,0.0,WFC
2007-10-16,23.66753307879992,23.66753307879992,23.087148331996293,23.31660270690918,34443800,0.0,0.0,WFC
2007-10-17,23.525824078723296,23.57981200834234,22.783470094792236,23.127653121948242,29190300,0.0,0.0,WFC
2007-10-18,22.75647875140317,22.884702344373984,22.47303373745574,22.608007431030273,28606400,0.0,0.0,WFC
2007-10-19,22.513523135009454,22.776720380838196,22.176090240478516,22.176090240478516,25084800,0.0,0.0,WFC
2007-10-22,22.088357429481075,22.89144680849008,22.04111702921047,22.82396125793457,23442600,0.0,0.0,WFC
2007-10-23,23.012918868030816,23.060159260108815,22.60800048610274,22.783464431762695,13762300,0.0,0.0,WFC
2007-10-24,22.61475057799053,23.174890396813367,22.182836901717227,22.972431182861328,31495500,0.0,0.0,WFC
2007-10-25,23.046659821635792,23.060154867308835,22.513515413277794,22.81720542907715,30605800,0.0,0.0,WFC
2007-10-26,23.27611242418829,23.377340705398108,22.74296805683077,23.31660270690918,18356600,0.0,0.0,WFC
2007-10-29,23.417832368664474,23.471820267675838,23.006164019272028,23.033159255981445,13636300,0.0,0.0,WFC
2007-10-30,22.9521859106184,23.11415484372307,22.844207480018238,22.945438385009766,12756900,0.0,0.0,WFC
2007-10-31,23.26936855885512,23.296363804169935,22.540514956213123,22.952180862426758,21564500,0.0,0.0,WFC
2007-11-01,22.392039254861057,22.540510500333987,21.622692936333642,21.669933319091797,32112000,0.0,0.0,WFC
2007-11-02,21.831905239669467,22.08160741224479,21.50797128682812,21.804912567138672,32732300,0.0,0.0,WFC
2007-11-05,21.595698483846014,21.906136031693414,21.28526093599862,21.548458099365234,28996500,0.0,0.0,WFC
2007-11-06,21.595699290721026,22.270564893556056,21.561956525460868,22.2368221282959,31844600,0.0,0.0,WFC
2007-11-07,22.270894278112618,22.495716431668715,20.94922079600305,20.95603370666504,49881300,0.31,0.0,WFC
2007-11-08,21.38523167240336,21.5759892279553,20.826586123308548,21.44654655456543,41754200,0.0,0.0,WFC
2007-11-09,21.208093720073585,22.093752147638856,20.88108197732448,21.569169998168945,33082100,0.0,0.0,WFC
2007-11-12,21.487425666395417,22.672843347820663,21.487425666395417,22.039257049560547,28380000,0.0,0.0,WFC
2007-11-13,22.47527090754717,23.115668686059454,22.121007477245026,23.088417053222656,22352300,0.0,0.0,WFC
2007-11-14,23.272355435467965,23.360921919006675,22.557017157921265,22.652395248413086,18661800,0.0,0.0,WFC
2007-11-15,22.230007762259063,22.577456927913566,21.575982975210646,21.780364990234375,34812300,0.0,0.0,WFC
2007-11-16,21.589612667966428,21.69861660215219,20.996902638830626,21.21491050720215,39530300,0.0,0.0,WFC
2007-11-19,21.12634537615532,21.201286068471425,20.32244038398786,20.799333572387695,40613800,0.0,0.0,WFC
2007-11-20,20.62219901771255,21.105903748501,20.233872391715238,20.724390029907227,38990900,0.0,0.0,WFC
2007-11-21,20.51320314485601,20.82658921177596,20.32244556101578,20.383760452270508,41541600,0.0,0.0,WFC
2007-11-23,20.765274716799656,21.214916394961993,20.615394590555464,21.010534286499023,12297700,0.0,0.0,WFC
2007-11-26,21.051402960797482,21.133156554762618,20.056741814225884,20.090805053710938,27166400,0.0,0.0,WFC
2007-11-27,20.560883844232084,20.560883844232084,19.954549388070376,20.322437286376953,39726300,0.0,0.0,WFC
2007-11-28,20.499567335108036,21.555543193145912,20.43143956697644,20.928770065307617,54712600,0.0,0.0,WFC
2007-11-29,20.92877315578553,20.97646351012028,20.472318731158662,20.80614471435547,24391500,0.0,0.0,WFC
2007-11-30,21.916626492560038,23.163361615182566,21.276228607023707,22.093759536743164,51608600,0.0,0.0,WFC
2007-12-03,22.311763321039,22.311763321039,21.58279904792444,21.691802978515625,19735700,0.0,0.0,WFC
2007-12-04,21.603237856047357,21.766745061833046,21.242162800130007,21.63730239868164,22999900,0.0,0.0,WFC
2007-12-05,21.998375889489164,22.161880475125077,21.691801542848662,22.07331657409668,18992400,0.0,0.0,WFC
2007-12-06,21.759928301294593,22.775028102370197,21.48060559828724,22.202756881713867,25330600,0.0,0.0,WFC
2007-12-07,22.29133250146678,22.461651355912316,21.501051821364136,21.603242874145508,22086200,0.0,0.0,WFC
2007-12-10,21.63730237953544,22.413957058327192,21.63730237953544,22.23682403564453,19879600,0.0,0.0,WFC
2007-12-11,22.20957346612954,22.20957346612954,20.89471324489114,20.962841033935547,35948300,0.0,0.0,WFC
2007-12-12,21.36479079496931,21.719052913179777,20.322439265946997,20.894710540771484,41219400,0.0,0.0,WFC
2007-12-13,20.45869014734677,20.87426704277355,20.267932666223157,20.819765090942383,27845000,0.0,0.0,WFC
2007-12-14,20.6971435469316,21.003717959178935,20.336068460762007,20.48594856262207,21069200,0.0,0.0,WFC
2007-12-17,20.438259498367938,21.03778120523773,20.097621840061805,20.48594856262207,21773800,0.0,0.0,WFC
2007-12-18,20.64264325418166,20.90152862325178,20.199814522217103,20.656269073486328,20313700,0.0,0.0,WFC
2007-12-19,20.703954810949945,21.3171035867255,20.58132505579483,20.86064910888672,23568800,0.0,0.0,WFC
2007-12-20,21.058216533915772,21.099092682475177,20.39056714325171,20.69032859802246,17637400,0.0,0.0,WFC
2007-12-21,20.894710640248817,20.962838420800715,20.356502603261095,20.69032859802246,35344200,0.0,0.0,WFC
2007-12-24,20.74482863098429,21.38522633002711,20.710764094165494,21.25578498840332,9505400,0.0,0.0,WFC
2007-12-26,21.26941165209407,21.41248012232573,20.956025678281758,21.296663284301758,11876900,0.0,0.0,WFC
2007-12-27,20.95602063594631,21.044585820452472,20.581318579825684,20.64263343811035,18016800,0.0,0.0,WFC
2007-12-28,20.792519390103376,20.833395538212525,20.370128194877772,20.499570846557617,12907200,0.0,0.0,WFC
2007-12-31,20.49957164990177,20.82658344644865,20.267937969157057,20.567699432373047,12947700,0.0,0.0,WFC
2008-01-02,20.765270726634487,20.765270726634487,19.743357781826536,19.825111389160156,24387800,0.0,0.0,WFC
2008-01-03,19.927300391487982,20.009053990484038,19.191523198240986,19.429969787597656,26313100,0.0,0.0,WFC
2008-01-04,19.24602948501517,19.293718553706462,18.387622350282935,18.728260040283203,50818700,0.0,0.0,WFC
2008-01-07,18.871329983098583,19.10296373389524,18.46937737432966,18.857704162597656,25887100,0.0,0.0,WFC
2008-01-08,18.987140557175323,19.15064645063391,17.96522774848714,18.05379295349121,41495200,0.0,0.0,WFC
2008-01-09,18.053789381034353,18.476180496792253,17.570084704362785,18.42167854309082,37293300,0.0,0.0,WFC
2008-01-10,18.094669155033653,19.389091789946743,18.05379300640653,19.01439094543457,44359200,0.0,0.0,WFC
2008-01-11,18.878137618734645,19.51172384488546,18.49662382105278,19.211963653564453,32925100,0.0,0.0,WFC
2008-01-14,19.33458972488337,19.361841356779472,18.84407204561749,19.218772888183594,22667200,0.0,0.0,WFC
2008-01-15,18.537503458280646,18.660133241153066,18.019735285265572,18.046985626220703,36283900,0.0,0.0,WFC
2008-01-16,18.87132615072473,19.150648917120215,18.20367537549283,18.64650535583496,43681900,0.0,0.0,WFC
2008-01-17,18.741884146356114,18.864513911454097,17.71315826067026,17.80172348022461,34795200,0.0,0.0,WFC
2008-01-18,18.162801406474138,18.387622228406983,17.045510206496324,17.358896255493164,49848000,0.0,0.0,WFC
2008-01-22,16.609490223507123,19.2596518615714,16.609490223507123,18.360368728637695,60889400,0.0,0.0,WFC
2008-01-23,17.85622793832044,20.506390176620243,17.84941632769344,20.015871047973633,88250400,0.0,0.0,WFC
2008-01-24,20.438255586431968,21.419292218420907,20.07717926994379,21.228534698486328,65278700,0.0,0.0,WFC
2008-01-25,21.487420394085277,21.828057993488564,20.45869468795584,20.887897491455078,57728300,0.0,0.0,WFC
2008-01-28,20.71758414357678,21.753123030127416,20.622206006462527,21.6645565032959,36801500,0.0,0.0,WFC
2008-01-29,21.8008039884417,22.366263589343916,21.364788324490203,22.20956802368164,44412500,0.0,0.0,WFC
2008-01-30,22.127820567829918,23.163359295245122,21.930250114820804,22.31857681274414,62076900,0.0,0.0,WFC
2008-01-31,21.94388183009996,23.333684385083817,21.644121564829952,23.21786880493164,60276300,0.0,0.0,WFC
2008-02-01,22.659213873462484,23.54487378544339,22.577461570414304,22.92491340637207,44720500,0.0,0.0,WFC
2008-02-04,22.06650827875153,22.175512231331002,21.187663748650856,21.38523292541504,39734200,0.0,0.0,WFC
2008-02-05,20.833397879986123,21.09909482170518,20.588138364904246,20.75845718383789,33198700,0.0,0.0,WFC
2008-02-06,21.226481254134438,21.329722631407677,20.476258566344693,20.70339012145996,30586300,0.31,0.0,WFC
2008-02-07,20.53821700075091,21.24714386084053,20.434975556392626,20.964948654174805,31932500,0.0,0.0,WFC
2008-02-08,20.896119221774494,20.97182890444842,19.994474151726507,20.290433883666992,34869000,0.0,0.0,WFC
2008-02-11,20.579503249572827,20.579503249572827,19.843046310522226,20.331724166870117,23042800,0.0,0.0,WFC
2008-02-12,20.496912786265817,20.889230911303653,20.24224942972624,20.593271255493164,28865800,0.0,0.0,WFC
2008-02-13,20.792866582526752,21.102592041295285,20.386783988386913,20.971818923950195,34892200,0.0,0.0,WFC
2008-02-14,21.019996931466284,21.088823635990316,20.304187651906233,20.366132736206055,25116200,0.0,0.0,WFC
2008-02-15,20.24912795093126,20.503791251956404,19.78798188577738,20.43496322631836,26386700,0.0,0.0,WFC
2008-02-19,20.992474564426992,21.17830990022986,20.276664965535563,20.551977157592773,29717800,0.0,0.0,WFC
2008-02-20,20.33172157949006,21.21271609527126,20.139003372770233,21.0957088470459,28800700,0.0,0.0,WFC
2008-02-21,21.21271787780566,21.446732393920954,21.06818019520912,21.157655715942383,28937100,0.0,0.0,WFC
2008-02-22,21.240256570213905,21.735816189253494,20.861702934759872,21.63945770263672,28788100,0.0,0.0,WFC
2008-02-25,21.474271235119318,21.928534548961935,21.130132281433344,21.811527252197266,42232900,0.0,0.0,WFC
2008-02-26,21.742690614074142,22.011118471872333,21.343489637929345,21.61191749572754,30393300,0.0,0.0,WFC
2008-02-27,21.226489810117563,22.238259128461646,21.10259958233781,21.84593963623047,30550200,0.0,0.0,WFC
2008-02-28,21.632573844408125,21.632573844408125,21.02000695509513,21.033771514892578,27700300,0.0,0.0,WFC
2008-02-29,20.827285177545452,20.9236436438652,19.980703847715997,20.118358612060547,33507400,0.0,0.0,WFC
2008-03-03,20.125234997007585,20.132117929902464,19.42319159515279,19.870573043823242,25951400,0.0,0.0,WFC
2008-03-04,19.57462018496541,20.00823460329446,19.161653259594242,19.843048095703125,30441700,0.0,0.0,WFC
2008-03-05,20.139013084198282,20.648338612437417,19.677866802675737,19.9462947845459,32727100,0.0,0.0,WFC
2008-03-06,19.67786702787601,19.8292877068305,19.099713435088294,19.154775619506836,33668800,0.0,0.0,WFC
2008-03-07,18.913870811405715,20.22848110855048,18.67297335473413,19.34748649597168,48327100,0.0,0.0,WFC
2008-03-10,19.602153772990306,19.650333014705947,18.886345458041305,19.196069717407227,33698100,0.0,0.0,WFC
2008-03-11,20.565743091548597,21.212724685668945,19.7879896415249,21.212724685668945,51189600,0.0,0.0,WFC
2008-03-12,20.937407973547966,21.742692946099254,20.262896133369427,20.331724166870117,39549000,0.0,0.0,WFC
2008-03-13,19.822404662252833,20.52444849437407,19.182307264151024,20.290433883666992,51569200,0.0,0.0,WFC
2008-03-14,20.47626148817169,20.68962720668698,19.271775518279238,19.581501007080078,51388600,0.0,0.0,WFC
2008-03-17,18.755564778972563,20.173416280922332,18.65232340054446,19.808629989624023,54665200,0.0,0.0,WFC
2008-03-18,20.717162069818908,21.735812900090778,20.407436534297048,21.708282470703125,55149600,0.0,0.0,WFC
2008-03-19,21.81152569262299,22.320851150125982,20.847936953758254,21.047536849975586,46917900,0.0,0.0,WFC
2008-03-20,21.3090751079542,22.575506070796408,21.164537433666162,22.4034366607666,47658600,0.0,0.0,WFC
2008-03-24,22.29331676170203,23.077953006854347,22.024888848946905,22.086833953857422,45234500,0.0,0.0,WFC
2008-03-25,22.05241912787224,22.355260384258486,21.577507125977757,22.066184997558594,27482600,0.0,0.0,WFC
2008-03-26,21.880346510886035,21.880346510886035,20.751570303802897,21.205833435058594,36599400,0.0,0.0,WFC
2008-03-27,21.474269213553715,21.474269213553715,20.68274864436016,20.827287673950195,26998000,0.0,0.0,WFC
2008-03-28,20.930526588337166,21.00623756207111,20.104592750758847,20.200952529907227,28854000,0.0,0.0,WFC
2008-03-31,20.228484773475927,20.476265209548462,19.898111733903058,20.028884887695312,34976200,0.0,0.0,WFC
2008-04-01,20.87546785814954,21.701401831756904,20.724047198528734,21.673870086669922,36070500,0.0,0.0,WFC
2008-04-02,21.825281368509483,21.852813101766763,20.86169302185478,21.01311492919922,37101500,0.0,0.0,WFC
2008-04-03,20.806633568412128,21.336607687327152,20.648330019994017,21.19207000732422,20045200,0.0,0.0,WFC
2008-04-04,21.205835359446095,21.432966945685685,20.909875741330914,21.288429260253906,25087100,0.0,0.0,WFC
2008-04-07,21.653214784163367,21.866581806242177,21.178304138909045,21.19207000732422,20142300,0.0,0.0,WFC
2008-04-08,20.83416364796423,20.875459937139322,20.414313884197114,20.600149154663086,33757900,0.0,0.0,WFC
2008-04-09,20.655210470402874,20.751568912151015,19.98758168597518,20.269775390625,29806200,0.0,0.0,WFC
2008-04-10,20.17342130278924,20.345490747265266,19.54708862991936,19.629682540893555,45453800,0.0,0.0,WFC
2008-04-11,19.436958689900713,19.84992550020781,19.202944207819538,19.251123428344727,44211800,0.0,0.0,WFC
2008-04-14,19.030875486024655,19.209827820579918,18.638557461831915,18.72115135192871,36081500,0.0,0.0,WFC
2008-04-15,18.913872949053825,19.258011836683416,18.666093842654778,19.14100456237793,29674500,0.0,0.0,WFC
2008-04-16,20.613913574738373,20.88234140470897,19.609027648268615,19.96693229675293,69841500,0.0,0.0,WFC
2008-04-17,19.753574810535866,20.586390378494844,19.670980890950155,20.448734283447266,32575200,0.0,0.0,WFC
2008-04-18,21.081944756130596,21.364139812631088,20.820399815413822,20.923641204833984,37941600,0.0,0.0,WFC
2008-04-21,20.55885423244307,20.607033458481673,20.00134838397668,20.14588737487793,24365800,0.0,0.0,WFC
2008-04-22,20.09082964747278,20.366140508997752,19.9256431305578,20.221601486206055,22788100,0.0,0.0,WFC
2008-04-23,20.262897810855655,20.400552576467383,19.670978511646815,19.904993057250977,24533400,0.0,0.0,WFC
2008-04-24,19.932521672582872,20.744689573139937,19.801749854062052,20.545089721679688,28973100,0.0,0.0,WFC
2008-04-25,20.689628973290468,21.19895435508567,20.345490095365147,21.05441665649414,25805400,0.0,0.0,WFC
2008-04-28,20.992473359670754,21.116363576429286,20.73092836756944,20.882349014282227,17222000,0.0,0.0,WFC
2008-04-29,20.882345190232748,20.94429028726841,20.46937831425686,20.565736770629883,19367400,0.0,0.0,WFC
2008-04-30,20.57262534374555,21.05442038323547,20.352376632933883,20.476266860961914,21492200,0.0,0.0,WFC
2008-05-01,20.490031003928515,21.866586643086052,20.47626513246836,21.46050262451172,38326900,0.0,0.0,WFC
2008-05-02,21.880345821045793,22.300195582642434,21.29530959081736,21.432964324951172,25950200,0.0,0.0,WFC
2008-05-05,21.419200457416686,21.605034420096427,21.102592064462883,21.439847946166992,18618000,0.0,0.0,WFC
2008-05-06,21.08194328691522,21.742690496170194,20.999350706249224,21.522441864013672,21163200,0.0,0.0,WFC
2008-05-07,21.703193776684607,21.73100119628834,20.702150537703613,20.78557014465332,27670800,0.31,0.0,WFC
2008-05-08,20.90374333034298,20.931550742369865,20.215525793842158,20.424076080322266,24230300,0.0,0.0,WFC
2008-05-09,20.333708771469134,20.820327973295356,20.159916388807,20.38932228088379,16056300,0.0,0.0,WFC
2008-05-12,20.507499642211904,20.7855671687846,20.431030575180458,20.688243865966797,13503000,0.0,0.0,WFC
2008-05-13,20.70910110723989,20.827278655428522,20.09039931876562,20.139060974121094,27224800,0.0,0.0,WFC
2008-05-14,20.250276362822085,20.458827899329883,20.000016375314587,20.097339630126953,25831600,0.0,0.0,WFC
2008-05-15,20.1460093029328,20.577014923095703,19.958313242897482,20.577014923095703,27903900,0.0,0.0,WFC
2008-05-16,20.604820422633562,20.61177227568817,19.88879679510421,20.125154495239258,25883600,0.0,0.0,WFC
2008-05-19,20.159908281174804,20.465783122908235,19.742806465343786,19.798419952392578,28571900,0.0,0.0,WFC
2008-05-20,19.66634593741271,19.694152028135182,19.29095376817982,19.49950408935547,31462700,0.0,0.0,WFC
2008-05-21,19.42998743783579,19.735861053444292,19.09630508073385,19.256195068359375,32859800,0.0,0.0,WFC
2008-05-22,19.290954605785682,19.77062195643337,19.15192016834469,19.40218162536621,26221400,0.0,0.0,WFC
2008-05-23,19.346569484014534,19.41608670765218,19.082405625308375,19.242294311523438,23920700,0.0,0.0,WFC
2008-05-27,19.214478464307714,19.478643533082955,18.873845676407157,19.158864974975586,27493300,0.0,0.0,WFC
2008-05-28,19.263146369449842,19.37437471023503,18.51236335621611,19.09630584716797,39715000,0.0,0.0,WFC
2008-05-29,19.019833834638472,19.55511322627217,18.94336478186353,19.450838088989258,25225100,0.0,0.0,WFC
2008-05-30,19.666347830631032,19.666347830631032,19.117163232239935,19.16582489013672,19411300,0.0,0.0,WFC
2008-06-02,19.096304645109615,19.14496762123458,18.56797569484186,18.846044540405273,23179200,0.0,0.0,WFC
2008-06-03,18.950319198417642,19.07544991045922,18.484555618002027,18.61663818359375,30363600,0.0,0.0,WFC
2008-06-04,18.49845576685005,18.769571373502973,18.213436455771276,18.519309997558594,33490000,0.0,0.0,WFC
2008-06-05,18.644440497850454,19.096300279700184,18.498455580639245,18.908605575561523,26962600,0.0,0.0,WFC
2008-06-06,18.63054671586116,18.64445042755192,17.601695917501537,17.671213150024414,57724400,0.0,0.0,WFC
2008-06-09,17.879754258920393,17.984030716648963,17.25410214220015,17.56692886352539,40108200,0.0,0.0,WFC
2008-06-10,17.407044125320798,18.415039058950477,17.247154139880323,18.0118408203125,43539900,0.0,0.0,WFC
2008-06-11,18.150871474984786,18.185629410814684,17.726817763022638,17.76157569885254,48023600,0.0,0.0,WFC
2008-06-12,17.886708569361442,18.651395184191646,17.789385276431744,18.088308334350586,40700800,0.0,0.0,WFC
2008-06-13,18.282953104308163,18.49150470178284,17.580833238007916,18.130016326904297,32367300,0.0,0.0,WFC
2008-06-16,18.095265156671662,18.75567548079701,17.810245726882584,18.338573455810547,33166500,0.0,0.0,WFC
2008-06-17,18.58882997759794,18.908608597630995,17.566931416003833,17.657302856445312,40682000,0.0,0.0,WFC
2008-06-18,17.37924413192162,17.970138697593175,17.219355404131406,17.67816734313965,42211000,0.0,0.0,WFC
2008-06-19,17.705959387523983,17.865849314308853,17.080307360665515,17.81718635559082,47029900,0.0,0.0,WFC
2008-06-20,17.073364160587293,17.657306701790098,16.684069575095663,17.031654357910156,62647400,0.0,0.0,WFC
2008-06-23,17.122022896476583,17.23325122785443,16.60064581121818,16.864810943603516,36638600,0.0,0.0,WFC
2008-06-24,16.83700526393556,17.85890530492042,16.614551230122174,17.518272399902344,50002700,0.0,0.0,WFC
2008-06-25,17.636448622613667,18.449796890308708,17.532172149733704,17.657302856445312,41995500,0.0,0.0,WFC
2008-06-26,17.233253790347185,17.594740948837046,16.732730865478516,16.732730865478516,59131200,0.0,0.0,WFC
2008-06-27,16.85090858890329,17.094218180071476,16.419904239684772,16.704923629760742,49640300,0.0,0.0,WFC
2008-06-30,16.760538256457565,16.913475079955166,16.308676988707465,16.510276794433594,42295500,0.0,0.0,WFC
2008-07-01,16.31562911177762,16.837006282286122,16.016707314467876,16.76749038696289,58147900,0.0,0.0,WFC
2008-07-02,16.837004032869363,17.22629988950939,16.3712404364037,16.3990478515625,34038500,0.0,0.0,WFC
2008-07-03,16.614546688881052,16.976035057987787,16.239155940908883,16.628450393676758,28348800,0.0,0.0,WFC
2008-07-07,16.823106988158425,17.031657364287526,15.641317987610993,16.350391387939453,58126600,0.0,0.0,WFC
2008-07-08,16.468567805544257,17.22630275768749,15.91243134314634,17.14983367919922,61171700,0.0,0.0,WFC
2008-07-09,17.191532878010577,17.497407677347905,16.378184913950594,16.482460021972656,52656700,0.0,0.0,WFC
2008-07-10,16.218302599801106,16.78834131501303,15.919379535499619,16.41295051574707,61009300,0.0,0.0,WFC
2008-07-11,15.683018653132383,16.531126026982985,15.37019327134223,15.988893508911133,82338800,0.0,0.0,WFC
2008-07-14,16.586740902498388,16.677112333429633,14.939188980726291,14.994802474975586,56418100,0.0,0.0,WFC
2008-07-15,14.6055136529754,15.863770274760624,14.22316957223724,14.257928848266602,122587000,0.0,0.0,WFC
2008-07-16,16.53112879980253,18.992027784899683,16.127930601072247,18.929462432861328,206249200,0.0,0.0,WFC
2008-07-17,18.74872095895402,19.972219439454967,17.75462968660694,19.346567153930664,115206800,0.0,0.0,WFC
2008-07-18,19.520355067064134,19.68024369747417,18.38722962320262,19.36741828918457,71649800,0.0,0.0,WFC
2008-07-21,19.499507184624086,19.881851268711916,18.978129972993166,19.14497184753418,70613600,0.0,0.0,WFC
2008-07-22,18.971173559317002,21.279135754787404,18.51236053553672,21.15400505065918,100898900,0.0,0.0,WFC
2008-07-23,20.938501877211813,22.224564142946114,20.75775768302751,21.16790771484375,122201200,0.0,0.0,WFC
2008-07-24,21.341704195131666,21.418171938551744,20.159915513942128,20.264190673828125,70564700,0.0,0.0,WFC
2008-07-25,20.389319371010377,20.86203479653642,19.8192806493809,20.22247886657715,55525300,0.0,0.0,WFC
2008-07-28,20.159909498937537,20.62567297832951,19.325705816885282,19.416078567504883,46645300,0.0,0.0,WFC
2008-07-29,19.582928002345593,21.17486572265625,19.27705300212878,21.17486572265625,62303400,0.0,0.0,WFC
2008-07-30,21.550254661602736,21.897839414209233,20.764713704121522,21.689289093017578,65749100,0.0,0.0,WFC
2008-07-31,21.348647725722664,21.717087917546277,20.862030030446558,21.042774200439453,48107500,0.0,0.0,WFC
2008-08-01,21.042784267403118,21.299996278803132,20.653488333825095,21.202672958374023,40425300,0.0,0.0,WFC
2008-08-04,20.924593958219933,21.390357392464203,20.46578237534409,20.980207443237305,46627900,0.0,0.0,WFC
2008-08-05,21.237425035258884,22.029919067654895,21.021922888504818,21.925643920898438,45806300,0.0,0.0,WFC
2008-08-06,21.644540504221037,21.764007180461647,21.15261992116748,21.300195693969727,42199300,0.34,0.0,WFC
2008-08-07,21.019105127327137,21.532108711394145,20.06337139452734,20.386634826660156,57510900,0.0,0.0,WFC
2008-08-08,20.40068585795211,21.44074803559325,20.17580635379926,21.201814651489258,45857600,0.0,0.0,WFC
2008-08-11,21.222899568442497,22.537031969829307,21.222899568442497,22.213769912719727,55278900,0.0,0.0,WFC
2008-08-12,21.785096361603674,22.150524106134633,21.145598478864404,21.349393844604492,54318600,0.0,0.0,WFC
2008-08-13,21.18073483865037,21.314256770056197,20.37960593097495,20.583402633666992,53459400,0.0,0.0,WFC
2008-08-14,20.506097329673377,21.44777564575861,20.344466317008795,21.201814651489258,40937100,0.0,0.0,WFC
2008-08-15,20.94883110063729,21.42669798412329,20.555294219099366,20.913694381713867,43611700,0.0,0.0,WFC
2008-08-18,20.990995893980642,20.990995893980642,20.070398884430425,20.239057540893555,38157700,0.0,0.0,WFC
2008-08-19,20.028231813064192,20.028231813064192,19.24115685029251,19.52928352355957,45428100,0.0,0.0,WFC
2008-08-20,19.68389294463742,20.386638135061975,19.093586877450388,20.32339096069336,52813300,0.0,0.0,WFC
2008-08-21,19.796325359429762,20.15472544593969,19.704969105399996,19.986066818237305,37272800,0.0,0.0,WFC
2008-08-22,20.534206047455765,20.843414187074043,20.168779708320958,20.632591247558594,44892000,0.0,0.0,WFC
2008-08-25,20.32338368342802,20.541234239146696,20.056341196454763,20.14769744873047,30517900,0.0,0.0,WFC
2008-08-26,20.16175079345703,20.56231515684037,19.740103601334763,20.16175079345703,33048100,0.0,0.0,WFC
2008-08-27,20.18985666542649,20.477981910257345,19.943895730956935,20.31635093688965,25864700,0.0,0.0,WFC
2008-08-28,20.62557197748911,21.39156435604014,20.36555566259468,21.384536743164062,36971300,0.0,0.0,WFC
2008-08-29,21.20181424459125,21.4829119439131,20.96990847510328,21.2720890045166,29295400,0.0,0.0,WFC
2008-09-02,21.939698204038923,22.269989208668942,21.58129809667979,21.93267059326172,37648600,0.0,0.0,WFC
2008-09-03,21.869422349447106,22.059162457850984,21.48993945188024,21.7921199798584,38035000,0.0,0.0,WFC
2008-09-04,21.475885467917617,21.749956912060888,20.780168122716326,20.85044288635254,46546500,0.0,0.0,WFC
2008-09-05,20.780170660130697,22.024029705123397,20.232030385671386,21.92564582824707,52598700,0.0,0.0,WFC
2008-09-08,23.35924919997823,23.865223868479045,22.36837733780262,23.58412742614746,97528900,0.0,0.0,WFC
2008-09-09,23.239779269847716,23.71764613230758,21.89753629225714,21.904563903808594,68945200,0.0,0.0,WFC
2008-09-10,22.136469949031074,22.839215026778092,21.15262710826122,22.277019500732422,57747600,0.0,0.0,WFC
2008-09-11,21.574271134447432,23.85116333805862,21.44777682527355,23.78791618347168,76365300,0.0,0.0,WFC
2008-09-12,23.373295004723083,24.244699890465128,23.16950101403525,24.097124099731445,63888200,0.0,0.0,WFC
2008-09-15,22.958676079553815,24.596073089107392,21.785093307495117,21.785093307495117,100858600,0.0,0.0,WFC
2008-09-16,21.9256441475442,24.68040321195463,21.7850946138834,24.54688262939453,115545500,0.0,0.0,WFC
2008-09-17,23.752782252956592,24.771763115860217,23.120313313773387,23.492767333984375,98504500,0.0,0.0,WFC
2008-09-18,24.090103908177667,27.793571327795664,22.677587276168886,26.001571655273438,166561000,0.0,0.0,WFC
2008-09-19,31.131612756860502,31.44784864249011,26.00859945194166,27.96925926208496,96587700,0.0,0.0,WFC
2008-09-22,27.512471174424583,27.547607892553756,24.10415590069963,24.722572326660156,54381000,0.0,0.0,WFC
2008-09-23,24.631210822871783,25.71343872710699,23.91441062710922,24.012794494628906,32709700,0.0,0.0,WFC
2008-09-24,24.666353554282566,25.123138971523346,23.949555864373625,24.08307647705078,26497100,0.0,0.0,WFC
2008-09-25,24.77175987463822,25.15826906702682,23.90738389432068,23.977657318115234,38564000,0.0,0.0,WFC
2008-09-26,23.380321955052153,26.8799910572907,23.190580520015505,26.219411849975586,56079000,0.0,0.0,WFC
2008-09-29,25.298820782424812,26.992436177573428,23.36627197265625,23.36627197265625,67567100,0.0,0.0,WFC
2008-09-30,24.84906062897301,26.7043067760735,24.455522511410226,26.37401580810547,46865200,0.0,0.0,WFC
2008-10-01,25.98751638839752,27.12596282735591,25.643172752036826,25.790748596191406,47778200,0.0,0.0,WFC
2008-10-02,26.00156613069591,26.465377743634697,24.603102340348606,24.708515167236328,39351300,0.0,0.0,WFC
2008-10-03,26.690255749786747,27.371919282441105,24.244703382464117,24.286869049072266,81074700,0.0,0.0,WFC
2008-10-06,23.401401739331092,24.933385646300877,22.43161448705097,23.640335083007812,59028000,0.0,0.0,WFC
2008-10-07,23.963606149017668,24.58905152188154,21.503999710083008,21.503999710083008,45277800,0.0,0.0,WFC
2008-10-08,21.047210706900184,23.724667113102548,20.53420590107829,22.41756248474121,57472800,0.0,0.0,WFC
2008-10-09,23.23275067025679,23.23977694072421,18.397864318565453,19.14980125427246,122764600,0.0,0.0,WFC
2008-10-10,17.87080553398949,20.752060297152646,17.56862497004398,19.894710540771484,122081300,0.0,0.0,WFC
2008-10-13,21.539131511834874,21.785092501704224,19.367649603628188,21.363445281982422,69324000,0.0,0.0,WFC
2008-10-14,23.169509515282634,24.012801589325647,22.333242373147193,23.556018829345703,96432200,0.0,0.0,WFC
2008-10-15,22.698671949138728,24.61716623688536,22.501904129091017,23.436553955078125,95036300,0.0,0.0,WFC
2008-10-16,23.11328320551032,24.111182524737647,21.110460977171652,23.823057174682617,73953600,0.0,0.0,WFC
2008-10-17,23.471684847002514,24.202537633747635,22.326209708582695,22.530006408691406,67021500,0.0,0.0,WFC
2008-10-20,23.000845723847778,23.190587213650627,21.855371854273983,22.649473190307617,52147200,0.0,0.0,WFC
2008-10-21,22.192691611551613,23.893334914999098,22.164582502766855,22.93760108947754,52862300,0.0,0.0,WFC
2008-10-22,22.375405103167683,22.839216782913372,20.955859615276953,21.995922088623047,65131500,0.0,0.0,WFC
2008-10-23,21.9326721109308,22.417566565073283,20.492045311410116,22.01700210571289,63126100,0.0,0.0,WFC
2008-10-24,20.40771336150396,22.487837705919297,20.379602920989363,21.721845626831055,50050200,0.0,0.0,WFC
2008-10-27,21.377508734588037,22.593258932043597,21.265069611412276,21.665634155273438,48569000,0.0,0.0,WFC
2008-10-28,22.31214563775076,24.216583251953125,21.468851408203765,24.216583251953125,62933400,0.0,0.0,WFC
2008-10-29,23.935498967792643,24.040909123881914,22.382431606496528,22.56514549255371,69966000,0.0,0.0,WFC
2008-10-30,23.295999429132593,23.366272861675892,22.291072454977837,22.375402450561523,57908900,0.0,0.0,WFC
2008-10-31,22.206744115238013,24.28687018526083,22.164579787037095,23.928468704223633,63355800,0.0,0.0,WFC
2008-11-03,24.005765692698695,24.223617576916507,23.478707017348963,23.752777099609375,37362400,0.0,0.0,WFC
2008-11-04,24.230651625379807,24.771765694148858,23.837113389704157,24.673381805419922,47060300,0.0,0.0,WFC
2008-11-05,24.574037837098796,24.83659537309015,22.21810822477942,22.480667114257812,53767600,0.34,0.0,WFC
2008-11-06,21.132395186298,21.976838459331347,19.86927641280036,20.415681838989258,119014900,0.0,0.0,WFC
2008-11-07,19.443497571347862,20.933692932128906,19.19513145230328,20.933692932128906,291576400,0.0,0.0,WFC
2008-11-10,21.245926638960917,21.309792257039398,19.897655036112113,20.309232711791992,80723300,0.0,0.0,WFC
2008-11-11,19.833793473196017,20.95498815366284,19.826697141571223,20.458255767822266,64961800,0.0,0.0,WFC
2008-11-12,20.096351012829636,20.876929897662826,19.372541427612305,19.372541427612305,64430300,0.0,0.0,WFC
2008-11-13,19.521562676310474,20.82016165526523,18.272636667856055,20.642757415771484,86007600,0.0,0.0,WFC
2008-11-14,20.01119677763084,21.21044834351889,19.606714014650347,20.387292861938477,69123200,0.0,0.0,WFC
2008-11-17,20.004102600663987,20.387295057535816,18.968061129072698,19.748640060424805,64412800,0.0,0.0,WFC
2008-11-18,19.847980496619744,20.131828286364666,18.329401047522637,19.301576614379883,81619800,0.0,0.0,WFC
2008-11-19,19.230615475846353,19.301577426267478,17.22239999380236,17.31464958190918,86670000,0.0,0.0,WFC
2008-11-20,16.945653740585218,18.052657259666514,15.61157434650877,15.987671852111816,110888100,0.0,0.0,WFC
2008-11-21,16.2644156433134,16.68308962583371,14.114276445971125,15.44126033782959,139652100,0.0,0.0,WFC
2008-11-24,16.306990478693614,18.563571668063723,16.143778972163414,18.46422576904297,99328200,0.0,0.0,WFC
2008-11-25,19.145463666191333,20.160216051287783,17.75461518975622,19.124176025390625,78431300,0.0,0.0,WFC
2008-11-26,18.698402564948157,20.436962876989575,18.32940151172388,20.330520629882812,56597700,0.0,0.0,WFC
2008-11-28,20.13183372134136,20.585988141962464,19.52865903552462,20.50083351135254,28138600,0.0,0.0,WFC
2008-12-01,19.89765804423052,19.89765804423052,16.22184237461256,16.612131118774414,76566300,0.0,0.0,WFC
2008-12-02,17.15144189628615,18.542290481639625,16.016054494954314,18.37198257446289,80340500,0.0,0.0,WFC
2008-12-03,17.641074859555314,20.224079692418655,17.56301657499515,19.94023323059082,72932900,0.0,0.0,WFC
2008-12-04,19.542850853084996,20.692429518862422,19.003541825212956,19.549945831298828,60716600,0.0,0.0,WFC
2008-12-05,19.230612495833476,21.288500618231947,18.861611493614046,21.24592399597168,69302900,0.0,0.0,WFC
2008-12-08,21.742661840147118,23.22576130061665,21.444622681739677,23.176088333129883,70930700,0.0,0.0,WFC
2008-12-09,22.80708357602354,23.247045235173275,21.572350503348524,21.643312454223633,56791300,0.0,0.0,WFC
2008-12-10,21.685892843349627,21.856200742886642,20.330524625233203,20.71371841430664,51041700,0.0,0.0,WFC
2008-12-11,20.02538686690533,20.209887408915577,18.244248424581077,18.37907600402832,72244500,0.0,0.0,WFC
2008-12-12,17.626886720611413,19.067409745025962,17.506251774197516,18.960966110229492,51372900,0.0,0.0,WFC
2008-12-15,19.14546324794985,19.180944904320626,18.116519575959618,18.499711990356445,37629900,0.0,0.0,WFC
2008-12-16,18.783564932015096,21.160782586715428,18.769373618074354,21.13239860534668,64931200,0.0,0.0,WFC
2008-12-17,20.720808977296166,21.67879047630379,20.48663551144085,21.274309158325195,57126400,0.0,0.0,WFC
2008-12-18,21.473002987288588,22.28906197794623,20.72790458874215,21.040136337280273,62937100,0.0,0.0,WFC
2008-12-19,21.352366638053045,21.41623224941204,20.224075975359344,20.834346771240234,88618600,0.0,0.0,WFC
2008-12-22,20.65694387007305,20.79177007704753,19.3583452814907,19.457691192626953,41191700,0.0,0.0,WFC
2008-12-23,19.840887161407384,19.933138113045263,19.152559280395508,19.152559280395508,28140900,0.0,0.0,WFC
2008-12-24,19.372541487949267,19.6421966770796,19.060311015833026,19.500272750854492,11211400,0.0,0.0,WFC
2008-12-26,19.564131568543683,19.76992105454938,19.266092510061004,19.521554946899414,12384400,0.0,0.0,WFC
2008-12-29,19.791216699302353,19.805409363423852,19.372542582126776,19.748640060424805,20971000,0.0,0.0,WFC
2008-12-30,19.734441698354303,20.436962127685547,19.592519158577623,20.436962127685547,28636600,0.0,0.0,WFC
2008-12-31,20.358911277067122,21.636221283478662,20.011199123693835,20.91950798034668,45109700,0.0,0.0,WFC
2009-01-02,20.70662180749011,21.622026924523503,20.34471701822537,21.28850746154785,36522300,0.0,0.0,WFC
2009-01-05,21.104006592559532,21.1394882499021,19.911849975585938,19.911849975585938,43614200,0.0,0.0,WFC
2009-01-06,20.344718998640207,20.45116127561198,19.365448155618115,19.5428524017334,54222900,0.0,0.0,WFC
2009-01-07,19.216417815482693,19.287379747441477,16.76114498550719,18.3577823638916,52631000,0.0,0.0,WFC
2009-01-08,17.995879776848295,18.499706979463852,17.81847560350708,18.251340866088867,52580100,0.0,0.0,WFC
2009-01-09,18.414556119289426,18.435843756616258,17.733323301612078,17.839765548706055,43187900,0.0,0.0,WFC
2009-01-12,17.875246057509113,17.967495638164376,16.704378707341817,16.888877868652344,57566500,0.0,0.0,WFC
2009-01-13,16.668903994561198,17.60559826447466,16.612134685884232,17.30046272277832,65413600,0.0,0.0,WFC
2009-01-14,16.576652527759997,16.825017379607672,16.108305445008764,16.37086296081543,71135600,0.0,0.0,WFC
2009-01-15,16.31408817365267,16.335377162433776,13.504006621897672,14.305872917175293,178862300,0.0,0.0,WFC
2009-01-16,14.781318838107588,15.107743290861327,12.084775366514334,13.255642890930176,173589900,0.0,0.0,WFC
2009-01-20,11.90027547429496,12.07767969536619,9.806905124259725,10.097847938537598,203896600,0.0,0.0,WFC
2009-01-21,10.644255701569238,11.9428548430212,9.75013806021897,11.815123558044434,188824400,0.0,0.0,WFC
2009-01-22,11.382257026200557,11.772545824399888,10.701024020550312,11.204852104187012,94501600,0.0,0.0,WFC
2009-01-23,10.594580909634553,11.467409402780577,10.424272333264105,11.26162052154541,84417000,0.0,0.0,WFC
2009-01-26,11.49579202826164,11.985426617080842,10.956482452679055,10.984867095947266,75464000,0.0,0.0,WFC
2009-01-27,11.211949032073026,11.808026759383681,11.17646804578532,11.488699913024902,77306500,0.0,0.0,WFC
2009-01-28,13.489819796011293,15.221285714491433,13.064049310681808,15.036785125732422,203219500,0.0,0.0,WFC
2009-01-29,14.071699975384831,14.710354774106177,13.291121286509174,13.326602935791016,127527600,0.0,0.0,WFC
2009-01-30,13.73108167028347,14.01492804350531,13.035657717518392,13.41175365447998,97576800,0.0,0.0,WFC
2009-02-02,13.064044749923635,13.8233344843857,12.91502587649983,13.645930290222168,81939400,0.0,0.0,WFC
2009-02-03,13.943971547996036,14.007837176055254,12.382815209903614,13.149201393127441,95285100,0.0,0.0,WFC
2009-02-04,13.373292458507791,13.951596445739888,12.491378533282477,12.61426830291748,89512300,0.34,0.0,WFC
2009-02-05,12.455231364465355,12.578121111329681,10.604657569436593,11.761266708374023,206588100,0.0,0.0,WFC
2009-02-06,12.541978180407956,14.016653828021047,12.361258037689643,13.835933685302734,118216200,0.0,0.0,WFC
2009-02-09,13.850391205396512,14.168459032944252,13.423891571280405,13.77810287475586,74538100,0.0,0.0,WFC
2009-02-10,13.619074356792256,13.778107636131509,11.61669421363445,11.819101333618164,136825300,0.0,0.0,WFC
2009-02-11,12.108250195639474,12.708241045704822,11.826327199459774,12.650410652160645,74251900,0.0,0.0,WFC
2009-02-12,11.956446172156511,12.15162289258626,11.0383874495835,12.144393920898438,144748600,0.0,0.0,WFC
2009-02-13,11.819098795758645,11.869700220192742,11.248023115028467,11.392599105834961,88502000,0.0,0.0,WFC
2009-02-17,10.53959947128553,10.886582530228557,9.896235466003418,9.896235466003418,122235400,0.0,0.0,WFC
2009-02-18,10.358882994197668,10.40948443538219,8.717943748912106,9.433595657348633,190592400,0.0,0.0,WFC
2009-02-19,9.332387305706751,9.939607046485786,8.631193015579287,8.681795120239258,129429500,0.0,0.0,WFC
2009-02-20,8.002288950059544,8.240839520591912,6.368579128406032,7.886628150939941,372764600,0.0,0.0,WFC
2009-02-23,8.50107766528502,9.361305442292208,7.633620915425748,7.973374366760254,225178200,0.0,0.0,WFC
2009-02-24,8.233613502339603,9.476968124251671,8.060121566548652,9.433595657348633,187177900,0.0,0.0,WFC
2009-02-25,9.368535532183332,10.178161974545734,8.508307652608554,9.7155179977417,209935600,0.0,0.0,WFC
2009-02-26,10.546829723930955,10.872125907240383,9.990211243434102,10.4094820022583,170145000,0.0,0.0,WFC
2009-02-27,9.072149897056045,10.720317150314964,8.580590964399383,8.746853828430176,186832300,0.0,0.0,WFC
2009-03-02,7.937230488361015,8.262527384927305,7.423985805762696,7.8360276222229,162697700,0.0,0.0,WFC
2009-03-03,8.298667567520527,8.508303568234966,7.546871896980713,7.713134765625,156370200,0.0,0.0,WFC
2009-03-04,8.183009311003982,8.183009311003982,6.462553160676939,6.983027458190918,237467700,0.0,0.0,WFC
2009-03-05,6.426408962580215,6.462552442080687,5.638468976158742,5.869790554046631,274724600,0.0,0.0,WFC
2009-03-06,6.310748926504759,6.860138488938895,5.7902752573077425,6.224003314971924,256312500,0.0,0.0,WFC
2009-03-09,6.2529203684980725,7.734826555015218,6.144488494354909,7.207123756408691,209041300,0.0,0.0,WFC
2009-03-10,8.081807858931088,8.638425736717858,7.734824703810282,8.537222862243652,233377400,0.0,0.0,WFC
2009-03-11,8.978181460862551,9.202274169469982,8.183012139510971,8.587825775146484,190297200,0.0,0.0,WFC
2009-03-12,8.342044017138281,10.1275597032743,8.211925258573435,10.084186553955078,194211600,0.0,0.0,WFC
2009-03-13,10.467313293656671,10.8504406008634,9.33239069723424,10.076957702636719,197054500,0.0,0.0,WFC
2009-03-16,10.41671259238165,11.016703622811631,9.89623820463042,9.903467178344727,183999100,0.0,0.0,WFC
2009-03-17,9.809490209604236,10.597430229187012,9.35407531692632,10.597430229187012,144894400,0.0,0.0,WFC
2009-03-18,10.409483035440097,12.513066010941683,10.235991812374424,12.448006629943848,232658000,0.0,0.0,WFC
2009-03-19,12.621495929013776,12.722700161130637,10.966099899533047,11.146820068359375,175963000,0.0,0.0,WFC
2009-03-20,11.125133367893474,11.182963764306514,10.084184853673364,10.113100051879883,167275700,0.0,0.0,WFC
2009-03-23,11.493803372550687,12.773302600157642,11.00224494317116,12.527523040771484,186689100,0.0,0.0,WFC
2009-03-24,11.963672009516168,12.672095964330033,11.154046602279132,11.2046480178833,167873500,0.0,0.0,WFC
2009-03-25,11.782953199695825,12.42631786969787,10.749234413008587,11.869699478149414,217755200,0.0,0.0,WFC
2009-03-26,12.180539331351637,12.216682812643382,11.182963943181159,11.529946327209473,163404200,0.0,0.0,WFC
2009-03-27,11.103445737394242,12.0215037383945,11.067302259007407,11.269708633422852,129904000,0.0,0.0,WFC
2009-03-30,10.626348478519724,10.92995849413968,9.6649169921875,9.6649169921875,148010900,0.0,0.0,WFC
2009-03-31,10.127556284567609,10.662487705704674,9.939607183284018,10.293818473815918,145973500,0.0,0.0,WFC
2009-04-01,9.917923972847126,10.799837981686709,9.86732185212218,10.467312812805176,156839200,0.0,0.0,WFC
2009-04-02,11.508261094413813,11.74681167638278,10.778151403227449,11.081761360168457,206881200,0.0,0.0,WFC
2009-04-03,10.966101883988252,11.811872482299805,10.792610655973794,11.811872482299805,130556900,0.0,0.0,WFC
2009-04-06,11.19019374587968,11.305855245659957,10.872126517314143,11.023931503295898,119301700,0.0,0.0,WFC
2009-04-07,10.669719980442745,11.132363216846027,10.48899979387451,10.734779357910156,117192300,0.0,0.0,WFC
2009-04-08,10.915501684588378,10.966103126142784,10.416713485806907,10.763696670532227,91295200,0.0,0.0,WFC
2009-04-09,14.341957701608557,14.421475044787984,12.592585803162777,14.175695419311523,376577100,0.0,0.0,WFC
2009-04-13,13.626306361091418,14.421475692226213,13.380526724580918,14.21906852722168,173737800,0.0,0.0,WFC
2009-04-14,13.937140951758721,14.1178611340123,13.047996607194086,13.20703125,154442900,0.0,0.0,WFC
2009-04-15,12.990167812282252,14.190149860707878,12.722702681553146,14.132319450378418,119185500,0.0,0.0,WFC
2009-04-16,14.21183812261175,14.450388760077905,13.481728261570275,14.060033798217773,129565500,0.0,0.0,WFC
2009-04-17,14.03111882408612,15.173270645098237,13.647991432554386,14.645567893981934,166941600,0.0,0.0,WFC
2009-04-20,13.713050640439285,13.915457795648013,12.274517766239596,12.288975715637207,162271800,0.0,0.0,WFC
2009-04-21,11.970908050353067,13.597390174865723,11.667297998625932,13.597390174865723,185041900,0.0,0.0,WFC
2009-04-22,13.163658082358554,14.862428157611168,13.120285622473968,13.141972541809082,248215300,0.0,0.0,WFC
2009-04-23,13.460044760504696,14.660027104303445,13.445586809667102,14.522679328918457,206481900,0.0,0.0,WFC
2009-04-24,14.913027992958101,15.881688225582597,14.493757248895669,15.469646453857422,222241900,0.0,0.0,WFC
2009-04-27,14.790137417075076,15.346755847726826,14.645562114542885,14.674476623535156,134002500,0.0,0.0,WFC
2009-04-28,14.009420597216335,14.544353270344343,13.937133665136466,14.081708908081055,107394300,0.0,0.0,WFC
2009-04-29,14.341950662311694,14.956399424419935,13.987739347398772,14.435924530029297,142750100,0.0,0.0,WFC
2009-04-30,14.71785034364678,15.874458270279392,14.385324530650848,14.464841842651367,115836200,0.0,0.0,WFC
2009-05-01,14.443160590174411,14.732312685209676,13.987746212842115,14.175695419311523,96730100,0.0,0.0,WFC
2009-05-04,14.775682450784911,17.529857635498047,14.645563699276554,17.529857635498047,294065000,0.0,0.0,WFC
2009-05-05,17.081675942913517,17.457574361244124,16.431083375055753,16.821439743041992,175576000,0.0,0.0,WFC
2009-05-06,17.755961876710813,19.44390106201172,17.676273315895717,19.44390106201172,256184300,0.05,0.0,WFC
2009-05-07,20.248022317891294,20.53055241198833,17.55311478002623,17.93706703186035,236941900,0.0,0.0,WFC
2009-05-08,17.408231215680424,20.41464614868164,17.263343183009773,20.41464614868164,478736600,0.0,0.0,WFC
2009-05-11,19.697454625083875,20.610245976629006,19.21932601928711,19.21932601928711,188439600,0.0,0.0,WFC
2009-05-12,19.371448242043268,19.625001508025687,17.59657814367459,18.61803436279297,189795100,0.0,0.0,WFC
2009-05-13,17.87910531204618,18.357233619659723,17.502397741879772,17.531375885009766,135710100,0.0,0.0,WFC
2009-05-14,17.567598598377202,18.610788345336914,17.292313125219763,18.610788345336914,122509300,0.0,0.0,WFC
2009-05-15,18.531109795353046,18.922306679054156,17.806672350058943,18.016759872436523,94467400,0.0,0.0,WFC
2009-05-18,18.849863860934274,19.523590949127318,18.30653574229535,19.50910186767578,107543400,0.0,0.0,WFC
2009-05-19,19.574289959317024,19.61775579661766,18.400701298167313,18.43692398071289,96754700,0.0,0.0,WFC
2009-05-20,18.733951464316373,18.944037590213256,17.589340436253043,17.719738006591797,122873300,0.0,0.0,WFC
2009-05-21,16.988049025862978,18.30652420866949,16.98080448970147,18.139904022216797,98832400,0.0,0.0,WFC
2009-05-22,18.168891629215263,18.255824733285397,17.611074447631836,17.611074447631836,59379300,0.0,0.0,WFC
2009-05-26,17.553112938045278,18.661502346025294,17.4444476349306,18.58181381225586,92738800,0.0,0.0,WFC
2009-05-27,18.726702701844076,18.762924010700345,17.422714856702957,17.444448471069336,110028600,0.0,0.0,WFC
2009-05-28,17.509650373667263,17.944313049316406,16.82143435540991,17.944313049316406,128903700,0.0,0.0,WFC
2009-05-29,17.958796750020817,18.473146438598633,17.48066698274916,18.473146438598633,121275800,0.0,0.0,WFC
2009-06-01,18.661511541948745,18.871597713928395,18.110938835537798,18.422447204589844,122370300,0.0,0.0,WFC
2009-06-02,17.995020818450584,18.074709355534285,17.46618197467813,17.669023513793945,102133000,0.0,0.0,WFC
2009-06-03,17.603827242403852,17.850136054604135,17.29956349684789,17.48067283630371,82289300,0.0,0.0,WFC
2009-06-04,17.669026969629538,18.183378219604492,17.22712111458584,18.183378219604492,75247800,0.0,0.0,WFC
2009-06-05,18.451414667333065,18.61079173289837,17.88635454543215,17.9080867767334,79067200,0.0,0.0,WFC
2009-06-08,17.82115467378492,18.54559184441232,17.74871068037133,18.39345932006836,65703100,0.0,0.0,WFC
2009-06-09,18.473148084140387,18.61079153518792,18.197862563799585,18.58905792236328,70525600,0.0,0.0,WFC
2009-06-10,18.65425795102517,18.690479258422524,17.80666636943657,18.045730590820312,88999800,0.0,0.0,WFC
2009-06-11,18.06746659548933,18.400707089262216,17.560359934286385,18.12542152404785,63676900,0.0,0.0,WFC
2009-06-12,18.052979398264924,18.47315301951709,17.95155860816239,18.458663940429688,49000500,0.0,0.0,WFC
2009-06-15,18.270307753584436,18.473150689964672,17.857378723948294,17.90084457397461,59908800,0.0,0.0,WFC
2009-06-16,17.60382742571103,18.190622686521454,17.60382742571103,17.676271438598633,62161500,0.0,0.0,WFC
2009-06-17,17.502408428830385,17.560363368723674,16.647572029088302,16.72726058959961,100761400,0.0,0.0,WFC
2009-06-18,16.68378975521222,17.335782980033844,15.626110690353464,17.16916275024414,73968300,0.0,0.0,WFC
2009-06-19,17.386494032301293,18.255819286618117,16.76347755398242,17.524137496948242,101330400,0.0,0.0,WFC
2009-06-22,17.22711275044736,17.52413181668318,16.285343799909676,16.307077407836914,82122000,0.0,0.0,WFC
2009-06-23,16.41574964731544,16.87938909240146,16.053530985403356,16.596858978271484,83126100,0.0,0.0,WFC
2009-06-24,16.792448468917062,17.02426806834153,16.560628869492593,16.78520393371582,69038200,0.0,0.0,WFC
2009-06-25,16.712768753953362,17.248852205027312,16.118730372540462,17.241607666015625,64436000,0.0,0.0,WFC
2009-06-26,17.19814262164314,17.444451432593542,17.02427782245837,17.292320251464844,62738900,0.0,0.0,WFC
2009-06-29,17.357518234709985,17.850135853562318,17.096721728424022,17.770448684692383,60701400,0.0,0.0,WFC
2009-06-30,17.71973287559643,18.096440543284345,17.516891348190846,17.574846267700195,75007300,0.0,0.0,WFC
2009-07-01,17.56760357993703,17.84288913115585,17.4154724183632,17.4879150390625,57186500,0.0,0.0,WFC
2009-07-02,17.190900550957327,17.30681043372552,16.705527398707464,16.720016479492188,52546200,0.0,0.0,WFC
2009-07-06,16.6258393629193,16.96632445332212,16.096998995510823,16.73450469970703,77596200,0.0,0.0,WFC
2009-07-07,16.770727890168654,17.270590153297537,16.662062541250602,16.901126861572266,64747000,0.0,0.0,WFC
2009-07-08,16.90112270954782,17.074987501455077,15.995576054767602,16.596858978271484,93891900,0.0,0.0,WFC
2009-07-09,16.814188818074562,17.082231223034345,16.379527549984385,16.864900588989258,53836900,0.0,0.0,WFC
2009-07-10,16.712769176474843,16.908367589471755,16.52441530267277,16.567882537841797,53700500,0.0,0.0,WFC
2009-07-13,16.9373443072748,17.966045379638672,16.893878454007186,17.966045379638672,86119200,0.0,0.0,WFC
2009-07-14,17.908091174435267,17.98777972678709,17.35027545323635,17.676271438598633,67883400,0.0,0.0,WFC
2009-07-15,17.908090632522427,18.451418640105985,17.857380239562026,18.328264236450195,90990200,0.0,0.0,WFC
2009-07-16,18.16164865863929,18.386223906080307,17.799429893587035,18.147159576416016,61519900,0.0,0.0,WFC
2009-07-17,18.16164369600301,18.34999756817342,17.806669569058432,18.110933303833008,54724600,0.0,0.0,WFC
2009-07-20,18.168889453789347,18.820882820108018,17.93706971303201,18.487642288208008,64893800,0.0,0.0,WFC
2009-07-21,18.675991089650864,18.76292277789587,17.9660415996272,18.364482879638672,64544500,0.0,0.0,WFC
2009-07-22,17.161915796254974,18.016751820756884,16.966317441817253,17.712488174438477,150692300,0.0,0.0,WFC
2009-07-23,17.661777956087082,17.784932332763734,17.400981509172144,17.574846267700195,99923300,0.0,0.0,WFC
2009-07-24,17.408230321002314,17.422718018121053,16.785213746994366,17.002544403076172,93905100,0.0,0.0,WFC
2009-07-27,17.038766429797576,17.625560283532273,16.937344263429615,17.54587173461914,62487900,0.0,0.0,WFC
2009-07-28,17.379254138675382,17.8501382015456,17.314054658088995,17.763206481933594,62683700,0.0,0.0,WFC
2009-07-29,17.5965870238528,17.937072141467866,17.502409377823103,17.661785125732422,48075900,0.0,0.0,WFC
2009-07-30,17.857382750148766,18.335511353502493,17.770451030496144,18.016759872436523,54517400,0.0,0.0,WFC
2009-07-31,18.038490847069653,18.060224466336784,17.70525030883505,17.719738006591797,54880800,0.0,0.0,WFC
2009-08-03,18.038493435682252,18.712220530344993,18.016761195051114,18.690486907958984,66231200,0.0,0.0,WFC
2009-08-04,18.610798956070923,19.552567112591785,18.27031246149037,19.233814239501953,82298700,0.0,0.0,WFC
2009-08-05,19.38622608059095,20.358803646915046,19.306388574110983,20.3370304107666,87411700,0.05,0.0,WFC
2009-08-06,20.728967694463606,21.04106372392003,19.93784100074995,20.300743103027344,85642200,0.0,0.0,WFC
2009-08-07,20.620096602304464,21.302352917777537,20.32251699984143,20.874128341674805,71572200,0.0,0.0,WFC
2009-08-10,20.685420930008295,21.041064843032398,20.431389168030584,20.787033081054688,43352200,0.0,0.0,WFC
2009-08-11,20.54025410035646,20.55477051363082,19.516870498657227,19.516870498657227,72918200,0.0,0.0,WFC
2009-08-12,19.39348232794574,19.959609944748667,19.320903035635663,19.720094680786133,53521000,0.0,0.0,WFC
2009-08-13,19.988648075832142,20.249936643111184,18.907198613480094,20.23542022705078,49493800,0.0,0.0,WFC
2009-08-14,20.177351011815244,20.387834840122057,19.81444900524043,20.126544952392578,45055900,0.0,0.0,WFC
2009-08-17,19.41525637087097,19.589449159103104,19.052354382630394,19.08864402770996,51950300,0.0,0.0,WFC
2009-08-18,19.262839043997282,19.41525722124071,19.023322392281127,19.117677688598633,36659900,0.0,0.0,WFC
2009-08-19,18.885427409170962,19.495103105800624,18.7475242104576,19.31365203857422,46441900,0.0,0.0,WFC
2009-08-20,19.37897249281444,20.119291717023614,19.3717142847663,19.945098876953125,48097300,0.0,0.0,WFC
2009-08-21,20.257196092958353,20.380582868312406,20.046713584625973,20.27897071838379,51137800,0.0,0.0,WFC
2009-08-24,20.44589985129094,20.71444795506698,19.741870431235782,19.82896614074707,51642300,0.0,0.0,WFC
2009-08-25,20.010424095529274,20.373326241286023,19.81445660457379,19.836231231689453,42789000,0.0,0.0,WFC
2009-08-26,19.69832955109637,20.119296017334772,19.611233804626046,20.046716690063477,43310800,0.0,0.0,WFC
2009-08-27,19.995908740344408,20.21365086998974,19.858006914367117,20.133811950683594,35292800,0.0,0.0,WFC
2009-08-28,20.32977284439445,20.32977284439445,19.749128738425323,19.814451217651367,35405800,0.0,0.0,WFC
2009-08-31,19.574939384801915,20.03219682027429,19.429779370901525,19.974132537841797,35614100,0.0,0.0,WFC
2009-09-01,19.843488361160755,20.155584411030148,18.733007357189575,19.02332878112793,87353300,0.0,0.0,WFC
2009-09-02,18.943491729333317,19.378974568331216,18.791072112721253,18.936233520507812,53902400,0.0,0.0,WFC
2009-09-03,19.110424758161116,19.538649352008644,19.09590834174148,19.531391143798828,39465400,0.0,0.0,WFC
2009-09-04,19.509616519169377,19.58219721690588,19.277359393901904,19.531391143798828,31552900,0.0,0.0,WFC
2009-09-08,19.749131824836773,19.80719749043354,19.306392199554725,19.582197189331055,31736000,0.0,0.0,WFC
2009-09-09,19.618494570843545,20.141073270852047,19.582203518116636,20.090267181396484,47483700,0.0,0.0,WFC
2009-09-10,19.959613468208758,20.286225878705867,19.814452089240817,20.220903396606445,40938900,0.0,0.0,WFC
2009-09-11,20.191872860201737,20.387840328755473,19.865261796973847,19.908809661865234,33802300,0.0,0.0,WFC
2009-09-14,19.72009515432875,20.31525422547513,19.669289094747175,20.264448165893555,32056200,0.0,0.0,WFC
2009-09-15,20.271706440288582,20.96847763293942,20.170094320783996,20.743478775024414,50756800,0.0,0.0,WFC
2009-09-16,20.881387242556016,21.45477184278334,20.59106583836739,21.345901489257812,49675000,0.0,0.0,WFC
2009-09-17,21.222512498558572,21.367673877643,20.721707263514965,20.888643264770508,36872000,0.0,0.0,WFC
2009-09-18,21.10639205306254,21.10639205306254,20.489458031617524,20.67816734313965,42749200,0.0,0.0,WFC
2009-09-21,20.605578342568723,20.823320407270476,20.431385521424207,20.53299903869629,34390700,0.0,0.0,WFC
2009-09-22,20.779777025436143,21.44026022875376,20.554778074366858,21.331388473510742,45230300,0.0,0.0,WFC
2009-09-23,21.287836501959433,21.34590078087023,20.837837302129554,20.874128341674805,38182200,0.0,0.0,WFC
2009-09-24,20.975738986632365,21.1862228478877,20.264451274649556,20.649127960205078,46650900,0.0,0.0,WFC
2009-09-25,20.51847723759759,20.641863959894913,20.17009168676791,20.460412979125977,34479100,0.0,0.0,WFC
2009-09-28,20.54751585767646,20.975740432739258,20.32977515838015,20.975740432739258,31319700,0.0,0.0,WFC
2009-09-29,20.830583210058997,21.026549311853614,20.540260393073897,20.57655143737793,29705900,0.0,0.0,WFC
2009-09-30,20.634614202024775,20.816065257076893,20.24267925861859,20.453163146972656,39190600,0.0,0.0,WFC
2009-10-01,20.36606416207491,20.36606416207491,19.25558469307575,19.3063907623291,56454900,0.0,0.0,WFC
2009-10-02,18.89994198521926,19.37171443716689,18.863650944693045,19.074134826660156,52060900,0.0,0.0,WFC
2009-10-05,19.91606967686403,20.540260411472822,19.84348897255274,20.387842178344727,56118100,0.0,0.0,WFC
2009-10-06,20.56929088451888,21.08461119565609,20.547516260417815,20.80154800415039,59068600,0.0,0.0,WFC
2009-10-07,20.678158632969257,21.266059566066374,20.583804709133506,21.237028121948242,41824100,0.0,0.0,WFC
2009-10-08,21.16444888477757,21.360416337353293,20.98299784743595,21.084609985351562,45338900,0.0,0.0,WFC
2009-10-09,21.055580799371008,21.287837930601132,20.9467104421521,21.200740814208984,29218700,0.0,0.0,WFC
2009-10-12,21.411226214125325,22.166063328201712,21.12816298852758,21.977354049682617,52504500,0.0,0.0,WFC
2009-10-13,21.759614158704554,22.020904168636417,21.498325533134633,21.817678451538086,38648600,0.0,0.0,WFC
2009-10-14,22.28218424395411,22.812020852875243,22.05718399822487,22.7466983795166,62894600,0.0,0.0,WFC
2009-10-15,22.499928975878362,22.884605679319996,22.441864698411848,22.775733947753906,39072700,0.0,0.0,WFC
2009-10-16,22.195098685178202,22.23138835174168,21.65074538055379,21.78864860534668,57472400,0.0,0.0,WFC
2009-10-19,22.028159698109064,22.078965775111563,21.607193280194664,21.824934005737305,32327500,0.0,0.0,WFC
2009-10-20,21.75961404643211,22.23864480592759,21.66526009020018,22.107999801635742,41722700,0.0,0.0,WFC
2009-10-21,21.846705998647703,22.58702659123372,20.932192569752317,20.975740432739258,113718800,0.0,0.0,WFC
2009-10-22,20.895901444179962,21.977349425390127,20.765256480051224,21.897510528564453,74918700,0.0,0.0,WFC
2009-10-23,21.904764769324764,21.904764769324764,21.084605480528964,21.28057289123535,49377700,0.0,0.0,WFC
2009-10-26,21.27331856785704,21.287834982639097,20.518482995889563,20.649127960205078,55207900,0.0,0.0,WFC
2009-10-27,20.620097700160322,20.837838411578364,20.35155091503551,20.605581283569336,49819400,0.0,0.0,WFC
2009-10-28,20.48945159534231,20.518484426931295,19.887034183486914,19.93058204650879,57274600,0.0,0.0,WFC
2009-10-29,20.307998684771043,20.772514256976425,20.097516212539826,20.736223220825195,47894800,0.0,0.0,WFC
2009-10-30,20.56929177886529,20.685420343730275,19.850745764627533,19.974132537841797,66430300,0.0,0.0,WFC
2009-11-02,20.220898774476602,20.496703670237892,19.407997729921256,20.039447784423828,55576000,0.0,0.0,WFC
2009-11-03,19.68381404126799,20.351554080328928,19.603975121961845,20.133811950683594,37878400,0.0,0.0,WFC
2009-11-04,20.373759106863936,20.44647087165244,19.428508938336496,19.501220703125,46075800,0.05,0.0,WFC
2009-11-05,19.646633395046145,19.87203849337508,19.268533536206075,19.842954635620117,53391400,0.0,0.0,WFC
2009-11-06,19.428507590539265,19.872048076804386,19.326711959014077,19.7193546295166,37610100,0.0,0.0,WFC
2009-11-09,19.995652050980745,20.650054931640625,19.719349105586065,20.650054931640625,44419900,0.0,0.0,WFC
2009-11-10,20.54099750802529,20.686421053977234,20.30832094399155,20.431930541992188,35216700,0.0,0.0,WFC
2009-11-11,20.62824643421813,21.180852433598236,20.54099205244891,20.94090461730957,40085800,0.0,0.0,WFC
2009-11-12,20.926367552234666,21.013620564555175,20.439200508383333,20.519182205200195,34730700,0.0,0.0,WFC
2009-11-13,20.410113577493735,20.468282709904965,19.90113401561085,20.12653923034668,36576600,0.0,0.0,WFC
2009-11-16,20.301043121663575,20.853650477567722,20.199247504239036,20.511905670166016,45256000,0.0,0.0,WFC
2009-11-17,20.497367324201694,20.715501217160693,20.34467248964122,20.62824821472168,29199400,0.0,0.0,WFC
2009-11-18,20.570078101006203,21.03543112340356,20.555535472340935,20.984533309936523,27288800,0.0,0.0,WFC
2009-11-19,20.788211658409427,20.817295528423685,20.461009452865394,20.591890335083008,30848000,0.0,0.0,WFC
2009-11-20,20.51190622845803,20.562805425416943,20.11199367466717,20.26468849182129,41877900,0.0,0.0,WFC
2009-11-23,20.519171654336667,20.61369732041779,20.271952601778075,20.410104751586914,32738800,0.0,0.0,WFC
2009-11-24,20.27922641526002,20.410107269450013,19.98110953043218,20.257413864135742,29019100,0.0,0.0,WFC
2009-11-25,20.366486128426494,20.45373912955775,20.104724351309834,20.235605239868164,22882000,0.0,0.0,WFC
2009-11-27,19.60301157338497,20.061094609323224,19.559385079868402,19.7338924407959,23176800,0.0,0.0,WFC
2009-11-30,19.835692519886894,20.43192644230379,19.81387857631258,20.3882999420166,36739300,0.0,0.0,WFC
2009-12-01,20.468278395328433,20.642785755777137,20.25014454148286,20.351940155029297,33169200,0.0,0.0,WFC
2009-12-02,20.271953369385816,20.344665102925887,19.835685741867316,19.95929527282715,35368000,0.0,0.0,WFC
2009-12-03,20.01020123375759,20.293775584705916,19.203103297228942,19.261272430419922,66620600,0.0,0.0,WFC
2009-12-04,19.646636143290134,19.944753007999356,19.312162717725528,19.603008270263672,63916000,0.0,0.0,WFC
2009-12-07,19.68299305274479,19.857500399654086,19.035861467931856,19.1667423248291,35764600,0.0,0.0,WFC
2009-12-08,18.897712610474667,19.239456051379342,18.83954348464278,18.92679786682129,42682400,0.0,0.0,WFC
2009-12-09,19.014048631574344,19.159472122524914,18.77410084230874,18.875896453857422,35697000,0.0,0.0,WFC
2009-12-10,19.035864481347854,19.094033606192575,18.359647538239628,18.410545349121094,62139500,0.0,0.0,WFC
2009-12-11,18.243304322623892,18.650488085699315,18.185135213613115,18.475980758666992,48496300,0.0,0.0,WFC
2009-12-14,18.468714453233257,18.839543143775074,18.243309268070664,18.534154891967773,43877900,0.0,0.0,WFC
2009-12-15,18.91952232124646,19.137656147613495,18.17786509262088,18.657760620117188,254575800,0.0,0.0,WFC
2009-12-16,18.97042347369605,19.057676464916113,18.585052166367113,18.788644790649414,87439800,0.0,0.0,WFC
2009-12-17,18.643229061095415,19.03587184584688,18.62868781440459,18.955888748168945,80733500,0.0,0.0,WFC
2009-12-18,19.18128474615149,19.632096460272983,19.035862641525448,19.472131729125977,145756600,0.0,0.0,WFC
2009-12-21,19.62482590347435,19.988383259345,19.523030287626167,19.879316329956055,47240800,0.0,0.0,WFC
2009-12-22,19.82114581018932,19.850229675439373,19.392148049577113,19.74843406677246,45699700,0.0,0.0,WFC
2009-12-23,19.828419483962218,19.835690797855733,19.428505540986844,19.52303123474121,25516800,0.0,0.0,WFC
2009-12-24,19.60301647960332,19.73389737977096,19.537577416381072,19.697542190551758,10481200,0.0,0.0,WFC
2009-12-28,19.69026516794845,19.777519538389328,19.297623968117428,19.4503173828125,19753100,0.0,0.0,WFC
2009-12-29,19.428509381052994,19.544847652620973,19.30489979415432,19.399425506591797,18586500,0.0,0.0,WFC
2009-12-30,19.268544165291033,19.501220703125,19.224917661162557,19.501220703125,19087700,0.0,0.0,WFC
2009-12-31,19.443042079405878,19.80659933905115,19.406686908185705,19.624820709228516,28942400,0.0,0.0,WFC
2010-01-04,19.646638947804373,19.98111103425314,19.501215457345925,19.86477279663086,39335700,0.0,0.0,WFC
2010-01-05,19.828413679014297,20.53371427786621,19.80659974371998,20.410104751586914,55416000,0.0,0.0,WFC
2010-01-06,20.38102841156275,20.5991622975491,20.20652102540138,20.439197540283203,33237000,0.0,0.0,WFC
2010-01-07,20.446470025296833,21.398990082699363,20.301046501739446,21.18085479736328,61649000,0.0,0.0,WFC
2010-01-08,21.013617180405657,21.340819391067175,20.79548329787225,20.984533309936523,35508700,0.0,0.0,WFC
2010-01-11,21.151768564249394,21.209937689808427,20.780939868737576,20.94090461730957,24387800,0.0,0.0,WFC
2010-01-12,20.700949782169292,20.75911888800554,19.99564920054718,20.417375564575195,39795000,0.0,0.0,WFC
2010-01-13,20.35193756097945,20.911816137845396,20.213785398160088,20.780935287475586,36715300,0.0,0.0,WFC
2010-01-14,20.722773486261595,21.239024370576683,20.722773486261595,21.079059600830078,31540700,0.0,0.0,WFC
2010-01-15,20.955440140275705,21.01360924611195,20.271952106554135,20.417375564575195,47255900,0.0,0.0,WFC
2010-01-19,20.308314741521475,20.700955976694342,20.0756382485507,20.56280517578125,40815800,0.0,0.0,WFC
2010-01-20,20.373752185004243,20.8318337898767,20.141075726220702,20.228328704833984,75712300,0.0,0.0,WFC
2010-01-21,20.34466834162231,20.722768306732178,19.762977154423425,20.359210968017578,90151500,0.0,0.0,WFC
2010-01-22,20.33740067386823,20.657331577605266,19.755709382402195,19.821149826049805,69506900,0.0,0.0,WFC
2010-01-25,19.9593003585069,20.395568097187514,19.770250357876684,20.11199378967285,48319700,0.0,0.0,WFC
2010-01-26,19.959294109269827,20.61369689925914,19.573922914775917,19.624820709228516,66590800,0.0,0.0,WFC
2010-01-27,19.559388564854945,20.53372254378098,19.54484593547122,20.504638671875,63074200,0.0,0.0,WFC
2010-01-28,20.56280705443499,20.91909314020507,20.15562176767368,20.686416625976562,62109300,0.0,0.0,WFC
2010-01-29,20.67914631478008,21.20993981197253,20.6355184260996,20.671875,88783700,0.0,0.0,WFC
2010-02-01,20.795479313942952,21.151765326817504,20.73003888434751,21.03542709350586,45240000,0.0,0.0,WFC
2010-02-02,21.05724965184443,21.180859256834836,20.730048735242857,20.93364143371582,50306600,0.0,0.0,WFC
2010-02-03,20.80980454898889,20.962764984465778,20.380060482122417,20.496601104736328,44597600,0.05,0.0,WFC
2010-02-04,20.358216093580957,20.45290485689505,19.666254723525018,19.709957122802734,68235300,0.0,0.0,WFC
2010-02-05,19.88476180861536,20.183397322725224,19.38946486543168,19.97216796875,68479000,0.0,0.0,WFC
2010-02-08,19.83377502031061,19.964883562964317,19.229220043064775,19.25107192993164,43425800,0.0,0.0,WFC
2010-02-09,19.586129471371866,19.768224394353826,19.20737308741764,19.455020904541016,46845300,0.0,0.0,WFC
2010-02-10,19.38218514819324,20.074145061282085,19.338481363916742,19.797361373901367,42104800,0.0,0.0,WFC
2010-02-11,19.77550799217083,19.84106227437361,19.455020544654364,19.72452163696289,35821600,0.0,0.0,WFC
2010-02-12,19.513294983030555,19.695389928123678,19.28021228632105,19.578847885131836,45333600,0.0,0.0,WFC
2010-02-16,19.804646078959774,19.950321197509766,19.62255113881668,19.950321197509766,36097500,0.0,0.0,WFC
2010-02-17,20.095989314278423,20.13240773139092,19.731799586059203,19.9066104888916,50109700,0.0,0.0,WFC
2010-02-18,19.884775948936305,20.081438907133478,19.782803180659894,19.913911819458008,30287900,0.0,0.0,WFC
2010-02-19,19.724523977334666,20.015875605431177,19.717240012972987,19.935754776000977,32174300,0.0,0.0,WFC
2010-02-22,20.015872873719324,20.5038873051559,19.943034629317424,20.401914596557617,41852200,0.0,0.0,WFC
2010-02-23,20.35821387541871,20.39463230596974,19.797361153578766,19.877483367919922,38755100,0.0,0.0,WFC
2010-02-24,19.99402501721466,20.227106318707904,19.797362148101932,20.146984100341797,35782300,0.0,0.0,WFC
2010-02-25,19.790077252446945,20.0158745789832,19.695388499149185,19.986740112304688,34185600,0.0,0.0,WFC
2010-02-26,20.023168555364848,20.030452522995272,19.615276092984423,19.913911819458008,50819700,0.0,0.0,WFC
2010-03-01,19.994022785700686,20.095995496404367,19.775508047983386,19.921184539794922,34311000,0.0,0.0,WFC
2010-03-02,19.957598932159392,20.547585965064634,19.935748435298198,20.299938201904297,45592200,0.0,0.0,WFC
2010-03-03,20.358211184078105,20.72240099853908,20.350927221076017,20.540306091308594,35902200,0.0,0.0,WFC
2010-03-04,20.64956582771733,20.809808869764534,20.547591719801744,20.707836151123047,30891500,0.0,0.0,WFC
2010-03-05,20.853511486315448,21.319675467782634,20.795241162291312,21.232269287109375,40554100,0.0,0.0,WFC
2010-03-08,21.217699598930526,21.377944018661367,20.991902285724517,21.042888641357422,31311900,0.0,0.0,WFC
2010-03-09,20.962770995811113,21.283257105265992,20.736972259131374,21.10844612121582,31292400,0.0,0.0,WFC
2010-03-10,21.2176958191846,21.727562063233457,21.195845321676682,21.538183212280273,42568300,0.0,0.0,WFC
2010-03-11,21.509055321093722,21.67658233642578,21.297824518851773,21.67658233642578,32127400,0.0,0.0,WFC
2010-03-12,21.727568523527644,21.807690742942874,21.47991929012981,21.581892013549805,36671500,0.0,0.0,WFC
2010-03-15,21.472633277975905,21.771268844604492,21.31239024370111,21.771268844604492,26911900,0.0,0.0,WFC
2010-03-16,21.800406617293614,22.08447428144803,21.66201407276555,22.055339813232422,40201400,0.0,0.0,WFC
2010-03-17,22.15002998688267,22.339408904844724,22.040773292863015,22.252002716064453,33176200,0.0,0.0,WFC
2010-03-18,22.19372541368227,22.25927968735269,21.74213084981249,22.062618255615234,33984900,0.0,0.0,WFC
2010-03-19,22.128171920776367,22.24471393640433,21.822252429278358,22.128171920776367,53781800,0.0,0.0,WFC
2010-03-22,21.916946929545155,22.28113680688652,21.887811072506263,22.150028228759766,28594000,0.0,0.0,WFC
2010-03-23,22.193730360326555,22.667178306642544,22.128176072045083,22.638042449951172,39320200,0.0,0.0,WFC
2010-03-24,22.46323625251765,22.783723797876522,22.339411613806792,22.47780418395996,36135600,0.0,0.0,WFC
2010-03-25,22.601625523742612,23.300869459619314,22.506935372462934,22.623476028442383,47424300,0.0,0.0,WFC
2010-03-26,22.732731065779202,23.140624721304018,22.579771986912974,22.740015029907227,36079700,0.0,0.0,WFC
2010-03-29,22.834703795845854,22.907542043455013,22.506932376241636,22.65260887145996,25280200,0.0,0.0,WFC
2010-03-30,22.652607098963912,22.798282193509593,22.434092373234524,22.463228225708008,26937900,0.0,0.0,WFC
2010-03-31,22.273857112581478,22.696317395713194,22.273857112581478,22.66718292236328,28384000,0.0,0.0,WFC
2010-04-01,22.871124185304375,23.016800693008673,22.67446131668581,22.849273681640625,33041400,0.0,0.0,WFC
2010-04-05,22.936676426923498,23.126055314320578,22.769149430513238,22.951244354248047,30821900,0.0,0.0,WFC
2010-04-06,22.8419846922781,23.59221479087058,22.83470072956788,23.51209259033203,39500100,0.0,0.0,WFC
2010-04-07,23.512098401747,23.665060267194843,23.140625936627046,23.30086898803711,34514700,0.0,0.0,WFC
2010-04-08,23.15519330255652,23.60678797703664,22.98766490143569,23.475679397583008,32203600,0.0,0.0,WFC
2010-04-09,23.59950054754068,23.781595450597173,23.24987727782408,23.526660919189453,27106200,0.0,0.0,WFC
2010-04-12,23.599500023488993,23.818013346594924,23.504809898008947,23.614065170288086,25108400,0.0,0.0,WFC
2010-04-13,23.424690563792495,23.482962272308804,23.111487076887332,23.417407989501953,38042000,0.0,0.0,WFC
2010-04-14,23.6432017292095,24.342445495513267,23.56307952667616,24.2404727935791,54445900,0.0,0.0,WFC
2010-04-15,24.20405931519173,24.684789850095168,24.123937096283107,24.408004760742188,47891800,0.0,0.0,WFC
2010-04-16,24.18948859898214,24.21862445314571,23.060500646349606,23.71604347229004,89843800,0.0,0.0,WFC
2010-04-19,23.75974488036241,24.225907440741008,23.40284038568731,24.051097869873047,54879400,0.0,0.0,WFC
2010-04-20,24.17491283104141,24.684778999342658,24.036521736472007,24.53910255432129,46816100,0.0,0.0,WFC
2010-04-21,23.737899318191033,24.947009752728793,23.6796275967441,24.0438175201416,96214600,0.0,0.0,WFC
2010-04-22,23.818022653461416,24.560970465165756,23.716049914736086,24.45899772644043,49765400,0.0,0.0,WFC
2010-04-23,24.546394772318525,24.61194905199144,24.182204947146285,24.386150360107422,30999200,0.0,0.0,WFC
2010-04-26,24.29874693882372,24.364301222162375,23.737894243270343,23.832584381103516,36186000,0.0,0.0,WFC
2010-04-27,23.45382169005881,24.08751111041596,23.05321211041097,23.104198455810547,52674300,0.0,0.0,WFC
2010-04-28,23.359145843352607,23.781607567391994,23.286307567163938,23.63593101501465,39027300,0.0,0.0,WFC
2010-04-29,23.883573499961752,24.32788560748152,23.83986971316448,24.204059600830078,31021400,0.0,0.0,WFC
2010-04-30,24.21862616059656,24.633802386780076,24.021963298949395,24.116653442382812,53446100,0.0,0.0,WFC
2010-05-03,24.196780603548998,24.830470323795552,24.18949524873135,24.67751121520996,37442300,0.0,0.0,WFC
2010-05-04,24.335167746546464,24.7430614136992,23.832586710852432,23.992828369140625,53828300,0.0,0.0,WFC
2010-05-05,23.80316091306666,24.204378195115993,23.13932648184719,23.825044631958008,45183200,0.05,0.0,WFC
2010-05-06,23.664557605433817,23.890699580358834,21.381263876070456,22.745405197143555,78743100,0.0,0.0,WFC
2010-05-07,22.526555003279633,23.161209222532015,22.030505076884005,22.482786178588867,66958000,0.0,0.0,WFC
2010-05-10,23.525955979644767,24.131431531285607,23.460302037693012,24.05118751525879,67195800,0.0,0.0,WFC
2010-05-11,23.715623642352643,24.56182854012991,23.649969694129737,24.00741958618164,47883200,0.0,0.0,WFC
2010-05-12,24.204385209215417,24.663962918516994,24.11684752551081,24.55453872680664,39616100,0.0,0.0,WFC
2010-05-13,24.437816719028422,24.67854878661822,24.131433486938477,24.131433486938477,33791100,0.0,0.0,WFC
2010-05-14,23.897989444574055,23.985529875528602,23.16850394130196,23.372760772705078,57390600,0.0,0.0,WFC
2010-05-17,23.401938808223022,23.518656589543053,22.71621940804286,23.321693420410156,47043700,0.0,0.0,WFC
2010-05-18,23.547842244273657,23.598906117669003,22.139933337136934,22.31501007080078,56666700,0.0,0.0,WFC
2010-05-19,21.84814137037227,22.08887208161364,21.220781956852065,21.942974090576172,72538500,0.0,0.0,WFC
2010-05-20,21.476102885941188,21.884615315577108,20.899807348098864,20.928987503051758,78027500,0.0,0.0,WFC
2010-05-21,20.462112668497692,22.103458649116853,20.462112668497692,21.96485710144043,88191700,0.0,0.0,WFC
2010-05-24,21.570928391116425,21.70223626170817,20.81226270414377,20.94356918334961,64867000,0.0,0.0,WFC
2010-05-25,20.214088027675068,21.089473154227736,20.01712755687908,21.082178115844727,55196200,0.0,0.0,WFC
2010-05-26,21.322905374889498,21.403149392762888,20.2067911187978,20.454816818237305,62366800,0.0,0.0,WFC
2010-05-27,20.94356701707015,21.505272231441612,20.790375444815623,21.454208374023438,48871900,0.0,0.0,WFC
2010-05-28,21.497986610769487,21.519871726984157,20.819564704751148,20.928987503051758,40885500,0.0,0.0,WFC
2010-06-01,20.921691710495654,21.301025362897494,20.56424317351996,20.593421936035156,39475500,0.0,0.0,WFC
2010-06-02,20.834147817804904,21.30102043246039,20.659071109078845,21.28643035888672,32478900,0.0,0.0,WFC
2010-06-03,21.417741129372377,21.505278799858765,20.804971870422918,21.052997589111328,30888500,0.0,0.0,WFC
2010-06-04,20.629891641278494,20.753904479602408,20.170314079272124,20.265148162841797,50696800,0.0,0.0,WFC
2010-06-07,20.432933604764695,20.50588259220937,19.885818286008938,19.907703399658203,36969800,0.0,0.0,WFC
2010-06-08,20.031711923006036,20.287032645813643,19.448122892062365,20.250558853149414,47134900,0.0,0.0,WFC
2010-06-09,20.389164833743113,20.396458480263206,19.62320255021557,19.718036651611328,37988200,0.0,0.0,WFC
2010-06-10,20.075477922721074,20.600707940133546,19.987938890792808,20.520463943481445,41612900,0.0,0.0,WFC
2010-06-11,20.235970922177685,20.38916392863721,19.95147141339219,20.30891990661621,39468100,0.0,0.0,WFC
2010-06-14,20.279740108070218,20.403752966351067,19.922291608645693,19.987945556640625,45506200,0.0,0.0,WFC
2010-06-15,20.12654969643011,20.37457542785484,20.060895744500844,20.3599853515625,45128400,0.0,0.0,WFC
2010-06-16,20.243267032395554,20.60801058252881,20.184908120029682,20.5131778717041,28707100,0.0,0.0,WFC
2010-06-17,20.49858560334323,20.564239546656108,20.08277822328573,20.37457275390625,30739400,0.0,0.0,WFC
2010-06-18,20.45481229900908,20.593413801131344,20.235965405356534,20.476696014404297,39496700,0.0,0.0,WFC
2010-06-21,20.74660994229162,20.790378771169163,20.272443687191274,20.381866455078125,30005400,0.0,0.0,WFC
2010-06-22,20.44752226801242,20.66636782384235,20.009829764966447,20.031713485717773,33694800,0.0,0.0,WFC
2010-06-23,19.97335524487243,20.250561108989924,19.805573553709092,19.92958641052246,36030500,0.0,0.0,WFC
2010-06-24,19.732618527043535,19.769093703988833,19.17091471594326,19.594017028808594,66950600,0.0,0.0,WFC
2010-06-25,19.80557112249237,20.141135855013232,19.586725586220584,19.732622146606445,78977700,0.0,0.0,WFC
2010-06-28,19.871228273485112,19.944177261161954,19.564843638351338,19.718036651611328,31717000,0.0,0.0,WFC
2010-06-29,19.382471099476064,19.448125046654056,18.81347207911502,18.915599822998047,55568200,0.0,0.0,WFC
2010-06-30,19.003137888716502,19.294933833998517,18.61651062657435,18.674869537353516,37501000,0.0,0.0,WFC
2010-07-01,18.63109835077759,18.92289286784749,17.945380192123825,18.36848258972168,58947800,0.0,0.0,WFC
2010-07-02,18.52897277007304,18.733229666780684,18.06210145346845,18.149639129638672,32231100,0.0,0.0,WFC
2010-07-06,18.572740181544116,18.704048077099667,18.083985179132483,18.346599578857422,37248300,0.0,0.0,WFC
2010-07-07,18.441430643217483,19.499185888542637,18.33930152381853,19.448122024536133,48830500,0.0,0.0,WFC
2010-07-08,19.739919239721818,19.739919239721818,19.039612337589467,19.433534622192383,38228800,0.0,0.0,WFC
2010-07-09,19.331404438725222,19.725328064964504,19.258455464452844,19.696147918701172,24905000,0.0,0.0,WFC
2010-07-12,19.64509265044058,19.79098927144094,19.375181744940743,19.739925384521484,18761700,0.0,0.0,WFC
2010-07-13,19.9660591022765,20.48399418625439,19.92958391872356,20.381866455078125,31658500,0.0,0.0,WFC
2010-07-14,20.206792455439338,20.265151365556846,19.87852271641201,20.1776123046875,31305800,0.0,0.0,WFC
2010-07-15,20.316211318828813,20.54235187798658,19.71073722139061,20.287031173706055,48127100,0.0,0.0,WFC
2010-07-16,20.017123856322193,20.039007576039282,19.08337998671259,19.141738891601562,55456400,0.0,0.0,WFC
2010-07-19,19.16362827736672,19.258460997195034,18.689461895452435,18.98125648498535,34667100,0.0,0.0,WFC
2010-07-20,18.580033927075302,18.908303643134577,18.456021077829142,18.90100860595703,47672300,0.0,0.0,WFC
2010-07-21,20.082780111005057,20.133843984740235,18.94477924753734,19.010433197021484,70914600,0.0,0.0,WFC
2010-07-22,19.41894226697786,20.053595103115384,19.367877014222984,19.98064613342285,53000300,0.0,0.0,WFC
2010-07-23,19.9368809208514,20.09736757014748,19.696150251214227,20.002534866333008,25737000,0.0,0.0,WFC
2010-07-26,20.024421945156252,20.36728038970867,19.863933888713042,20.3599853515625,22724200,0.0,0.0,WFC
2010-07-27,20.724726488161206,20.98734226518265,20.60071363694398,20.71013641357422,38411500,0.0,0.0,WFC
2010-07-28,20.60800387231867,20.81955573037755,20.367273263270906,20.476696014404297,23935100,0.0,0.0,WFC
2010-07-29,20.659071510974883,20.783084355991605,20.046302322820033,20.199495315551758,30045500,0.0,0.0,WFC
2010-07-30,19.893108711093237,20.41833879440978,19.878518638710197,20.22867202758789,27490900,0.0,0.0,WFC
2010-08-02,20.63718853963808,20.848739052696114,20.389162840614123,20.84144401550293,28005100,0.0,0.0,WFC
2010-08-03,20.753908559136597,20.78308731962642,20.381869971034334,20.5131778717041,29544200,0.0,0.0,WFC
2010-08-04,20.586254364532262,20.64471722481255,20.24278523461865,20.410865783691406,28936700,0.05,0.0,WFC
2010-08-05,20.250091051293523,20.43278765649335,20.140473366946527,20.374324798583984,21881200,0.0,0.0,WFC
2010-08-06,20.089320826932955,20.29394154983645,19.906624200939895,20.279325485229492,38637900,0.0,0.0,WFC
2010-08-09,20.388942673056896,20.65933428607693,20.11124442178043,20.630102157592773,29199300,0.0,0.0,WFC
2010-08-10,20.418179096963826,20.51318074679386,20.103940618975038,20.2939453125,29837400,0.0,0.0,WFC
2010-08-11,19.92124235021637,20.01624399237382,19.19045576977057,19.21968650817871,39624100,0.0,0.0,WFC
2010-08-12,19.000446319580078,19.28545256833716,18.90544470128253,19.000446319580078,31944800,0.0,0.0,WFC
2010-08-13,18.993139722733027,19.219683132600974,18.86159793833727,18.883522033691406,25494200,0.0,0.0,WFC
2010-08-16,18.759280182429837,18.934668687951596,18.64966254071173,18.76658821105957,24593600,0.0,0.0,WFC
2010-08-17,18.971210319681916,19.00775046838241,18.42312063395185,18.518123626708984,49481000,0.0,0.0,WFC
2010-08-18,18.488898507710477,18.759290135008758,18.33543400665865,18.547361373901367,38076300,0.0,0.0,WFC
2010-08-19,18.34274015108751,18.53274479511627,17.736187454092246,17.853113174438477,51516800,0.0,0.0,WFC
2010-08-20,17.853116460021162,18.057735811351737,17.736190718156607,17.97735023498535,40025600,0.0,0.0,WFC
2010-08-23,18.167349232961264,18.181963900725663,17.677722319312902,17.706953048706055,33766900,0.0,0.0,WFC
2010-08-24,17.509640675164412,17.575411559669377,17.202711739293743,17.275789260864258,55658300,0.0,0.0,WFC
2010-08-25,17.10771123019177,17.28309981653794,16.822704951612316,17.24656105041504,55554200,0.0,0.0,WFC
2010-08-26,17.341566373347245,17.611958039404374,17.100406841508132,17.16617774963379,41212900,0.0,0.0,WFC
2010-08-27,17.275784485146385,17.538867950439453,17.151550781409547,17.538867950439453,45099500,0.0,0.0,WFC
2010-08-30,17.48772062638196,17.52425939270442,16.976169534680068,16.990785598754883,37964800,0.0,0.0,WFC
2010-08-31,16.939627986304902,17.30502116497804,16.830010311475835,17.210018157958984,35713300,0.0,0.0,WFC
2010-09-01,17.473104598837587,18.086965352617405,17.363486905776462,18.021194458007812,53882000,0.0,0.0,WFC
2010-09-02,18.03580875835012,18.35004713656263,17.99196196418647,18.34273910522461,38196400,0.0,0.0,WFC
2010-09-03,18.817751141493527,19.09544937998993,18.700825420667197,18.883522033691406,42741400,0.0,0.0,WFC
2010-09-07,18.68620777426793,18.766594723225996,18.203888868248384,18.211196899414062,30986700,0.0,0.0,WFC
2010-09-08,18.291584855118714,18.561975053808737,18.291584855118714,18.43043327331543,22687800,0.0,0.0,WFC
2010-09-09,18.788523288141562,19.00776010995869,18.430438012424933,18.773908615112305,28728700,0.0,0.0,WFC
2010-09-10,18.87621379054467,18.978523446655988,18.75928807102759,18.817750930786133,19893500,0.0,0.0,WFC
2010-09-13,19.270835490746286,19.577765794833333,19.18314052077959,19.36583709716797,39588200,0.0,0.0,WFC
2010-09-14,19.21968486166646,19.241608958992966,18.92006250086092,19.044296264648438,29814000,0.0,0.0,WFC
2010-09-15,18.795822792858903,19.32198981137633,18.71543724914647,19.248910903930664,32614200,0.0,0.0,WFC
2010-09-16,19.117375195205447,19.205070190646794,18.927370533303087,19.044296264648438,28999400,0.0,0.0,WFC
2010-09-17,19.270840775066485,19.270840775066485,18.905447522094054,19.00775718688965,34400600,0.0,0.0,WFC
2010-09-20,19.066219798148154,19.475459845754823,18.941986038034482,19.40968894958496,30529000,0.0,0.0,WFC
2010-09-21,19.46084721476217,19.702006745311014,19.212381044562786,19.27815055847168,32217500,0.0,0.0,WFC
2010-09-22,19.270836510149174,19.351222060184657,18.795824271320438,18.861595153808594,32251200,0.0,0.0,WFC
2010-09-23,18.48889814822978,18.75928977027082,18.29889488220215,18.29889488220215,59315100,0.0,0.0,WFC
2010-09-24,18.605817926364413,18.803130555501532,18.51081632374147,18.700820922851562,46480600,0.0,0.0,WFC
2010-09-27,18.79582510782634,18.941982940719043,18.627744575704803,18.6569766998291,28381000,0.0,0.0,WFC
2010-09-28,18.69351117288567,18.905439842577866,18.35004215640227,18.52543067932129,38697900,0.0,0.0,WFC
2010-09-29,18.423127250810733,18.540054374783765,18.203891855323683,18.29889488220215,37676000,0.0,0.0,WFC
2010-09-30,18.445052538805996,18.730058850113462,18.28427999799289,18.357358932495117,37365700,0.0,0.0,WFC
2010-10-01,18.48889702402411,18.77390469346515,18.3573566310489,18.67890167236328,32117900,0.0,0.0,WFC
2010-10-04,18.64236440262698,18.846985131227427,18.43043564151959,18.547361373901367,25645400,0.0,0.0,WFC
2010-10-05,18.75928941107801,19.256224451455914,18.561976722598914,19.18314552307129,42788700,0.0,0.0,WFC
2010-10-06,19.16122363749764,19.358536348745552,19.095452733748335,19.21968650817871,31852900,0.0,0.0,WFC
2010-10-07,19.343915424335137,19.424302374031516,18.883520607584124,19.000446319580078,27293900,0.0,0.0,WFC
2010-10-08,19.139297731886515,19.183144529099525,18.79582720443504,18.963909149169922,29467900,0.0,0.0,WFC
2010-10-11,18.97121619187742,19.073527246043184,18.605822954956537,18.744672775268555,24637400,0.0,0.0,WFC
2010-10-12,18.591208244153623,19.02968040627257,18.488897190211638,18.98583221435547,37344700,0.0,0.0,WFC
2010-10-13,19.16852547413186,19.24891241803168,18.730053388832285,18.861595153808594,41846800,0.0,0.0,WFC
2010-10-14,18.598511830231054,18.627742557323703,17.685028958291692,18.06503677368164,117397100,0.0,0.0,WFC
2010-10-15,18.269653800044345,18.269653800044345,17.078472985581598,17.231937408447266,144985700,0.0,0.0,WFC
2010-10-18,17.312326039487953,18.18196064259871,17.275785891963903,18.174654006958008,66672500,0.0,0.0,WFC
2010-10-19,18.028500415858904,18.503511293716247,17.8238797235193,17.940805435180664,72213100,0.0,0.0,WFC
2010-10-20,17.736191375755872,18.978527777594696,17.6631124359148,18.70813751220703,101499400,0.0,0.0,WFC
2010-10-21,18.832364764579374,19.30006758727515,17.443870964303017,19.022369384765625,52489800,0.0,0.0,WFC
2010-10-22,19.022374381561864,19.18314692062917,18.817753645950518,19.08083724975586,26633200,0.0,0.0,WFC
2010-10-25,19.270836284161625,19.307375043397965,18.64966762009365,18.79582405090332,36779700,0.0,0.0,WFC
2010-10-26,18.708131826496132,18.993138072006865,18.620436846565834,18.934675216674805,30595600,0.0,0.0,WFC
2010-10-27,18.77390413443336,19.00044754176464,18.708133242971932,18.817750930786133,35352000,0.0,0.0,WFC
2010-10-28,18.883519368193195,18.97121294950231,18.715438842463776,18.95659828186035,23976400,0.0,0.0,WFC
2010-10-29,18.86890766763041,19.095451097878943,18.759289968727227,19.044296264648438,24018000,0.0,0.0,WFC
2010-11-01,19.022370146687454,19.073524970735715,18.708131777403093,18.949291229248047,24764600,0.0,0.0,WFC
2010-11-02,19.00044734928108,19.03698611356082,18.839674835039926,18.97852325439453,25101700,0.0,0.0,WFC
2010-11-03,18.846726428466578,19.40319560199702,18.810117184065202,19.3739070892334,32381400,0.05,0.0,WFC
2010-11-04,19.63018230601995,20.135398141328288,19.49838674928268,20.106109619140625,57381100,0.0,0.0,WFC
2010-11-05,20.17931884998142,21.497272323393155,20.17199672330908,21.394763946533203,79752600,0.0,0.0,WFC
2010-11-08,21.167791315243065,21.438704514575317,20.874913124446962,21.262977600097656,35734000,0.0,0.0,WFC
2010-11-09,21.26297167681462,21.31422517135694,20.53077570551747,20.59667205810547,37178800,0.0,0.0,WFC
2010-11-10,20.560070322499637,20.955456961659966,20.41363051616911,20.92616844177246,37250900,0.0,0.0,WFC
2010-11-11,20.765075466455848,20.91883592989426,20.486840251825193,20.640602111816406,23280400,0.0,0.0,WFC
2010-11-12,20.508812131828513,20.530778516734294,20.06217208128324,20.16468048095703,27040000,0.0,0.0,WFC
2010-11-15,20.22326091280391,20.655255412768636,20.18665026260113,20.24522590637207,23160300,0.0,0.0,WFC
2010-11-16,20.135395269059963,20.23058015948475,19.659468023829227,19.908414840698242,45295900,0.0,0.0,WFC
2010-11-17,19.901090634612093,20.084139663412348,19.593568210365536,19.66678810119629,31956700,0.0,0.0,WFC
2010-11-18,19.94501650039418,20.28914807670823,19.849831646197654,20.142709732055664,30765200,0.0,0.0,WFC
2010-11-19,20.0841356495043,20.17199838369882,19.835188908364863,20.128067016601562,24750900,0.0,0.0,WFC
2010-11-22,19.959665484883555,20.03288537284165,19.608211698548523,19.732685089111328,24825700,0.0,0.0,WFC
2010-11-23,19.505706764546304,19.732688597224982,19.42516613037162,19.62285804748535,30165900,0.0,0.0,WFC
2010-11-24,19.71072248999635,19.87180515720402,19.58624907552341,19.84984016418457,22038200,0.0,0.0,WFC
2010-11-26,19.710720487574218,19.879125267531204,19.51302719116211,19.51302719116211,9239700,0.0,0.0,WFC
2010-11-29,19.46176930305979,20.025560548931153,19.41051580735385,19.91573143005371,31181000,0.0,0.0,WFC
2010-11-30,19.68143287056853,20.084141610910486,19.659467878776706,19.923057556152344,33064700,0.0,0.0,WFC
2010-12-01,20.19396741417958,20.355050045699233,19.915733523999595,20.157358169555664,35338900,0.0,0.0,WFC
2010-12-02,20.230567479153788,21.072593688964844,20.201280376054353,21.072593688964844,43197400,0.0,0.0,WFC
2010-12-03,20.75775780453982,21.32886981620188,20.721147164976163,21.270294189453125,36853100,0.0,0.0,WFC
2010-12-06,21.131178119210915,21.306905000874554,21.03599185213075,21.04331398010254,27255700,0.0,0.0,WFC
2010-12-07,21.299587173750083,21.416738451847888,20.809015673008012,20.845624923706055,30166400,0.0,0.0,WFC
2010-12-08,20.904194828946245,21.504596710205078,20.86758558828975,21.504596710205078,31376300,0.0,0.0,WFC
2010-12-09,21.636395202586495,22.04642604317344,21.592463825578356,22.01713752746582,45744200,0.0,0.0,WFC
2010-12-10,22.200181551221256,22.375908416152072,22.08303030793404,22.163572311401367,40143400,0.0,0.0,WFC
2010-12-13,22.324652068533837,22.38322768269106,21.965876257251725,22.1269588470459,30423700,0.0,0.0,WFC
2010-12-14,22.061073552212296,22.214835498964675,21.716941799467204,21.83409309387207,26799300,0.0,0.0,WFC
2010-12-15,21.80480021643278,22.06106773249396,21.709613941993013,21.812122344970703,36800800,0.0,0.0,WFC
2010-12-16,21.848730456725622,22.2294727416102,21.746223455623294,21.980525970458984,34396900,0.0,0.0,WFC
2010-12-17,21.958550848388814,22.14159978983576,21.75353553120931,21.93658447265625,37736800,0.0,0.0,WFC
2010-12-20,21.980525020794484,22.17089615501182,21.85605164059673,22.039100646972656,22290400,0.0,0.0,WFC
2010-12-21,22.05374586993814,22.617535772923624,22.009813100962795,22.566282272338867,25481400,0.0,0.0,WFC
2010-12-22,22.61021571516245,23.14471994754817,22.595572854049646,22.925060272216797,29063200,0.0,0.0,WFC
2010-12-23,22.86648657603946,22.961672862382738,22.595574769023592,22.690759658813477,16954800,0.0,0.0,WFC
2010-12-27,22.632184577442057,22.94702916893789,22.53699968530662,22.851842880249023,13823700,0.0,0.0,WFC
2010-12-28,22.742008360027164,22.91773524009871,22.698076989147555,22.84451675415039,14863300,0.0,0.0,WFC
2010-12-29,22.86648328505605,22.903093927054936,22.683434264721207,22.712722778320312,12280700,0.0,0.0,WFC
2010-12-30,22.727366298808846,22.785941927556163,22.478419527494466,22.566282272338867,11675700,0.0,0.0,WFC
2010-12-31,22.493066353226723,22.720048176627838,22.449134973058577,22.690759658813477,12108400,0.0,0.0,WFC
2011-01-03,22.917733948474424,23.181324952002523,22.815226956681506,23.12274932861328,34397100,0.0,0.0,WFC
2011-01-04,23.174007415771484,23.386344965471693,23.056856145782852,23.174007415771484,30341100,0.0,0.0,WFC
2011-01-05,22.998277692641054,23.796371494488135,22.990955564594834,23.70118522644043,43245600,0.0,0.0,WFC
2011-01-06,23.54010581970215,23.774408349124144,23.518138037308137,23.54010581970215,32500000,0.0,0.0,WFC
2011-01-07,23.59867546048837,23.59867546048837,22.43448377212432,23.064172744750977,81572300,0.0,0.0,WFC
2011-01-10,22.822550370434037,23.027565762127388,22.676110605431198,22.84451675415039,30263400,0.0,0.0,WFC
2011-01-11,23.20329479947224,23.20329479947224,22.727367613794428,22.990957260131836,27230700,0.0,0.0,WFC
2011-01-12,23.232583248829023,23.54010708086252,23.152042622871022,23.437597274780273,29181000,0.0,0.0,WFC
2011-01-13,23.52545972520839,23.53278045669702,23.210615202178513,23.3497314453125,25139400,0.0,0.0,WFC
2011-01-14,23.298477184691265,24.023352475067732,23.298477184691265,23.979419708251953,34358900,0.0,0.0,WFC
2011-01-18,24.00138194035111,24.155145210005095,23.474202764599493,23.789047241210938,35506000,0.0,0.0,WFC
2011-01-19,23.474205261873784,23.99406376252059,23.174003610697305,23.291154861450195,51635900,0.0,0.0,WFC
2011-01-20,23.43027345721869,23.72315299267642,23.15203957439759,23.3497314453125,34435600,0.0,0.0,WFC
2011-01-21,23.627973952861314,23.95013930593535,23.466889879770743,23.803699493408203,35549000,0.0,0.0,WFC
2011-01-24,23.796370298137834,23.950130789718795,23.75976105630038,23.94281005859375,27472000,0.0,0.0,WFC
2011-01-25,23.811014553494037,23.950130789718795,23.422950165872994,23.94281005859375,28232300,0.0,0.0,WFC
2011-01-26,23.972105103229907,24.038002873741096,23.730479013653245,23.759767532348633,25866200,0.0,0.0,WFC
2011-01-27,23.584032046258933,23.83297879330281,23.481525055083104,23.796369552612305,23077200,0.0,0.0,WFC
2011-01-28,23.862264915690847,24.016025387070933,23.276508743929263,23.31311798095703,30345800,0.0,0.0,WFC
2011-01-31,23.41562961587392,23.7963719014702,23.232580601247225,23.737794876098633,23646400,0.0,0.0,WFC
2011-02-01,23.87691872293677,24.52125216624297,23.818341685769454,24.48464012145996,31359000,0.0,0.0,WFC
2011-02-02,24.30864791340413,24.39664223168174,23.96399953732417,23.993331909179688,24766100,0.05,0.0,WFC
2011-02-03,23.949331022001882,24.17665268583863,23.832004343280357,24.01532745361328,18950200,0.0,0.0,WFC
2011-02-04,23.98599904778827,24.117991932820093,23.73667946464917,24.022663116455078,18236900,0.0,0.0,WFC
2011-02-07,24.19865047641356,24.60196075822939,24.154651923068894,24.433303833007812,21356800,0.0,0.0,WFC
2011-02-08,24.411304943810382,25.115264984433576,24.34530851517142,25.00527000427246,39820700,0.0,0.0,WFC
2011-02-09,24.367309683944594,24.682625685893107,24.007997921819303,24.293981552124023,71834200,0.0,0.0,WFC
2011-02-10,24.24998825236319,24.51397405981499,24.01533482291482,24.198657989501953,31174900,0.0,0.0,WFC
2011-02-11,23.971328260236678,24.85127972580369,23.941998689305702,24.755950927734375,40581700,0.0,0.0,WFC
2011-02-14,24.660622198796418,24.975938129052537,24.63128983382183,24.836610794067383,17735100,0.0,0.0,WFC
2011-02-15,24.887950996654595,25.071274155196722,24.62396799807704,24.697296142578125,24395000,0.0,0.0,WFC
2011-02-16,24.71928802448816,24.77061827263353,23.817338639134032,24.418638229370117,86403000,0.0,0.0,WFC
2011-02-17,24.24265566463052,24.345316186576156,24.11066276576058,24.1619930267334,26621100,0.0,0.0,WFC
2011-02-18,24.205986967472857,24.249985529537774,23.714682278882748,23.934669494628906,43900100,0.0,0.0,WFC
2011-02-22,23.44336589640736,23.641356649431216,22.827399948546674,23.010723114013672,59143100,0.0,0.0,WFC
2011-02-23,23.040051481697965,23.23070770843714,22.585409495066934,23.09871482849121,38562600,0.0,0.0,WFC
2011-02-24,22.79073979571902,23.164719285446672,22.688079252962602,23.054725646972656,35604200,0.0,0.0,WFC
2011-02-25,23.714677974851146,24.007996074137186,23.648681542376224,23.758676528930664,46480100,0.0,0.0,WFC
2011-02-28,23.846671094528656,23.956663284969316,23.494691049998817,23.65601348876953,30717000,0.0,0.0,WFC
2011-03-01,23.714687831910894,23.802682179356257,23.172051360514693,23.208715438842773,34960100,0.0,0.0,WFC
2011-03-02,23.02538618659541,23.428697935224136,21.86678399359876,23.135379791259766,31044700,0.0,0.0,WFC
2011-03-03,23.42870392019333,23.854012260570574,23.414037729519652,23.76601791381836,31246600,0.0,0.0,WFC
2011-03-04,23.6706780647978,23.729342800209885,23.150041125814017,23.39936065673828,39680800,0.0,0.0,WFC
2011-03-07,23.604683423280402,23.736676290662594,23.179375248495703,23.26003646850586,23555800,0.0,0.0,WFC
2011-03-08,23.42869816119708,24.03732953945315,23.355368624498716,23.839340209960938,33966900,0.0,0.0,WFC
2011-03-09,23.817339050156747,24.17665359066385,23.63401593296285,24.051992416381836,24760800,0.0,0.0,WFC
2011-03-10,23.692682491000703,23.89067180843563,23.47269249565812,23.50935935974121,29742100,0.0,0.0,WFC
2011-03-11,23.436032281601932,23.81734479298176,23.42136749166019,23.744016647338867,22893500,0.0,0.0,WFC
2011-03-14,23.458029334747494,23.64135387736352,23.274706190776058,23.5386905670166,27021900,0.0,0.0,WFC
2011-03-15,23.062051388318114,23.692683432476414,22.878728249773914,23.66335105895996,42774600,0.0,0.0,WFC
2011-03-16,23.678011522898863,23.74400794871544,22.805393202714097,22.900720596313477,48008900,0.0,0.0,WFC
2011-03-17,23.186713763555513,23.245377118484242,22.460752823176055,22.996057510375977,50554400,0.0,0.0,WFC
2011-03-18,23.34803133440375,23.736675431354655,23.186707501579257,23.3406982421875,63760300,0.0,0.0,WFC
2011-03-21,23.641356125636644,23.6486878212855,23.06938595989524,23.377368927001953,32893300,0.0,0.0,WFC
2011-03-22,23.348036998597426,23.36270318658792,23.098717397337765,23.106050491333008,24174100,0.0,0.0,WFC
2011-03-23,23.054714866085536,23.11337820574909,22.673402458950275,23.062047958374023,25385700,0.0,0.0,WFC
2011-03-24,22.944469129093203,23.23109222057508,22.826880671682943,23.17964744567871,20992300,0.07,0.0,WFC
2011-03-25,23.15024108492186,23.679390349706473,23.069398524632106,23.473609924316406,23474900,0.0,0.0,WFC
2011-03-28,23.539761105469367,23.54711196111666,23.223742999120635,23.23109245300293,17533000,0.0,0.0,WFC
2011-03-29,23.231085698534812,23.231085698534812,22.973860494503008,23.216386795043945,21738700,0.0,0.0,WFC
2011-03-30,23.378064064055113,23.57649640278558,23.223729825368597,23.451557159423828,19395700,0.0,0.0,WFC
2011-03-31,23.23108706288664,23.37072244895683,23.172292847234807,23.30457878112793,21679800,0.0,0.0,WFC
2011-04-01,23.58385268016647,23.716140017638118,23.385421673958998,23.561805725097656,24788900,0.0,0.0,WFC
2011-04-04,23.503005312807446,23.613245672723803,23.164938987572864,23.370718002319336,24425900,0.0,0.0,WFC
2011-04-05,23.3486712822925,23.716135414270294,23.23108287220076,23.51035499572754,23086800,0.0,0.0,WFC
2011-04-06,23.60589232154826,23.89986471452301,23.422161678585432,23.811674118041992,34716200,0.0,0.0,WFC
2011-04-07,23.78963303962719,23.980716005785382,23.539757255556157,23.64264678955078,30236500,0.0,0.0,WFC
2011-04-08,23.885172095984878,23.90721905002104,23.19433903363768,23.238435745239258,25826800,0.0,0.0,WFC
2011-04-11,23.238433014296007,23.378068379330742,22.98120783390732,23.07674789428711,27145200,0.0,0.0,WFC
2011-04-12,22.900365273902867,23.28987777002085,22.79747576245318,23.07674789428711,22836800,0.0,0.0,WFC
2011-04-13,23.179638560101495,23.216384413294342,22.525551439506092,22.54759979248047,38994300,0.0,0.0,WFC
2011-04-14,22.452061665927268,22.481459474259257,22.121344732780337,22.158090591430664,39664600,0.0,0.0,WFC
2011-04-15,22.275676628861607,22.393265046031466,21.944959731233077,21.96700668334961,78436200,0.0,0.0,WFC
2011-04-18,21.680386621887912,21.959658781935804,21.57014764823123,21.695085525512695,44730100,0.0,0.0,WFC
2011-04-19,21.812676827514522,22.158092697660837,21.753882607026537,22.09929847717285,40190900,0.0,0.0,WFC
2011-04-20,21.5113475266038,21.62893591977284,20.732322669653644,21.187978744506836,143256200,0.0,0.0,WFC
2011-04-21,21.28352010816359,21.342315710158456,20.798467605820377,20.974851608276367,67291500,0.0,0.0,WFC
2011-04-25,20.94545623933753,21.165934165361612,20.916058434926605,20.989551544189453,32213300,0.0,0.0,WFC
2011-04-26,21.07774375493847,21.239427475433814,20.886662229754258,21.21738052368164,34600000,0.0,0.0,WFC
2011-04-27,21.26882058888506,21.592187958551005,21.202676944688804,21.5113468170166,31409900,0.0,0.0,WFC
2011-04-28,21.386408978175254,21.584839910764018,21.386408978175254,21.5113468170166,37234200,0.0,0.0,WFC
2011-04-29,21.467252380876538,21.62158803417885,21.305568679013263,21.393760681152344,27800000,0.0,0.0,WFC
2011-05-02,21.562800130134292,21.57749903507725,21.268829040098783,21.408464431762695,30771000,0.0,0.0,WFC
2011-05-03,21.232074700195376,21.702429689227763,21.20267830187325,21.68773078918457,31819500,0.0,0.0,WFC
2011-05-04,21.70249114908688,21.80580075569982,21.22283759447102,21.23759651184082,40496200,0.12,0.0,WFC
2011-05-05,21.185946804444075,21.25974000645736,20.492294364988666,20.75794792175293,53431000,0.0,0.0,WFC
2011-05-06,20.9867015816355,21.097390652392875,20.750564522023,20.846494674682617,35833900,0.0,0.0,WFC
2011-05-09,20.713665039095176,21.008836332436147,20.69890612255619,20.816974639892578,21580100,0.0,0.0,WFC
2011-05-10,20.912908934183186,21.0900117334279,20.883391097231765,21.053115844726562,25331200,0.0,0.0,WFC
2011-05-11,21.00146086281519,21.11953081006346,20.68415254188952,20.78008270263672,28456300,0.0,0.0,WFC
2011-05-12,20.824359965310567,20.868636727402258,20.440637879599596,20.83173942565918,27282700,0.0,0.0,WFC
2011-05-13,20.86863271716312,20.95718340935379,20.551323020589496,20.6103572845459,32371800,0.0,0.0,WFC
2011-05-16,20.52918463316522,20.912908052427046,20.499668204946243,20.55870246887207,32320800,0.0,0.0,WFC
2011-05-17,20.49966732108505,21.222837374868305,20.477528945259426,21.215457916259766,40162800,0.0,0.0,WFC
2011-05-18,21.193323572611213,21.355668877910812,21.00146183474956,21.340909957885742,23852500,0.0,0.0,WFC
2011-05-19,21.407321525469406,21.45897633284493,21.001459710755547,21.112150192260742,25207600,0.0,0.0,WFC
2011-05-20,21.008840164571144,21.112151191700832,20.625118116978616,20.66201400756836,29293400,0.0,0.0,WFC
2011-05-23,20.35946089205958,20.610356860585267,20.307806088096264,20.315185546875,28094700,0.0,0.0,WFC
2011-05-24,20.34470360938737,20.462772144359377,20.204496696300126,20.388978958129883,21103400,0.0,0.0,WFC
2011-05-25,20.241388290579653,20.59559379570583,20.241388290579653,20.337318420410156,20648700,0.0,0.0,WFC
2011-05-26,20.270912817876198,20.536567756690523,20.226637463903185,20.440637588500977,18407800,0.0,0.0,WFC
2011-05-27,20.462769072830845,21.016215775245954,20.448010156302715,20.76531982421875,24528200,0.0,0.0,WFC
2011-05-31,20.95718411971228,21.082632110807772,20.713667596701963,20.935047149658203,27428500,0.0,0.0,WFC
2011-06-01,20.927667702884555,20.927667702884555,19.865049507533236,19.87980842590332,46071600,0.0,0.0,WFC
2011-06-02,19.953599810180343,20.182357394327905,19.45918734928864,20.042150497436523,54133000,0.0,0.0,WFC
2011-06-03,19.680567169405997,20.167600213711737,19.636291821965816,19.82077407836914,31962700,0.0,0.0,WFC
2011-06-06,19.45919007312406,19.739602498670266,19.245189968572276,19.37801742553711,43207700,0.0,0.0,WFC
2011-06-07,19.45918561301298,19.628908921350003,18.96477319623599,19.016427993774414,43318200,0.0,0.0,WFC
2011-06-08,19.082846996681273,19.318984083734197,18.640089254713008,18.713882446289062,56130000,0.0,0.0,WFC
2011-06-09,18.80981328047023,19.459191700497414,18.70650365307468,19.348501205444336,43128400,0.0,0.0,WFC
2011-06-10,19.164011809347482,19.592010487869118,18.93525425897064,19.392770767211914,46257400,0.0,0.0,WFC
2011-06-13,19.658426696011077,19.946219942408266,19.50346229274839,19.85028839111328,41440900,0.0,0.0,WFC
2011-06-14,20.08642773527813,20.381600473935244,19.857670129558,19.9388427734375,42166500,0.0,0.0,WFC
2011-06-15,19.680562579764203,19.776492711427682,19.252563901020228,19.592010498046875,43190200,0.0,0.0,WFC
2011-06-16,19.58463847221366,19.90194679454114,19.451811012524562,19.776498794555664,39935600,0.0,0.0,WFC
2011-06-17,20.064281528492216,20.27090066144919,19.997867833616823,20.167591094970703,46513800,0.0,0.0,WFC
2011-06-20,20.049529915045312,20.160218977633576,19.754358612314004,19.88718605041504,31769100,0.0,0.0,WFC
2011-06-21,20.027397434210982,20.337327745172818,19.887191903826686,20.263534545898438,29746600,0.0,0.0,WFC
2011-06-22,20.211874361752358,20.60297722881449,20.14546064078921,20.19711685180664,31172600,0.0,0.0,WFC
2011-06-23,19.857664579613907,20.101181035704975,19.6215275806756,19.953596115112305,46395300,0.0,0.0,WFC
2011-06-24,19.975737010172196,20.23401243139564,19.717461588948755,20.115943908691406,44103400,0.0,0.0,WFC
2011-06-27,20.064289494360317,20.43325398682563,20.056910035612468,20.25615119934082,30881900,0.0,0.0,WFC
2011-06-28,20.41111924017629,20.44063708041667,20.079050574912475,20.28567123413086,35223100,0.0,0.0,WFC
2011-06-29,20.58821703312406,20.757940350608827,20.31518411499426,20.713665008544922,38475600,0.0,0.0,WFC
2011-06-30,20.75794410103705,20.88339209912315,20.558704322008076,20.706289291381836,29556000,0.0,0.0,WFC
2011-07-01,20.721043496912028,21.21545591719486,20.63249140944133,21.156421661376953,30309400,0.0,0.0,WFC
2011-07-05,21.045737999509857,21.075254431236992,20.721048805583138,20.97194480895996,31275200,0.0,0.0,WFC
2011-07-06,20.63987219949221,20.794838010695806,20.396355702590363,20.75056266784668,29465000,0.0,0.0,WFC
2011-07-07,21.17118050317879,21.355662727900665,21.09000787390511,21.1490421295166,28868600,0.0,0.0,WFC
2011-07-08,20.868632916121854,20.95718360915675,20.706287633078055,20.883390426635742,24149500,0.0,0.0,WFC
2011-07-11,20.551318685247892,20.669387188253918,20.256147427732838,20.35945701599121,28903200,0.0,0.0,WFC
2011-07-12,20.189737039903466,20.602976868399136,20.18235758131578,20.21187400817871,25518600,0.0,0.0,WFC
2011-07-13,20.38897731968668,20.73580484484811,20.270908794202576,20.315185546875,28163200,0.0,0.0,WFC
2011-07-14,20.42588008726773,20.514430801366533,20.093811390676652,20.130708694458008,27128100,0.0,0.0,WFC
2011-07-15,20.23401234445259,20.315184981270892,19.879806777861862,20.056909561157227,34385200,0.0,0.0,WFC
2011-07-18,19.946227466572847,20.108571389443206,19.45919429047347,19.83553695678711,49007200,0.0,0.0,WFC
2011-07-19,20.138081822436348,21.134284783959387,20.027391353389092,20.964561462402344,64679100,0.0,0.0,WFC
2011-07-20,21.08263060927825,21.540147193479275,21.06787169196806,21.17856216430664,44396200,0.0,0.0,WFC
2011-07-21,21.436838539548564,21.86483733624303,21.289253572664112,21.680355072021484,46306800,0.0,0.0,WFC
2011-07-22,21.687730444175333,21.71724827648202,21.38517970047036,21.50324821472168,25926400,0.0,0.0,WFC
2011-07-25,21.2966310173339,21.429458460205165,21.10476931179628,21.36304473876953,27127500,0.0,0.0,WFC
2011-07-26,21.363044385335044,21.599181432093776,21.200699110072556,21.3778018951416,22662900,0.0,0.0,WFC
2011-07-27,21.3261505895127,21.436839672397497,20.994083340858314,21.09001350402832,40987100,0.0,0.0,WFC
2011-07-28,21.14904532071622,21.370423460791354,20.809598651602624,20.883390426635742,26866800,0.0,0.0,WFC
2011-07-29,20.63987951397786,21.04574142430459,20.499673977354114,20.61774253845215,38011600,0.0,0.0,WFC
2011-08-01,20.935046440050062,20.98670124507593,20.27090921118067,20.6103572845459,31121600,0.0,0.0,WFC
2011-08-02,20.366839783796063,20.52180419137158,20.056909561157227,20.056909561157227,35543600,0.0,0.0,WFC
2011-08-03,20.0791468100106,20.316331040920254,19.856786946965176,20.234798431396484,33577000,0.12,0.0,WFC
2011-08-04,19.849375745555037,20.079147803906036,19.019229482550386,19.07852554321289,51507800,0.0,0.0,WFC
2011-08-05,19.375005598766755,19.560305962683742,18.463328147590275,18.685688018798828,58462000,0.0,0.0,WFC
2011-08-08,18.307679461149558,18.93028889701525,16.958691407620694,16.995752334594727,107020900,0.0,0.0,WFC
2011-08-09,18.048255128069403,18.426268027536867,16.78821212984453,18.366971969604492,104006100,0.0,0.0,WFC
2011-08-10,17.944482582049233,18.01119081135813,16.73632509938784,16.95868492126465,86503900,0.0,0.0,WFC
2011-08-11,17.195872651740054,18.32249767950815,17.129164414169182,18.003782272338867,73369600,0.0,0.0,WFC
2011-08-12,18.381797968687298,18.70051486301701,17.662832970446395,17.88519287109375,50527400,0.0,0.0,WFC
2011-08-15,18.203905561349732,18.574506252660683,18.196493377875978,18.544858932495117,35854000,0.0,0.0,WFC
2011-08-16,18.255789202117818,18.478150462342793,18.03342935562227,18.19649314880371,37863500,0.0,0.0,WFC
2011-08-17,18.42627620610495,18.700520065617717,18.240975766103833,18.441099166870117,30987300,0.0,0.0,WFC
2011-08-18,17.9889585441551,18.122375024034344,17.373761430945986,17.581296920776367,54908900,0.0,0.0,WFC
2011-08-19,17.32928943113612,17.751775448879023,17.06245786812905,17.31446647644043,56250900,0.0,0.0,WFC
2011-08-22,17.855547010544527,17.87778356792744,16.899396249027426,16.96610450744629,51264900,0.0,0.0,WFC
2011-08-23,17.077286408412128,17.75177978551069,16.78080462239656,17.744367599487305,45910400,0.0,0.0,WFC
2011-08-24,17.79624128677447,18.389201691449486,17.63317752892112,18.107545852661133,40816200,0.0,0.0,WFC
2011-08-25,18.79686920839774,19.182292887635278,18.040843390746005,18.352148056030273,57371600,0.0,0.0,WFC
2011-08-26,18.085319896630104,18.44109634774887,17.618363481252963,18.22614860534668,40700300,0.0,0.0,WFC
2011-08-29,18.463329976541758,18.8635794808408,18.455917791603287,18.84134292602539,28990900,0.0,0.0,WFC
2011-08-30,18.707923087353052,18.982168226235945,18.53003492175177,18.826515197753906,28148200,0.0,0.0,WFC
2011-08-31,19.04887760121193,19.41947832175123,18.90804893156272,19.34535789489746,40392400,0.0,0.0,WFC
2011-09-01,19.352769989185173,19.44912555403743,18.678276794030744,18.700511932373047,38742000,0.0,0.0,WFC
2011-09-02,18.129789639172394,18.248383190451474,17.82589710998612,17.93707847595215,42752900,0.0,0.0,WFC
2011-09-06,17.35152693796124,17.818484672929113,17.247759180737116,17.72953987121582,44239400,0.0,0.0,WFC
2011-09-07,18.122379439679364,18.54486411975199,17.87778297154627,18.500391006469727,35509900,0.0,0.0,WFC
2011-09-08,18.285444298767782,18.404036446664726,17.99637611498522,18.08531951904297,30515500,0.0,0.0,WFC
2011-09-09,17.833309720061134,17.996374973372713,17.366353344054858,17.433061599731445,46465800,0.0,0.0,WFC
2011-09-12,17.11434694710945,17.900020334030387,17.04763868264418,17.862960815429688,46200700,0.0,0.0,WFC
2011-09-13,18.040843508817762,18.463328111526536,17.907427020861395,18.055667877197266,34748500,0.0,0.0,WFC
2011-09-14,18.144609426376075,18.500385749152993,17.70730049948091,18.300262451171875,34475300,0.0,0.0,WFC
2011-09-15,18.552270096273052,18.69309733334567,18.315084479337838,18.670862197875977,31740600,0.0,0.0,WFC
2011-09-16,18.79687156898978,18.833931080620506,18.17426216023127,18.492979049682617,43811100,0.0,0.0,WFC
2011-09-19,18.040846099438692,18.20390993384005,17.825896968258473,18.03343391418457,34552600,0.0,0.0,WFC
2011-09-20,18.107552260592414,18.656041182449272,17.966723584496986,18.28544044494629,36200400,0.0,0.0,WFC
2011-09-21,18.381796618743376,18.641217426266824,17.559063915785153,17.57388687133789,66061000,0.0,0.0,WFC
2011-09-22,17.12916760207131,17.35152749287122,16.8252750915709,17.17363929748535,61762900,0.0,0.0,WFC
2011-09-23,17.003154475714272,17.722119069538802,16.980917932665648,17.55905532836914,46958000,0.0,0.0,WFC
2011-09-26,17.759183545582985,18.44850102255101,17.603531941740847,18.37438201904297,46418300,0.0,0.0,WFC
2011-09-27,18.819107916343416,19.271241338604217,18.329914980077234,18.500391006469727,50743100,0.0,0.0,WFC
2011-09-28,18.50039086691746,18.774636075170037,18.092730561013987,18.122379302978516,40277800,0.0,0.0,WFC
2011-09-29,18.58932938789947,18.730158037110723,17.870364603336647,18.522621154785156,42439200,0.0,0.0,WFC
2011-09-30,18.218730984133252,18.581919513018434,17.870366823054695,17.877779006958008,40205200,0.0,0.0,WFC
2011-10-03,17.82589181939836,18.152020807731223,17.166223073348842,17.181047439575195,44760600,0.0,0.0,WFC
2011-10-04,16.980918068496404,17.988952075100453,16.758558291147384,17.94447898864746,61000000,0.0,0.0,WFC
2011-10-05,17.877784980474516,18.31509266705169,17.499771957476955,18.159440994262695,41426500,0.0,0.0,WFC
2011-10-06,18.10013746233108,18.870986149878647,17.744361145001434,18.804279327392578,41514800,0.0,0.0,WFC
2011-10-07,18.908047950983004,18.91546013465694,18.189083099365234,18.189083099365234,42315700,0.0,0.0,WFC
2011-10-10,18.744987677888435,19.37500785767583,18.700514567477992,19.367595672607422,38967600,0.0,0.0,WFC
2011-10-11,19.21194823348263,19.50842863247942,19.02664780739338,19.308303833007812,33668700,0.0,0.0,WFC
2011-10-12,19.538070968662836,20.412688919032476,19.456538355541383,19.975379943847656,54694200,0.0,0.0,WFC
2011-10-13,19.701133784772708,19.701133784772708,19.01922841844113,19.36018180847168,41606200,0.0,0.0,WFC
2011-10-14,19.70854338219949,19.856784212972165,19.122993655749692,19.767839431762695,39545600,0.0,0.0,WFC
2011-10-17,18.70792261444412,18.826514721847136,18.011192923154308,18.10013771057129,77765400,0.0,0.0,WFC
2011-10-18,18.418857259481882,19.419479551024335,18.17426082499192,19.167470932006836,69467900,0.0,0.0,WFC
2011-10-19,19.115583517512622,19.404651591958295,18.60415418956849,18.663450241088867,42878200,0.0,0.0,WFC
2011-10-20,18.70792810249375,19.204533228073636,18.4707438181087,19.093353271484375,35366200,0.0,0.0,WFC
2011-10-21,19.33794518377647,19.62701328552501,19.204528701821907,19.501008987426758,49625100,0.0,0.0,WFC
2011-10-24,19.286065020276713,19.819729637018334,19.263828464430475,19.656665802001953,37427600,0.0,0.0,WFC
2011-10-25,19.419480485626604,19.419480485626604,18.84134278822188,18.937698364257812,39377100,0.0,0.0,WFC
2011-10-26,19.300890227186215,19.337949741472688,18.811695873479742,19.093353271484375,53053100,0.0,0.0,WFC
2011-10-27,19.982792711372127,20.383042218989836,19.52324855121446,20.0643253326416,66818300,0.0,0.0,WFC
2011-10-28,19.8790247228109,20.279274225877828,19.61219172076628,20.07173728942871,36000200,0.0,0.0,WFC
2011-10-31,19.545482199232072,19.760429877342073,19.18229225690119,19.20452880859375,41518700,0.0,0.0,WFC
2011-11-01,18.366968380629487,18.982165391614625,18.18908024159238,18.359556198120117,52809300,0.0,0.0,WFC
2011-11-02,18.709616600412826,18.947955430125738,18.55320585553155,18.866025924682617,39223800,0.12,0.0,WFC
2011-11-03,19.082024628693787,19.290570429924408,18.65748191773489,19.22353744506836,30803800,0.0,0.0,WFC
2011-11-04,18.992642627815826,19.193741537762968,18.754303810372434,18.918161392211914,27170400,0.0,0.0,WFC
2011-11-07,18.918166971443817,19.044784683128377,18.66493154807469,18.933063507080078,24587900,0.0,0.0,WFC
2011-11-08,19.022438595468472,19.834279783642685,19.01499032870942,19.75979995727539,42714300,0.0,0.0,WFC
2011-11-09,19.30547210500782,19.40229676413077,18.493629223900523,18.6127986907959,46938400,0.0,0.0,WFC
2011-11-10,18.78410539114681,18.94051621073504,18.508526520395016,18.679832458496094,30472200,0.0,0.0,WFC
2011-11-11,18.947956965546037,19.178847547963873,18.918163899111946,19.104366302490234,25833300,0.0,0.0,WFC
2011-11-14,19.014995396914436,19.044787051279616,18.583005754029298,18.694726943969727,29278000,0.0,0.0,WFC
2011-11-15,18.612796973164617,18.97030534085905,18.48617924869634,18.836240768432617,28387500,0.0,0.0,WFC
2011-11-16,18.657481993166922,19.044783369320687,18.486176107002972,18.57555389404297,36164200,0.0,0.0,WFC
2011-11-17,18.568103254276355,18.82133862781989,18.225490105112698,18.374452590942383,39889500,0.0,0.0,WFC
2011-11-18,18.434039072912704,18.672377936658556,18.337214442245337,18.38935089111328,31119100,0.0,0.0,WFC
2011-11-21,18.009504318237305,18.218050189254885,17.897783112961857,18.009504318237305,32214100,0.0,0.0,WFC
2011-11-22,17.972264367742756,18.210604756983326,17.808406681963906,17.82330322265625,37236500,0.0,0.0,WFC
2011-11-23,17.584961988771525,17.651994992639718,17.272141777590676,17.287036895751953,35928800,0.0,0.0,WFC
2011-11-25,17.361518332821976,17.696683355325394,17.339174945063178,17.510480880737305,14601000,0.0,0.0,WFC
2011-11-28,18.307422405898315,18.307422405898315,17.7860550466078,17.987154006958008,32648300,0.0,0.0,WFC
2011-11-29,18.024396333582242,18.203150501277456,17.80095255850434,17.93501853942871,27692400,0.0,0.0,WFC
2011-11-30,18.63514372989674,19.3278171527072,18.463837796684636,19.260784149169922,51597900,0.0,0.0,WFC
2011-12-01,19.0820229934189,19.26077713084574,18.86602752281255,19.0969181060791,25810900,0.0,0.0,WFC
2011-12-02,19.20864661140543,19.715116113402207,19.163956997802035,19.417192459106445,36436400,0.0,0.0,WFC
2011-12-05,19.677871310220016,20.065172675079225,19.52890880970134,19.916210174560547,34440500,0.0,0.0,WFC
2011-12-06,19.767252112315745,20.020486128877415,19.700219118910276,19.849180221557617,22431700,0.0,0.0,WFC
2011-12-07,19.70021952552792,20.266273716127987,19.625738262360983,20.147104263305664,28082500,0.0,0.0,WFC
2011-12-08,19.878971862044786,19.998141303820486,19.409740942017642,19.506567001342773,29405800,0.0,0.0,WFC
2011-12-09,19.61083806519907,20.117308855466018,19.58104641786013,20.042827606201172,28607100,0.0,0.0,WFC
2011-12-12,19.834281040907314,19.87152237706326,19.41718802024274,19.58104705810547,24916000,0.0,0.0,WFC
2011-12-13,19.774693157724958,19.797037955841105,18.970298893493027,19.20863914489746,31517500,0.0,0.0,WFC
2011-12-14,18.910722592783664,19.51401962461917,18.910722592783664,19.260784149169922,33698900,0.0,0.0,WFC
2011-12-15,19.469323626048844,19.595941322265414,19.037334089653196,19.074575424194336,32596500,0.0,0.0,WFC
2011-12-16,19.223540965778845,19.446984763092377,19.178852774560934,19.35015869140625,43828300,0.0,0.0,WFC
2011-12-19,19.469323378618956,19.51401297950038,18.754306811855844,18.851131439208984,28759600,0.0,0.0,WFC
2011-12-20,19.253333109549168,19.878973438801932,19.156507042544,19.737459182739258,37826000,0.0,0.0,WFC
2011-12-21,19.78214408350082,20.027931213378906,19.521460419542446,20.027931213378906,28577200,0.0,0.0,WFC
2011-12-22,20.042827080984903,20.37054371679551,20.03537881419243,20.296062469482422,38975400,0.0,0.0,WFC
2011-12-23,20.415232792897708,20.832325807299586,20.400336258659003,20.698261260986328,27457800,0.0,0.0,WFC
2011-12-27,20.638673549875335,20.77273950657479,20.564193725585938,20.564193725585938,14090300,0.0,0.0,WFC
2011-12-28,20.549309557071872,20.64613423927478,20.169456258068273,20.191801071166992,18306800,0.0,0.0,WFC
2011-12-29,20.296067313053555,20.728056945828016,20.273722507343646,20.675920486450195,20122000,0.0,0.0,WFC
2011-12-30,20.586535543461544,20.690809846659985,20.51950257019522,20.52695083618164,15071100,0.0,0.0,WFC
2012-01-03,20.809983524813997,21.24197309625312,20.809983524813997,21.17494010925293,40071200,0.0,0.0,WFC
2012-01-04,21.10791280970568,21.36859656043432,20.884470406573797,21.271770477294922,27519200,0.0,0.0,WFC
2012-01-05,21.2270784611706,22.031472956558904,21.040876018528753,21.6143798828125,48435100,0.0,0.0,WFC
2012-01-06,21.48031115251133,21.65906530413664,21.19728268031247,21.554792404174805,32303500,0.0,0.0,WFC
2012-01-09,21.71120438688992,21.882510292060832,21.599483206152886,21.822925567626953,25720100,0.0,0.0,WFC
2012-01-10,22.1506429011037,22.195331090564864,21.733549818038348,21.904855728149414,29860100,0.0,0.0,WFC
2012-01-11,21.785689473348345,22.105957956151922,21.659071734114658,22.061269760131836,30908700,0.0,0.0,WFC
2012-01-12,22.172981445634633,22.299599130534236,21.77823185845081,22.05381202697754,29175900,0.0,0.0,WFC
2012-01-13,21.524996488651606,22.07615540509354,21.487756578050586,22.05381202697754,43051100,0.0,0.0,WFC
2012-01-17,22.321949079586734,22.858213042015784,22.091058440547528,22.217676162719727,50040400,0.0,0.0,WFC
2012-01-18,22.053816979766076,22.560287833106383,21.971887453310483,22.523046493530273,42454000,0.0,0.0,WFC
2012-01-19,22.61242158477984,22.672006300366927,22.336841387307274,22.456010818481445,33156700,0.0,0.0,WFC
2012-01-20,22.441119055370528,22.768835771077278,22.314501330252828,22.746492385864258,37193700,0.0,0.0,WFC
2012-01-23,22.74649480794477,23.118899754343772,22.672013534542543,23.029521942138672,35272800,0.0,0.0,WFC
2012-01-24,22.67945938900124,22.828420499331962,22.463463861195525,22.746492385864258,28199400,0.0,0.0,WFC
2012-01-25,22.58262816220899,22.64966114376873,22.31449623597004,22.49325180053711,34173600,0.0,0.0,WFC
2012-01-26,22.657114539634904,22.657114539634904,21.45052201903135,21.6367244720459,54668100,0.0,0.0,WFC
2012-01-27,21.510105607160124,22.158090734377545,21.428177498191964,22.046369552612305,31196200,0.0,0.0,WFC
2012-01-30,21.78568458557129,21.845269307100516,21.621826956518873,21.78568458557129,22814800,0.0,0.0,WFC
2012-01-31,21.971893085041504,21.971893085041504,21.58459157784977,21.755897521972656,31203600,0.0,0.0,WFC
2012-02-01,22.15974702227415,22.503773545982337,22.099916508560376,22.354196548461914,34825000,0.12,0.0,WFC
2012-02-02,22.421509600323514,22.511256098322217,22.204624488740944,22.361679077148438,24624600,0.0,0.0,WFC
2012-02-03,22.765536226463325,22.967463351060086,22.698226709440338,22.90763282775879,46264900,0.0,0.0,WFC
2012-02-06,22.743095056639838,22.817883553610507,22.49629401516698,22.586040496826172,23337800,0.0,0.0,WFC
2012-02-07,22.45142313806875,22.80292724525788,22.436465152280608,22.63091468811035,25436800,0.0,0.0,WFC
2012-02-08,22.660831740831902,22.907632827758786,22.53369170050762,22.90763282775879,31639700,0.0,0.0,WFC
2012-02-09,23.019812439473633,23.072163960257484,22.65335036751471,22.870235443115234,29693200,0.0,0.0,WFC
2012-02-10,22.571084171429817,22.735617735683274,22.496295668961142,22.63091468811035,20049600,0.0,0.0,WFC
2012-02-13,22.885192314869617,22.997374343445706,22.773010286293527,22.900150299072266,21961600,0.0,0.0,WFC
2012-02-14,22.68326460712581,22.832841601481054,22.45142154969993,22.750574111938477,23510000,0.0,0.0,WFC
2012-02-15,22.90015189044586,22.974938963712418,22.473857869877747,22.5636043548584,27140300,0.0,0.0,WFC
2012-02-16,22.630914953015097,22.787969526212876,22.39907187647321,22.71318244934082,26470800,0.0,0.0,WFC
2012-02-17,22.85528128512079,23.281573941708004,22.690747702754273,23.251659393310547,35720000,0.0,0.0,WFC
2012-02-21,23.289045566078634,23.535846574769327,23.042244557387942,23.15442657470703,29334500,0.0,0.0,WFC
2012-02-22,23.034770637986828,23.117038134488514,22.810406553946667,22.877716064453125,29074600,0.0,0.0,WFC
2012-02-23,22.922584533691406,22.945021508708027,22.645868974178757,22.922584533691406,23327000,0.0,0.0,WFC
2012-02-24,22.765536442739492,22.93007002676311,22.451425835805527,22.571086883544922,21604000,0.0,0.0,WFC
2012-02-27,22.473863255417115,23.28157610791185,22.428990715409718,23.206789016723633,36242500,0.0,0.0,WFC
2012-02-28,23.1918215869254,23.52836763968753,23.169384612819226,23.4610595703125,30734800,0.0,0.0,WFC
2012-02-29,23.498455811814203,23.85743888010011,23.348878820125783,23.40123176574707,33656100,0.0,0.0,WFC
2012-03-01,23.603163806004748,23.745261835297487,23.416193240372483,23.588207244873047,27218100,0.0,0.0,WFC
2012-03-02,23.662989642938552,23.722820155031155,23.348879097834416,23.393753051757812,22716500,0.0,0.0,WFC
2012-03-05,23.296528115324456,23.304007107817505,22.95998201196916,23.161909103393555,21920400,0.0,0.0,WFC
2012-03-06,22.81788657935103,22.855280119558927,22.428987484711563,22.518733978271484,29644200,0.0,0.0,WFC
2012-03-07,22.638390457934428,22.989894515079268,22.571080957942804,22.743093490600586,23750200,0.0,0.0,WFC
2012-03-08,23.07964765163899,23.550812861092815,22.967464168294143,23.483503341674805,28442300,0.0,0.0,WFC
2012-03-09,23.550809876658885,23.857441458940375,23.401234295274197,23.677949905395508,24042700,0.0,0.0,WFC
2012-03-12,23.633072971862383,23.670466503625825,23.244173965046638,23.565763473510742,23677000,0.0,0.0,WFC
2012-03-13,23.812568521146968,25.11388475848479,23.692907487490714,24.92691421508789,62583800,0.0,0.0,WFC
2012-03-14,24.956829071044922,25.016661018510007,24.38843983484803,24.956829071044922,53025300,0.0,0.0,WFC
2012-03-15,25.054048421687185,25.48782137571439,24.762374881607172,25.4803409576416,45009500,0.0,0.0,WFC
2012-03-16,25.52522282906738,25.52522282906738,25.15128169179456,25.34572982788086,39886400,0.0,0.0,WFC
2012-03-19,25.23354301292064,25.86924164927667,25.06152762135046,25.614961624145508,36658700,0.0,0.0,WFC
2012-03-20,25.472862644691386,25.809407271553685,25.233540626372488,25.66731071472168,34156500,0.0,0.0,WFC
2012-03-21,25.80193816221075,25.816896149875507,25.427997029425086,25.442955017089844,29346900,0.0,0.0,WFC
2012-03-22,25.105413472390914,25.35294070106031,24.925391328613706,25.022903442382812,30065600,0.1,0.0,WFC
2012-03-23,25.04539990281045,25.270425389485023,24.970392361037025,25.15041160583496,25470400,0.0,0.0,WFC
2012-03-26,25.43545450728621,25.795495986938477,25.270434422770673,25.795495986938477,27043300,0.0,0.0,WFC
2012-03-27,25.80299231598602,25.855498173763728,25.442948060717967,25.50295639038086,24979000,0.0,0.0,WFC
2012-03-28,25.427949915383856,25.855499267578125,25.427949915383856,25.855499267578125,29445400,0.0,0.0,WFC
2012-03-29,25.772982812761768,25.81798618933268,25.157911867890842,25.457944869995117,31559500,0.0,0.0,WFC
2012-03-30,25.637981088603123,25.637981088603123,25.322942972229157,25.60797691345215,26891100,0.0,0.0,WFC
2012-04-02,25.37544905876046,25.945514020303147,25.352944499070187,25.88550567626953,24606100,0.0,0.0,WFC
2012-04-03,25.765483052621022,25.90800139036411,25.5929634144596,25.862995147705078,26009000,0.0,0.0,WFC
2012-04-04,25.57047195071859,25.720489958227382,25.21793006227626,25.412954330444336,26655600,0.0,0.0,WFC
2012-04-05,25.337935980021715,25.517958105061474,25.22542465555715,25.300432205200195,19563100,0.0,0.0,WFC
2012-04-09,24.797882177948903,25.300439194367243,24.737873832573662,25.06791114807129,22890500,0.0,0.0,WFC
2012-04-10,25.03789986813107,25.255422880123046,24.640351891688653,24.69285774230957,34674500,0.0,0.0,WFC
2012-04-11,25.135414090293207,25.43545003458792,25.06790614589464,25.217924118041992,29673900,0.0,0.0,WFC
2012-04-12,25.270427627169212,25.62296939970118,25.14291422259228,25.51795768737793,31469600,0.0,0.0,WFC
2012-04-13,25.30043723691126,25.405448971837934,24.60285601334958,24.63286018371582,41933000,0.0,0.0,WFC
2012-04-16,24.887884840707994,25.09040865740345,24.505338899831706,24.86538314819336,30129800,0.0,0.0,WFC
2012-04-17,24.992900030577093,25.337939383448635,24.962895862147832,25.26293182373047,23724900,0.0,0.0,WFC
2012-04-18,25.097917499892322,25.307943865585855,25.000408222224383,25.18042755126953,19718500,0.0,0.0,WFC
2012-04-19,25.277932075647573,25.330437935915345,24.670360585092936,24.842880249023438,25355100,0.0,0.0,WFC
2012-04-20,24.9253863819765,24.992894314826117,24.677859202430806,24.752866744995117,23511000,0.0,0.0,WFC
2012-04-23,24.490336759147336,24.58034637982887,24.325316736769313,24.52033805847168,27262400,0.0,0.0,WFC
2012-04-24,24.602854117868773,24.865386296314334,24.557850727141787,24.805377960205078,19978200,0.0,0.0,WFC
2012-04-25,24.977903773647235,25.10542008854335,24.65536604117287,25.01540756225586,20489000,0.0,0.0,WFC
2012-04-26,24.977894564813,25.39044181012154,24.910386625663993,25.38294219970703,23413600,0.0,0.0,WFC
2012-04-27,25.435456083005445,25.487961956539415,25.210430501951922,25.3304443359375,19831300,0.0,0.0,WFC
2012-04-30,25.315441280711052,25.330443367054862,24.827883489281124,25.06791114807129,20361100,0.0,0.0,WFC
2012-05-01,25.165415557598447,25.727980746790756,25.052904236572694,25.570463180541992,25970300,0.0,0.0,WFC
2012-05-02,25.44212820891911,25.510074659041496,25.13259502057071,25.343982696533203,19156700,0.22,0.0,WFC
2012-05-03,25.510066970837812,25.510066970837812,25.09484006964892,25.20808219909668,18647800,0.0,0.0,WFC
2012-05-04,25.094843890983515,25.230733891025526,24.732460957735956,24.93630027770996,27154400,0.0,0.0,WFC
2012-05-07,24.755113525376064,25.404378915639114,24.747562320406004,25.291133880615234,28211800,0.0,0.0,WFC
2012-05-08,25.0117959953541,25.328877437593846,24.800405487253826,25.02689552307129,27069000,0.0,0.0,WFC
2012-05-09,24.770208354987975,24.84570311071745,24.505970950054156,24.634315490722656,27552100,0.0,0.0,WFC
2012-05-10,25.07219792042056,25.291136810864682,24.83816237816896,25.057098388671875,24902300,0.0,0.0,WFC
2012-05-11,24.664513553868357,25.366625779693752,24.551271411602016,25.147689819335938,36384600,0.0,0.0,WFC
2012-05-14,24.823059129585616,24.875906042822475,24.44557953221332,24.46822738647461,29761900,0.0,0.0,WFC
2012-05-15,24.370076161567376,24.702259972405162,24.234183308031934,24.339879989624023,28625200,0.0,0.0,WFC
2012-05-16,24.490869960526258,24.70226044783887,24.13603973388672,24.13603973388672,28226100,0.0,0.0,WFC
2012-05-17,24.12849574118052,24.27948815967411,23.728368280122222,23.735918045043945,46067300,0.0,0.0,WFC
2012-05-18,23.75856013372426,23.841606087737834,23.139493960092366,23.35843276977539,53576100,0.0,0.0,WFC
2012-05-21,23.350884924912386,23.758562085440502,23.04135181266894,23.70571517944336,30865500,0.0,0.0,WFC
2012-05-22,23.81896730750096,24.498431885630943,23.68307583184567,23.909563064575195,30213700,0.0,0.0,WFC
2012-05-23,23.781210434459048,24.007697576894415,23.38863137693229,23.962400436401367,30587800,0.0,0.0,WFC
2012-05-24,24.045448308365806,24.068096160430407,23.675518511618055,24.015249252319336,23765100,0.0,0.0,WFC
2012-05-25,24.022800438625524,24.27193834584861,23.985053056302814,24.05299949645996,18935300,0.0,0.0,WFC
2012-05-29,24.234189961872662,24.354983322631906,24.128496131200937,24.347434997558594,20188900,0.0,0.0,WFC
2012-05-30,24.08319616349521,24.188891421772443,23.79631232524621,23.932205200195312,28690800,0.0,0.0,WFC
2012-05-31,23.98505588782448,24.4304819636742,23.690620799060955,24.196443557739258,31879900,0.0,0.0,WFC
2012-06-01,23.70571863382777,23.751015782715974,22.648776039957184,22.769569396972656,50519500,0.0,0.0,WFC
2012-06-04,22.950759446117072,22.950759446117072,22.497783637055008,22.6865234375,37812600,0.0,0.0,WFC
2012-06-05,22.611032362840174,23.08665610406834,22.550635674430712,23.041358947753906,24618000,0.0,0.0,WFC
2012-06-06,23.230093475571756,23.388634206462562,22.92811010246762,23.381084442138672,38718500,0.0,0.0,WFC
2012-06-07,23.743466396031813,23.841610454228828,23.509428017306792,23.539627075195312,28903000,0.0,0.0,WFC
2012-06-08,23.554728482361458,23.728368759155273,23.222546018951647,23.728368759155273,33927700,0.0,0.0,WFC
2012-06-11,23.894457867121563,24.113396721497974,23.37353562737284,23.39618492126465,26855900,0.0,0.0,WFC
2012-06-12,23.49433277087664,23.690620911019277,22.905464030537196,23.630224227905273,32437000,0.0,0.0,WFC
2012-06-13,23.600028920732022,24.13604935593876,23.5169829333172,23.841615676879883,30209200,0.0,0.0,WFC
2012-06-14,23.894459206422137,24.347435029855397,23.803864905717752,24.18134307861328,31265500,0.0,0.0,WFC
2012-06-15,24.27194114473259,24.573923118077555,24.00015535276342,24.498428344726562,39130600,0.0,0.0,WFC
2012-06-18,24.40782929827038,24.70981121294019,24.309683808030982,24.505971908569336,20933700,0.0,0.0,WFC
2012-06-19,24.694724935316625,25.07975589903236,24.536184129053435,24.883464813232422,30620000,0.0,0.0,WFC
2012-06-20,24.928752912897995,25.034446739188716,24.400280901503617,24.770212173461914,29557200,0.0,0.0,WFC
2012-06-21,24.845701165698465,25.019341394235283,24.36252785499774,24.415374755859375,31928700,0.0,0.0,WFC
2012-06-22,24.66451546723042,24.981599826043357,24.57392117040134,24.770212173461914,34799300,0.0,0.0,WFC
2012-06-25,24.505971897930447,24.53617095336645,24.158691400237736,24.324783325195312,20175000,0.0,0.0,WFC
2012-06-26,24.38518617543791,24.513530761172806,24.196446339900554,24.4078369140625,19167400,0.0,0.0,WFC
2012-06-27,24.604125942866347,24.80041411156796,24.453133493127407,24.709819793701172,17072700,0.0,0.0,WFC
2012-06-28,24.468223575341177,24.573917385352186,24.09074403676452,24.52107048034668,29698300,0.0,0.0,WFC
2012-06-29,25.0344410242151,25.24582862854004,24.89099984698605,25.24582862854004,30171700,0.0,0.0,WFC
2012-07-02,25.419476520866002,25.464775112565878,25.07219595765655,25.328882217407227,19654600,0.0,0.0,WFC
2012-07-03,25.313778874902418,25.45722295371399,25.17788600020753,25.276031494140625,13531500,0.0,0.0,WFC
2012-07-05,25.109939565296013,25.185437206767467,24.91365145735133,25.011796951293945,21927700,0.0,0.0,WFC
2012-07-06,24.724909794815453,25.049542428623525,24.626764308330603,24.951396942138672,17957600,0.0,0.0,WFC
2012-07-09,24.943846734308682,25.343974093685933,24.943846734308682,25.109935760498047,19708700,0.0,0.0,WFC
2012-07-10,25.28358367330943,25.427024877712213,24.724912624692116,24.89100456237793,21878400,0.0,0.0,WFC
2012-07-11,24.80040455087581,25.200534820422803,24.74000932222779,25.117488861083984,23266200,0.0,0.0,WFC
2012-07-12,24.928750048023225,25.004244806714617,24.641864781103152,24.800405502319336,29956400,0.0,0.0,WFC
2012-07-13,24.694712601296256,25.638411519535403,24.6569652205548,25.600664138793945,39549100,0.0,0.0,WFC
2012-07-16,25.60821245686114,25.932845115053258,25.46477125810158,25.6837100982666,29744300,0.0,0.0,WFC
2012-07-17,25.81205368478699,25.857352272992802,25.366627647222472,25.759206771850586,21711600,0.0,0.0,WFC
2012-07-18,25.60821151278844,25.766755113924766,25.472321523149425,25.638410568237305,23349300,0.0,0.0,WFC
2012-07-19,25.698812469451262,25.925299658841457,25.638414349645416,25.781858444213867,22687500,0.0,0.0,WFC
2012-07-20,25.638413430572445,25.887551345929293,25.487421016411393,25.525171279907227,24839600,0.0,0.0,WFC
2012-07-23,25.079739602259064,25.44966790982771,25.011793175163174,25.24582862854004,26461300,0.0,0.0,WFC
2012-07-24,25.291131029629625,25.33642961452099,24.87590408125068,25.087291717529297,24927200,0.0,0.0,WFC
2012-07-25,25.18543721199365,25.223184592766938,24.90610313834268,25.03444480895996,25968000,0.0,0.0,WFC
2012-07-26,25.419479342226445,25.547823926317506,25.125045663349894,25.502525329589844,22763000,0.0,0.0,WFC
2012-07-27,25.57046790483427,25.95549871874438,25.55536837488281,25.781858444213867,25808800,0.0,0.0,WFC
2012-07-30,25.7818546416492,25.97059441829395,25.600663188896444,25.638410568237305,19113800,0.0,0.0,WFC
2012-07-31,25.532719604641937,25.668612489392807,25.457224837531793,25.525171279907227,19404300,0.0,0.0,WFC
2012-08-01,25.608211500682128,26.272576320540896,25.5176172143188,25.593114852905273,41075800,0.0,0.0,WFC
2012-08-02,25.38927844128485,25.427025824908505,24.792859988232514,25.170339584350586,31475000,0.0,0.0,WFC
2012-08-03,25.487426603777045,25.97060301100272,25.38928396100713,25.925304412841797,25066400,0.0,0.0,WFC
2012-08-06,26.008343725622098,26.09138969429242,25.661063202037706,25.668611526489258,16959300,0.0,0.0,WFC
2012-08-07,25.81960202099006,25.97059441829395,25.63841056823731,25.638410568237305,16834400,0.0,0.0,WFC
2012-08-08,25.554828882376878,25.797990856326347,25.440845438898332,25.69920539855957,12444400,0.22,0.0,WFC
2012-08-09,25.646013897928086,25.820786385534305,25.539630896665113,25.69920539855957,13025800,0.0,0.0,WFC
2012-08-10,25.5168376002689,25.797993113740173,25.486441626185616,25.70680809020996,11408500,0.0,0.0,WFC
2012-08-13,25.577621895394234,25.858777356604843,25.524430399995445,25.805585861206055,11385300,0.0,0.0,WFC
2012-08-14,25.919569293471515,26.00315675730364,25.7371963815906,25.805585861206055,13204200,0.0,0.0,WFC
2012-08-15,25.84358735400328,25.972768810382213,25.7068112512491,25.813194274902344,13766800,0.0,0.0,WFC
2012-08-16,25.927173955248914,25.987965908807713,25.668813950063814,25.93477439880371,19596400,0.0,0.0,WFC
2012-08-17,26.025949092341907,26.063942598864354,25.805582696305496,25.858774185180664,16927000,0.0,0.0,WFC
2012-08-20,25.85878134926115,25.98796278568919,25.82078783221274,25.889177322387695,18147600,0.0,0.0,WFC
2012-08-21,26.01835949769012,26.41349556467818,25.91197358872605,26.12474250793457,25280400,0.0,0.0,WFC
2012-08-22,26.08675225092014,26.18553483065618,25.919577271797625,25.972768783569336,18862500,0.0,0.0,WFC
2012-08-23,25.957561347689484,26.003155297780356,25.744795378036606,25.775188446044922,17540600,0.0,0.0,WFC
2012-08-24,25.68400775924687,25.99555922374147,25.653611787413393,25.86638069152832,16677900,0.0,0.0,WFC
2012-08-27,25.90437252817513,26.02595350891032,25.77519110561442,25.851181030273438,13813000,0.0,0.0,WFC
2012-08-28,25.744790521131243,26.025945913519354,25.73719008152383,25.911962509155273,15936800,0.0,0.0,WFC
2012-08-29,25.911972852872832,26.048751833222738,25.889177322387695,25.889177322387695,12663500,0.0,0.0,WFC
2012-08-30,25.79798981637301,25.873976843149308,25.691606819398487,25.737197875976562,15140400,0.0,0.0,WFC
2012-08-31,25.84357620282794,25.987955585819464,25.782787172135777,25.858774185180664,16880100,0.0,0.0,WFC
2012-09-04,25.86637865522905,25.934768137110787,25.63081424014325,25.684005737304688,14717600,0.0,0.0,WFC
2012-09-05,25.71439891965969,25.843577427702254,25.638411903013345,25.64600944519043,16121100,0.0,0.0,WFC
2012-09-06,25.820780656669523,26.55786685719596,25.813183114859,26.474279403686523,32143100,0.0,0.0,WFC
2012-09-07,26.56547118453891,26.74024367800989,26.398299133538554,26.595867156982422,26773900,0.0,0.0,WFC
2012-09-10,26.497083037036226,26.550274542144894,26.284317016601566,26.284317016601562,19616700,0.0,0.0,WFC
2012-09-11,25.934762727068197,26.26910962501172,25.911964305383954,25.949960708618164,28575700,0.0,0.0,WFC
2012-09-12,26.06395350543765,26.177936971420596,25.995564005591874,26.08675193786621,17146900,0.0,0.0,WFC
2012-09-13,26.094345150656086,27.074593519463857,25.942368187483495,27.01380157470703,35911100,0.0,0.0,WFC
2012-09-14,27.051791383914452,27.811673196931363,27.02139831442027,27.454530715942383,42005000,0.0,0.0,WFC
2012-09-17,27.104991022409614,27.348155942453563,26.83143592246007,26.846633911132812,32266600,0.0,0.0,WFC
2012-09-18,26.854221190580446,27.036594086217967,26.72503978560411,26.930208206176758,26286600,0.0,0.0,WFC
2012-09-19,27.08978723721696,27.23416373518635,26.778235816226896,26.78583335876465,25755900,0.0,0.0,WFC
2012-09-20,26.62625420897978,26.770630681637595,26.481874837603456,26.747835159301758,22245300,0.0,0.0,WFC
2012-09-21,26.915011192642964,26.937809617118003,26.443885301797046,26.57306671142578,67455100,0.0,0.0,WFC
2012-09-24,26.42108882665578,26.76303619430476,26.39069286092724,26.67184829711914,19628400,0.0,0.0,WFC
2012-09-25,26.76303952502973,27.066990523986053,26.383098602294925,26.383098602294922,31518500,0.0,0.0,WFC
2012-09-26,26.43628295825798,26.44388049922388,26.05634213815787,26.15512466430664,27547000,0.0,0.0,WFC
2012-09-27,26.22351984395125,26.466684688640175,26.13233483889231,26.413490295410156,21591600,0.0,0.0,WFC
2012-09-28,26.29951379269915,26.48948427326043,26.193130787379946,26.23872184753418,21511200,0.0,0.0,WFC
2012-10-01,26.42868988922446,26.68704983489482,26.299511365748895,26.367900848388672,18903300,0.0,0.0,WFC
2012-10-02,26.46669162985777,26.497084707035683,26.246325152679027,26.459091186523438,21664000,0.0,0.0,WFC
2012-10-03,26.580663296483582,27.09738311895125,26.5198742637503,26.930208206176758,29288800,0.0,0.0,WFC
2012-10-04,27.066993987559314,27.355749937429213,26.937815448684624,27.33295440673828,29103700,0.0,0.0,WFC
2012-10-05,27.431735115292216,27.61410804463309,27.08219014100152,27.234167098999023,26200600,0.0,0.0,WFC
2012-10-08,27.120176511975536,27.310146934751625,27.074585465689186,27.203763961791992,13882500,0.0,0.0,WFC
2012-10-09,27.24936005108605,27.31774952461585,26.57306575657964,26.67184829711914,40870500,0.0,0.0,WFC
2012-10-10,26.68705004402348,26.877020508542735,26.595865032695627,26.77063751220703,21229300,0.0,0.0,WFC
2012-10-11,27.044196492723753,27.097387992952484,26.649057563367936,26.73264503479004,23087800,0.0,0.0,WFC
2012-10-12,25.714413158226133,26.15514331650971,25.57003658716643,26.025964736938477,61315900,0.0,0.0,WFC
2012-10-15,25.90436908909306,25.987956545761232,25.478834263654573,25.759992599487305,50238300,0.0,0.0,WFC
2012-10-16,25.911965205580984,25.934763628057258,25.456037338117106,25.630809783935547,39858400,0.0,0.0,WFC
2012-10-17,25.782791686599698,26.383099050409463,25.74479817342474,26.19312858581543,34806200,0.0,0.0,WFC
2012-10-18,26.26910972595215,26.474278129587198,26.139931230358933,26.26910972595215,23132500,0.0,0.0,WFC
2012-10-19,26.299509713102843,26.299509713102843,25.85117933257472,26.094341278076172,27819800,0.0,0.0,WFC
2012-10-22,26.063944466280258,26.246317368860787,25.957561480907845,26.21592140197754,23043800,0.0,0.0,WFC
2012-10-23,25.866379299959384,25.957564311834794,25.562425395415666,25.737197875976562,29170300,0.0,0.0,WFC
2012-10-24,25.866376661019082,26.03354868261556,25.52442927797338,25.623214721679688,25150500,0.0,0.0,WFC
2012-10-25,25.91196960868772,26.010755059621253,25.630814139266775,25.881576538085938,18816500,0.0,0.0,WFC
2012-10-26,25.7296067852548,25.90437930964513,25.60802577269109,25.813194274902344,23257700,0.0,0.0,WFC
2012-10-31,25.980357074344496,26.041149008269247,25.57002311522826,25.60041618347168,24902700,0.0,0.0,WFC
2012-11-01,25.646012123927257,25.881576538085938,25.51683360239194,25.881576538085938,26179000,0.0,0.0,WFC
2012-11-02,26.094342324350848,26.147533820892107,25.577622444762184,25.63841438293457,19149600,0.0,0.0,WFC
2012-11-05,25.501636072999663,25.88917454324333,25.48643808806786,25.851181030273438,17548100,0.0,0.0,WFC
2012-11-06,25.87397508733359,26.13993546044101,25.843579119198047,26.079143524169922,18787700,0.0,0.0,WFC
2012-11-07,25.81911959262791,25.81911959262791,25.09257675972582,25.16905403137207,32189300,0.22,0.0,WFC
2012-11-08,25.37554660655387,25.49026543343708,24.71783155625483,24.740774154663086,28044300,0.0,0.0,WFC
2012-11-09,24.725481034004886,25.00845044491693,24.66429688168825,24.740774154663086,21637100,0.0,0.0,WFC
2012-11-12,24.817253333171553,24.9013800804663,24.64135327856473,24.75606918334961,14994700,0.0,0.0,WFC
2012-11-13,24.52662859466159,24.89372465359726,24.47309393507223,24.48838996887207,20615600,0.0,0.0,WFC
2012-11-14,24.534281364426267,24.679589328904633,23.899509004894416,24.03717041015625,30910400,0.0,0.0,WFC
2012-11-15,24.083051034215067,24.41190842924669,24.029516380830366,24.14423370361328,22953000,0.0,0.0,WFC
2012-11-16,24.18248101074267,24.473098412559263,24.01422752558171,24.42721176147461,25581200,0.0,0.0,WFC
2012-11-19,24.84019581952977,24.93961860383527,24.58781849619529,24.779014587402344,22655800,0.0,0.0,WFC
2012-11-20,24.779013401347367,25.406136317095406,24.67959062180077,25.176698684692383,23890300,0.0,0.0,WFC
2012-11-21,25.207289592427063,25.237881664322327,24.832546922682027,24.924320220947266,15861100,0.0,0.0,WFC
2012-11-23,25.123164262430457,25.390840530395508,25.031390959018218,25.390840530395508,8783100,0.0,0.0,WFC
2012-11-26,25.260825425472092,25.276121462125726,24.97020948131508,25.161405563354492,16967700,0.0,0.0,WFC
2012-11-27,25.09256783757484,25.26846783375327,24.916667841396407,24.954906463623047,18988300,0.0,0.0,WFC
2012-11-28,24.817252245946815,25.123164229392234,24.564872015119153,25.092575073242188,18115300,0.0,0.0,WFC
2012-11-29,25.260825784721593,25.490263420368404,25.191995077511695,25.360248565673828,21316700,0.0,0.0,WFC
2012-11-30,25.322013183678234,25.406139938561594,25.115521035533927,25.245532989501953,19535500,0.0,0.0,WFC
2012-12-03,25.375539794658,25.421427896577118,25.03903579951165,25.046682357788086,19623300,0.0,0.0,WFC
2012-12-04,25.107864578689345,25.11551113638257,24.786653724594792,25.039033889770508,20296900,0.0,0.0,WFC
2012-12-05,25.176701377924314,25.39084299657983,25.000801313707242,25.22258949279785,27232100,0.0,0.0,WFC
2012-12-06,25.22259195085108,25.43673067295437,25.100226550017588,25.34495735168457,18833100,0.0,0.0,WFC
2012-12-07,25.45967404993415,25.50555924799902,25.23788586788382,25.413785934448242,18525200,0.0,0.0,WFC
2012-12-10,25.32965771980887,25.49791121612724,25.260827009262343,25.276123046875,17977000,0.0,0.0,WFC
2012-12-11,25.322007710815825,25.574385003498328,25.276119604227883,25.45966911315918,20841900,0.0,0.0,WFC
2012-12-12,25.566735116716252,25.941477727436865,25.51320045804188,25.620269775390625,26297900,0.0,0.0,WFC
2012-12-13,25.612632421345488,25.719701777170084,25.39084423146817,25.436729431152344,18612400,0.0,0.0,WFC
2012-12-14,25.429075445732686,25.48261010801429,25.2531754243188,25.352598190307617,19231900,0.0,0.0,WFC
2012-12-17,25.429080128168497,26.346821949360997,25.429080128168497,26.29328727722168,43475600,0.0,0.0,WFC
2012-12-18,26.507419879955513,26.91275456664147,26.3697584925112,26.736854553222656,35083200,0.0,0.0,WFC
2012-12-19,26.744509616088134,26.790394809875387,26.461537306436522,26.47683334350586,33517600,0.0,0.0,WFC
2012-12-20,26.35447064166205,26.813343048095703,26.35447064166205,26.813343048095703,25128300,0.0,0.0,WFC
2012-12-21,26.530364505158218,26.675675379385137,26.155621857502258,26.369760513305664,37148300,0.0,0.0,WFC
2012-12-24,26.30858040162596,26.767449802704114,26.247396258857936,26.32387351989746,7911300,0.0,0.0,WFC
2012-12-26,26.362108520921225,26.47682438399132,26.15561646649132,26.25503921508789,14289700,0.0,0.0,WFC
2012-12-27,26.247398703357142,26.339172008635796,25.742641148193382,26.140329360961914,19264700,0.0,0.0,WFC
2012-12-28,25.918539946898672,26.178566730478156,25.903243910520985,25.933835983276367,15877700,0.0,0.0,WFC
2012-12-31,25.803825296659667,26.193864032159528,25.780879782274422,26.140329360961914,26697900,0.0,0.0,WFC
2013-01-02,26.790394728358066,26.820986802403656,26.568609485079413,26.80569076538086,30443000,0.0,0.0,WFC
2013-01-03,26.752159686124944,26.798047803354045,26.469190256765025,26.583906173706055,25374800,0.0,0.0,WFC
2013-01-04,26.453895656437776,26.798049260820665,26.34682629450117,26.721569061279297,31420300,0.0,0.0,WFC
2013-01-07,26.698616333655572,26.74450443597557,26.362112335569492,26.5915470123291,28135100,0.0,0.0,WFC
2013-01-08,26.52271551981243,26.606842246158646,26.33151947536016,26.545658111572266,20132600,0.0,0.0,WFC
2013-01-09,26.65272742967832,26.88216501695713,26.507419486165833,26.545658111572266,24589300,0.0,0.0,WFC
2013-01-10,26.79039009065876,27.073362350463867,26.683320767454774,27.073362350463867,37523100,0.0,0.0,WFC
2013-01-11,26.71391545462327,26.9051115269195,26.408000571981084,26.84392738342285,44149200,0.0,0.0,WFC
2013-01-14,26.75980047008224,26.813335130745475,26.400350962126062,26.5915470123291,23145600,0.0,0.0,WFC
2013-01-15,26.48447599396604,26.920402727102626,26.46153048556621,26.851572036743164,24837500,0.0,0.0,WFC
2013-01-16,26.744513227412344,26.989244018726346,26.698625110008035,26.836286544799805,16799200,0.0,0.0,WFC
2013-01-17,26.91275345581967,26.935698964393417,26.7139108585074,26.790388107299805,22912100,0.0,0.0,WFC
2013-01-18,26.759801067211153,26.82863176351697,26.385055516786085,26.713912963867188,31399000,0.0,0.0,WFC
2013-01-22,26.614490889296043,26.805686948726933,26.545660191204107,26.79804039001465,20931100,0.0,0.0,WFC
2013-01-23,26.790391122337706,26.85922182096521,26.668025760046625,26.729209899902344,18180200,0.0,0.0,WFC
2013-01-24,26.813344725745498,27.11925676508709,26.675683286944345,26.889822006225586,22090700,0.0,0.0,WFC
2013-01-25,26.981588681416735,27.00453419384687,26.729211384049467,26.87451934814453,19431600,0.0,0.0,WFC
2013-01-28,26.920402727102626,26.958641351208993,26.652726523518048,26.851572036743164,22067900,0.0,0.0,WFC
2013-01-29,26.843925060659746,27.019827999281745,26.805686432993337,26.973939895629883,16846900,0.0,0.0,WFC
2013-01-30,26.95083957443286,26.989351187814464,26.750574483652095,26.935434341430664,27810800,0.25,0.0,WFC
2013-01-31,26.85070495036795,26.950837488006467,26.796788108158175,26.827598571777344,16751600,0.0,0.0,WFC
2013-02-01,27.004760818176415,27.151106148155975,26.92003349199153,27.058677673339844,21009300,0.0,0.0,WFC
2013-02-04,26.90462082246394,26.958537662729604,26.665844145396406,26.773677825927734,22241600,0.0,0.0,WFC
2013-02-05,26.927727716385277,27.035561398983617,26.843000411987305,26.843000411987305,17534100,0.0,0.0,WFC
2013-02-06,26.827600648663065,26.943135488807883,26.7351692506499,26.935434341430664,24087000,0.0,0.0,WFC
2013-02-07,26.91232263987663,26.920026724819458,26.611927968551417,26.6966552734375,27095000,0.0,0.0,WFC
2013-02-08,26.719757822858046,26.896913553939317,26.712056677266286,26.866106033325195,18425800,0.0,0.0,WFC
2013-02-11,26.920024492798284,27.258930745995382,26.89691517813337,27.158798217773438,24198900,0.0,0.0,WFC
2013-02-12,27.21272481159957,27.38217651153243,27.127997492509145,27.35136604309082,19559000,0.0,0.0,WFC
2013-02-13,27.30515556501502,27.35907242017845,26.92003349199153,27.058677673339844,21344300,0.0,0.0,WFC
2013-02-14,26.973945452800017,27.166506454372048,26.88921814198869,27.120290756225586,22296200,0.0,0.0,WFC
2013-02-15,27.143406146673538,27.23583462539593,26.973951487142184,27.081785202026367,21105000,0.0,0.0,WFC
2013-02-19,27.089474478018627,27.16650062506803,27.020155353044775,27.066368103027344,25413400,0.0,0.0,WFC
2013-02-20,27.027859461484535,27.205015211747785,27.004753083960274,27.035560607910156,27539300,0.0,0.0,WFC
2013-02-21,26.997049151120127,27.482303649590452,26.973942773465915,27.312849044799805,38030800,0.0,0.0,WFC
2013-02-22,27.397582180293174,27.59784729009194,27.258938008354964,27.59014320373535,20521000,0.0,0.0,WFC
2013-02-25,27.605538877989048,27.690266169080964,26.781378218135547,26.796783447265625,27023500,0.0,0.0,WFC
2013-02-26,27.020159779025224,27.03556207271097,26.58882209963543,26.76597785949707,29601900,0.0,0.0,WFC
2013-02-27,26.819900930295915,27.127999764014003,26.650446277926147,27.058677673339844,32171300,0.0,0.0,WFC
2013-02-28,27.01245468289812,27.24352727675383,26.97394307363008,27.020158767700195,22097000,0.0,0.0,WFC
2013-03-01,26.912325524947526,27.3898789421827,26.843003444268085,27.258935928344727,20624800,0.0,0.0,WFC
2013-03-04,27.24353014103536,27.63635623631302,27.212722613330406,27.61324691772461,16880500,0.0,0.0,WFC
2013-03-05,27.721083666365907,27.95215628549771,27.58243950723727,27.636356353759766,23312000,0.0,0.0,WFC
2013-03-06,27.79810821229652,27.836619827604498,27.582440815973516,27.767297744750977,18491700,0.0,0.0,WFC
2013-03-07,27.82891382823,28.09849802663523,27.790402219636025,28.052282333374023,21509700,0.0,0.0,WFC
2013-03-08,28.075383818407357,28.20632383875487,27.90592926196086,28.113895416259766,24042200,0.0,0.0,WFC
2013-03-11,28.175523768562797,28.606858479680835,28.13700922228667,28.599157333374023,18989900,0.0,0.0,WFC
2013-03-12,28.568341901087116,28.637663958776603,28.214030467672764,28.237136840820312,22688600,0.0,0.0,WFC
2013-03-13,28.29876633103044,28.391194789882974,28.13701285522884,28.32187271118164,15812000,0.0,0.0,WFC
2013-03-14,28.460510679313586,28.52212865906605,28.344972927187968,28.475915908813477,21874700,0.0,0.0,WFC
2013-03-15,28.776310110089007,29.423315048217773,28.730094422277293,29.423315048217773,56046200,0.0,0.0,WFC
2013-03-18,29.03820076672617,29.19225016169179,28.976579833440795,29.084413528442383,29754300,0.0,0.0,WFC
2013-03-19,29.207647951719917,29.215352036316204,28.75320686094935,28.876445770263672,23724800,0.0,0.0,WFC
2013-03-20,28.999680295974336,29.14602556046118,28.76860480497301,28.837926864624023,19049900,0.0,0.0,WFC
2013-03-21,28.622260621654515,28.79171520459057,28.57604493405913,28.606855392456055,24008300,0.0,0.0,WFC
2013-03-22,28.70699492546516,28.791722237629777,28.57605191441591,28.653078079223633,15646600,0.0,0.0,WFC
2013-03-25,28.76860790464449,28.807122449459072,28.45280802959669,28.66077423095703,20304500,0.0,0.0,WFC
2013-03-26,28.830231260494422,28.845636492071797,28.552942968596668,28.730098724365234,18635500,0.0,0.0,WFC
2013-03-27,28.56834890392903,28.62226574665429,28.34497744792579,28.48362159729004,14840800,0.0,0.0,WFC
2013-03-28,28.52212908493338,28.529833168921897,28.36808266412859,28.491321563720703,16967500,0.0,0.0,WFC
2013-04-01,28.514430484545365,28.568347324289377,28.306464271998138,28.44510841369629,10903800,0.0,0.0,WFC
2013-04-02,28.52213004961377,28.57604688636846,28.32186793284596,28.40659523010254,17094700,0.0,0.0,WFC
2013-04-03,28.39889189763712,28.460512820272147,28.152414083591648,28.244842529296875,26277200,0.0,0.0,WFC
2013-04-04,28.321866383412242,28.868738805289894,28.306461154004086,28.82252311706543,24102400,0.0,0.0,WFC
2013-04-05,28.352678046365973,28.653072686965054,28.20632982989664,28.614561080932617,24520900,0.0,0.0,WFC
2013-04-08,28.58376263178563,28.58376263178563,28.206341682281128,28.514440536499023,20087000,0.0,0.0,WFC
2013-04-09,28.614565663697245,28.9996876621952,28.483622656319152,28.845638275146484,21250100,0.0,0.0,WFC
2013-04-10,28.92266506281365,29.153737702730993,28.653080805951422,28.93807029724121,23566000,0.0,0.0,WFC
2013-04-11,28.95347426753936,29.199952131122863,28.614567939674014,28.89185333251953,30560000,0.0,0.0,WFC
2013-04-12,28.445106883582117,28.82252474148822,28.190924991392617,28.66077423095703,36662500,0.0,0.0,WFC
2013-04-15,28.514432259982172,28.822528086524628,28.144715505182674,28.167821884155273,23092300,0.0,0.0,WFC
2013-04-16,28.38348505128736,28.66847739488058,28.30646184062533,28.545238494873047,20352400,0.0,0.0,WFC
2013-04-17,28.352680998837457,28.406597840546873,27.92134332691464,28.160120010375977,31790200,0.0,0.0,WFC
2013-04-18,28.183232106863496,28.221743724719932,27.875133287515787,27.93675422668457,19322200,0.0,0.0,WFC
2013-04-19,28.044580828238498,28.291058645984148,27.952152381145723,28.2602481842041,18107000,0.0,0.0,WFC
2013-04-22,28.35267850792271,28.391190114582084,28.036878632120274,28.291057586669922,14432000,0.0,0.0,WFC
2013-04-23,28.38348703956765,28.606858479680835,28.27565336178814,28.599157333374023,19883100,0.0,0.0,WFC
2013-04-24,28.653068747421628,28.845629689355583,28.606853063588634,28.760902404785156,16740700,0.0,0.0,WFC
2013-04-25,28.86104334530254,29.11522233499238,28.753209656449418,28.99198341369629,14861200,0.0,0.0,WFC
2013-04-26,28.930367688635354,29.17684555053711,28.853341520386127,29.17684555053711,17814600,0.0,0.0,WFC
2013-04-29,29.230762399187626,29.25386878053845,29.08441414863804,29.17684555053711,16016500,0.0,0.0,WFC
2013-04-30,29.23845905704585,29.30007998218275,28.91495801481941,29.253864288330078,20585300,0.0,0.0,WFC
2013-05-01,29.19224553711311,29.238458291508387,28.72239627911209,28.853336334228516,17639200,0.0,0.0,WFC
2013-05-02,28.89183680034511,28.99967337492473,28.791707245604794,28.8148136138916,13205400,0.0,0.0,WFC
2013-05-03,29.068998336791996,29.207639498679747,28.961161751384715,29.068998336791992,15878400,0.0,0.0,WFC
2013-05-06,29.161435021693375,29.261567553111153,29.069006574825536,29.192245483398438,14228700,0.0,0.0,WFC
2013-05-07,29.284670492551275,29.700602862001446,29.199943201932125,29.577363967895508,23273300,0.0,0.0,WFC
2013-05-08,29.608424188190973,30.01986700223843,29.53855626114671,29.84908103942871,18741300,0.3,0.0,WFC
2013-05-09,29.84131217038826,29.89565355487598,29.328948429944507,29.414342880249023,27766600,0.0,0.0,WFC
2013-05-10,29.530784536254444,29.62394075383548,29.359995669536907,29.523019790649414,16390500,0.0,0.0,WFC
2013-05-13,29.530785682542575,29.72486287084312,29.36776155510201,29.65499496459961,12774700,0.0,0.0,WFC
2013-05-14,29.70157865490948,30.11302440565232,29.662763800299217,30.089733123779297,21730600,0.0,0.0,WFC
2013-05-15,30.043146187820174,30.57103632150002,29.973278288910116,30.508930206298828,25696800,0.0,0.0,WFC
2013-05-16,30.493405100081286,30.850509356382673,30.345907511671232,30.47787857055664,22959500,0.0,0.0,WFC
2013-05-17,30.602086132340784,30.982478680944336,30.532221195464814,30.959190368652344,24390400,0.0,0.0,WFC
2013-05-20,30.974730419339508,31.277490456835555,30.93591260006354,31.207622528076172,18939000,0.0,0.0,WFC
2013-05-21,31.30854471677756,31.67340794848149,31.184332428591098,31.580251693725586,23049200,0.0,0.0,WFC
2013-05-22,31.611287840094718,31.906282982436057,31.044582904903375,31.129974365234375,30388300,0.0,0.0,WFC
2013-05-23,30.586571781102066,31.3939307847758,30.586571781102066,31.060117721557617,24730000,0.0,0.0,WFC
2013-05-24,30.6797213933162,31.28524125563325,30.664194863335915,31.238664627075195,17121900,0.0,0.0,WFC
2013-05-28,31.673391546265186,31.81312733672817,31.370631654056194,31.456026077270508,20993200,0.0,0.0,WFC
2013-05-29,31.331830128070333,31.751037677585725,31.21538259941039,31.63459014892578,22848100,0.0,0.0,WFC
2013-05-30,31.665649373877343,32.28669607089974,31.59578143537581,32.02275085449219,22022700,0.0,0.0,WFC
2013-05-31,32.030497110011616,32.100365014632025,31.47931861877441,31.479318618774414,26904700,0.0,0.0,WFC
2013-06-03,31.69668553352568,31.79760353198331,31.044586109311567,31.61905288696289,23638000,0.0,0.0,WFC
2013-06-04,31.67339826065407,31.96063168577036,31.378400089209133,31.3939266204834,18708700,0.0,0.0,WFC
2013-06-05,31.23867375386273,31.47932763541031,30.788413137033384,30.912622451782227,21099300,0.0,0.0,WFC
2013-06-06,30.81946779656091,31.642353438719635,30.741835119971725,31.611303329467773,24721900,0.0,0.0,WFC
2013-06-07,32.0072243168936,32.123671868190904,31.681175911475933,32.02275085449219,23459300,0.0,0.0,WFC
2013-06-10,32.216819736746146,32.36431736341874,31.96063637520675,32.03826904296875,16340600,0.0,0.0,WFC
2013-06-11,31.657880219752112,31.98393154118975,31.510382575163558,31.56472396850586,18368500,0.0,0.0,WFC
2013-06-12,31.665649710371216,31.7898590510956,31.145521060136165,31.2619686126709,18320100,0.0,0.0,WFC
2013-06-13,31.277478900381205,31.820895594240145,31.20761099743673,31.78207778930664,17377700,0.0,0.0,WFC
2013-06-14,31.70445739655295,31.87524631190338,31.129987474891074,31.17656707763672,19475700,0.0,0.0,WFC
2013-06-17,31.510373356189206,31.603529580180787,31.316296162066674,31.52589988708496,15494200,0.0,0.0,WFC
2013-06-18,31.6112962848851,31.805373491032217,31.541428372216814,31.704452514648438,15784400,0.0,0.0,WFC
2013-06-19,31.657880219752112,31.968405005751404,31.53367089762916,31.56472396850586,20898800,0.0,0.0,WFC
2013-06-20,31.277483350719404,31.564716787523565,31.036826548250257,31.122220993041992,29302200,0.0,0.0,WFC
2013-06-21,31.54917938301222,31.983913242412612,31.16878984724625,31.797597885131836,38847800,0.0,0.0,WFC
2013-06-24,31.424983094310807,31.440509627270526,30.58657104416961,30.897092819213867,31047900,0.0,0.0,WFC
2013-06-25,31.176559329343107,31.463792738096277,30.96695561115581,31.285242080688477,22263000,0.0,0.0,WFC
2013-06-26,31.619065993303767,32.061561897290225,31.619065993303767,31.844196319580078,19405900,0.0,0.0,WFC
2013-06-27,32.12365378904239,32.403125385762294,31.945103149223026,32.263389587402344,18800400,0.0,0.0,WFC
2013-06-28,32.26339933740335,32.30997597667708,31.86748013527582,32.03826904296875,20249300,0.0,0.0,WFC
2013-07-01,32.2633937559722,32.57391548915084,32.03826350048419,32.108131408691406,16177100,0.0,0.0,WFC
2013-07-02,31.98394321597423,32.27894157421552,31.836442556161124,31.999469757080078,15558700,0.0,0.0,WFC
2013-07-03,31.813154225194808,32.06157296011855,31.665656526766618,31.999469757080078,8074400,0.0,0.0,WFC
2013-07-05,32.185760568467494,32.65930938720703,32.16247225324519,32.65930938720703,14933800,0.0,0.0,WFC
2013-07-08,32.884447204689195,33.35799613237812,32.83010581574623,33.24931335449219,22830100,0.0,0.0,WFC
2013-07-09,33.342465118049475,33.44338609597601,32.78352180815874,33.14838790893555,22540600,0.0,0.0,WFC
2013-07-10,33.03193723767841,33.05522851428363,32.403129035612984,32.65930938720703,25414800,0.0,0.0,WFC
2013-07-11,32.969837577697675,33.0086524276509,32.170237454021674,32.51957702636719,32231700,0.0,0.0,WFC
2013-07-12,33.07075245482273,33.420091993994134,32.760230723301554,33.09404373168945,35799500,0.0,0.0,WFC
2013-07-15,33.365762544514965,33.66076081209138,33.35800075704,33.65299606323242,21926700,0.0,0.0,WFC
2013-07-16,33.65298517271685,33.730617829263565,33.26483077413242,33.39680480957031,21829100,0.0,0.0,WFC
2013-07-17,33.53653735378169,34.06442752119748,33.51324607840148,33.777191162109375,23959200,0.0,0.0,WFC
2013-07-18,33.94022757038155,34.61561551433648,33.90140975454238,34.47587966918945,23443500,0.0,0.0,WFC
2013-07-19,34.483636211995794,34.74758132809579,34.25850890583239,34.506927490234375,18904400,0.0,0.0,WFC
2013-07-22,34.53021995942214,34.76311204013188,34.36719579906367,34.64666748046875,18409400,0.0,0.0,WFC
2013-07-23,34.6621885218808,34.77087127823255,34.54574101928507,34.60008239746094,13431500,0.0,0.0,WFC
2013-07-24,34.6854763685374,34.72429121508313,34.351663357754795,34.39824295043945,17947800,0.0,0.0,WFC
2013-07-25,34.32836755637921,34.32836755637921,33.707318301543154,33.88587188720703,29467400,0.0,0.0,WFC
2013-07-26,33.80824422169449,33.924691714447256,33.53653735378169,33.777191162109375,18503800,0.0,0.0,WFC
2013-07-29,33.6995686478795,33.76943656612683,33.5443062782873,33.57535934448242,12402400,0.0,0.0,WFC
2013-07-30,33.76167590931935,33.878120469370074,33.52878086645094,33.58312225341797,18579200,0.0,0.0,WFC
2013-07-31,33.6141697189606,34.19640130633769,33.6141697189606,33.769432067871094,25488500,0.0,0.0,WFC
2013-08-01,34.30507940583188,34.7320515477273,34.25073803529657,34.35942077636719,19822300,0.0,0.0,WFC
2013-08-02,34.34390951637153,34.58456339744546,34.19640891944633,34.537986755371094,13506500,0.0,0.0,WFC
2013-08-05,34.52245264857683,34.58455581151521,34.32837545214702,34.421531677246094,14162200,0.0,0.0,WFC
2013-08-06,34.36720078336073,34.406015642211116,34.1343086688745,34.180885314941406,13788000,0.0,0.0,WFC
2013-08-07,33.8760452101,34.00892166687319,33.82133102416992,33.82133102416992,18578700,0.3,0.0,WFC
2013-08-08,34.00890970498987,34.0558088400197,33.602462461525114,33.7822380065918,18704100,0.0,0.0,WFC
2013-08-09,33.77442890155029,33.907308328333755,33.61028635819946,33.790061950683594,10716100,0.0,0.0,WFC
2013-08-12,33.649347624673815,33.94636941945585,33.49302020733077,33.76659393310547,11087600,0.0,0.0,WFC
2013-08-13,33.80568317688554,33.89166342619904,33.65717373460653,33.86039733886719,12733900,0.0,0.0,WFC
2013-08-14,33.96200837425093,34.024537563059866,33.68843460083008,33.68843460083008,13772000,0.0,0.0,WFC
2013-08-15,33.53212697634982,33.7040845681976,33.46177974005317,33.602474212646484,17748800,0.0,0.0,WFC
2013-08-16,33.36016085379885,33.75097810561777,33.32889475804558,33.41487503051758,16238000,0.0,0.0,WFC
2013-08-19,33.57902474554264,33.59465779676427,33.188207410100944,33.2116584777832,15873700,0.0,0.0,WFC
2013-08-20,33.19601488481963,33.352339383994114,32.95370714038127,33.28981018066406,15113700,0.0,0.0,WFC
2013-08-21,33.180389806222074,33.35234739294619,32.93026696944207,33.110042572021484,14586200,0.0,0.0,WFC
2013-08-22,33.149124163444554,33.32108473424004,32.9693485583854,33.20383834838867,14037600,0.0,0.0,WFC
2013-08-23,33.36017355569108,33.477419968557946,33.10223264006402,33.42270278930664,12161600,0.0,0.0,WFC
2013-08-26,33.3757993250261,33.47741266188625,33.11785846569638,33.13349151611328,10107000,0.0,0.0,WFC
2013-08-27,32.74266957713749,32.75830262534683,32.07828142758561,32.13299560546875,19230000,0.0,0.0,WFC
2013-08-28,32.11737400676357,32.50037637018091,32.031393701810686,32.242435455322266,13927000,0.0,0.0,WFC
2013-08-29,32.0939259169401,32.56290560361019,32.070474845416506,32.242435455322266,10512600,0.0,0.0,WFC
2013-08-30,32.336214558448624,32.375295682429574,31.984478479222847,32.10954284667969,15031800,0.0,0.0,WFC
2013-09-03,32.555075223982314,32.711399724728025,32.093910790705515,32.35184860229492,15949300,0.0,0.0,WFC
2013-09-04,32.328403525299905,32.63324050443718,32.242423252887036,32.43783187866211,12465000,0.0,0.0,WFC
2013-09-05,32.47691607012918,32.828652226033675,32.437834937628516,32.687957763671875,11331000,0.0,0.0,WFC
2013-09-06,32.83646800483016,32.84428602052723,32.2033458915374,32.383121490478516,14548700,0.0,0.0,WFC
2013-09-09,32.45347090563542,32.609798431396484,31.961040243082913,32.609798431396484,27418600,0.0,0.0,WFC
2013-09-10,32.9224485547861,33.18820443835809,32.75049097014496,33.180389404296875,18702300,0.0,0.0,WFC
2013-09-11,33.21163687461932,33.24289997502723,33.02404336368336,33.219451904296875,14707900,0.0,0.0,WFC
2013-09-12,33.23510226826684,33.34453063097541,32.88336611548982,33.03187561035156,14499500,0.0,0.0,WFC
2013-09-13,32.92244722615213,33.13348891768058,32.883366094024474,32.9771614074707,9986500,0.0,0.0,WFC
2013-09-16,33.430508130572086,33.66499788568962,33.38360898686897,33.5243034362793,19286200,0.0,0.0,WFC
2013-09-17,33.586828816479645,33.649358013703875,33.274173885263295,33.4930305480957,16850300,0.0,0.0,WFC
2013-09-18,33.453960959158145,34.25122862506039,33.4148798247089,33.852596282958984,23921600,0.0,0.0,WFC
2013-09-19,34.259034021836904,34.259034021836904,33.40705248518869,33.579010009765625,15953300,0.0,0.0,WFC
2013-09-20,33.57901080326512,33.68843913468132,33.219459719555196,33.4930305480957,32062300,0.0,0.0,WFC
2013-09-23,33.15693065067611,33.23509588166112,32.875544764226134,33.070953369140625,16474300,0.0,0.0,WFC
2013-09-24,32.8833668100301,33.06314240709116,32.59416284794918,32.617610931396484,22392800,0.0,0.0,WFC
2013-09-25,32.695766864657834,32.797377185115536,32.27368359265386,32.68013381958008,19188200,0.0,0.0,WFC
2013-09-26,32.766116121965666,32.984975804933406,32.36748384726905,32.52381134033203,20495000,0.0,0.0,WFC
2013-09-27,32.492549476123045,32.648876989540895,32.4456503275879,32.508182525634766,20034100,0.0,0.0,WFC
2013-09-30,32.09391834101022,32.4691025981222,31.968856921972893,32.297142028808594,20358800,0.0,0.0,WFC
2013-10-01,32.33621347681247,32.49254094920578,32.117356804480956,32.43001174926758,12771100,0.0,0.0,WFC
2013-10-02,32.20334416106271,32.250240325927734,32.04701665421451,32.250240325927734,17782400,0.0,0.0,WFC
2013-10-03,32.21897286159645,32.21897286159645,31.7656234510913,32.04701232910156,19049600,0.0,0.0,WFC
2013-10-04,32.04701203440026,32.28150177001953,31.984479847995782,32.28150177001953,12329500,0.0,0.0,WFC
2013-10-07,31.882881361972846,31.968861659370887,31.750001907348633,31.750001907348633,15290200,0.0,0.0,WFC
2013-10-08,31.695275267690576,31.867235794955903,31.429519444507207,31.452970504760742,19256200,0.0,0.0,WFC
2013-10-09,31.601484274368374,31.695279583056806,31.32009536660397,31.546770095825195,17031000,0.0,0.0,WFC
2013-10-10,32.015742231229545,32.41437741911754,31.60147698025039,32.390926361083984,26580700,0.0,0.0,WFC
2013-10-11,31.60930192993261,32.44565070755834,31.499873563768396,32.383121490478516,46034600,0.0,0.0,WFC
2013-10-14,32.156445992172245,32.75048993991668,32.12517989351216,32.633243560791016,17183700,0.0,0.0,WFC
2013-10-15,32.71923146571037,32.81302680184815,32.37531026370522,32.46910858154297,17256600,0.0,0.0,WFC
2013-10-16,32.75831184055378,33.321089807608075,32.63325040139726,32.992801666259766,25931800,0.0,0.0,WFC
2013-10-17,32.85991898026739,33.422693859242635,32.82865288096339,33.360164642333984,18826200,0.0,0.0,WFC
2013-10-18,33.39143074163798,33.563388324411285,33.125674860952685,33.360164642333984,17581300,0.0,0.0,WFC
2013-10-21,33.328895987906634,33.500856539196114,33.2351006788847,33.313262939453125,16457100,0.0,0.0,WFC
2013-10-22,33.414875525287115,33.649365283510726,33.27418107401314,33.563385009765625,18654300,0.0,0.0,WFC
2013-10-23,33.53994920217351,33.58684836366029,33.37580660952,33.42270278930664,13612900,0.0,0.0,WFC
2013-10-24,33.55556306992598,33.5946441913028,33.25854118040499,33.36796951293945,13956600,0.0,0.0,WFC
2013-10-25,33.32890154163806,33.55557630943701,33.27418735378309,33.50086212158203,19831600,0.0,0.0,WFC
2013-10-28,33.47740936279297,33.602470772104326,33.27418270910002,33.47740936279297,12704500,0.0,0.0,WFC
2013-10-29,33.61809112981955,33.657175231571806,33.352335339075196,33.579010009765625,13105700,0.0,0.0,WFC
2013-10-30,33.696252612992446,33.92292725853309,33.62590541202115,33.68843460083008,16039700,0.0,0.0,WFC
2013-10-31,33.64154332597404,33.790052779885315,33.360154481343464,33.36796951293945,18760200,0.0,0.0,WFC
2013-11-01,33.39143626377722,33.64155913617482,33.28200787981576,33.352352142333984,15538700,0.0,0.0,WFC
2013-11-04,33.41487458535269,33.485221809010866,33.2429140426996,33.37579345703125,11921600,0.0,0.0,WFC
2013-11-05,33.35234236776294,33.469588734331595,33.21946593523749,33.32107925415039,16603700,0.0,0.0,WFC
2013-11-06,33.54935682043478,33.56510066161032,33.273847106939414,33.40766525268555,14751500,0.3,0.0,WFC
2013-11-07,33.50212269660675,33.53360737086145,32.83302307128906,32.83302307128906,22432500,0.0,0.0,WFC
2013-11-08,32.840904251942014,33.816998449572566,32.833030829395305,33.62020492553711,23461300,0.0,0.0,WFC
2013-11-11,33.60445991162672,33.7382810647771,33.40766639445264,33.65169143676758,11764400,0.0,0.0,WFC
2013-11-12,33.59659004152296,33.65169198700621,33.11641337131392,33.28171920776367,13376800,0.0,0.0,WFC
2013-11-13,33.18726544928966,33.68318605546963,32.90388224575825,33.659568786621094,24062300,0.0,0.0,WFC
2013-11-14,33.75402476387543,33.9429448579791,33.51787314483046,33.91933059692383,17831300,0.0,0.0,WFC
2013-11-15,33.83274854339476,34.35228342273392,33.8170046982231,34.27356719970703,23401200,0.0,0.0,WFC
2013-11-18,34.30503999651528,34.41524386204048,34.13186077764419,34.17121887207031,13116600,0.0,0.0,WFC
2013-11-19,34.257799898354826,34.4939514085749,34.139722641830105,34.28928756713867,14700500,0.0,0.0,WFC
2013-11-20,34.42311839787053,34.69075767594834,34.22632489936716,34.33652877807617,15790600,0.0,0.0,WFC
2013-11-21,34.4861015294019,34.94266098733307,34.470357685634454,34.698638916015625,16441600,0.0,0.0,WFC
2013-11-22,34.63566133056226,34.9347883373916,34.580559382308294,34.919044494628906,11035100,0.0,0.0,WFC
2013-11-25,35.01350021362305,35.20242330055536,34.95052785319934,35.01350021362305,12363900,0.0,0.0,WFC
2013-11-26,35.052856869696384,35.22603610867832,34.86393679338016,34.87968063354492,13429900,0.0,0.0,WFC
2013-11-27,35.013499945344506,35.013499945344506,34.690758718215584,34.84819412231445,13655800,0.0,0.0,WFC
2013-11-29,34.942651226338185,35.037111259724895,34.60416618696961,34.651397705078125,9770200,0.0,0.0,WFC
2013-12-02,34.72225324222298,35.013506845362585,34.70650939842744,34.7773551940918,16740500,0.0,0.0,WFC
2013-12-03,34.69076555960335,34.85607141523347,34.29717847315191,34.423126220703125,22404100,0.0,0.0,WFC
2013-12-04,34.16335215328061,34.690757281920604,34.1161206331573,34.43886184692383,18009600,0.0,0.0,WFC
2013-12-05,34.336534038153104,34.59630293733066,34.013792771279455,34.04528045654297,19048900,0.0,0.0,WFC
2013-12-06,34.37588579442758,34.78521661876101,34.18696572340008,34.72224426269531,16909700,0.0,0.0,WFC
2013-12-09,34.74586259739152,35.013501898439664,34.74586259739152,34.88755416870117,14011200,0.0,0.0,WFC
2013-12-10,34.80883387976225,34.98201011106572,34.67501274352324,34.72224426269531,14352400,0.0,0.0,WFC
2013-12-11,34.69075759513274,34.769473793218516,34.226324819633504,34.2578125,18230100,0.0,0.0,WFC
2013-12-12,34.29716736371575,34.46247316580052,34.21845117305544,34.2420654296875,13744200,0.0,0.0,WFC
2013-12-13,34.257820365072995,34.50184543969211,34.23420610079189,34.423126220703125,14097300,0.0,0.0,WFC
2013-12-16,34.612044589142684,34.745862738795985,34.47822343665863,34.61991500854492,13254200,0.0,0.0,WFC
2013-12-17,34.44673394462861,34.49396546705422,34.23419960078987,34.31291580200195,13376100,0.0,0.0,WFC
2013-12-18,34.61992073069932,35.47007030253404,34.368025228562644,35.36773681640625,28008400,0.0,0.0,WFC
2013-12-19,35.12370492657715,35.58026731246913,35.02924488229388,35.438575744628906,17713600,0.0,0.0,WFC
2013-12-20,35.501549868722286,35.58026907855792,35.265398244877,35.3913459777832,29401400,0.0,0.0,WFC
2013-12-23,35.51728518050609,35.840026356242454,35.50154134232016,35.588130950927734,13037300,0.0,0.0,WFC
2013-12-24,35.61962399976603,35.78492982140605,35.56452205921935,35.729827880859375,4355300,0.0,0.0,WFC
2013-12-26,35.816427959100146,35.92663187236743,35.761326002466504,35.84791564941406,7309800,0.0,0.0,WFC
2013-12-27,35.887267297820785,35.918754982463966,35.72983187743576,35.81642150878906,6843900,0.0,0.0,WFC
2013-12-30,35.871523455499194,35.903011140142375,35.682603353301865,35.81642150878906,11321400,0.0,0.0,WFC
2013-12-31,35.832169106408465,35.85578337095024,35.540915500012154,35.737709045410156,13243500,0.0,0.0,WFC
2014-01-02,35.54090921092033,35.65898351556674,35.35198611952314,35.438575744628906,17333100,0.0,0.0,WFC
2014-01-03,35.414961932014386,35.80067553603214,35.40708850990668,35.69047164916992,14693800,0.0,0.0,WFC
2014-01-06,35.84002665155739,36.06043738514648,35.706208530119476,35.75343704223633,18438900,0.0,0.0,WFC
2014-01-07,36.052576916348244,36.052576916348244,35.596017452497094,35.737709045410156,16897000,0.0,0.0,WFC
2014-01-08,35.737698253680236,36.17064332225298,35.69833715422157,36.14702606201172,20850700,0.0,0.0,WFC
2014-01-09,36.18639077553183,36.36744044036867,36.05256963023381,36.33595275878906,14229900,0.0,0.0,WFC
2014-01-10,36.257247650054445,36.257247650054445,35.91876247659551,36.162784576416016,15386700,0.0,0.0,WFC
2014-01-13,36.17852294630954,36.29660026907052,35.77706545401812,35.86365509033203,20950900,0.0,0.0,WFC
2014-01-14,35.80068984967771,36.08407310224177,35.35987112315229,35.88727951049805,28487500,0.0,0.0,WFC
2014-01-15,36.16278086415075,36.792522612435214,36.02108927106986,36.52488327026367,27394500,0.0,0.0,WFC
2014-01-16,36.44615632419085,36.57210404658219,36.265106660930215,36.51700210571289,12892600,0.0,0.0,WFC
2014-01-17,36.58784788723493,36.65082324984588,36.320208601799514,36.51700210571289,15168200,0.0,0.0,WFC
2014-01-21,36.61145852237999,36.87122736318802,36.398924201684665,36.60358810424805,15533900,0.0,0.0,WFC
2014-01-22,36.79251262474882,36.86335840205748,36.60358955098224,36.73740768432617,11817300,0.0,0.0,WFC
2014-01-23,36.52486524235399,36.56422333148764,36.20999452362536,36.485504150390625,19825200,0.0,0.0,WFC
2014-01-24,36.24150456024623,36.33596463302307,35.80068588256836,35.80068588256836,20115400,0.0,0.0,WFC
2014-01-27,35.840030670166016,36.11554336733706,35.60387907461259,35.840030670166016,21323600,0.0,0.0,WFC
2014-01-28,36.04469444845693,36.39892331234466,35.93449058032079,36.17851257324219,16117300,0.0,0.0,WFC
2014-01-29,35.9187672058567,36.37532677722954,35.80856327493332,35.88727951049805,20428800,0.0,0.0,WFC
2014-01-30,36.091931339445296,36.36744407656809,36.02895897282039,36.249366760253906,12623600,0.0,0.0,WFC
2014-01-31,35.74557359260103,35.98172520771016,35.60388202296941,35.69047164916992,27251200,0.0,0.0,WFC
2014-02-03,35.666865781100654,35.91088787290641,34.887561964752635,34.974151611328125,29540200,0.0,0.0,WFC
2014-02-04,35.084336336039826,35.28112978778016,34.816697121559784,35.24177169799805,20744800,0.0,0.0,WFC
2014-02-05,35.34481223843924,35.36858883233317,35.00404361581858,35.05159378051758,21998800,0.3,0.0,WFC
2014-02-06,35.16253117041475,35.49537618274257,35.083283941478044,35.487449645996094,21043100,0.0,0.0,WFC
2014-02-07,35.7014261064868,35.978797495231916,35.5350050870928,35.955020904541016,16773000,0.0,0.0,WFC
2014-02-10,35.97088208153874,36.15315321006573,35.83616112601029,36.07390594482422,12501500,0.0,0.0,WFC
2014-02-11,36.08974291607523,36.52560876303407,36.0263427083999,36.430511474609375,13561100,0.0,0.0,WFC
2014-02-12,36.422588764524384,36.65241000686546,36.303717897274204,36.44636535644531,12175700,0.0,0.0,WFC
2014-02-13,36.105585023640565,36.509750677832706,36.0104847330526,36.43842697143555,14597400,0.0,0.0,WFC
2014-02-14,36.4780655517347,36.676186703804674,36.30372099361356,36.557315826416016,11165300,0.0,0.0,WFC
2014-02-18,36.68411324281724,36.715813352689764,36.509765661607226,36.557315826416016,12120400,0.0,0.0,WFC
2014-02-19,36.49391378010081,36.65241129844154,36.04219781783738,36.08182144165039,16187900,0.0,0.0,WFC
2014-02-20,35.97086276647644,36.33540482778443,35.8599154454773,36.16106033325195,13388500,0.0,0.0,WFC
2014-02-21,36.15313337416515,36.50182840532615,36.042186054464004,36.13728332519531,15411100,0.0,0.0,WFC
2014-02-24,36.24031735066946,36.79505712868337,36.216543782055105,36.5176887512207,14106700,0.0,0.0,WFC
2014-02-25,36.61278604876667,36.66033318599537,36.41466491541089,36.5176887512207,13751600,0.0,0.0,WFC
2014-02-26,36.73166033540954,36.795060555069796,36.3037209450583,36.49391555786133,13910700,0.0,0.0,WFC
2014-02-27,36.41466830637488,36.517692151778355,36.14522341899654,36.49391555786133,13799700,0.0,0.0,WFC
2014-02-28,36.533533654403584,36.96940254087868,36.46220992962479,36.78712844848633,16347300,0.0,0.0,WFC
2014-03-03,36.541458160889896,36.644481984974114,36.42258428517056,36.573158264160156,16067600,0.0,0.0,WFC
2014-03-04,37.02487565573021,37.08827284175225,36.79505443233757,37.04072570800781,14881900,0.0,0.0,WFC
2014-03-05,37.10412497775724,37.429043509974186,37.00110114371132,37.31809616088867,13643700,0.0,0.0,WFC
2014-03-06,37.47658884710252,37.643009849316236,37.381488540333415,37.516212463378906,14726300,0.0,0.0,WFC
2014-03-07,37.849059793700945,38.419649622253004,37.72226238992144,37.9996337890625,20491600,0.0,0.0,WFC
2014-03-10,37.96001331168902,38.26115528118057,37.70641848312307,38.15813446044922,11810200,0.0,0.0,WFC
2014-03-11,38.30869911770047,38.32454916975397,37.8173595963952,37.8886833190918,13373600,0.0,0.0,WFC
2014-03-12,37.801504032969795,38.142272544716015,37.69055670785947,38.13434600830078,13497400,0.0,0.0,WFC
2014-03-13,38.22153265832204,38.277006339582464,37.83321688949906,37.9124641418457,14813900,0.0,0.0,WFC
2014-03-14,37.71432978608485,38.094721905753424,37.46073503963914,37.563758850097656,15347300,0.0,0.0,WFC
2014-03-17,37.80150821447486,38.17397384381959,37.706410928587715,38.142276763916016,11085700,0.0,0.0,WFC
2014-03-18,38.17398046536135,38.39587820170534,38.134356841292735,38.35625457763672,9757400,0.0,0.0,WFC
2014-03-19,38.34039922180747,38.364172788343566,37.6271619948415,37.8886833190918,28293000,0.0,0.0,WFC
2014-03-20,37.801522834585846,39.11704738665487,37.801522834585846,38.855525970458984,25208400,0.0,0.0,WFC
2014-03-21,39.457800243159014,39.60044768149474,38.86343692445619,38.92683410644531,30999100,0.0,0.0,WFC
2014-03-24,39.21213352422602,39.22006006232272,38.689093864118476,38.81589126586914,19677600,0.0,0.0,WFC
2014-03-25,39.02986627132814,39.04571632598563,38.76042138832842,38.800045013427734,14659400,0.0,0.0,WFC
2014-03-26,38.982314355847834,38.99024089436484,38.40380099074214,38.43550109863281,17399800,0.0,0.0,WFC
2014-03-27,39.23591022557709,39.457807963677084,38.55437602617276,38.91099166870117,29075100,0.0,0.0,WFC
2014-03-28,38.942676291417165,39.31514486328834,38.871352586656464,39.06155014038086,15008000,0.0,0.0,WFC
2014-03-31,39.426094441900375,39.55289181063926,39.19627326634623,39.41817092895508,17901800,0.0,0.0,WFC
2014-04-01,39.52912934872209,39.56875297075057,39.2279843797461,39.44195556640625,16397000,0.0,0.0,WFC
2014-04-02,39.44194753273809,39.529121297298076,39.235899903216676,39.43402099609375,13036800,0.0,0.0,WFC
2014-04-03,39.47364808804435,39.537045266489876,39.275526992884075,39.489498138427734,9598900,0.0,0.0,WFC
2014-04-04,39.66384361718994,40.0125386879822,39.27552795410156,39.27552795410156,18702400,0.0,0.0,WFC
2014-04-07,39.29138517411576,39.36270588096789,38.55437430575756,38.56229782104492,19653700,0.0,0.0,WFC
2014-04-08,38.562297540760085,38.83174240490131,38.387949974819115,38.697021484375,19086900,0.0,0.0,WFC
2014-04-09,38.887218098689615,38.91099166870117,38.522675917431506,38.91099166870117,15928100,0.0,0.0,WFC
2014-04-10,39.006090150230776,39.006090150230776,37.8094367980957,37.8094367980957,24910800,0.0,0.0,WFC
2014-04-11,37.60338745743223,38.728713916381416,37.02487417631336,38.10265350341797,36426700,0.0,0.0,WFC
2014-04-14,38.332475155275816,38.5781464433094,37.59546431426358,38.12643051147461,24321400,0.0,0.0,WFC
2014-04-15,38.25322862900554,38.736644676039326,38.07095754986123,38.65739440917969,21749600,0.0,0.0,WFC
2014-04-16,38.87929497223094,39.01401590109667,38.53852635757329,38.90306854248047,17866000,0.0,0.0,WFC
2014-04-17,38.84758791174848,39.061559074972436,38.67324036621305,38.77626419067383,19399900,0.0,0.0,WFC
2014-04-21,38.89513702699483,39.09325813322911,38.8000367193789,38.92683410644531,12478000,0.0,0.0,WFC
2014-04-22,38.86344421707337,39.2200628798312,38.75249686045733,39.014015197753906,14203800,0.0,0.0,WFC
2014-04-23,38.99024407215066,39.3627097894124,38.99024407215066,39.299312591552734,13309900,0.0,0.0,WFC
2014-04-24,39.4181875297724,39.4181875297724,38.96646850136969,39.08534240722656,12617100,0.0,0.0,WFC
2014-04-25,39.04571215301624,39.188359606599555,38.83174097264127,38.87136459350586,16274500,0.0,0.0,WFC
2014-04-28,39.04570863258084,39.09325878718423,38.459268818158584,38.78418731689453,18411700,0.0,0.0,WFC
2014-04-29,39.04571847122374,39.23591309138563,38.93477110561449,39.20421600341797,14745800,0.0,0.0,WFC
2014-04-30,39.188357263139544,39.42610199719846,39.124957055076734,39.33892822265625,14982800,0.0,0.0,WFC
2014-05-01,39.41817848273476,39.49742571972496,39.188357263139544,39.33892822265625,11851000,0.0,0.0,WFC
2014-05-02,39.44195662762972,39.632151227719284,39.227985435212474,39.291385650634766,13369700,0.0,0.0,WFC
2014-05-05,39.053630266391565,39.33892513409865,38.91098283253802,39.27552795410156,9127000,0.0,0.0,WFC
2014-05-06,39.14081331424216,39.17251342330073,38.88721848795118,38.90306854248047,16213000,0.0,0.0,WFC
2014-05-07,39.110579571388364,39.45379510508834,39.00681595671721,39.42186737060547,15504500,0.35,0.0,WFC
2014-05-08,39.38994993184153,39.50169703173995,39.27022546343179,39.37398910522461,12901800,0.0,0.0,WFC
2014-05-09,39.32609832039333,39.3660064773716,39.03875471847428,39.17444610595703,15174600,0.0,0.0,WFC
2014-05-12,39.413889242746095,39.78902948786557,39.373981094728684,39.717193603515625,16450500,0.0,0.0,WFC
2014-05-13,39.73315945516274,39.876831231034735,39.62141541721712,39.75710678100586,9707100,0.0,0.0,WFC
2014-05-14,39.79701975289752,39.79701975289752,39.262240734624335,39.34206008911133,13262500,0.0,0.0,WFC
2014-05-15,39.190404954375104,39.31013246406264,38.839208927980465,39.1345329284668,17370900,0.0,0.0,WFC
2014-05-16,39.118571032430815,39.2143542629353,38.89508291751475,39.17444610595703,13923400,0.0,0.0,WFC
2014-05-19,38.98287484024694,39.54159805983113,38.96691097171064,39.50168991088867,10533800,0.0,0.0,WFC
2014-05-20,39.397938063572575,39.477754385314036,39.0068307795254,39.07866668701172,15095400,0.0,0.0,WFC
2014-05-21,39.25426246712766,39.757113771090815,39.23829859535771,39.64536666870117,12933500,0.0,0.0,WFC
2014-05-22,39.653351897230955,39.940695512323515,39.58949640730046,39.900787353515625,12159000,0.0,0.0,WFC
2014-05-23,39.83693608994447,40.09235198716923,39.725192015508355,40.03647994995117,13167200,0.0,0.0,WFC
2014-05-27,40.148215429537416,40.46748675511823,40.068399120540725,40.34775924682617,13322200,0.0,0.0,WFC
2014-05-28,40.33178460730409,40.4674759501247,40.16416857628703,40.25994873046875,12458400,0.0,0.0,WFC
2014-05-29,40.395658788793384,40.395658788793384,40.02849882365965,40.1242790222168,13026600,0.0,0.0,WFC
2014-05-30,40.164181638301535,40.56326929611041,40.164181638301535,40.531341552734375,15489200,0.0,0.0,WFC
2014-06-02,40.65904675424377,40.8426266991466,40.60317472948191,40.77877426147461,11828300,0.0,0.0,WFC
2014-06-03,40.61115818718903,40.83464628623648,40.50739455057543,40.77877426147461,9293500,0.0,0.0,WFC
2014-06-04,40.66702519746306,40.76280536455927,40.56326157364414,40.738861083984375,10129200,0.0,0.0,WFC
2014-06-05,40.79474155434443,41.2816289922257,40.72290565293904,41.20979309082031,11862900,0.0,0.0,WFC
2014-06-06,41.23372757061349,41.52107110790223,41.193819422611504,41.48914337158203,13152400,0.0,0.0,WFC
2014-06-09,41.425297499892864,41.96007346630789,41.40933362920625,41.91218185424805,11049600,0.0,0.0,WFC
2014-06-10,41.82439147385188,42.00797144738581,41.65677232862745,41.976043701171875,12331700,0.0,0.0,WFC
2014-06-11,41.78447870793106,41.904206229362465,41.55301016851962,41.69668197631836,11735400,0.0,0.0,WFC
2014-06-12,41.60089908553338,41.728607021878325,41.22575873521862,41.27364730834961,13420600,0.0,0.0,WFC
2014-06-13,41.41731332584353,41.56896857234499,41.297588864960055,41.425296783447266,11111900,0.0,0.0,WFC
2014-06-16,41.40933344926933,41.417313862179455,40.65904675424377,40.77877426147461,16310500,0.0,0.0,WFC
2014-06-17,40.73088286060095,41.305570026610575,40.69097470624962,41.233734130859375,15470800,0.0,0.0,WFC
2014-06-18,41.25768133531584,41.61686083949969,41.129973405472384,41.537044525146484,18077100,0.0,0.0,WFC
2014-06-19,41.505116145504374,41.6647518165619,41.449244117353814,41.521080017089844,16335000,0.0,0.0,WFC
2014-06-20,41.80841661863151,42.231448488054255,41.72061686200491,42.215484619140625,29836500,0.0,0.0,WFC
2014-06-23,42.063850087830026,42.34321029908741,41.92815866750649,42.28733825683594,13122500,0.0,0.0,WFC
2014-06-24,42.247421029388136,42.29531264596006,41.84034990052005,41.89622497558594,11226300,0.0,0.0,WFC
2014-06-25,41.73657645822334,42.10373627125951,41.56097696294676,41.9840087890625,12815300,0.0,0.0,WFC
2014-06-26,41.99997791131287,42.03190564986633,41.505110142921126,41.80043411254883,12545900,0.0,0.0,WFC
2014-06-27,41.68870111892368,42.223480224609375,41.62484866969411,42.223480224609375,16864500,0.0,0.0,WFC
2014-06-30,42.09577065765738,42.11173148575099,41.82439090810474,41.95209884643555,12914600,0.0,0.0,WFC
2014-07-01,42.08777243395227,42.263371929353895,41.99997268625145,42.07979202270508,12482600,0.0,0.0,WFC
2014-07-02,42.11173007430676,42.17558556373066,41.94411398176502,42.03191375732422,14436000,0.0,0.0,WFC
2014-07-03,42.2154953565398,42.367150627394025,42.167606782415255,42.30329513549805,8741500,0.0,0.0,WFC
2014-07-07,42.22347283221149,42.28732527026191,41.864293353187215,41.90420150756836,13551800,0.0,0.0,WFC
2014-07-08,41.744562845116505,41.864290344452264,41.584927194267756,41.704654693603516,17282100,0.0,0.0,WFC
2014-07-09,41.74457239381546,41.74457239381546,41.43328447809429,41.65677261352539,16116300,0.0,0.0,WFC
2014-07-10,41.329511077965485,41.47318285823162,41.12996727701773,41.353458404541016,20059900,0.0,0.0,WFC
2014-07-11,40.81070176924844,41.24171409426045,40.5632663432921,41.098045349121094,29998900,0.0,0.0,WFC
2014-07-14,41.03420017798634,41.3774158685436,40.81869243892962,40.954383850097656,21252400,0.0,0.0,WFC
2014-07-15,41.114009351396504,41.23373686719281,40.866576951120045,40.98630142211914,19293100,0.0,0.0,WFC
2014-07-16,41.16988711898602,41.233739565404406,40.74685210167488,40.84263229370117,21599400,0.0,0.0,WFC
2014-07-17,40.77080568669416,40.80273039240126,40.395662230255475,40.451534271240234,24398000,0.0,0.0,WFC
2014-07-18,40.68299516212886,40.99428303543297,40.53932336755819,40.93042755126953,15487400,0.0,0.0,WFC
2014-07-21,40.70692947054318,40.82665695161037,40.58720198947599,40.7468376159668,15236900,0.0,0.0,WFC
2014-07-22,40.866576951120045,41.09006506615613,40.74684943532374,40.98630142211914,11920800,0.0,0.0,WFC
2014-07-23,41.05016086514831,41.20181309428073,40.92245292356377,40.97034454345703,9109000,0.0,0.0,WFC
2014-07-24,41.06611621491616,41.233732282556566,41.04216888754119,41.177860260009766,9939600,0.0,0.0,WFC
2014-07-25,41.098043889111324,41.32153197894087,41.098043889111324,41.18584060668945,10040200,0.0,0.0,WFC
2014-07-28,40.95437210427894,41.27364036906445,40.842625014567304,41.18584060668945,13468000,0.0,0.0,WFC
2014-07-29,41.22575830282711,41.62484598031896,41.09006690918526,41.13795852661133,14511800,0.0,0.0,WFC
2014-07-30,41.289598846849145,41.74455842447107,41.257671111101104,41.584922790527344,11439600,0.0,0.0,WFC
2014-07-31,41.39336847204062,41.40933234223109,40.619137514186,40.62712097167969,19638900,0.0,0.0,WFC
2014-08-01,40.30784547255653,40.79473280602615,40.092337814555385,40.18811798095703,18813700,0.0,0.0,WFC
2014-08-04,40.34775649276258,40.73088023043002,40.323812210657366,40.69895553588867,13380100,0.0,0.0,WFC
2014-08-05,40.49143122991405,40.65106689345769,40.116287877306064,40.22803497314453,12766000,0.0,0.0,WFC
2014-08-06,40.08335676310522,40.605799987817406,40.0512088165161,40.2360725402832,15271500,0.35,0.0,WFC
2014-08-07,40.46112793288381,40.51739067819491,39.86634639747981,39.94672393798828,14109100,0.0,0.0,WFC
2014-08-08,39.970836189076074,40.22000196877168,39.76186071320437,40.18785095214844,14563200,0.0,0.0,WFC
2014-08-11,40.25214585308426,40.38878305038765,40.01101633722554,40.099430084228516,14666400,0.0,0.0,WFC
2014-08-12,40.07533033085676,40.40487062607348,39.98691655744177,40.01102828979492,15219900,0.0,0.0,WFC
2014-08-13,40.20391747965171,40.28429193716597,40.05924100325484,40.179805755615234,12283100,0.0,0.0,WFC
2014-08-14,40.276244774301865,40.58167314882764,40.2360575564641,40.49325942993164,11904300,0.0,0.0,WFC
2014-08-15,40.58971862713442,40.686168585169256,40.083350981795974,40.35662841796875,13297200,0.0,0.0,WFC
2014-08-18,40.56561862159171,40.77459410204491,40.5093558743124,40.7424430847168,9913700,0.0,0.0,WFC
2014-08-19,40.80673585715548,41.063937805221755,40.79066035214021,40.87907409667969,8718400,0.0,0.0,WFC
2014-08-20,40.82281307855672,40.943374772106665,40.70224831891756,40.871036529541016,8402900,0.0,0.0,WFC
2014-08-21,40.99159926178283,41.313103227526554,40.91122480339143,41.22468948364258,10102200,0.0,0.0,WFC
2014-08-22,41.26487721977672,41.46581643431282,41.096089015427786,41.13627624511719,9210400,0.0,0.0,WFC
2014-08-25,41.3774060991414,41.59442083665467,41.321143359721965,41.353294372558594,8665600,0.0,0.0,WFC
2014-08-26,41.449736200274856,41.54618615374339,41.36936175006586,41.44169998168945,7025200,0.0,0.0,WFC
2014-08-27,41.51405072521629,41.55423796243281,41.20862220340942,41.26488494873047,8315800,0.0,0.0,WFC
2014-08-28,41.16040608760605,41.21666884715464,40.99161780896027,41.1121826171875,7718000,0.0,0.0,WFC
2014-08-29,41.208615792226425,41.369367782172546,41.136277550055134,41.345252990722656,8860700,0.0,0.0,WFC
2014-09-02,41.56226683427038,41.56226683427038,41.184503191924925,41.44974136352539,9990300,0.0,0.0,WFC
2014-09-03,41.594410558223785,41.81946146028902,41.313096930642246,41.433658599853516,7735500,0.0,0.0,WFC
2014-09-04,41.38544240856645,41.731055040387865,41.31310416793193,41.44974136352539,8306200,0.0,0.0,WFC
2014-09-05,41.29703098124445,41.514045715332024,41.12020347952362,41.51404571533203,12102500,0.0,0.0,WFC
2014-09-08,41.37740191148985,41.578341122248496,41.26487644403925,41.36936569213867,7746900,0.0,0.0,WFC
2014-09-09,41.17647163613506,41.28096090690894,40.99160789005187,41.04787063598633,10745000,0.0,0.0,WFC
2014-09-10,41.05590161550693,41.489927986877575,41.03982611048001,41.40955352783203,11381400,0.0,0.0,WFC
2014-09-11,41.31311520025839,41.57835344268853,41.24881316203899,41.46582794189453,8981900,0.0,0.0,WFC
2014-09-12,41.530114945900266,41.819467902322096,41.40955325811721,41.554229736328125,12523700,0.0,0.0,WFC
2014-09-15,41.57833174047408,41.92394735028104,41.522069019443954,41.74711990356445,10414800,0.0,0.0,WFC
2014-09-16,41.618528122380184,42.181158522629076,41.618528122380184,42.04452133178711,10524600,0.0,0.0,WFC
2014-09-17,42.10881509492375,42.478542459259636,41.931987631072396,42.205265045166016,16919100,0.0,0.0,WFC
2014-09-18,42.301730459673614,42.90454819102221,42.301730459673614,42.792022705078125,16388300,0.0,0.0,WFC
2014-09-19,43.081369639629216,43.242121636675684,42.77594421793919,42.88846969604492,22553800,0.0,0.0,WFC
2014-09-22,42.80809151867736,43.00099452544086,42.45443958338176,42.518741607666016,13445700,0.0,0.0,WFC
2014-09-23,42.47855782398122,42.63127362203229,41.867703830046196,41.87574005126953,20596500,0.0,0.0,WFC
2014-09-24,41.97218336187225,42.02844609564776,41.69890591235304,41.899845123291016,18245200,0.0,0.0,WFC
2014-09-25,41.875731422127004,41.93199415736577,41.32114028930664,41.32114028930664,16684900,0.0,0.0,WFC
2014-09-26,41.35329196085619,41.73105560834297,41.27291443345218,41.69086837768555,10753400,0.0,0.0,WFC
2014-09-29,41.53011666360235,41.73105588430742,41.29702949781224,41.54619216918945,9995300,0.0,0.0,WFC
2014-09-30,41.63460564154732,41.94003411350423,41.56226739992829,41.69086837768555,16669900,0.0,0.0,WFC
2014-10-01,41.66675339172239,41.76320335096999,41.15234952094996,41.2005729675293,16527000,0.0,0.0,WFC
2014-10-02,41.14431905409168,41.40152104460297,40.903192571248546,41.3131103515625,15434400,0.0,0.0,WFC
2014-10-03,41.61853804686639,41.9561175939516,41.45778909368173,41.87574005126953,14018800,0.0,0.0,WFC
2014-10-06,42.00434082934659,42.16509284776326,41.78732913048728,41.81947708129883,10872300,0.0,0.0,WFC
2014-10-07,41.66676216171719,41.66676216171719,41.03983269551868,41.055908203125,11889700,0.0,0.0,WFC
2014-10-08,41.19254537587751,41.94807583605258,41.06394438125006,41.91592788696289,15267200,0.0,0.0,WFC
2014-10-09,41.843592041378805,41.964153756097566,41.01572021641254,41.08805847167969,18735700,0.0,0.0,WFC
2014-10-10,40.99964448972154,41.586389816038206,40.678143519425944,40.70225524902344,20211500,0.0,0.0,WFC
2014-10-13,40.67814254457905,40.975531778150255,40.30841505785922,40.348602294921875,19298900,0.0,0.0,WFC
2014-10-14,39.78596357858745,40.075316531551415,38.7491165191629,39.2474479675293,45851500,0.0,0.0,WFC
2014-10-15,38.68481656756427,38.998281236485845,37.32646558078552,38.45976257324219,38470600,0.0,0.0,WFC
2014-10-16,37.921244903383474,39.12688006631574,37.816755664091154,38.684814453125,28973400,0.0,0.0,WFC
2014-10-17,38.9741769008414,39.40820333526487,38.90987487139228,39.134925842285156,28314000,0.0,0.0,WFC
2014-10-20,39.12688816129121,39.57699315236693,39.07062542066792,39.52876663208008,15018500,0.0,0.0,WFC
2014-10-21,39.8904572225655,40.65402691790825,39.84223070306019,40.549537658691406,17660200,0.0,0.0,WFC
2014-10-22,40.60581024103985,40.742447480291034,40.300381675650584,40.324493408203125,20078200,0.0,0.0,WFC
2014-10-23,40.79869450389249,40.975521984009696,40.58168286240727,40.67009353637695,14394500,0.0,0.0,WFC
2014-10-24,40.65402675884404,41.19254242714431,40.62991196614105,41.1523551940918,10888600,0.0,0.0,WFC
2014-10-27,41.24076843261719,41.28095566516899,40.99963890512778,41.24076843261719,11654500,0.0,0.0,WFC
2014-10-28,41.44170964323314,41.62657337468315,41.23273111822741,41.618534088134766,13267200,0.0,0.0,WFC
2014-10-29,41.66676479420231,42.01238056435003,41.5381637913164,41.932003021240234,16546900,0.0,0.0,WFC
2014-10-30,41.80339363265226,42.293685815955925,41.73105539140927,42.16508483886719,14107600,0.0,0.0,WFC
2014-10-31,42.63126815016279,42.7357543431037,42.422289632102256,42.67145538330078,21126300,0.0,0.0,WFC
2014-11-03,42.77594175720392,43.081367161324,42.67145250522118,42.89650344848633,14349500,0.0,0.0,WFC
2014-11-04,42.90454916634278,42.99296292619142,42.52678239829483,42.81613540649414,14931500,0.0,0.0,WFC
2014-11-05,43.22875201992769,43.325839873932445,42.986030841732195,43.30965805053711,14496900,0.35,0.0,WFC
2014-11-06,43.32583561536387,43.7870067345162,43.26920078223056,43.73846435546875,15328100,0.0,0.0,WFC
2014-11-07,43.85173722206392,43.892190236344724,43.398655437564315,43.56047058105469,13312700,0.0,0.0,WFC
2014-11-10,43.43102509155067,43.681838752975324,43.3824796158779,43.55238723754883,11837300,0.0,0.0,WFC
2014-11-11,43.592845594475826,43.770839520999225,43.3096682479334,43.35012435913086,12520500,0.0,0.0,WFC
2014-11-12,43.12357783089852,43.422933890276994,43.05076115846941,43.31775665283203,10687900,0.0,0.0,WFC
2014-11-13,43.34202922350285,43.42293526816129,42.97794584980433,43.19639587402344,13494400,0.0,0.0,WFC
2014-11-14,43.19638418198063,43.43910533662596,43.066932693745336,43.16402053833008,9488400,0.0,0.0,WFC
2014-11-17,42.9617582731972,43.27729921241283,42.775671926296106,43.23684310913086,9657900,0.0,0.0,WFC
2014-11-18,42.9617602317977,43.28539055460341,42.90512538826182,43.09930419921875,12580400,0.0,0.0,WFC
2014-11-19,43.09121001997623,43.2125721577657,42.816125182505154,43.172119140625,12490600,0.0,0.0,WFC
2014-11-20,43.010303987380944,43.333934297253975,42.94557977722676,43.26920700073242,10245900,0.0,0.0,WFC
2014-11-21,43.68993565773468,43.76275234061896,43.447214410243106,43.53621292114258,14587500,0.0,0.0,WFC
2014-11-24,43.7384676873625,43.98118886019046,43.63328738080243,43.77082824707031,11028000,0.0,0.0,WFC
2014-11-25,43.87602017901596,43.916473204144516,43.528118607447965,43.59284591674805,14390400,0.0,0.0,WFC
2014-11-26,43.84364147509843,44.02972779591033,43.6656476083553,43.91645812988281,11792500,0.0,0.0,WFC
2014-11-28,43.948829890879736,44.28864203809332,43.90837687216484,44.07828140258789,11054300,0.0,0.0,WFC
2014-12-01,44.02973097798869,44.16727492979607,43.44720078398038,43.544288635253906,13858500,0.0,0.0,WFC
2014-12-02,43.48765857165692,44.04591763571706,43.48765857165692,43.867923736572266,12925300,0.0,0.0,WFC
2014-12-03,43.82746566894305,44.18345962402571,43.77083082815577,44.005462646484375,14781300,0.0,0.0,WFC
2014-12-04,43.94883381361954,44.20773686014475,43.827471660274945,44.09446716308594,12310000,0.0,0.0,WFC
2014-12-05,44.4100075792259,44.782180343937576,44.37764392498107,44.523277282714844,14261400,0.0,0.0,WFC
2014-12-08,44.45854531968148,44.620360476363174,44.1672786549279,44.31291198730469,18939300,0.0,0.0,WFC
2014-12-09,43.924565378242335,44.41810030619058,43.73038653796002,44.36146545410156,12895800,0.0,0.0,WFC
2014-12-10,44.28053743096001,44.571804023965164,43.85981936177108,43.900272369384766,23309500,0.0,0.0,WFC
2014-12-11,44.16728187027907,44.64463491973902,43.98928487633439,44.0378303527832,17007700,0.0,0.0,WFC
2014-12-12,43.58474929410567,44.18346450243479,43.414844752984266,43.447208404541016,18792900,0.0,0.0,WFC
2014-12-15,43.69801191906732,44.021642209545085,43.01030140976104,43.03457260131836,24852800,0.0,0.0,WFC
2014-12-16,42.735220016253386,43.50383970300822,42.66240334937414,42.694766998291016,24243300,0.0,0.0,WFC
2014-12-17,42.91321879205408,43.56856573498348,42.83230966638112,43.520023345947266,19782600,0.0,0.0,WFC
2014-12-18,44.037827627882336,44.66890335083008,43.98119278538023,44.66890335083008,21404700,0.0,0.0,WFC
2014-12-19,44.418080272130396,44.838795244644096,44.05399703979492,44.05399703979492,36186100,0.0,0.0,WFC
2014-12-22,44.06209882224368,44.474727630615234,43.965010961719315,44.474727630615234,17395500,0.0,0.0,WFC
2014-12-23,44.56372317622438,45.016801886299206,44.547541352812104,44.8792610168457,13205700,0.0,0.0,WFC
2014-12-24,45.008714001499754,45.097712490017514,44.757900359892176,44.77408218383789,4297000,0.0,0.0,WFC
2014-12-26,44.830716658039336,44.935896969643125,44.7093545226221,44.72553634643555,5826000,0.0,0.0,WFC
2014-12-29,44.56371941653193,45.26761170056116,44.56371941653193,45.07343292236328,11385600,0.0,0.0,WFC
2014-12-30,44.91971909321829,45.10580545387465,44.822631228173144,44.838809967041016,8749400,0.0,0.0,WFC
2014-12-31,44.90353269359798,45.0410735645365,44.35336303710938,44.353363037109375,10090800,0.0,0.0,WFC
2015-01-02,44.58799868787001,44.65272290142241,43.84365017062852,44.25627899169922,11700900,0.0,0.0,WFC
2015-01-05,43.80320236468003,43.98119937427694,42.96176588378109,43.04267501831055,15000500,0.0,0.0,WFC
2015-01-06,43.164030227441344,43.26112118018721,41.95042109542668,42.14459991455078,20211200,0.0,0.0,WFC
2015-01-07,42.581494971858916,42.58958434045958,42.16077681817751,42.395408630371094,15714700,0.0,0.0,WFC
2015-01-08,42.8808567371106,43.3582097940539,42.84849308563737,43.33393859863281,16721600,0.0,0.0,WFC
2015-01-09,43.31775122795652,43.35820424393598,42.61385578717124,42.6219482421875,14550800,0.0,0.0,WFC
2015-01-12,42.54103897212556,42.630034365959396,41.8371435849188,42.11222839355469,16967500,0.0,0.0,WFC
2015-01-13,42.31450373030435,42.50059009034068,41.464977969662826,41.95042037963867,25080900,0.0,0.0,WFC
2015-01-14,41.2627128787157,41.85333565347828,40.79344917236396,41.46498107910156,37590100,0.0,0.0,WFC
2015-01-15,41.432614879494004,41.69961036904797,40.82581031563603,41.036170959472656,32144700,0.0,0.0,WFC
2015-01-16,40.88244257198029,41.82905923655399,40.866260747604876,41.780513763427734,23174900,0.0,0.0,WFC
2015-01-20,42.05559552056142,42.314498518844346,41.82905616865565,42.07177734375,17691000,0.0,0.0,WFC
2015-01-21,42.06369547360047,42.63813641054244,41.83715299494411,42.15269088745117,17928300,0.0,0.0,WFC
2015-01-22,42.468229285345544,43.54429441968698,42.46013682961691,43.503841400146484,21488700,0.0,0.0,WFC
2015-01-23,43.4714707090227,43.67373886033196,43.07502686082209,43.09120559692383,17779700,0.0,0.0,WFC
2015-01-26,42.808043950038076,43.36630309996829,42.79186212283269,43.35012435913086,13429400,0.0,0.0,WFC
2015-01-27,42.82422280413492,43.155942522895636,42.532956107395215,42.85658645629883,14351600,0.0,0.0,WFC
2015-01-28,43.13166387298422,43.17211688801418,42.193139726999874,42.201229095458984,18775100,0.0,0.0,WFC
2015-01-29,42.26597225162965,42.79996027499333,41.99088732526845,42.68668746948242,16700000,0.0,0.0,WFC
2015-01-30,42.23359966671443,42.69477090367822,41.990878450370495,42.007057189941406,21754800,0.0,0.0,WFC
2015-02-02,42.22549981802242,42.80803310435627,42.063687759700514,42.72712707519531,17714500,0.0,0.0,WFC
2015-02-03,42.88894392139792,43.30966211000929,42.85658335794129,43.244937896728516,20258900,0.0,0.0,WFC
2015-02-04,43.18793869018555,43.570710411311126,43.08206817274741,43.18793869018555,14435600,0.35,0.0,WFC
2015-02-05,43.35896441463967,43.847606632297165,43.34267592648956,43.70915603637695,13281900,0.0,0.0,WFC
2015-02-06,44.075616539740764,44.85744803449204,43.83944135004961,44.3443717956543,19317000,0.0,0.0,WFC
2015-02-09,44.19779123450468,44.34438448755795,44.04305529259766,44.14892578125,9739200,0.0,0.0,WFC
2015-02-10,44.482827808200184,44.55612442791033,44.15706747026323,44.442108154296875,12342500,0.0,0.0,WFC
2015-02-11,44.026766253810706,44.18964488252056,43.7010027829696,43.896461486816406,18296800,0.0,0.0,WFC
2015-02-12,44.13262665377619,44.71085683768915,43.95345958180527,44.678279876708984,20159500,0.0,0.0,WFC
2015-02-13,44.77601804446701,45.24837476817302,44.63757058823569,45.06106185913086,18809000,0.0,0.0,WFC
2015-02-17,45.04476940259355,45.16692836378202,44.751582925004534,45.093631744384766,11908600,0.0,0.0,WFC
2015-02-18,44.86559712683437,44.955182224929665,44.30365847520524,44.40138626098633,13231600,0.0,0.0,WFC
2015-02-19,44.31181312449085,44.645719330529175,44.0837805272094,44.43397521972656,10784600,0.0,0.0,WFC
2015-02-20,44.311817591788945,44.743451653504366,44.002342530913566,44.65386962890625,15049100,0.0,0.0,WFC
2015-02-23,44.53169233613447,44.88188694454085,44.19778621029471,44.873741149902344,13715000,0.0,0.0,WFC
2015-02-24,44.94703850559025,45.23208229511755,44.8085910615679,45.093631744384766,11957800,0.0,0.0,WFC
2015-02-25,45.10992420523099,45.2646632524433,44.98776523326995,45.06106185913086,10516900,0.0,0.0,WFC
2015-02-26,44.97148263635843,45.07735313790903,44.759735419834996,44.91447448730469,13579100,0.0,0.0,WFC
2015-02-27,44.645719476002846,45.020345346103376,44.62128829956055,44.62128829956055,12937000,0.0,0.0,WFC
2015-03-02,44.62127990735775,45.248372540694966,44.56427176857351,45.24022674560547,12988500,0.0,0.0,WFC
2015-03-03,45.1588020324707,45.2646756558837,44.90633511716636,45.1588020324707,11759600,0.0,0.0,WFC
2015-03-04,44.930754517483756,44.95518879753413,44.52355172603274,44.645713806152344,16653300,0.0,0.0,WFC
2015-03-05,44.74344187958002,44.80045002219459,44.50726662019569,44.66200256347656,9576100,0.0,0.0,WFC
2015-03-06,44.77602224732218,45.19137086842383,44.39325059781889,44.458404541015625,17298400,0.0,0.0,WFC
2015-03-09,44.613129407797764,44.80044228786671,44.49097045473205,44.52354431152344,11937900,0.0,0.0,WFC
2015-03-10,44.10820543615562,44.116348124882464,43.39967346191407,43.39967346191406,18723200,0.0,0.0,WFC
2015-03-11,43.87202900438585,43.96975991366821,43.65213911856679,43.73358154296875,16612900,0.0,0.0,WFC
2015-03-12,44.40140180158413,45.313535370447276,44.14079221048037,45.2728157043457,26266900,0.0,0.0,WFC
2015-03-13,45.191372146082394,45.32167692944885,44.80860048575732,45.069210052490234,17591400,0.0,0.0,WFC
2015-03-16,45.19950504080111,45.46011455105808,45.061057597662895,45.386817932128906,15505200,0.0,0.0,WFC
2015-03-17,45.19951436467891,45.59042871070324,45.00405563831122,45.53342056274414,13107700,0.0,0.0,WFC
2015-03-18,45.34610216160386,45.83474425850005,45.1913662224859,45.74515914916992,20000500,0.0,0.0,WFC
2015-03-19,45.565997339369275,45.59042851504373,44.987770065859294,45.20765686035156,14841100,0.0,0.0,WFC
2015-03-20,45.22394240108303,45.77773846285161,45.215799711958866,45.6148567199707,26487200,0.0,0.0,WFC
2015-03-23,45.63114504133017,45.84289223832943,45.38682398124019,45.42754364013672,16477400,0.0,0.0,WFC
2015-03-24,45.362394452490655,45.500841919102356,45.07735061645508,45.07735061645508,13927400,0.0,0.0,WFC
2015-03-25,45.00404870839706,45.08549112630569,44.41767883300781,44.41767883300781,15413700,0.0,0.0,WFC
2015-03-26,44.26294685475455,44.588710364945435,43.953474937455404,44.385108947753906,15038600,0.0,0.0,WFC
2015-03-27,44.417685999669715,44.4665483515881,43.945329219718026,44.07563400268555,13600300,0.0,0.0,WFC
2015-03-30,44.295505572278984,44.808581802034396,44.295505572278984,44.60498046875,11706700,0.0,0.0,WFC
2015-03-31,44.36067330366749,44.539840420186124,44.13263762681803,44.30366516113281,13306200,0.0,0.0,WFC
2015-04-01,44.319953334954356,44.319953334954356,43.79873422363501,43.929039001464844,15436900,0.0,0.0,WFC
2015-04-02,43.93717937587044,44.36881331666096,43.831305786101055,44.27922821044922,13498900,0.0,0.0,WFC
2015-04-06,43.83131688427804,44.27923942204108,43.6195727578358,44.04306411743164,10786100,0.0,0.0,WFC
2015-04-07,44.205934301893045,44.29551941360502,43.96161324694905,43.99419021606445,10853700,0.0,0.0,WFC
2015-04-08,43.961612974283554,44.27108796553889,43.83945400092462,43.977901458740234,9828700,0.0,0.0,WFC
2015-04-09,44.026774147020376,44.21408708898711,43.758018769386844,44.13264465332031,10279400,0.0,0.0,WFC
2015-04-10,44.24665592726041,44.36881489823135,44.02676605145991,44.23851013183594,9531500,0.0,0.0,WFC
2015-04-13,44.246660439048256,44.5724208348989,44.205937671194796,44.458404541015625,14931600,0.0,0.0,WFC
2015-04-14,43.92090053400917,44.360680366476075,43.627713979031235,44.13264465332031,29289600,0.0,0.0,WFC
2015-04-15,44.27923278035741,44.71901256167021,44.13263951991981,44.6375732421875,16899900,0.0,0.0,WFC
2015-04-16,44.40953755555629,44.849317336869085,44.25480160585478,44.6375732421875,15643200,0.0,0.0,WFC
2015-04-17,44.31180987373917,44.43397196001297,43.96161520691259,44.01862335205078,17569700,0.0,0.0,WFC
2015-04-20,44.254795348851346,44.52354755051525,44.116344797252616,44.27108383178711,13327200,0.0,0.0,WFC
2015-04-21,44.42583015761503,44.67015124541463,44.13264360957103,44.20594024658203,10954200,0.0,0.0,WFC
2015-04-22,44.23036096013958,44.719002985822904,44.10819890036363,44.52354431152344,13563800,0.0,0.0,WFC
2015-04-23,44.311796832457105,44.89002390966007,44.311796832457105,44.678279876708984,14657800,0.0,0.0,WFC
2015-04-24,44.59684742256437,44.727152188842375,44.4746884517035,44.5479850769043,15268100,0.0,0.0,WFC
2015-04-27,44.621286220837106,45.199513485582564,44.556132277744716,44.767879486083984,19852400,0.0,0.0,WFC
2015-04-28,44.71901784418804,45.142509190287825,44.68644086986238,45.126220703125,13028300,0.0,0.0,WFC
2015-04-29,44.930756591486855,45.41125603184733,44.85746306808476,45.166934967041016,18144500,0.0,0.0,WFC
2015-04-30,45.321666653708455,45.321666653708455,44.61313164225719,44.873741149902344,16577800,0.0,0.0,WFC
2015-05-01,45.00405633609888,45.26466901086695,44.75973525438435,44.94704818725586,12069400,0.0,0.0,WFC
2015-05-04,45.01219214947331,45.41939489758863,45.004046354753164,45.386817932128906,9981800,0.0,0.0,WFC
2015-05-05,45.38682005655492,45.769591651847094,45.28094646721038,45.37867736816406,17068100,0.0,0.0,WFC
2015-05-06,45.44837913093923,45.58776468373113,44.64485413547672,45.030216217041016,15670700,0.375,0.0,WFC
2015-05-07,45.06300819978203,45.251590285487886,44.77603614061244,44.94002151489258,14723100,0.0,0.0,WFC
2015-05-08,45.23518853559748,45.956722259521484,45.16959626674657,45.956722259521484,17477500,0.0,0.0,WFC
2015-05-11,45.85013805914813,45.8829357622861,45.45657500477583,45.51396942138672,12922100,0.0,0.0,WFC
2015-05-12,45.349982981596845,45.62055618814529,45.09580549734518,45.481170654296875,11705900,0.0,0.0,WFC
2015-05-13,45.481180697417656,45.77635380811283,45.3991864290237,45.5877685546875,11448100,0.0,0.0,WFC
2015-05-14,45.87473883480921,46.02232537417517,45.6861567295663,45.94853210449219,11025400,0.0,0.0,WFC
2015-05-15,45.948527933300525,45.948527933300525,45.34178297901378,45.52216720581055,13323200,0.0,0.0,WFC
2015-05-18,45.571365039032415,45.89933267326252,45.546765198838436,45.710750579833984,10637300,0.0,0.0,WFC
2015-05-19,45.83375139195765,46.489689945523054,45.82555040067211,46.24371337890625,17194100,0.0,0.0,WFC
2015-05-20,46.17810318140124,46.21909874142404,45.85833343435836,45.9813232421875,13292000,0.0,0.0,WFC
2015-05-21,45.84193999210926,46.06331979565825,45.77634771388795,45.92393112182617,13466700,0.0,0.0,WFC
2015-05-22,45.94853485787098,46.10431926864294,45.90753928953745,45.91573715209961,8568800,0.0,0.0,WFC
2015-05-26,45.89112891078087,45.91572562005108,45.47296608662376,45.6369514465332,15859100,0.0,0.0,WFC
2015-05-27,45.85013564136238,46.16990853845355,45.677952400609335,45.97312545776367,12526100,0.0,0.0,WFC
2015-05-28,46.00592238879632,46.16170677623649,45.82553816183124,46.087913513183594,10348700,0.0,0.0,WFC
2015-05-29,46.12071705471009,46.128914917082625,45.65336070544327,45.882938385009766,17291500,0.0,0.0,WFC
2015-06-01,46.11251749576116,46.31749845290708,45.75174900941718,45.94853210449219,15746200,0.0,0.0,WFC
2015-06-02,45.92392007551608,46.284688466119725,45.702543452977025,46.06330871582031,13148700,0.0,0.0,WFC
2015-06-03,46.20270298450998,46.89964006259108,46.20270298450998,46.661861419677734,16197700,0.0,0.0,WFC
2015-06-04,46.350295013919634,46.645468105292444,45.85834194680584,46.03052520751953,17627100,0.0,0.0,WFC
2015-06-05,46.768457246402726,46.91604378991313,46.24370648181519,46.415889739990234,16890300,0.0,0.0,WFC
2015-06-08,46.6864592637917,46.6864592637917,46.014122009277344,46.014122009277344,14248400,0.0,0.0,WFC
2015-06-09,46.10430848125865,46.67825568692127,45.91572640883933,46.48967361450195,14669900,0.0,0.0,WFC
2015-06-10,46.7192624259087,47.203017641449684,46.661868004383614,46.90784454345703,18622400,0.0,0.0,WFC
2015-06-11,46.94882583618164,47.203003288334024,46.793041471949145,46.94882583618164,13943300,0.0,0.0,WFC
2015-06-12,46.84224594371163,46.973433622047196,46.52247617325376,46.8094482421875,13439000,0.0,0.0,WFC
2015-06-15,46.44867275163986,46.79303915905676,46.309284114523294,46.71924591064453,12920600,0.0,0.0,WFC
2015-06-16,46.61266068019118,46.93243354767206,46.51427071283742,46.91603469848633,10476100,0.0,0.0,WFC
2015-06-17,46.98983392054107,47.186613880226616,46.817647546114884,46.87504196166992,17497700,0.0,0.0,WFC
2015-06-18,46.97343600649101,47.42439347817575,46.891441748518524,47.30960464477539,18299900,0.0,0.0,WFC
2015-06-19,47.08002806675785,47.20301790085113,46.77665710449219,46.77665710449219,36241100,0.0,0.0,WFC
2015-06-22,47.2112153991285,47.58837960839964,47.1702167056224,47.481788635253906,15111200,0.0,0.0,WFC
2015-06-23,47.55557372810256,47.76875250997937,47.35879066749573,47.46538162231445,13354200,0.0,0.0,WFC
2015-06-24,47.28499740345769,47.67856352461075,47.178409576416016,47.178409576416016,16166600,0.0,0.0,WFC
2015-06-25,47.35059926513862,47.38339696767323,46.842247386896375,46.87504196166992,14053600,0.0,0.0,WFC
2015-06-26,47.01443297013286,47.2112160673594,46.97343740380769,47.0964241027832,16975900,0.0,0.0,WFC
2015-06-29,46.57166951160883,46.891439281475044,45.92392898263005,45.964927673339844,19289700,0.0,0.0,WFC
2015-06-30,46.35848716782426,46.637261353455294,45.907529754298956,46.112510681152344,17346700,0.0,0.0,WFC
2015-07-01,46.80944794784734,46.89964006259108,46.41588491531539,46.661861419677734,12165300,0.0,0.0,WFC
2015-07-02,46.604478786639866,46.85045535317863,46.34210336529696,46.52248764038086,10106800,0.0,0.0,WFC
2015-07-06,45.99772267767972,46.35029015231017,45.92392941257658,46.27649688720703,11682100,0.0,0.0,WFC
2015-07-07,46.17809905533472,46.30108885217458,45.16139549546565,46.120704650878906,15831800,0.0,0.0,WFC
2015-07-08,45.78453246877203,46.055105621588304,45.26797974170069,45.300777435302734,12906600,0.0,0.0,WFC
2015-07-09,45.96493009839292,46.038723366698434,45.456575082172165,45.50577163696289,13623200,0.0,0.0,WFC
2015-07-10,46.18630417006224,46.29289200056938,45.800939024774294,45.9813232421875,13269600,0.0,0.0,WFC
2015-07-13,46.37490107490525,46.538883367423274,46.260109091276206,46.52248764038086,15521800,0.0,0.0,WFC
2015-07-14,46.292895154278185,47.03902565746205,46.23550074078411,46.940635681152344,20066300,0.0,0.0,WFC
2015-07-15,47.07182741993573,47.68677029850714,46.948837593116956,47.37519836425781,17159400,0.0,0.0,WFC
2015-07-16,47.752366724676456,47.84255572146979,47.53918477068164,47.694969177246094,13194500,0.0,0.0,WFC
2015-07-17,47.530985645113674,47.59657792538025,47.13742258023059,47.506385803222656,12963900,0.0,0.0,WFC
2015-07-20,47.547379452935736,47.79335595142247,47.457187340346394,47.59657287597656,10084900,0.0,0.0,WFC
2015-07-21,47.57196654400272,47.858938546242904,47.3505868018059,47.51457214355469,12504300,0.0,0.0,WFC
2015-07-22,47.61297110167668,48.03933181974927,47.54737882922904,47.981937408447266,14871100,0.0,0.0,WFC
2015-07-23,48.154121036503845,48.186918736876535,47.61297149139784,47.727760314941406,13582200,0.0,0.0,WFC
2015-07-24,47.70316915060039,47.834356839585176,47.30960608364603,47.37519836425781,13157300,0.0,0.0,WFC
2015-07-27,47.129210212848164,47.42438322219284,47.014421404272,47.21940231323242,15495300,0.0,0.0,WFC
2015-07-28,47.33419855155582,47.42439066609696,46.86684225598897,47.06362533569336,16730600,0.0,0.0,WFC
2015-07-29,47.22760452085657,47.66216621473282,47.08001800259834,47.52277755737305,13718400,0.0,0.0,WFC
2015-07-30,47.43258635868057,47.711360550987656,47.32599852615197,47.678565979003906,9864800,0.0,0.0,WFC
2015-07-31,47.74415526247432,47.76055411132021,47.38338997114658,47.44898223876953,12369800,0.0,0.0,WFC
2015-08-03,47.61297632229436,47.61297632229436,47.145619991727685,47.481788635253906,13085900,0.0,0.0,WFC
2015-08-04,47.366993941278906,47.68676369340287,47.31779739181338,47.407989501953125,12324700,0.0,0.0,WFC
2015-08-05,47.70921538380893,47.88252261981494,47.436872743074915,47.577171325683594,12032500,0.375,0.0,WFC
2015-08-06,47.57718102428159,47.824763290213866,47.379113322628186,47.478145599365234,12556600,0.0,0.0,WFC
2015-08-07,47.5111572010829,47.75048808798781,47.07376176156512,47.42863082885742,13596200,0.0,0.0,WFC
2015-08-10,47.70095964833023,47.8495096034723,47.601927394295046,47.816497802734375,12397500,0.0,0.0,WFC
2015-08-11,47.23056382668839,47.49465199953141,47.02424474489357,47.21405792236328,15425500,0.0,0.0,WFC
2015-08-12,46.958219470173255,46.999482652673564,46.3805254706318,46.809669494628906,21663200,0.0,0.0,WFC
2015-08-13,46.83442064611545,47.14802645880412,46.73538839143747,46.94995880126953,11868600,0.0,0.0,WFC
2015-08-14,46.94995633891193,47.346088485026776,46.89218726436467,47.313079833984375,9742500,0.0,0.0,WFC
2015-08-17,47.0572503288589,47.45338253572346,46.982975343310606,47.32958984375,11462500,0.0,0.0,WFC
2015-08-18,47.37910618810609,47.63494294167953,47.263568024614486,47.486392974853516,10581500,0.0,0.0,WFC
2015-08-19,47.271814339846344,47.49463926622695,46.99947486194461,47.09025573730469,13744600,0.0,0.0,WFC
2015-08-20,46.59508909408627,46.69412449541809,46.30624371064822,46.31449508666992,20857700,0.0,0.0,WFC
2015-08-21,45.662533448700806,46.0339052184626,44.53190279317275,44.540157318115234,31954400,0.0,0.0,WFC
2015-08-24,40.60358705541698,43.93770344431637,39.406936012826314,42.29540252685547,40198100,0.0,0.0,WFC
2015-08-25,44.19353934228251,44.276068850184984,41.26380949758943,41.28031539916992,31041800,0.0,0.0,WFC
2015-08-26,42.551242707914334,43.25272623022509,41.74247239634207,43.16194534301758,30235800,0.0,0.0,WFC
2015-08-27,44.102759004586254,44.64744117078175,43.64060634731666,44.58967208862305,26452500,0.0,0.0,WFC
2015-08-28,44.3585908883314,44.50714083990474,43.77264560611349,44.18528366088867,18342200,0.0,0.0,WFC
2015-08-31,44.06975486688934,44.20179894652807,43.789160804134646,44.011985778808594,13842200,0.0,0.0,WFC
2015-09-01,43.00513796859056,43.178445193600076,41.70120022268244,42.08082962036133,28031700,0.0,0.0,WFC
2015-09-02,43.31875078674475,43.31875078674475,42.311912776662474,42.90611267089844,20919600,0.0,0.0,WFC
2015-09-03,43.23622189830646,43.739640910608905,43.095926448021004,43.26923370361328,15719000,0.0,0.0,WFC
2015-09-04,42.7492966672918,42.76580256526505,41.89100886175213,42.328407287597656,22303800,0.0,0.0,WFC
2015-09-08,43.45078179475871,43.72312123228753,42.897845248707526,43.68185806274414,19685400,0.0,0.0,WFC
2015-09-09,44.24305700311163,44.31733198606072,42.93086773646352,43.071163177490234,16221500,0.0,0.0,WFC
2015-09-10,42.97212774676731,43.624096643657445,42.74930281435504,43.37651443481445,17996200,0.0,0.0,WFC
2015-09-11,43.19495289566782,43.45904100618107,42.93911616127997,43.426029205322266,12549400,0.0,0.0,WFC
2015-09-14,43.43428179660381,43.64060082052132,43.252720048139295,43.54981994628906,16225600,0.0,0.0,WFC
2015-09-15,43.77265248020275,44.391609659567,43.59109070017196,44.12752151489258,14305500,0.0,0.0,WFC
2015-09-16,44.16877594235943,44.47412720883088,43.65710565699515,44.333831787109375,15218500,0.0,0.0,WFC
2015-09-17,44.31733621150467,44.49064347218362,42.93912320719415,43.08767318725586,25025800,0.0,0.0,WFC
2015-09-18,42.31190249537182,42.48520970635272,41.841495409464684,42.12208938598633,39561600,0.0,0.0,WFC
2015-09-21,42.51823054470389,42.70804369445333,42.23763650851366,42.54298782348633,16673300,0.0,0.0,WFC
2015-09-22,41.98180575813015,42.212885269819836,41.53615893538583,41.833255767822266,21761300,0.0,0.0,WFC
2015-09-23,41.990053617164456,42.039568173952254,41.67644778206675,41.90752410888672,12521200,0.0,0.0,WFC
2015-09-24,41.338086095696795,41.82499919271927,41.09875523569717,41.71771240234375,17064300,0.0,0.0,WFC
2015-09-25,42.38618578640191,42.80707525973464,42.14685493481132,42.4852180480957,18394800,0.0,0.0,WFC
2015-09-28,42.14685441923388,42.3366675635662,41.42886502142403,41.56916046142578,17647900,0.0,0.0,WFC
2015-09-29,41.651691773615966,42.05607535788041,41.26381094333139,41.99830627441406,20816400,0.0,0.0,WFC
2015-09-30,42.60900531827645,42.683280292146854,41.84149830434177,42.377925872802734,20514800,0.0,0.0,WFC
2015-10-01,42.50997473883002,42.798823291363966,42.023061665646466,42.452205657958984,15556600,0.0,0.0,WFC
2015-10-02,41.49487973268482,42.328410325169536,40.85941678191459,42.30364990234375,21630300,0.0,0.0,WFC
2015-10-05,42.675033512297205,43.38477158070049,42.50172625787659,43.25272750854492,15240700,0.0,0.0,WFC
2015-10-06,43.06291394012925,43.360013886685316,42.84834035731476,42.93912124633789,14490700,0.0,0.0,WFC
2015-10-07,43.3187485527731,43.5168130751848,42.84008685195031,43.071163177490234,13863500,0.0,0.0,WFC
2015-10-08,43.104171508379416,43.40127141624303,42.72454524752194,43.360008239746094,15384100,0.0,0.0,WFC
2015-10-09,43.75614351833528,43.79740669777209,42.8978555340629,43.02989959716797,16983100,0.0,0.0,WFC
2015-10-12,43.01339809270866,43.26923486845532,42.708046755847825,43.06291580200195,10639000,0.0,0.0,WFC
2015-10-13,42.930868376605716,43.17019923058577,42.67503162081543,42.798824310302734,16002200,0.0,0.0,WFC
2015-10-14,42.66678777160247,42.83184367064635,41.874523234007164,42.501731872558594,26269100,0.0,0.0,WFC
2015-10-15,42.8978499095734,43.492049689727985,42.716288166042084,43.483795166015625,18262400,0.0,0.0,WFC
2015-10-16,43.86342704202197,43.89643569420984,43.33524768069478,43.640602111816406,15676300,0.0,0.0,WFC
2015-10-19,43.541567141924055,43.74788617398965,43.285733556997016,43.37651443481445,15515700,0.0,0.0,WFC
2015-10-20,43.42603082016672,43.97896748648819,43.39302216625906,43.805660247802734,13583300,0.0,0.0,WFC
2015-10-21,43.77265217631869,44.449378435871225,43.764397651004224,43.83867263793945,17666700,0.0,0.0,WFC
2015-10-22,44.069747344814246,44.93628666629874,44.069747344814246,44.61442947387695,18263200,0.0,0.0,WFC
2015-10-23,44.845505318653316,45.22513158533289,44.655692185313534,45.183868408203125,16924800,0.0,0.0,WFC
2015-10-26,45.192118814933565,45.233385139356734,44.69695440364109,44.80424118041992,12661400,0.0,0.0,WFC
2015-10-27,44.548406087383405,44.83725462806548,44.41636202964204,44.663944244384766,12443900,0.0,0.0,WFC
2015-10-28,44.76298271038118,45.80282934269224,44.70521047975051,45.761566162109375,16681600,0.0,0.0,WFC
2015-10-29,45.71204832593963,45.86059829415676,45.31591612675357,45.4644660949707,11334900,0.0,0.0,WFC
2015-10-30,45.4479613941615,45.4479613941615,44.589673365821064,44.68045425415039,18450500,0.0,0.0,WFC
2015-11-02,44.73822310673573,45.40669797792302,44.67220264622405,45.26639938354492,10992300,0.0,0.0,WFC
2015-11-03,45.12611269826769,45.51399360418212,44.936299508699655,45.33243179321289,10709100,0.0,0.0,WFC
2015-11-04,45.33658727095773,45.49446647008419,45.1870161687034,45.353206634521484,12823600,0.375,0.0,WFC
2015-11-05,45.16207167511915,45.76866716462244,45.16207167511915,45.58585739135742,12263900,0.0,0.0,WFC
2015-11-06,46.56638301105505,46.81566707864533,46.16752786894682,46.40850067138672,22376800,0.0,0.0,WFC
2015-11-09,46.59962618336889,46.715958548035545,45.81853201520271,46.09274673461914,17609700,0.0,0.0,WFC
2015-11-10,45.95148313726595,46.499909399062915,45.89331695569803,46.4583625793457,13475900,0.0,0.0,WFC
2015-11-11,46.64117333955547,46.67440889411446,46.125982621150875,46.36695861816406,10808500,0.0,0.0,WFC
2015-11-12,46.1342903294631,46.325408225170726,45.84345626831055,45.84345626831055,17552200,0.0,0.0,WFC
2015-11-13,45.718810618446945,46.00133338211616,45.14545699650881,45.34488296508789,16550200,0.0,0.0,WFC
2015-11-16,45.27009006459553,45.92654037475586,45.20361580916383,45.92654037475586,11955400,0.0,0.0,WFC
2015-11-17,45.976410172075,46.109361886671905,45.56924376309885,45.6689567565918,11331900,0.0,0.0,WFC
2015-11-18,45.7520464233126,46.342019366703404,45.677260897402604,46.2589225769043,16612600,0.0,0.0,WFC
2015-11-19,46.34201882069391,46.5913028475173,46.08442353007932,46.508209228515625,12167600,0.0,0.0,WFC
2015-11-20,46.749184188594356,46.749184188594356,46.30047418715182,46.383567810058594,16264100,0.0,0.0,WFC
2015-11-23,46.450054776605356,46.5663871404757,46.167531962997735,46.200767517089844,9638100,0.0,0.0,WFC
2015-11-24,45.81852407030022,46.1010468368525,45.61078683518293,45.93485641479492,14156500,0.0,0.0,WFC
2015-11-25,46.08442810957918,46.1342861878257,45.78528597973742,45.88500213623047,10034400,0.0,0.0,WFC
2015-11-27,45.984717375009645,46.0927416315916,45.68557523051738,46.02626419067383,4914000,0.0,0.0,WFC
2015-11-30,46.0844319189735,46.27554981332184,45.7852897644043,45.7852897644043,15998900,0.0,0.0,WFC
2015-12-01,46.12597723092321,46.34202574431518,45.92655124759708,46.29216766357422,15543400,0.0,0.0,WFC
2015-12-02,46.36695407419527,46.36695407419527,45.702195500873614,45.768672943115234,12779900,0.0,0.0,WFC
2015-12-03,45.81022027979484,45.885005818256424,44.896174457506774,45.037437438964844,15410100,0.0,0.0,WFC
2015-12-04,45.270094551933006,46.43342425057322,45.12883476400214,46.2589225769043,19647700,0.0,0.0,WFC
2015-12-07,46.07612768018211,46.16753258726453,45.71881931785223,46.05119705200195,17991600,0.0,0.0,WFC
2015-12-08,45.68557347419231,45.87669135475534,45.1039085677986,45.2036247253418,19949500,0.0,0.0,WFC
2015-12-09,44.97096252441406,45.65234050434313,44.63027353444953,44.97096252441406,18499600,0.0,0.0,WFC
2015-12-10,45.078996332372874,45.693900165544385,44.771546000697015,45.15378189086914,14075300,0.0,0.0,WFC
2015-12-11,44.41421823070161,44.82138140644336,44.031982506995924,44.29788589477539,17815700,0.0,0.0,WFC
2015-12-14,44.30620638354303,44.51394366147405,43.83256564344584,44.20649337768555,22055100,0.0,0.0,WFC
2015-12-15,44.729983849273076,45.801905594080644,44.71336448976507,45.62740707397461,19056700,0.0,0.0,WFC
2015-12-16,45.87669381524241,46.56638301105505,45.552624210393155,46.40850067138672,21086800,0.0,0.0,WFC
2015-12-17,46.6245536415634,46.73257791010495,46.09274673461914,46.09274673461914,18800500,0.0,0.0,WFC
2015-12-18,45.702198241423886,45.82684186819177,44.69675064086914,44.69675064086914,31468600,0.0,0.0,WFC
2015-12-21,45.12052018448876,45.31994929553342,44.497308570974226,44.887855529785156,12993400,0.0,0.0,WFC
2015-12-22,45.17040125607051,45.2867336426603,44.62197488370448,45.15378189086914,10318100,0.0,0.0,WFC
2015-12-23,45.36980831464189,45.7520472146926,45.25347597672933,45.73542785644531,13033600,0.0,0.0,WFC
2015-12-24,45.67725589081503,45.77696885782622,45.46120743083638,45.5526123046875,4999400,0.0,0.0,WFC
2015-12-28,45.32826267976919,45.519380549843,45.01250120451663,45.43628692626953,8288800,0.0,0.0,WFC
2015-12-29,45.79359377186043,45.99301973008682,45.69388079274724,45.94316482543945,7894900,0.0,0.0,WFC
2015-12-30,45.926551761272286,45.959790482138025,45.527696620340095,45.61079025268555,8016900,0.0,0.0,WFC
2015-12-31,45.295027713749334,45.66064729531774,45.05405491750148,45.170387268066406,10929800,0.0,0.0,WFC
2016-01-04,44.11508622280159,44.264657308884416,43.45863569719573,43.96551513671875,25985400,0.0,0.0,WFC
2016-01-05,43.982125588137826,44.26464834130026,43.66636411817546,43.94888687133789,14759600,0.0,0.0,WFC
2016-01-06,43.309064213846376,43.72453874475002,43.06809139498479,43.10963821411133,20026400,0.0,0.0,WFC
2016-01-07,42.38670947727246,42.53628055926337,41.6720959597614,41.87983322143555,30425600,0.0,0.0,WFC
2016-01-08,42.212202379046694,42.262060452873854,41.09873075545408,41.181827545166016,22981400,0.0,0.0,WFC
2016-01-11,41.69701605758147,41.82165966051484,41.24830289080356,41.622230529785156,19046400,0.0,0.0,WFC
2016-01-12,42.27868091912441,42.810487707948106,41.92137263854252,42.67753601074219,28961500,0.0,0.0,WFC
2016-01-13,42.9849914152994,43.04315759174863,41.13197552457074,41.32309341430664,22013500,0.0,0.0,WFC
2016-01-14,41.61392854147216,42.37840012016598,41.21507022148874,42.07925796508789,24569800,0.0,0.0,WFC
2016-01-15,40.37580338545999,41.24829901454637,39.99356768811825,40.56692123413086,41090400,0.0,0.0,WFC
2016-01-19,40.92423479750928,41.165210747936364,39.87724054055715,40.0600471496582,29918500,0.0,0.0,WFC
2016-01-20,39.28726306192716,40.093284510997954,38.95488540310533,39.777523040771484,40241100,0.0,0.0,WFC
2016-01-21,39.91047540727644,40.75804368168029,39.810762424940265,39.893856048583984,24272900,0.0,0.0,WFC
2016-01-22,40.741424244323255,40.94085337842909,40.35088041016959,40.733116149902344,18298700,0.0,0.0,WFC
2016-01-25,40.64171745946594,40.69988363873746,39.5697924360581,39.603031158447266,23440800,0.0,0.0,WFC
2016-01-26,39.677814242416986,40.35088406494146,39.603028706580936,40.10159683227539,18895100,0.0,0.0,WFC
2016-01-27,40.134839081990854,40.96578814443298,39.993579262888865,40.359195709228516,20441500,0.0,0.0,WFC
2016-01-28,40.7995916620627,41.048878879770925,40.38411719230721,40.650020599365234,21306600,0.0,0.0,WFC
2016-01-29,40.95747644348519,41.755186712459235,40.85776028249931,41.73856735229492,25358300,0.0,0.0,WFC
2016-02-01,41.64715634634764,41.69701441952603,41.181827009289535,41.49758529663086,17385400,0.0,0.0,WFC
2016-02-02,40.93255009001937,40.98240817571546,40.53369491390812,40.57524490356445,25593200,0.0,0.0,WFC
2016-02-03,40.57104665694301,40.62128739400553,38.94652801245453,39.85927200317383,47149700,0.375,0.0,WFC
2016-02-04,39.691804335316895,40.705033140395734,39.66668076881834,40.4035758972168,30851700,0.0,0.0,WFC
2016-02-05,40.48731399718099,40.746902897617225,39.85927911701158,40.07699966430664,23733700,0.0,0.0,WFC
2016-02-08,39.44896985126674,39.64156685593527,38.56972154496226,38.938167572021484,31172100,0.0,0.0,WFC
2016-02-09,38.192894457011484,39.155879342370085,37.98354950006172,38.89629364013672,29896200,0.0,0.0,WFC
2016-02-10,39.25636922315935,39.541078506901215,38.61158633955718,38.661827087402344,19885500,0.0,0.0,WFC
2016-02-11,37.62347359148137,38.12590017934462,37.26340003225092,37.816070556640625,32570900,0.0,0.0,WFC
2016-02-12,38.48597886911392,39.6834323639817,38.46085849467708,39.6164436340332,28533900,0.0,0.0,WFC
2016-02-16,40.23609463192563,40.537551840159765,39.834152752396825,40.395198822021484,20410600,0.0,0.0,WFC
2016-02-17,40.73853086058611,40.998116568939274,40.1858602889834,40.30309295654297,18060500,0.0,0.0,WFC
2016-02-18,40.26959690395919,40.3114652573704,39.75879468703084,39.9681396484375,17162800,0.0,0.0,WFC
2016-02-19,39.69180516787472,40.3365848251037,39.641561228174176,40.269596099853516,18234900,0.0,0.0,WFC
2016-02-22,40.26959545577402,41.316320225164745,40.26959545577402,41.190711975097656,17572800,0.0,0.0,WFC
2016-02-23,40.922748350057695,40.96461669956955,40.17748086795581,40.2779655456543,15224700,0.0,0.0,WFC
2016-02-24,39.64157134234608,39.926280684588974,38.988415931345315,39.8676643371582,18595700,0.0,0.0,WFC
2016-02-25,39.951394021688444,40.32821561328863,39.951394021688444,39.98488998413086,16646200,0.0,0.0,WFC
2016-02-26,40.303089700920175,40.646415282904435,40.05187640582078,40.252845764160156,20325600,0.0,0.0,WFC
2016-02-29,40.21934798164507,40.21934798164507,39.281483565126265,39.28985595703125,24018100,0.0,0.0,WFC
2016-03-01,39.47408419491229,40.79714584350586,39.47408419491229,40.79714584350586,24758500,0.0,0.0,WFC
2016-03-02,40.89762809867057,41.50891494750976,40.705031134873316,41.508914947509766,18667700,0.0,0.0,WFC
2016-03-03,41.559158944674756,41.6931395803108,41.09022512277344,41.6763916015625,14268100,0.0,0.0,WFC
2016-03-04,41.87736925105199,42.2793144319099,41.601035532857004,41.96110916137695,18685600,0.0,0.0,WFC
2016-03-07,41.676391384080105,42.002968982091865,41.40005452770073,41.92760467529297,14386100,0.0,0.0,WFC
2016-03-08,41.542416396631246,41.58428475180014,40.96462223450803,41.073482513427734,18098200,0.0,0.0,WFC
2016-03-09,41.34980512437682,41.45028978094303,40.62128257981033,40.855751037597656,17920100,0.0,0.0,WFC
2016-03-10,40.981361830169,41.14046601934721,40.160730098236975,40.62128829956055,18542700,0.0,0.0,WFC
2016-03-11,41.132093257826966,41.97784861127567,40.931123902596795,41.92760467529297,18318400,0.0,0.0,WFC
2016-03-14,41.84386176264854,41.92759844916807,41.40004837991546,41.768497467041016,12803900,0.0,0.0,WFC
2016-03-15,41.28282676622668,41.86062091830922,41.19909005734404,41.85224533081055,12945600,0.0,0.0,WFC
2016-03-16,41.659647984455376,42.11183387495091,41.26607842854067,41.48379898071289,16629700,0.0,0.0,WFC
2016-03-17,41.39167766608882,41.81036750435041,40.89762352916615,41.64289093017578,16002800,0.0,0.0,WFC
2016-03-18,42.23743472741952,42.45515525789172,41.81037244741688,42.32117462158203,35812100,0.0,0.0,WFC
2016-03-21,42.2876854009189,42.49703037815117,42.01134849768389,42.43003845214844,13543200,0.0,0.0,WFC
2016-03-22,42.0448409173573,42.35467375748252,41.86899191794607,42.1788215637207,13907000,0.0,0.0,WFC
2016-03-23,42.019719525711174,42.145327776160116,41.61777759636528,41.66801834106445,13648100,0.0,0.0,WFC
2016-03-24,41.04835684016892,41.09860077649593,40.62966695382818,40.947872161865234,20871100,0.0,0.0,WFC
2016-03-28,41.06510475787482,41.06510475787482,40.65478726435694,40.7803955078125,18478100,0.0,0.0,WFC
2016-03-29,40.71340547945285,40.738529045918376,40.06025024965777,40.23609924316406,24459500,0.0,0.0,WFC
2016-03-30,40.529184251943114,41.16559150470151,40.31983929856397,40.738529205322266,16794200,0.0,0.0,WFC
2016-03-31,40.69665493032465,40.89762747760699,40.420321271455485,40.49568557739258,16397600,0.0,0.0,WFC
2016-04-01,40.3868241729665,40.679908996371154,40.01000265393204,40.571048736572266,14321400,0.0,0.0,WFC
2016-04-04,40.545930747262,40.755275709470546,40.361709352676904,40.61292266845703,12110200,0.0,0.0,WFC
2016-04-05,40.26122980161741,40.269602195659594,39.74205192917294,39.78392028808594,18297700,0.0,0.0,WFC
2016-04-06,39.683432485430984,40.30309500969253,39.541079437385534,40.261226654052734,17214400,0.0,0.0,WFC
2016-04-07,39.95139211156889,40.01000844586521,39.03864794193253,39.29823684692383,17593100,0.0,0.0,WFC
2016-04-08,39.649939301480906,39.90115584162414,39.331737220841205,39.41547393798828,12236500,0.0,0.0,WFC
2016-04-11,39.448957545420654,39.951384079622805,39.356845268801926,39.38196563720703,15113500,0.0,0.0,WFC
2016-04-12,39.474093824920885,40.051888085933875,39.31499277030858,40.001644134521484,18772600,0.0,0.0,WFC
2016-04-13,40.43706913320979,41.240952931318326,40.420321154788745,41.05672836303711,26311900,0.0,0.0,WFC
2016-04-14,40.44543363223206,41.28281322376626,40.336573390914715,40.855751037597656,30067900,0.0,0.0,WFC
2016-04-15,40.71340553299493,40.98136681707611,40.244474883028126,40.4035758972168,24885200,0.0,0.0,WFC
2016-04-18,40.403574583775054,40.931124742188565,40.11886532940034,40.89762878417969,18225800,0.0,0.0,WFC
2016-04-19,41.03997487805176,41.801990225038935,41.01485451096587,41.768497467041016,18673400,0.0,0.0,WFC
2016-04-20,41.852241935015755,42.30442779273433,41.66801735720068,42.245811462402344,22647700,0.0,0.0,WFC
2016-04-21,42.32954805233051,42.522145022103935,41.81037347318692,41.910858154296875,20255400,0.0,0.0,WFC
2016-04-22,41.9108545187598,42.48864857231001,41.9108545187598,42.388160705566406,16365700,0.0,0.0,WFC
2016-04-25,42.12858522507366,42.371422975895705,41.969480994756445,42.296058654785156,11689100,0.0,0.0,WFC
2016-04-26,42.29605579007479,42.69800093834123,42.24581504230451,42.639381408691406,13333500,0.0,0.0,WFC
2016-04-27,42.5975145400131,43.04970045182326,42.47190947185526,42.64775848388672,15342700,0.0,0.0,WFC
2016-04-28,42.29604366149075,42.647744766784314,42.03645802084647,42.21230697631836,15506300,0.0,0.0,WFC
2016-04-29,42.254187283278455,42.254187283278455,41.601032009811945,41.85224533081055,17887000,0.0,0.0,WFC
2016-05-02,42.10344826491811,42.455149383032285,41.994591209095766,42.363037109375,14780300,0.0,0.0,WFC
2016-05-03,41.751759185717674,41.9778521250395,41.483797893414156,41.86899185180664,16246400,0.0,0.0,WFC
2016-05-04,41.396465405104635,41.57366107555174,41.07582332133374,41.29520797729492,22402500,0.38,0.0,WFC
2016-05-05,41.32053155733845,41.506163771567486,41.15177236537344,41.31209182739258,15953600,0.0,0.0,WFC
2016-05-06,41.10113979082883,41.44709465347377,41.05051429115281,41.36271667480469,14189600,0.0,0.0,WFC
2016-05-09,41.3627174043257,41.53147658345386,41.185521714707264,41.24458694458008,13877000,0.0,0.0,WFC
2016-05-10,41.34584268281627,41.77617554752264,41.34584268281627,41.6833610534668,14234400,0.0,0.0,WFC
2016-05-11,41.64959857899687,41.9533643959323,41.413337707519524,41.41333770751953,17344300,0.0,0.0,WFC
2016-05-12,41.632736953024896,41.835248641654644,41.388036268084726,41.51460647583008,13589600,0.0,0.0,WFC
2016-05-13,41.430214427113214,41.70866752378982,40.67923954525921,40.70455551147461,25251700,0.0,0.0,WFC
2016-05-16,40.60330726865658,41.033643384714054,40.451424312261466,40.72987747192383,19655300,0.0,0.0,WFC
2016-05-17,40.620180523700974,40.645493274967684,40.122342696301985,40.1814079284668,21495600,0.0,0.0,WFC
2016-05-18,40.23203431047927,41.10957944992182,40.181405592075976,41.050514221191406,30028200,0.0,0.0,WFC
2016-05-19,40.87331455504348,41.31208711659392,40.63705364452151,40.822689056396484,13604100,0.0,0.0,WFC
2016-05-20,41.02520136923995,41.523039205512035,40.97457586580422,41.13489532470703,13222800,0.0,0.0,WFC
2016-05-23,41.143326455067026,41.24458388632393,40.797371611972736,41.09270095825195,10644000,0.0,0.0,WFC
2016-05-24,41.388036268084726,41.65804970704833,41.08427034454715,41.51460647583008,16597700,0.0,0.0,WFC
2016-05-25,41.835235093638424,42.88997575389982,41.77616665535578,42.61152267456055,22478600,0.0,0.0,WFC
2016-05-26,42.62840047956108,42.746530922845956,42.527146273718785,42.65371322631836,14983300,0.0,0.0,WFC
2016-05-27,42.69590457069455,42.91529245076238,42.60309008784946,42.90685272216797,13430500,0.0,0.0,WFC
2016-05-31,43.05030974676644,43.1937529800831,42.60310058546847,42.79717254638672,19725000,0.0,0.0,WFC
2016-06-01,42.4090088926799,43.0671692199722,42.33306744025436,43.033416748046875,16774300,0.0,0.0,WFC
2016-06-02,42.99966960062504,43.12623977661133,42.78872145319009,43.12623977661133,14206700,0.0,0.0,WFC
2016-06-03,42.33307264501908,42.45120631128201,41.860550855220474,42.34994888305664,25452600,0.0,0.0,WFC
2016-06-06,42.39214403170351,42.92373108214581,42.3499518242727,42.603092193603516,14528500,0.0,0.0,WFC
2016-06-07,42.80560528286656,42.80560528286656,42.41746139526367,42.41746139526367,15310100,0.0,0.0,WFC
2016-06-08,42.40058057785034,42.56090002225741,41.97024774348741,42.189632415771484,18168500,0.0,0.0,WFC
2016-06-09,41.894313945675655,41.91962669973862,41.219277128398396,41.4639778137207,19464400,0.0,0.0,WFC
2016-06-10,40.915506799349224,41.10113899257864,40.645490191462486,40.788936614990234,16815300,0.0,0.0,WFC
2016-06-13,40.61174085566,40.932379742823805,40.46829443240168,40.47673416137695,16150100,0.0,0.0,WFC
2016-06-14,40.383923382614455,40.60330809140057,39.24480118656912,39.5570068359375,25311700,0.0,0.0,WFC
2016-06-15,39.88607790697505,40.13077854158057,39.43886884420965,39.472618103027344,20142000,0.0,0.0,WFC
2016-06-16,39.21104598189327,39.540124604632844,38.780709922300325,39.53168487548828,15619300,0.0,0.0,WFC
2016-06-17,39.5316840924422,39.65825427659503,39.253234193644865,39.320735931396484,25661300,0.0,0.0,WFC
2016-06-20,40.07171480627983,40.41766966783894,39.59075002917222,39.59918975830078,19490100,0.0,0.0,WFC
2016-06-21,39.90295797545615,39.945146967137404,39.46418538058084,39.85232925415039,11731600,0.0,0.0,WFC
2016-06-22,39.784828965058,40.14766010064028,39.5991935323004,39.6329460144043,17072100,0.0,0.0,WFC
2016-06-23,40.19828109882575,40.42610549926758,39.98733293754408,40.42610549926758,16270000,0.0,0.0,WFC
2016-06-24,38.611955993306175,39.632947698031316,38.20693584729548,38.569766998291016,46744100,0.0,0.0,WFC
2016-06-27,38.1394295714412,38.249123520509855,37.5487740549047,37.97910690307617,35030100,0.0,0.0,WFC
2016-06-28,38.721653759544324,38.90728921842526,38.25756833115628,38.89884948730469,27525700,0.0,0.0,WFC
2016-06-29,39.34605635414886,39.64982225545625,38.94103622534362,39.6329460144043,20856400,0.0,0.0,WFC
2016-06-30,39.86076127041497,39.962015474619285,39.261666116741104,39.936702728271484,22538800,0.0,0.0,WFC
2016-07-01,39.72575543564853,39.89451137330239,39.54012004165346,39.683563232421875,19013600,0.0,0.0,WFC
2016-07-05,39.40512092353916,39.455746427026945,38.654145912874824,38.991661071777344,22213000,0.0,0.0,WFC
2016-07-06,38.721649803110154,39.37137062399308,38.56133033515748,39.36293411254883,19024100,0.0,0.0,WFC
2016-07-07,39.3038735247667,39.84390044786355,39.1857398188767,39.489505767822266,17946200,0.0,0.0,WFC
2016-07-08,40.03795856906547,40.43453889291508,40.03795856906547,40.32484817504883,19775700,0.0,0.0,WFC
2016-07-11,40.58642639619491,40.8817557638511,40.4514196968935,40.56955337524414,16008700,0.0,0.0,WFC
2016-07-12,40.85643995534241,41.03363886415787,40.687683994662734,40.7973747253418,15067900,0.0,0.0,WFC
2016-07-13,40.76362995530363,40.89863667000884,40.485176795641266,40.72987747192383,14389600,0.0,0.0,WFC
2016-07-14,41.38802567671386,41.47240686655529,41.06738359294296,41.29520797729492,17578400,0.0,0.0,WFC
2016-07-15,41.21926632016934,41.244582286408225,40.00420616154026,40.25734329223633,35121000,0.0,0.0,WFC
2016-07-18,40.34172759772285,40.7805001602669,40.31641162952853,40.73830795288086,24139200,0.0,0.0,WFC
2016-07-19,40.56954972382196,40.966130056743374,40.544233757047124,40.814247131347656,15982900,0.0,0.0,WFC
2016-07-20,40.99987791404651,41.08425587695412,40.839558496996865,41.016754150390625,16569900,0.0,0.0,WFC
2016-07-21,41.05051353108474,41.1855202257437,40.7467476633987,40.755184173583984,15532000,0.0,0.0,WFC
2016-07-22,40.77205276489258,40.80580523692952,40.586417387502266,40.77205276489258,13588500,0.0,0.0,WFC
2016-07-25,40.70457091158962,40.7214439370326,40.37548897679104,40.60331344604492,12122200,0.0,0.0,WFC
2016-07-26,40.527359659974664,40.645490115120644,40.33328773811863,40.47673416137695,16130100,0.0,0.0,WFC
2016-07-27,40.459851880900715,40.68767624701286,40.31640547906136,40.50204086303711,17886800,0.0,0.0,WFC
2016-07-28,40.451417452843835,40.687681577624716,40.23203278570455,40.61174011230469,12562600,0.0,0.0,WFC
2016-07-29,40.45985792223989,40.645490115120644,40.45985792223989,40.47673416137695,13111700,0.0,0.0,WFC
2016-08-01,40.4851714175372,40.544236646198556,40.189845274230436,40.34172821044922,16026600,0.0,0.0,WFC
2016-08-02,40.21515651894914,40.35860293948221,39.98733212314727,40.24890899658203,17033100,0.0,0.0,WFC
2016-08-03,40.257413205536,40.521087393708704,40.257413205536,40.4615478515625,14913500,0.38,0.0,WFC
2016-08-04,40.487066168771996,40.827294924339576,40.461550147736084,40.69120407104492,14662600,0.0,0.0,WFC
2016-08-05,41.15901971802667,41.422697188513055,40.937873279142266,41.40568542480469,19064700,0.0,0.0,WFC
2016-08-08,41.49073970634859,41.72039364226509,41.45671942465368,41.601314544677734,14871600,0.0,0.0,WFC
2016-08-09,41.69486794459918,41.80544275726961,41.51624933966632,41.618316650390625,10449800,0.0,0.0,WFC
2016-08-10,41.52475966707212,41.61832273418873,40.89534070682509,40.98039627075195,16782700,0.0,0.0,WFC
2016-08-11,41.02292941586403,41.252583362084586,40.75925194175994,41.031436920166016,14614100,0.0,0.0,WFC
2016-08-12,40.86982426045063,40.89534352711801,40.6827013579745,40.74224090576172,13227500,0.0,0.0,WFC
2016-08-15,40.869819674639665,41.116485341887824,40.85280791365756,41.05694580078125,11758900,0.0,0.0,WFC
2016-08-16,40.96338752308393,41.33763657442552,40.87833195289876,41.20154571533203,13957600,0.0,0.0,WFC
2016-08-17,41.14200771125067,41.388673416571386,41.09097566508924,41.34614562988281,13062900,0.0,0.0,WFC
2016-08-18,41.25258684901753,41.38867772739274,41.107991710283706,41.27810287475586,12189200,0.0,0.0,WFC
2016-08-19,41.20155081852014,41.448216545135764,40.99741612692697,41.38017272949219,12557700,0.0,0.0,WFC
2016-08-22,41.3716634395276,41.45672226124,41.25258433379251,41.3631591796875,9212600,0.0,0.0,WFC
2016-08-23,41.371663442980974,41.465226524541286,41.15902125567563,41.17603302001953,15430200,0.0,0.0,WFC
2016-08-24,41.25258433379251,41.48223828542259,41.12499772355505,41.3631591796875,16315800,0.0,0.0,WFC
2016-08-25,41.35464352316045,41.41418306429127,41.08246183665907,41.150508880615234,13643200,0.0,0.0,WFC
2016-08-26,41.320620662929876,41.54176705264047,41.065447508706534,41.261077880859375,15527300,0.0,0.0,WFC
2016-08-29,41.46521692395475,42.315785476241004,41.41418164273942,42.154178619384766,21201400,0.0,0.0,WFC
2016-08-30,42.29878426630304,43.07280171215807,42.256256477013444,43.055789947509766,25055800,0.0,0.0,WFC
2016-08-31,43.12383343603063,43.31095634234605,42.732572615497745,43.20888900756836,24533600,0.0,0.0,WFC
2016-09-01,43.310953296910164,43.37900034508524,42.62199477977769,42.8941764831543,17017100,0.0,0.0,WFC
2016-09-02,42.91118696018343,43.089805589301335,42.68153304646252,42.99624252319336,12684000,0.0,0.0,WFC
2016-09-06,43.004744130061056,43.01324838733136,42.21371517280927,42.519920349121094,21832200,0.0,0.0,WFC
2016-09-07,42.34980976486393,42.553944404103184,42.23073068453076,42.33279800415039,12437300,0.0,0.0,WFC
2016-09-08,42.36682332964923,42.5199259379289,42.15418117866764,42.44337463378906,14169200,0.0,0.0,WFC
2016-09-09,42.09463925770225,42.40934871486925,41.439701080322266,41.439701080322266,32147200,0.0,0.0,WFC
2016-09-12,41.141996063470906,41.37164994016607,40.81027487868718,41.28659439086914,35588400,0.0,0.0,WFC
2016-09-13,40.657181046824064,40.70821633418573,39.568454207070516,39.94270324707031,59000500,0.0,0.0,WFC
2016-09-14,40.04478208483552,40.47006649995232,39.551450605861994,39.56846237182617,44841700,0.0,0.0,WFC
2016-09-15,39.22822676584531,39.423857173647626,38.437197630792156,39.253746032714844,60827800,0.0,0.0,WFC
2016-09-16,38.87099229891874,39.015587428143824,38.488235714701965,38.64133834838867,51871400,0.0,0.0,WFC
2016-09-19,38.80294515220389,39.37282789731242,38.68386604731435,39.134666442871094,33562400,0.0,0.0,WFC
2016-09-20,40.10430980412314,40.146837584147605,39.228221961243236,39.602474212646484,51510400,0.0,0.0,WFC
2016-09-21,39.55994340531958,39.58546266920378,38.55627546151332,38.98155975341797,64530200,0.0,0.0,WFC
2016-09-22,38.98156356078453,39.22822600823813,38.59029950807427,38.88800048828125,36964400,0.0,0.0,WFC
2016-09-23,38.70088371036758,39.049616818410755,38.64134414884772,38.90502166748047,28710500,0.0,0.0,WFC
2016-09-26,38.59029978193953,38.70087461792467,37.977892543806256,38.17352294921875,30938000,0.0,0.0,WFC
2016-09-27,38.09697237610243,38.36064659322689,37.9863975379775,38.352142333984375,24359000,0.0,0.0,WFC
2016-09-28,38.58179246029295,38.6838597844362,38.24156372026647,38.53926467895508,28220300,0.0,0.0,WFC
2016-09-29,38.437196882118705,38.49673642921788,37.60363997806825,37.73973083496094,45266700,0.0,0.0,WFC
2016-09-30,37.70571233600825,38.04593787198626,37.5100786781098,37.66318130493164,54117700,0.0,0.0,WFC
2016-10-03,37.527088471510204,37.56111199672047,37.050772097214235,37.280426025390625,38197700,0.0,0.0,WFC
2016-10-04,37.10180461953593,37.501572934264715,37.04226507197999,37.212379455566406,44008300,0.0,0.0,WFC
2016-10-05,37.28042649807848,38.34363733941548,37.28042649807848,38.267086029052734,40459000,0.0,0.0,WFC
2016-10-06,38.4286994934082,38.60731816663929,38.13100170468973,38.4286994934082,29878200,0.0,0.0,WFC
2016-10-07,38.44570720018033,38.6583493824328,38.216053253988186,38.55628204345703,24893600,0.0,0.0,WFC
2016-10-10,38.87099229637522,39.05811521390942,38.64984260565899,38.82846450805664,21804900,0.0,0.0,WFC
2016-10-11,38.95604583078191,38.97305759414997,38.40317812229938,38.658348083496094,25442600,0.0,0.0,WFC
2016-10-12,38.70937066997632,38.981555572692514,38.54776382446289,38.54776382446289,21780500,0.0,0.0,WFC
2016-10-13,38.479722520855496,38.479722520855496,37.663174249221406,38.06294250488281,44174600,0.0,0.0,WFC
2016-10-14,38.42018768346042,38.71788868348585,37.6972055663427,38.028926849365234,45418600,0.0,0.0,WFC
2016-10-17,37.884323355348734,38.07144622681591,37.697197239220095,37.85029983520508,18861300,0.0,0.0,WFC
2016-10-18,38.06294456179907,38.27558671018901,37.773751110202284,38.23305892944336,23877600,0.0,0.0,WFC
2016-10-19,38.15651289622077,38.72639237517706,38.15651289622077,38.49673843383789,26977000,0.0,0.0,WFC
2016-10-20,38.250072718600975,38.522254423397584,37.986395272539696,38.21604919433594,27210600,0.0,0.0,WFC
2016-10-21,38.05444459056578,38.53076098003553,37.9863975379775,38.352142333984375,21490800,0.0,0.0,WFC
2016-10-24,38.65835213741444,38.85398256966883,38.52226126086085,38.717891693115234,19303800,0.0,0.0,WFC
2016-10-25,38.67535832155996,38.95604429440784,38.62432303346854,38.88800048828125,20402000,0.0,0.0,WFC
2016-10-26,38.666851564645846,39.270754551078504,38.64983980162017,39.253746032714844,25181900,0.0,0.0,WFC
2016-10-27,39.48339592160711,39.81512042689109,39.34730506482213,39.474891662597656,25661000,0.0,0.0,WFC
2016-10-28,39.61098226221509,39.67052180888059,39.024091054514265,39.3217887878418,20882000,0.0,0.0,WFC
2016-10-31,39.46639097820056,39.60248184731178,39.12616218309138,39.134666442871094,20115900,0.0,0.0,WFC
2016-11-01,39.22823213025536,39.36432300840905,38.78593596509023,39.11766052246094,20020200,0.0,0.0,WFC
2016-11-02,38.92039086682664,39.03188367854004,38.65451659768263,38.80031967163086,19566600,0.38,0.0,WFC
2016-11-03,38.87751421196195,39.272034843369106,38.808900221267585,38.88608932495117,14982700,0.0,0.0,WFC
2016-11-04,38.90324270492389,38.95469992609384,38.157083552703476,38.25142288208008,27391600,0.0,0.0,WFC
2016-11-07,38.7831751841698,39.18627096570829,38.774596798695,38.93755340576172,25769400,0.0,0.0,WFC
2016-11-08,38.74886458768264,39.29776342606635,38.4829902814739,39.057621002197266,19462600,0.0,0.0,WFC
2016-11-09,39.735163327005544,41.690615955975844,39.4521355666574,41.158870697021484,67615000,0.0,0.0,WFC
2016-11-10,41.96507636985789,44.53804240959561,41.84500514480808,44.28074645996094,100988800,0.0,0.0,WFC
2016-11-11,43.81760584528878,44.58949686120851,43.50884943892088,44.36650466918945,46594900,0.0,0.0,WFC
2016-11-14,44.52087228793982,46.36483190331058,44.52087228793982,45.64440155029297,59154400,0.0,0.0,WFC
2016-11-15,44.92398101987876,45.10408782958985,44.203550509339415,45.104087829589844,39437900,0.0,0.0,WFC
2016-11-16,44.4179700811753,44.743876749158915,44.04917802957161,44.32362747192383,26996200,0.0,0.0,WFC
2016-11-17,44.074899326738915,45.36996048509582,43.70610733634813,45.0183219909668,29205900,0.0,0.0,WFC
2016-11-18,44.98402569224417,45.43858200030803,44.589504999520976,45.30135726928711,29673400,0.0,0.0,WFC
2016-11-21,45.32707281406798,45.43856889827792,44.61522074956155,44.700984954833984,23587200,0.0,0.0,WFC
2016-11-22,44.9668652410331,45.09551483784571,44.43511989948492,44.78675842285156,22816900,0.0,0.0,WFC
2016-11-23,44.98401129512103,45.13838947707282,44.555183738964864,44.73529052734375,19986800,0.0,0.0,WFC
2016-11-25,44.941128436475324,45.12981033325195,44.63237207777505,45.12981033325195,9635500,0.0,0.0,WFC
2016-11-28,44.7009852962877,45.009741672338485,44.07489743227126,44.23785400390625,26518500,0.0,0.0,WFC
2016-11-29,44.220704726846805,44.70956794499776,44.220704726846805,44.47800064086914,16267300,0.0,0.0,WFC
2016-11-30,45.009748336191194,45.59295418358955,44.855370125309555,45.387115478515625,26567200,0.0,0.0,WFC
2016-12-01,45.56722972314647,46.7164880245672,45.507194110300986,46.6049919128418,35623100,0.0,0.0,WFC
2016-12-02,46.519226983407336,46.54495559661073,45.721607257147525,45.95317459106445,21894700,0.0,0.0,WFC
2016-12-05,46.227625058934926,46.76794557831713,46.201893173467525,46.61356735229492,24793900,0.0,0.0,WFC
2016-12-06,46.69932281593116,47.65989565230813,46.50206252722753,47.64274215698242,30706700,0.0,0.0,WFC
2016-12-07,47.64274466106883,49.13506611589467,47.368295264821874,49.126487731933594,46617000,0.0,0.0,WFC
2016-12-08,49.13507080078125,49.76115875014622,48.63762917784472,49.13507080078125,39828600,0.0,0.0,WFC
2016-12-09,48.8091598219138,49.092187622944536,48.448946189723905,49.00642013549805,20331200,0.0,0.0,WFC
2016-12-12,48.457516731872595,48.97210852123226,47.64274367230746,47.840003967285156,27886200,0.0,0.0,WFC
2016-12-13,47.900035530066724,48.208791886339064,47.41975077292711,47.89146041870117,24355600,0.0,0.0,WFC
2016-12-14,46.948045242591014,47.702779433311264,46.33910758803277,46.91373825073242,54590600,0.0,0.0,WFC
2016-12-15,47.316838506814776,48.24310774595069,47.08527446872593,47.33399200439453,31345900,0.0,0.0,WFC
2016-12-16,47.59129226857666,47.72851698061108,47.102425755777865,47.462642669677734,33171800,0.0,0.0,WFC
2016-12-19,47.32541514355874,47.57413594173635,46.870858925416584,47.35972213745117,16801400,0.0,0.0,WFC
2016-12-20,47.57413574778241,48.30314137070192,47.29968634115188,48.11445617675781,19245300,0.0,0.0,WFC
2016-12-21,48.10588197987919,48.10588197987919,47.71993647205373,47.779972076416016,14058400,0.0,0.0,WFC
2016-12-22,47.82285276142465,48.0544200592336,47.59986384780952,47.81427764892578,14515500,0.0,0.0,WFC
2016-12-23,47.84001417094578,48.01154589454945,47.702789446401944,47.99439239501953,8313000,0.0,0.0,WFC
2016-12-27,47.94293103159198,48.11445946870061,47.89147053744226,47.98581314086914,8893900,0.0,0.0,WFC
2016-12-28,48.01153644770464,48.09730392847845,47.40260205683747,47.44548416137695,10609100,0.0,0.0,WFC
2016-12-29,47.33399150178295,47.565558809108055,46.72505706679569,47.0338134765625,15933500,0.0,0.0,WFC
2016-12-30,47.07669945886388,47.47979850164712,46.99093523651208,47.265384674072266,15095500,0.0,0.0,WFC
2017-01-03,47.74566255680007,48.32886834407015,47.56555575323883,48.028690338134766,22063800,0.0,0.0,WFC
2017-01-04,48.16592158609852,48.294571189960855,47.69421182476217,48.07157897949219,15036100,0.0,0.0,WFC
2017-01-05,47.59128319579406,47.874307679042744,46.725049707962796,47.325408935546875,18831600,0.0,0.0,WFC
2017-01-06,47.39402708169206,47.65990138367138,46.91374224159405,47.205345153808594,18715900,0.0,0.0,WFC
2017-01-09,46.89658939219776,47.00808549091615,46.46776176664489,46.519222259521484,21794100,0.0,0.0,WFC
2017-01-10,46.61355221249668,47.3254074981368,46.53636312455612,46.84511947631836,17978200,0.0,0.0,WFC
2017-01-11,46.82797999735584,46.99951171875001,46.073245657934265,46.99951171875,21100600,0.0,0.0,WFC
2017-01-12,46.870863807530235,46.982356641751316,46.22762232767408,46.74221420288086,20566600,0.0,0.0,WFC
2017-01-13,47.26538083415765,48.200225177303594,46.87086020867829,47.436912536621094,37231600,0.0,0.0,WFC
2017-01-17,46.99950739298421,47.13673210313049,45.95317020500455,46.124698638916016,26974400,0.0,0.0,WFC
2017-01-18,46.12469608598965,46.562102074661624,45.74732897189783,46.54494857788086,21186700,0.0,0.0,WFC
2017-01-19,46.51922622151836,46.97378249637607,46.1933162822661,46.810829162597656,20906900,0.0,0.0,WFC
2017-01-20,46.956629655721315,47.26538610021651,46.845133545943504,47.2310791015625,24160800,0.0,0.0,WFC
2017-01-23,46.922310637958745,47.17103140694754,46.44202586660893,46.52779006958008,17227400,0.0,0.0,WFC
2017-01-24,46.62213536332397,47.2310697461874,46.42487506767926,46.91373825073242,18523300,0.0,0.0,WFC
2017-01-25,47.496949369757914,48.74055015515222,47.41118188046113,48.56044006347656,32252100,0.0,0.0,WFC
2017-01-26,48.55186627134604,49.169379124302836,48.53471277301999,49.04072952270508,23769800,0.0,0.0,WFC
2017-01-27,48.91208090076277,48.980694895441246,48.38033552878596,48.53471374511719,17186200,0.0,0.0,WFC
2017-01-30,48.131612836860846,48.303144545201796,47.814281303031976,48.09730911254883,15961400,0.0,0.0,WFC
2017-01-31,48.011540501247914,48.354603909917756,47.857162294515994,48.31172180175781,22409100,0.0,0.0,WFC
2017-02-01,48.82117704504202,49.278820550856025,48.15629681751235,48.277183532714844,21157700,0.38,0.0,WFC
2017-02-02,47.98359992460091,48.32035671399266,47.836809854934124,48.1390266418457,13044400,0.0,0.0,WFC
2017-02-03,49.114758421253825,49.46878519833286,48.72619164301689,49.451515197753906,19879800,0.0,0.0,WFC
2017-02-06,49.28745405200842,49.57240082052134,48.77800057480946,48.82980728149414,13940200,0.0,0.0,WFC
2017-02-07,49.09748960581371,49.382436387455115,48.58803610514247,48.64847946166992,14937400,0.0,0.0,WFC
2017-02-08,48.536213297014385,48.536213297014385,47.63819324564831,48.035396575927734,18592200,0.0,0.0,WFC
2017-02-09,48.03539514433093,49.01976185464266,48.03539514433093,48.98522186279297,15907800,0.0,0.0,WFC
2017-02-10,49.23564128855576,49.252911287786795,48.924787890228274,49.09748458862305,12268100,0.0,0.0,WFC
2017-02-13,49.27881223690446,49.65874231971563,49.12338554531912,49.28744888305664,15325300,0.0,0.0,WFC
2017-02-14,49.33061843678344,50.08184519237279,49.20973175127654,50.0645751953125,16382900,0.0,0.0,WFC
2017-02-15,50.16820353539318,50.95397046759856,49.98687346501868,50.55677032470703,25350400,0.0,0.0,WFC
2017-02-16,50.39270345734019,50.39270345734019,49.65874333344522,50.18546676635742,14694500,0.0,0.0,WFC
2017-02-17,49.71918395663942,50.16819069389711,49.60693062536747,50.1595573425293,15783200,0.0,0.0,WFC
2017-02-21,50.297721862792976,50.62584526247751,49.99550510908062,50.29772186279297,16916800,0.0,0.0,WFC
2017-02-22,50.08185819941584,50.591311716304475,50.08185819941584,50.3927116394043,12344200,0.0,0.0,WFC
2017-02-23,50.45314529707298,50.59130198895781,50.13365856469844,50.50495529174805,13841400,0.0,0.0,WFC
2017-02-24,49.82280992161485,50.00413997934536,49.494686511972255,49.91779327392578,16379100,0.0,0.0,WFC
2017-02-27,49.9177931206883,50.29772323485006,49.83144312161813,50.133663177490234,10101000,0.0,0.0,WFC
2017-02-28,50.07321286151529,50.35815958403071,49.848706189070214,49.97822952270508,15558900,0.0,0.0,WFC
2017-03-01,51.0403191209903,51.800182678419326,51.02304912037648,51.57567596435547,25912700,0.0,0.0,WFC
2017-03-02,51.618843097205826,51.62747974342965,50.574032890371434,50.69491958618164,17578600,0.0,0.0,WFC
2017-03-03,50.815805614961185,51.15256564104612,50.66037892412672,50.850345611572266,14740000,0.0,0.0,WFC
2017-03-06,50.548134374584826,50.84171778988391,50.23728095910159,50.608577728271484,13225500,0.0,0.0,WFC
2017-03-07,50.453153781524634,50.53086713964822,50.09912699316516,50.34090042114258,13099900,0.0,0.0,WFC
2017-03-08,50.90215268938031,51.05757937130756,50.22863596972382,50.26317596435547,14711300,0.0,0.0,WFC
2017-03-09,50.4704130840902,50.83307314918076,50.25454305660813,50.686283111572266,15721500,0.0,0.0,WFC
2017-03-10,50.92805686524982,51.100753547296755,50.53085680228254,50.81580352783203,15120200,0.0,0.0,WFC
2017-03-13,50.7985364481592,50.97122983501268,50.53085642827196,50.686283111572266,14063500,0.0,0.0,WFC
2017-03-14,50.50495378086172,50.781267156365296,50.29771710227641,50.73809051513672,10885000,0.0,0.0,WFC
2017-03-15,50.85898292528013,51.21300966040234,50.39270284665613,50.69491958618164,17777300,0.0,0.0,WFC
2017-03-16,50.824430112100195,51.29934342327634,50.73808014121343,51.22163009643555,18468200,0.0,0.0,WFC
2017-03-17,51.2648103903004,51.299350383341334,50.530853654713184,50.66037368774414,20985700,0.0,0.0,WFC
2017-03-20,50.487690783277046,50.487690783277046,49.75373060152587,49.762367248535156,17663200,0.0,0.0,WFC
2017-03-21,50.02140100740993,50.04730435560666,48.035397493726826,48.22536087036133,31766400,0.0,0.0,WFC
2017-03-22,47.94905295759095,47.98359295505423,47.36188617637705,47.77635955810547,27740900,0.0,0.0,WFC
2017-03-23,47.69000539340382,48.3462521121479,47.474135369011854,47.707275390625,19000000,0.0,0.0,WFC
2017-03-24,47.923153120836325,48.39806659207949,47.68137970869414,48.20810317993164,21127500,0.0,0.0,WFC
2017-03-27,47.17192723217904,47.99223413285105,46.835170459903814,47.82817077636719,16854800,0.0,0.0,WFC
2017-03-28,47.793642296448716,48.570776030503396,47.698662212434535,48.32036590576172,14878900,0.0,0.0,WFC
2017-03-29,48.3030748636469,48.432598194216496,47.9663181568641,48.0699348449707,10329100,0.0,0.0,WFC
2017-03-30,48.07857230244782,48.726182378403294,48.018128958871856,48.5621223449707,12106500,0.0,0.0,WFC
2017-03-31,48.3721555477669,48.51031223186891,48.0267621905543,48.061302185058594,11864600,0.0,0.0,WFC
2017-04-03,48.09584649552134,48.19946319441727,47.31007966657003,47.91451644897461,14550700,0.0,0.0,WFC
2017-04-04,47.75045115823946,47.77635780234258,47.47413777651855,47.66410446166992,11937400,0.0,0.0,WFC
2017-04-05,48.17356417366423,48.527590946139206,47.430970628005575,47.474143981933594,17411700,0.0,0.0,WFC
2017-04-06,47.44823772365564,48.05267452339254,47.241001026005776,47.81089782714844,10387500,0.0,0.0,WFC
2017-04-07,47.4396067531846,47.75909683753484,47.154659965477244,47.3532600402832,15848800,0.0,0.0,WFC
2017-04-10,47.48277833276142,47.70728173867939,46.904244877573895,47.09421157836914,14607700,0.0,0.0,WFC
2017-04-11,46.826533747292025,46.85243710084136,45.99759349455577,46.766090393066406,28086800,0.0,0.0,WFC
2017-04-12,46.584751115315115,46.645194457584246,45.8076177234047,45.86806106567383,25601300,0.0,0.0,WFC
2017-04-13,44.728269316896494,45.54857608527212,44.33970260620117,44.33970260620117,47982000,0.0,0.0,WFC
2017-04-17,44.59011815404918,45.55721508076142,44.261994747267735,45.52267837524414,31959100,0.0,0.0,WFC
2017-04-18,45.21182979179804,45.47950658117231,44.97868971162575,45.28954315185547,22257500,0.0,0.0,WFC
2017-04-19,45.66082711767162,45.885330487010066,44.9441370770205,45.030487060546875,17414600,0.0,0.0,WFC
2017-04-20,45.52267639037379,46.2739032287489,45.272266346276915,46.196189880371094,31552900,0.0,0.0,WFC
2017-04-21,46.101206820339556,46.48977356465019,45.72127672252223,45.76445007324219,26177300,0.0,0.0,WFC
2017-04-24,46.75744651142444,46.92150653682155,46.27389649258529,46.325706481933594,23856700,0.0,0.0,WFC
2017-04-25,46.91287686432374,47.56912031128789,46.878336868716346,47.11147689819336,27061300,0.0,0.0,WFC
2017-04-26,47.146018283011045,47.55185503692248,46.93878487661223,47.09421157836914,15915500,0.0,0.0,WFC
2017-04-27,47.0942044461885,47.18918778220137,46.550211072424375,47.00785446166992,13978000,0.0,0.0,WFC
2017-04-28,46.91287953209387,47.12874957604295,46.39478945026679,46.48977279663086,16501900,0.0,0.0,WFC
2017-05-01,46.714289192859,47.27555278088353,46.602039110387196,47.025142669677734,13915800,0.0,0.0,WFC
2017-05-02,47.02513158029247,47.15465492972843,46.679741471655916,47.09421157836914,15634900,0.0,0.0,WFC
2017-05-03,46.96378593340969,47.72898095411863,46.91161573185646,47.69419860839844,15737100,0.38,0.0,WFC
2017-05-04,48.05939110143651,48.3463370684976,47.711574390487215,47.98113250732422,17054100,0.0,0.0,WFC
2017-05-05,48.04201152494027,48.16374640803484,47.720283145757946,47.9202766418457,13078800,0.0,0.0,WFC
2017-05-08,47.928966880982316,48.07679016838432,47.60723852655657,47.859405517578125,14242800,0.0,0.0,WFC
2017-05-09,47.94636227126153,48.146355769563186,47.34638177635654,47.5463752746582,14402900,0.0,0.0,WFC
2017-05-10,47.32898687627696,47.74636501163886,47.26811943885084,47.581153869628906,15897200,0.0,0.0,WFC
2017-05-11,47.19855221004478,47.32028707832588,46.13771741714774,46.72900390625,32200100,0.0,0.0,WFC
2017-05-12,46.346405531340686,46.36379670093911,45.68555767173275,46.102935791015625,29642300,0.0,0.0,WFC
2017-05-15,46.13771386958438,46.450744942369575,46.10293153359954,46.363792419433594,15245000,0.0,0.0,WFC
2017-05-16,46.43335698058805,46.46813599946376,46.04206399425773,46.31161880493164,12650100,0.0,0.0,WFC
2017-05-17,46.311624328065484,46.311624328065484,44.91166996983214,45.42469787597656,33173100,0.0,0.0,WFC
2017-05-18,45.48556505888243,46.05076315492326,45.172530634231386,45.54643249511719,19790100,0.0,0.0,WFC
2017-05-19,45.71163905796843,46.381184106553036,45.55512186131094,46.13771438598633,16895000,0.0,0.0,WFC
2017-05-22,46.32031250088119,46.363788758916634,45.650767512652514,46.09423065185547,13947000,0.0,0.0,WFC
2017-05-23,46.09424174714611,46.572490651732366,45.95511569772829,46.42466735839844,11751700,0.0,0.0,WFC
2017-05-24,46.51162754443337,46.61597126195845,45.91164370535346,46.16381072998047,11304400,0.0,0.0,WFC
2017-05-25,46.30292934136843,46.30292934136843,45.71164284216349,45.89424514770508,16643800,0.0,0.0,WFC
2017-05-26,45.7638169463763,45.92033415802703,45.53773505531348,45.57251739501953,14247700,0.0,0.0,WFC
2017-05-30,45.35512924194336,45.65077247254182,45.129050685380406,45.35512924194336,19379700,0.0,0.0,WFC
2017-05-31,45.415997830815414,45.43338899976757,44.19864585740106,44.46820068359375,30519700,0.0,0.0,WFC
2017-06-01,44.807326940977354,45.398613506390916,44.39864601857887,45.28557586669922,21001800,0.0,0.0,WFC
2017-06-02,44.929058317274404,45.42469837587487,44.80732344278629,45.05079650878906,19477300,0.0,0.0,WFC
2017-06-05,44.96384837866439,45.37253265636008,44.92906603225898,44.9725456237793,13663800,0.0,0.0,WFC
2017-06-06,44.62472113105412,45.242092747116146,44.55515976721516,45.05079650878906,14887500,0.0,0.0,WFC
2017-06-07,45.07688489374547,45.48556913107561,44.95515001037738,45.29426956176758,17022400,0.0,0.0,WFC
2017-06-08,45.29425776365394,46.11162270838263,45.111655486165496,45.70294189453125,22644200,0.0,0.0,WFC
2017-06-09,45.96381990069376,46.91161729242265,45.91164638037786,46.781185150146484,25750000,0.0,0.0,WFC
2017-06-12,46.937698296447344,47.46811743042543,46.90291595260655,47.033348083496094,22791400,0.0,0.0,WFC
2017-06-13,47.259418666868775,47.555061905306054,47.198551233986954,47.34637451171875,17966000,0.0,0.0,WFC
2017-06-14,47.033339752954625,47.5115852864647,46.581179314191516,47.41593551635742,16575000,0.0,0.0,WFC
2017-06-15,46.98986842255635,47.34637912864014,46.789874935438775,46.868133544921875,17232300,0.0,0.0,WFC
2017-06-16,46.89422219381942,47.16378038401477,46.65075242011193,46.859439849853516,23492700,0.0,0.0,WFC
2017-06-19,47.22464765560774,47.51159369971506,47.05943318088434,47.163780212402344,15367300,0.0,0.0,WFC
2017-06-20,47.007259839599506,47.0420388640869,46.45944957034654,46.48553466796875,13622200,0.0,0.0,WFC
2017-06-21,46.49422874329118,46.50292266956388,45.9116361722277,46.068153381347656,12653700,0.0,0.0,WFC
2017-06-22,45.911633218111234,45.98989181763578,45.407302601084574,45.6420783996582,15362200,0.0,0.0,WFC
2017-06-23,45.82468828552385,45.93772924068366,45.49426266422495,45.607303619384766,21868500,0.0,0.0,WFC
2017-06-26,45.85077289515384,46.45945061725894,45.72903801413816,45.99859619140625,12532800,0.0,0.0,WFC
2017-06-27,46.10293173600371,46.659435846099875,46.007281970138536,46.224666595458984,13496300,0.0,0.0,WFC
2017-06-28,46.61596604299743,47.32029020372177,46.53770743435844,47.242034912109375,20961700,0.0,0.0,WFC
2017-06-29,48.38982339559385,49.21588239453953,48.007224296771234,48.50286102294922,32552100,0.0,0.0,WFC
2017-06-30,48.7202501261436,48.73764129741101,47.963752419658455,48.18113708496094,16750700,0.0,0.0,WFC
2017-07-03,48.528949435976685,49.085453597508,48.44199358759588,48.50286102294922,11825000,0.0,0.0,WFC
2017-07-05,48.66807547635951,48.71155174203668,48.12026524115305,48.50286102294922,14086900,0.0,0.0,WFC
2017-07-06,48.676770015890604,48.97241327005679,48.25939188948419,48.31156539916992,14481200,0.0,0.0,WFC
2017-07-07,48.5028652680456,48.546344854554675,48.04201084088477,48.46808624267578,11503500,0.0,0.0,WFC
2017-07-10,48.28547678959854,48.5289498501161,48.12026565180481,48.337650299072266,10979000,0.0,0.0,WFC
2017-07-11,48.39851852281006,48.441994789565996,47.66810596342019,47.859405517578125,14842700,0.0,0.0,WFC
2017-07-12,47.76375142387677,48.03330956064484,47.47680211857274,47.97243881225586,11951500,0.0,0.0,WFC
2017-07-13,48.050704533960406,48.40721524922207,47.87679945687801,48.34634780883789,14201800,0.0,0.0,WFC
2017-07-14,47.22463912775817,47.9985278947863,47.05942468286928,47.81592559814453,17949600,0.0,0.0,WFC
2017-07-17,47.737666990030256,47.80722834811025,47.33767674222178,47.572452545166016,14953600,0.0,0.0,WFC
2017-07-18,47.224642815498434,47.75505857806439,47.15507813494953,47.65071487426758,13603300,0.0,0.0,WFC
2017-07-19,47.650710815146866,48.00722148002433,47.55506104605331,47.77244567871094,12366200,0.0,0.0,WFC
2017-07-20,47.78983723707027,48.09417771548846,47.54636750795675,47.72027587890625,15123500,0.0,0.0,WFC
2017-07-21,47.328983338302606,47.494194467962565,47.042034025864126,47.102901458740234,17384500,0.0,0.0,WFC
2017-07-24,47.042030401882855,47.311588524587,46.989860216023125,47.18985366821289,18489900,0.0,0.0,WFC
2017-07-25,47.824619401511015,48.18113006800486,47.7463608007184,47.876792907714844,20167800,0.0,0.0,WFC
2017-07-26,48.102875288319545,48.111572531890864,47.6594120599519,47.74636459350586,19686900,0.0,0.0,WFC
2017-07-27,47.702884652477124,47.78983717933368,47.2942004787935,47.572452545166016,17352600,0.0,0.0,WFC
2017-07-28,47.215939711372684,47.45071550354455,46.242057523754156,46.34640121459961,32590600,0.0,0.0,WFC
2017-07-31,46.45074410195425,47.14637754096075,46.43335625130255,46.90290451049805,20378100,0.0,0.0,WFC
2017-08-01,47.15508320293494,47.294209261958756,46.824657568868275,47.024654388427734,19350300,0.0,0.0,WFC
2017-08-02,46.893270292735046,47.2611277324441,46.814443221208656,46.96333694458008,19422100,0.39,0.0,WFC
2017-08-03,46.85824074596617,46.9983774070756,46.71810408485674,46.77065658569336,19374700,0.0,0.0,WFC
2017-08-04,47.007128229309664,47.03340614679077,45.465625162302814,46.28017044067383,44664600,0.0,0.0,WFC
2017-08-07,46.183821481312904,46.37651059928806,45.92106571933273,46.01741027832031,22673700,0.0,0.0,WFC
2017-08-08,45.824722705785994,46.68306000579977,45.73713856254575,46.16630554199219,24877800,0.0,0.0,WFC
2017-08-09,45.789689877500386,46.253895213765105,45.66707073471686,46.23637771606445,14631600,0.0,0.0,WFC
2017-08-10,45.88603487227258,46.17506857534762,45.474382025270344,45.50065994262695,18373000,0.0,0.0,WFC
2017-08-11,45.395552553927324,45.72837494787807,45.316725494071484,45.49189376831055,14714500,0.0,0.0,WFC
2017-08-14,45.868517591721286,46.4991341533301,45.842243015361284,46.28017044067383,16313200,0.0,0.0,WFC
2017-08-15,46.59548019769918,46.735616844594105,46.271414828214894,46.2889289855957,11028100,0.0,0.0,WFC
2017-08-16,46.42906172233427,46.60423335148065,45.94734224802242,46.14878845214844,11224400,0.0,0.0,WFC
2017-08-17,45.95611013533201,46.096246793198254,45.36052850412009,45.369285583496094,16814300,0.0,0.0,WFC
2017-08-18,45.220394777169595,45.66707935896922,45.00143102624157,45.26418685913086,17130600,0.0,0.0,WFC
2017-08-21,45.31673601560045,45.465629751497566,45.01894520268476,45.386802673339844,13503100,0.0,0.0,WFC
2017-08-22,45.50066703854946,45.78094036584114,45.47438911709476,45.73714828491211,12984100,0.0,0.0,WFC
2017-08-23,45.39556379906842,45.96486751361151,45.369285878526604,45.57073211669922,10019500,0.0,0.0,WFC
2017-08-24,45.71086396264024,46.00865474882869,45.57948773824956,45.68458938598633,12345000,0.0,0.0,WFC
2017-08-25,45.78093741200839,46.043693221750864,45.334249528436935,45.34300994873047,15307800,0.0,0.0,WFC
2017-08-28,45.50066746443652,45.56197704653533,45.0364620471034,45.220394134521484,12425900,0.0,0.0,WFC
2017-08-29,44.8525397331854,45.106538518947815,44.78247306121908,45.036468505859375,10715500,0.0,0.0,WFC
2017-08-30,45.071489941102634,45.3167315719463,44.84376914937757,44.98390579223633,11427500,0.0,0.0,WFC
2017-08-31,44.66859460636014,44.878801227542084,44.55473254733988,44.72990417480469,25231100,0.0,0.0,WFC
2017-09-01,44.72115343144902,45.09777131445196,44.607291356300806,44.64232635498047,16217700,0.0,0.0,WFC
2017-09-05,44.34453450081541,44.379566157546094,43.582538332580945,43.88032913208008,31251300,0.0,0.0,WFC
2017-09-06,44.011702661944334,44.02922015846568,43.40736406700173,43.68763732910156,26854000,0.0,0.0,WFC
2017-09-07,43.74019487632021,43.74019487632021,43.15337366522045,43.512474060058594,23367300,0.0,0.0,WFC
2017-09-08,43.451167006330856,43.775232420233195,43.29351283932503,43.42489242553711,18975700,0.0,0.0,WFC
2017-09-11,43.792747331274384,44.49343062035048,43.74019483167312,44.370811462402344,17987100,0.0,0.0,WFC
2017-09-12,44.537214900595764,45.30796805417449,44.5284578227564,45.16783142089844,17129500,0.0,0.0,WFC
2017-09-13,45.0101816672556,45.11528331715167,44.826252944657185,45.07149124145508,12617300,0.0,0.0,WFC
2017-09-14,45.141555856599375,45.29920998321872,44.73866346240364,44.92259216308594,13739400,0.0,0.0,WFC
2017-09-15,44.91382878278966,45.26417200575855,44.88755421045919,45.24665451049805,28494300,0.0,0.0,WFC
2017-09-18,45.25541575136173,46.280167601101226,45.20286660186595,46.16630554199219,20943400,0.0,0.0,WFC
2017-09-19,46.17507952066645,46.93707248220869,46.00866492207177,46.735626220703125,17047000,0.0,0.0,WFC
2017-09-20,46.76188974904958,47.392506308079334,46.66554518129547,47.07719802856445,21560400,0.0,0.0,WFC
2017-09-21,46.90202131179844,47.50636322913,46.875746738391236,47.34870910644531,16210900,0.0,0.0,WFC
2017-09-22,47.22609536396769,47.611473664484734,47.07720163231072,47.51512908935547,18047800,0.0,0.0,WFC
2017-09-25,47.35747610036719,47.58520025465006,46.90203113292288,47.32244110107422,11595900,0.0,0.0,WFC
2017-09-26,47.38375805059601,47.54141223081863,47.08596719252238,47.121002197265625,12052500,0.0,0.0,WFC
2017-09-27,47.70780756330608,47.76035670807406,47.348707262535626,47.48008346557617,15840800,0.0,0.0,WFC
2017-09-28,47.550164087788175,47.585199086220875,47.06844455326322,47.51512908935547,14531700,0.0,0.0,WFC
2017-09-29,47.51512740120141,48.373464785578896,47.374990753570835,48.30339813232422,20872300,0.0,0.0,WFC
2017-10-02,48.31215155912617,48.583667755126946,48.049395782320794,48.58366775512695,11764400,0.0,0.0,WFC
2017-10-03,48.461051845180094,48.7150472197183,48.04063856492671,48.680015563964844,17405100,0.0,0.0,WFC
2017-10-04,48.443533167621204,48.47856482252198,48.084432811199605,48.13698196411133,14697800,0.0,0.0,WFC
2017-10-05,48.17202032815625,48.846429013685004,47.9793311776848,48.51360321044922,14560700,0.0,0.0,WFC
2017-10-06,48.59242807177823,48.76759971503027,48.36470727433541,48.680015563964844,11151200,0.0,0.0,WFC
2017-10-09,48.71505724242483,48.78512725059043,48.101958035463355,48.294647216796875,11377000,0.0,0.0,WFC
2017-10-10,48.49608075580529,48.80263194942429,48.30339496614413,48.7062873840332,12800500,0.0,0.0,WFC
2017-10-11,48.557390975285074,48.79387218228172,48.39973683728731,48.75008010864258,12843100,0.0,0.0,WFC
2017-10-12,48.77635551527155,48.793873013249744,48.22456936400341,48.3559455871582,15067500,0.0,0.0,WFC
2017-10-13,46.849470856986876,47.04215662512798,46.28016394750664,47.02463912963867,35310000,0.0,0.0,WFC
2017-10-16,46.9896259411614,47.26989929686341,46.78817633444876,47.121002197265625,22802400,0.0,0.0,WFC
2017-10-17,47.278641793433756,47.29615929040175,46.52540612941468,46.58671569824219,18614700,0.0,0.0,WFC
2017-10-18,46.77941131591796,47.357475431603035,46.70058423918267,46.77941131591797,21604000,0.0,0.0,WFC
2017-10-19,46.516651461036275,47.23485216832189,46.42030689328216,47.07719802856445,12669700,0.0,0.0,WFC
2017-10-20,47.4800916295268,48.233327351175,47.33119790558856,48.10194778442383,28407700,0.0,0.0,WFC
2017-10-23,47.95305640201171,48.207055128201986,47.90926432466336,48.09319305419922,18102100,0.0,0.0,WFC
2017-10-24,48.17202137662255,48.662501342533695,48.17202137662255,48.539878845214844,18779400,0.0,0.0,WFC
2017-10-25,48.60118256664911,48.68000962944676,48.05815020465604,48.39097595214844,17096900,0.0,0.0,WFC
2017-10-26,48.56614460178885,49.196757724455644,48.56614460178885,48.71503829956055,15979200,0.0,0.0,WFC
2017-10-27,48.373466753374274,49.08291044024442,48.28588259796276,48.93401336669922,17258600,0.0,0.0,WFC
2017-10-30,48.56614873640268,49.01283320886624,48.44352960047625,48.91648864746094,12249200,0.0,0.0,WFC
2017-10-31,49.004086651392896,49.50332372119711,48.960294570749326,49.17049789428711,14619200,0.0,0.0,WFC
2017-11-01,49.328148469123185,49.78359342515247,49.21428639483553,49.23180389404297,11678300,0.0,0.0,WFC
2017-11-02,49.214161066625245,49.84918358505417,48.81727199260717,49.81390380859375,15630000,0.39,0.0,WFC
2017-11-03,49.611049377551055,49.778623266463526,49.30235974943214,49.69924545288086,10049200,0.0,0.0,WFC
2017-11-06,49.478756847359385,49.769809981085764,49.390560763211056,49.54931640625,10414900,0.0,0.0,WFC
2017-11-07,49.540491170497646,49.64633050112396,48.21752981785102,48.55268096923828,18679100,0.0,0.0,WFC
2017-11-08,48.332185762462196,48.49976301467423,47.670705108693646,47.855918884277344,24047100,0.0,0.0,WFC
2017-11-09,47.53840991483917,47.79417987148298,46.929845573963206,47.62660598754883,24438800,0.0,0.0,WFC
2017-11-10,47.64425540387087,47.741273121933816,47.44140170449616,47.459041595458984,13671700,0.0,0.0,WFC
2017-11-13,47.20326602311708,47.54723546969727,47.106248309575996,47.379661560058594,13447000,0.0,0.0,WFC
2017-11-14,47.20326111993599,47.71480442301891,47.02686560131734,47.661888122558594,20830100,0.0,0.0,WFC
2017-11-15,47.300284322603,47.73244986077499,47.17680845455385,47.40612030029297,18238600,0.0,0.0,WFC
2017-11-16,47.58250722879267,48.38510359033771,47.5031294187733,48.15578842163086,26361800,0.0,0.0,WFC
2017-11-17,47.811819801304864,48.032313347739,47.60014788082823,47.75890350341797,15814800,0.0,0.0,WFC
2017-11-20,47.73243799191538,47.81181579656152,47.49430457797696,47.67070007324219,16943100,0.0,0.0,WFC
2017-11-21,47.69717949605265,48.13816671758657,47.61780166159792,48.08524703979492,13757000,0.0,0.0,WFC
2017-11-22,48.03231879302252,48.173434544159655,47.65306958100428,47.67953109741211,11421700,0.0,0.0,WFC
2017-11-24,47.794185921520466,47.90002525952716,47.62661201637393,47.705989837646484,5386500,0.0,0.0,WFC
2017-11-27,47.64424601112428,48.032313442405965,47.503130275706894,47.5825080871582,11066800,0.0,0.0,WFC
2017-11-28,47.51195362522779,49.29354207845126,47.379659501618036,49.01131057739258,25685200,0.0,0.0,WFC
2017-11-29,49.249448259339935,50.49303196888586,49.12597238759945,49.99030685424805,29631800,0.0,0.0,WFC
2017-11-30,50.29898762803069,50.563582580016124,49.725706415812915,49.805084228515625,30984400,0.0,0.0,WFC
2017-12-01,49.89328511030981,50.43128996330468,48.89665322467121,49.56695556640625,31242400,0.0,0.0,WFC
2017-12-04,50.5106648882458,51.14568741465357,50.44892696089668,50.61650085449219,28720400,0.0,0.0,WFC
2017-12-05,51.73660892201452,52.39808960378139,50.66059926971169,51.639591217041016,39754900,0.0,0.0,WFC
2017-12-06,51.754251902664365,52.124679491642006,51.26034508622925,51.65723419189453,26758300,0.0,0.0,WFC
2017-12-07,51.55139226621534,52.91845159280318,51.41027652987977,52.35398864746094,32990600,0.0,0.0,WFC
2017-12-08,52.309898376464844,52.84789988804489,52.16878261917966,52.309898376464844,22017100,0.0,0.0,WFC
2017-12-11,52.00120704998841,52.301078464613425,51.701335635363385,51.92182922363281,15876600,0.0,0.0,WFC
2017-12-12,51.78071002368852,53.41236448722604,51.78071002368852,53.209510803222656,25040400,0.0,0.0,WFC
2017-12-13,53.19187107300617,53.35944497825944,52.37163470748895,52.38927459716797,18227000,0.0,0.0,WFC
2017-12-14,52.52156043427885,52.9096312170433,52.22168908599014,52.23051071166992,14731000,0.0,0.0,WFC
2017-12-15,52.433363520697284,53.49173316612784,52.345164087640526,52.80379104614258,36467500,0.0,0.0,WFC
2017-12-18,53.306526389743695,53.91509082037814,53.24478845684817,53.72987365722656,19970900,0.0,0.0,WFC
2017-12-19,53.97682809361415,54.038566025755166,53.16540998417303,53.23596954345703,17062700,0.0,0.0,WFC
2017-12-20,53.694589719710436,53.86216360488552,52.971371151849176,53.041927337646484,16544500,0.0,0.0,WFC
2017-12-21,53.518196017054535,54.78823768450534,53.518196017054535,54.33843231201172,22130700,0.0,0.0,WFC
2017-12-22,54.68240776257126,54.89408307943614,53.96800735317542,54.285518646240234,11653200,0.0,0.0,WFC
2017-12-26,54.241418194963664,54.435453613102865,53.62403552635566,53.91508865356445,11662800,0.0,0.0,WFC
2017-12-27,53.88863034328867,54.01210957592821,53.50056284838819,53.7563362121582,10010800,0.0,0.0,WFC
2017-12-28,53.826888060737524,54.073843141600996,53.72105209149021,54.06502151489258,10550900,0.0,0.0,WFC
2017-12-29,54.206140860341506,54.31198020107942,53.50938034057618,53.50938034057617,10711400,0.0,0.0,WFC
2018-01-02,53.8357122909717,54.11794379892328,53.53584089321502,53.87981033325195,13819300,0.0,0.0,WFC
2018-01-03,53.99446304104281,54.47954819109055,53.88862371180485,54.294334411621094,14203700,0.0,0.0,WFC
2018-01-04,54.66476053293305,55.608472658132705,54.60302260806687,54.973453521728516,18740500,0.0,0.0,WFC
2018-01-05,55.35270940704272,55.396810816657734,54.761788200211576,55.34389114379883,14217900,0.0,0.0,WFC
2018-01-08,55.26450111097786,55.32623903344517,54.62947863478332,54.71767807006836,15569400,0.0,0.0,WFC
2018-01-09,54.94699242223526,55.3615213761466,54.7441387583646,54.911712646484375,15766500,0.0,0.0,WFC
2018-01-10,55.105748829834624,55.917166861284606,54.999912865546236,55.67021179199219,18107500,0.0,0.0,WFC
2018-01-11,56.13766661477969,56.15530314038794,55.29096871358779,55.57320022583008,22075000,0.0,0.0,WFC
2018-01-12,55.740772700543914,55.91716822162563,54.72650097767261,55.16748809814453,25886100,0.0,0.0,WFC
2018-01-16,55.37915970334551,55.69667094722624,54.841154913932556,55.12338638305664,17907800,0.0,0.0,WFC
2018-01-17,55.43207563263006,56.48162705564572,55.1145677553239,56.340511322021484,23892900,0.0,0.0,WFC
2018-01-18,56.33169264452822,56.71976009118997,56.322874382668374,56.402252197265625,16305900,0.0,0.0,WFC
2018-01-19,56.57863912763488,56.67565681569199,56.29640768844919,56.640377044677734,16524000,0.0,0.0,WFC
2018-01-22,56.44635432707341,57.1078350418438,56.41989617511136,57.0901985168457,12245200,0.0,0.0,WFC
2018-01-23,56.719753909591844,57.19602074526944,56.64037946810987,56.878509521484375,12937100,0.0,0.0,WFC
2018-01-24,57.284215097454,57.88395775454858,57.1519243656105,57.75166702270508,20180300,0.0,0.0,WFC
2018-01-25,57.945717456432085,58.07801496693973,57.68112916434768,57.9016227722168,17568700,0.0,0.0,WFC
2018-01-26,58.11327216989629,58.245569628995526,57.54880929140596,58.14855194091797,16251900,0.0,0.0,WFC
2018-01-29,58.01627584952951,58.48372121210496,57.91044322641402,58.05155563354492,16105200,0.0,0.0,WFC
2018-01-30,57.707569075124155,58.14855615143447,57.57527160644531,57.57527160644531,16158900,0.0,0.0,WFC
2018-01-31,57.56644954124424,58.29848969727243,57.46943857581122,58.016258239746094,18147900,0.0,0.0,WFC
2018-02-01,57.99852178117932,58.63732493604081,57.723474482840984,58.12273406982422,15717600,0.39,0.0,WFC
2018-02-02,57.96303305679937,58.14047725391112,56.63218127127455,56.845115661621094,18905300,0.0,0.0,WFC
2018-02-05,52.08066228026618,53.136470044935585,51.01598027586374,51.60155487060547,103394400,0.0,0.0,WFC
2018-02-06,50.49251732112135,51.90322036909861,49.56979259116101,50.82079315185547,83076900,0.0,0.0,WFC
2018-02-07,50.5191327776809,51.56606979089882,50.35055943588623,51.051475524902344,45551000,0.0,0.0,WFC
2018-02-08,50.865152835314234,50.96274578217718,49.10842563928774,49.15279006958008,43569700,0.0,0.0,WFC
2018-02-09,49.809346930495636,50.16424210313263,48.54947549824359,49.80047607421875,48904600,0.0,0.0,WFC
2018-02-12,50.00454516794668,50.67884200941426,49.57867294419901,50.12875747680664,24401300,0.0,0.0,WFC
2018-02-13,49.73837228613612,51.539457419058984,49.64077593980468,51.4596061706543,24234200,0.0,0.0,WFC
2018-02-14,51.326527707230404,52.879188482629296,51.28216664769682,52.8348274230957,23681800,0.0,0.0,WFC
2018-02-15,53.07437201864629,53.32279661665669,52.47992647782673,53.2518196105957,22397300,0.0,0.0,WFC
2018-02-16,52.94128074936687,53.615580861633944,52.94128074936687,53.1897087097168,18661900,0.0,0.0,WFC
2018-02-20,53.10985746969914,54.360857973621705,53.038877085447446,53.1897087097168,18517600,0.0,0.0,WFC
2018-02-21,53.109852071053744,53.66881069435887,52.99451065063476,52.994510650634766,19987800,0.0,0.0,WFC
2018-02-22,53.12760530681484,53.38490075167456,52.06292317982552,52.17826461791992,17948600,0.0,0.0,WFC
2018-02-23,52.408943306272214,52.55977493601164,51.77013336296383,52.49766540527344,21099200,0.0,0.0,WFC
2018-02-26,53.01226200602311,53.23407063366337,52.302475074480476,53.207454681396484,16478300,0.0,0.0,WFC
2018-02-27,53.26068941517743,53.65994564304491,52.53315734863281,52.53315734863281,17024400,0.0,0.0,WFC
2018-02-28,52.76383399630499,53.07436470100348,51.74351302167134,51.8233642578125,17869100,0.0,0.0,WFC
2018-03-01,51.681411348760705,52.293601955748294,50.625603476976885,50.847412109375,28491000,0.0,0.0,WFC
2018-03-02,50.501387928576555,51.12245277778085,50.05777066264936,50.936134338378906,22428500,0.0,0.0,WFC
2018-03-05,50.40379102708884,51.43298286808576,50.20859836231207,51.09583282470703,20560900,0.0,0.0,WFC
2018-03-06,51.202305280840854,51.34426267404911,50.252964579161016,50.63447570800781,23975900,0.0,0.0,WFC
2018-03-07,50.04002788146056,50.34168775122833,49.69400357842285,50.217472076416016,24788700,0.0,0.0,WFC
2018-03-08,50.35056004489398,50.59011377636144,49.88919767886751,50.323944091796875,16828400,0.0,0.0,WFC
2018-03-09,50.7143325936144,51.69916359926096,50.57237518461779,51.663673400878906,19051500,0.0,0.0,WFC
2018-03-12,51.69916462452043,51.95646349109547,51.42412065840245,51.47735595703125,12414800,0.0,0.0,WFC
2018-03-13,51.80563214647982,51.83224810368726,50.945013428434564,51.06922912597656,13810600,0.0,0.0,WFC
2018-03-14,51.335385172869096,51.37087536271013,50.08438474948442,50.24408721923828,12212900,0.0,0.0,WFC
2018-03-15,50.368304017103966,50.67883474474011,49.89807080538892,50.421539306640625,13277700,0.0,0.0,WFC
2018-03-16,50.56350234187079,50.7232014592561,49.56979713338156,49.59641647338867,37095000,0.0,0.0,WFC
2018-03-19,49.57866529893054,49.67626163642256,48.77128203131163,49.22377014160156,17982200,0.0,0.0,WFC
2018-03-20,49.481068172536396,49.587535364225204,48.49623734195467,48.70917510986328,26874600,0.0,0.0,WFC
2018-03-21,48.81563959663975,49.31249210454154,48.38976746895142,48.611576080322266,18997300,0.0,0.0,WFC
2018-03-22,48.09698831237556,48.15909446549657,46.29590310280313,46.6064338684082,32656300,0.0,0.0,WFC
2018-03-23,46.77500207413787,46.80161802503588,45.1957224250822,45.2312126159668,30975800,0.0,0.0,WFC
2018-03-26,46.09183757142613,46.62417697096704,45.710326427426985,46.393497467041016,26718000,0.0,0.0,WFC
2018-03-27,46.491084442698906,46.8459761760178,44.97391102919612,45.337677001953125,23669300,0.0,0.0,WFC
2018-03-28,45.39092041376622,46.074091438026535,45.20460196656739,45.674835205078125,23342500,0.0,0.0,WFC
2018-03-29,46.18943111952931,46.80162173036736,45.8877712421893,46.499961853027344,17706800,0.0,0.0,WFC
2018-04-02,46.46446201871445,46.49108135072774,44.73435435719031,45.55948257446289,23359800,0.0,0.0,WFC
2018-04-03,45.88776744603501,46.3047653415881,45.30219283664497,46.20717239379883,16646400,0.0,0.0,WFC
2018-04-04,45.364300500827824,47.05891824431484,45.25782992497903,46.94357681274414,15952700,0.0,0.0,WFC
2018-04-05,47.325088814203134,47.87517326175134,47.06778999447552,47.25410842895508,16488800,0.0,0.0,WFC
2018-04-06,46.712899818226994,46.952450165298096,46.100705820399675,46.34025955200195,22943800,0.0,0.0,WFC
2018-04-09,46.579821828449745,47.31622825526526,46.27816189456042,46.35801315307617,17032000,0.0,0.0,WFC
2018-04-10,47.014562346266835,47.07666849671578,46.24266581720472,46.686283111572266,14594700,0.0,0.0,WFC
2018-04-11,46.42010612939303,46.553192650637,45.887766813478805,46.0740852355957,14673200,0.0,0.0,WFC
2018-04-12,46.27815947227387,47.262990480909686,46.1628180194479,46.757266998291016,19967800,0.0,0.0,WFC
2018-04-13,46.14506117108897,46.40235996783091,45.08038256372916,45.15135955810547,32054900,0.0,0.0,WFC
2018-04-16,44.885199486732525,45.55062545062882,44.63677487659465,45.07151794433594,31879100,0.0,0.0,WFC
2018-04-17,45.20460463257464,45.39092309076187,44.79647751906029,44.867454528808594,25507100,0.0,0.0,WFC
2018-04-18,45.05376550168544,45.22234221782658,44.59240316911277,44.70774459838867,21055700,0.0,0.0,WFC
2018-04-19,44.814211683250406,45.79017163298872,44.79646997220088,45.728065490722656,23678400,0.0,0.0,WFC
2018-04-20,46.074086529948936,46.86372467070159,45.976490196232376,46.6330451965332,31149300,0.0,0.0,WFC
2018-04-23,46.6241748344053,46.88147366568956,46.295898999216085,46.67741012573242,17723900,0.0,0.0,WFC
2018-04-24,46.97906944469069,47.68885639789262,46.29589844456783,46.58868408203125,23052100,0.0,0.0,WFC
2018-04-25,46.52657997392629,47.4581789868903,46.07409182909828,47.121028900146484,20978500,0.0,0.0,WFC
2018-04-26,47.0145586893222,47.12102588402027,46.366874511536956,46.52657699584961,17025800,0.0,0.0,WFC
2018-04-27,46.38461654236667,46.970191151300185,46.32251040085333,46.455596923828125,12304300,0.0,0.0,WFC
2018-04-30,46.633046928284244,47.06778994158133,46.10070419311524,46.100704193115234,17050500,0.0,0.0,WFC
2018-05-01,45.92325490933309,46.66853200326847,45.78129752879925,46.6330451965332,13903800,0.0,0.0,WFC
2018-05-02,46.47335198790298,46.90809507175037,46.189437170218106,46.30477523803711,16397200,0.0,0.0,WFC
2018-05-03,46.143868569229504,46.295835817428454,45.419799959029284,46.072357177734375,19216100,0.39,0.0,WFC
2018-05-04,45.74160028785085,47.2880752708717,45.65221020779769,46.85005569458008,16660500,0.0,0.0,WFC
2018-05-07,47.35064295857149,47.368521654300224,46.82323336961772,47.07352828979492,16259100,0.0,0.0,WFC
2018-05-08,47.12717238947573,48.012145813428496,47.04671995002429,47.54730987548828,20786200,0.0,0.0,WFC
2018-05-09,47.779731486840646,48.25350508836913,47.69033798937369,48.05684280395508,16286700,0.0,0.0,WFC
2018-05-10,48.38759249043394,48.92393982255611,47.94063524366107,48.8524284362793,20699000,0.0,0.0,WFC
2018-05-11,48.88817875758634,49.10271972035161,48.512736335263256,48.673641204833984,14424000,0.0,0.0,WFC
2018-05-14,48.96863601365897,49.00439341264256,48.566377210140026,48.700462341308594,12809100,0.0,0.0,WFC
2018-05-15,48.65576966623425,49.4155956765522,48.61107462033556,48.94182205200195,14991100,0.0,0.0,WFC
2018-05-16,48.89712256088516,49.45134858167394,48.77197507974057,49.201053619384766,16450200,0.0,0.0,WFC
2018-05-17,48.62894916048644,48.870303069694195,48.2981983471024,48.46804428100586,21622400,0.0,0.0,WFC
2018-05-18,48.40547420424917,48.64682813172669,47.99427091999796,48.003211975097656,21492700,0.0,0.0,WFC
2018-05-21,48.34289335633935,48.8345456041767,48.33395230255323,48.754093170166016,11491400,0.0,0.0,WFC
2018-05-22,48.8345452686299,49.74633837781503,48.66469934798944,49.397708892822266,17398200,0.0,0.0,WFC
2018-05-23,49.19211638422392,50.22011947631836,48.83455261176618,50.22011947631836,23566100,0.0,0.0,WFC
2018-05-24,49.94299829188609,49.96981804361776,48.66470038309497,48.87030029296875,24673400,0.0,0.0,WFC
2018-05-25,48.80773157606448,49.15636110433328,48.7451578322757,49.07590866088867,17741900,0.0,0.0,WFC
2018-05-29,48.307134305068736,48.503793151453735,47.05565279892203,47.332767486572266,31604000,0.0,0.0,WFC
2018-05-30,47.96744358380091,48.66469568122447,47.717148658574516,48.47697448730469,16416200,0.0,0.0,WFC
2018-05-31,48.45911006676686,48.61107732328844,48.09260521399715,48.262451171875,17515900,0.0,0.0,WFC
2018-06-01,48.77198096764883,49.18318085819757,48.52168256512973,48.888187408447266,14100200,0.0,0.0,WFC
2018-06-04,48.97757878140642,49.31726385359123,48.80773283530064,49.013336181640625,10593700,0.0,0.0,WFC
2018-06-05,48.81666914878174,49.10272150284423,48.53061679471925,48.71833801269531,11883900,0.0,0.0,WFC
2018-06-06,48.91500972677822,49.72847190504091,48.861373621283406,49.68377685546875,15848200,0.0,0.0,WFC
2018-06-07,49.85361352196776,50.05027580888313,49.38877755926718,49.72846603393555,17299600,0.0,0.0,WFC
2018-06-08,49.665894049684695,49.85361528838437,49.147421969451216,49.773162841796875,12965900,0.0,0.0,WFC
2018-06-11,49.87149131364931,50.15754368394699,49.6122552874379,49.621192932128906,13518400,0.0,0.0,WFC
2018-06-12,49.73740207819043,50.01451679992486,49.24574978673717,49.50498580932617,13608300,0.0,0.0,WFC
2018-06-13,49.51391899844894,49.99663360189965,49.29044039426023,49.308319091796875,14901100,0.0,0.0,WFC
2018-06-14,49.460293939891855,49.478169230171,48.700464522518864,48.932884216308594,18189100,0.0,0.0,WFC
2018-06-15,48.763039251522486,49.49604892822628,48.611075410992584,49.147422790527344,35715800,0.0,0.0,WFC
2018-06-18,48.72727063584975,49.370890071176056,48.65575925970943,49.2368049621582,17856700,0.0,0.0,WFC
2018-06-19,48.879237851418544,49.370890071176056,48.807723065265535,49.2368049621582,16654800,0.0,0.0,WFC
2018-06-20,49.5764981563269,49.69270799801692,48.66470494232501,48.700462341308594,16545600,0.0,0.0,WFC
2018-06-21,48.49486590991547,48.95076084479169,48.16411847049494,48.602134704589844,21191600,0.0,0.0,WFC
2018-06-22,49.12953993064809,49.209992371768685,48.07472055151733,48.21774673461914,24015000,0.0,0.0,WFC
2018-06-25,48.07472133583684,48.396531105569395,47.46685919523385,48.235626220703125,21069600,0.0,0.0,WFC
2018-06-26,48.18200086937285,48.21775486366619,47.39535502468545,47.76185989379883,14409100,0.0,0.0,WFC
2018-06-27,47.59201166548605,48.217749116204814,47.4311067752974,47.62776565551758,19520900,0.0,0.0,WFC
2018-06-28,47.86912088420974,48.14623560734252,47.39534728951121,47.940635681152344,13837300,0.0,0.0,WFC
2018-06-29,49.71952916861032,51.06040107053627,49.53180792074395,49.558624267578125,43888500,0.0,0.0,WFC
2018-07-02,49.344081148273524,50.39890053249124,49.22787130831375,50.34526443481445,21204900,0.0,0.0,WFC
2018-07-03,50.44359825727328,50.62238184902067,49.549683708549686,49.6658935546875,12830400,0.0,0.0,WFC
2018-07-05,49.98769960279752,50.13072920327617,49.20999490526837,49.37984085083008,16788600,0.0,0.0,WFC
2018-07-06,49.43347436868931,50.17542508853507,49.19211702886045,49.96088409423828,12389100,0.0,0.0,WFC
2018-07-09,50.22905601402036,50.92631166346595,50.06815112645702,50.747528076171875,16684000,0.0,0.0,WFC
2018-07-10,51.006762212023034,51.02464091108946,50.3631426856842,50.61343765258789,15581400,0.0,0.0,WFC
2018-07-11,50.416777622994815,50.72964632442657,50.041331771263614,50.12178421020508,15641400,0.0,0.0,WFC
2018-07-12,50.47041640994919,50.48829511076553,49.7016493249141,50.08603286743164,18236100,0.0,0.0,WFC
2018-07-13,48.93288784254962,49.87149751237828,47.940642067868524,49.48711395263672,34323400,0.0,0.0,WFC
2018-07-16,49.826794076398656,51.15872472757765,49.72846293906066,50.94418716430664,25538700,0.0,0.0,WFC
2018-07-17,50.908432943306714,50.97994433218767,50.443596980533954,50.55980682373047,21649000,0.0,0.0,WFC
2018-07-18,50.29162613388987,50.792219460236225,50.184357353248885,50.56874084472656,19913900,0.0,0.0,WFC
2018-07-19,50.2916289321685,50.84585838467978,50.07709135894943,50.35420608520508,22219400,0.0,0.0,WFC
2018-07-20,50.12178912791275,50.64919885493967,49.92512683342404,50.42572021484375,17250400,0.0,0.0,WFC
2018-07-23,50.40783916305498,51.92749452682243,50.32738671997278,51.847042083740234,24584100,0.0,0.0,WFC
2018-07-24,51.84703959217845,52.46383935282551,51.71295105681413,52.159908294677734,27245000,0.0,0.0,WFC
2018-07-25,51.936432978227984,52.29400015526073,51.71295434508584,52.052642822265625,15531100,0.0,0.0,WFC
2018-07-26,52.2671793137123,52.49959557177847,52.025822001482226,52.12415313720703,14165300,0.0,0.0,WFC
2018-07-27,52.18673102408443,52.65156698717479,51.99006873700416,52.41020965576172,17662900,0.0,0.0,WFC
2018-07-30,52.58898811370806,52.98230923949175,52.115211141954184,52.285057067871094,22699900,0.0,0.0,WFC
2018-07-31,52.39234281030322,52.4817329191942,51.13192317886163,51.21237564086914,21633800,0.0,0.0,WFC
2018-08-01,51.81128336945542,52.097335735372695,51.14084749745931,51.53417205810547,19192700,0.0,0.0,WFC
2018-08-02,51.02463799452889,52.24929982546597,51.02463799452889,52.10627365112305,13489100,0.0,0.0,WFC
2018-08-03,51.90067471520664,52.67837933970395,51.873854962628776,52.5889892578125,13720400,0.0,0.0,WFC
2018-08-06,52.365505001953395,52.767763737144286,52.01687553610186,52.642616271972656,13360500,0.0,0.0,WFC
2018-08-07,52.68731256399827,52.883974819677285,52.47277502145094,52.58004379272461,13810900,0.0,0.0,WFC
2018-08-08,52.52642119190673,53.18791950634117,52.52642119190673,52.910804748535156,13778600,0.0,0.0,WFC
2018-08-09,52.8117446985112,53.0368586939269,52.586630703095494,52.62264633178711,15859500,0.43,0.0,WFC
2018-08-10,51.66817656850691,52.604648385100916,51.66817656850691,52.271480560302734,16170100,0.0,0.0,WFC
2018-08-13,51.920296774636675,52.325502692473286,51.83025254176957,51.875274658203125,19541100,0.0,0.0,WFC
2018-08-14,51.9293021141087,52.460571355376075,51.9293021141087,52.289485931396484,14860400,0.0,0.0,WFC
2018-08-15,51.93830656899507,52.45156625584284,51.91129398599276,52.21744918823242,17378400,0.0,0.0,WFC
2018-08-16,52.35251363700169,52.95582097022659,52.2714724559705,52.82075119018555,19992500,0.0,0.0,WFC
2018-08-17,52.68568516522365,53.16292923640748,52.68568516522365,53.00084686279297,13737600,0.0,0.0,WFC
2018-08-20,52.95582882687321,53.316009235474525,52.829762077146654,53.153926849365234,11403400,0.0,0.0,WFC
2018-08-21,53.12690804418476,53.60414866132434,53.0728794434838,53.09088897705078,17943500,0.0,0.0,WFC
2018-08-22,53.162919093033885,53.577127997699705,52.97382417155168,53.27997589111328,20829600,0.0,0.0,WFC
2018-08-23,53.12690324080729,53.17192535317051,52.73970689154303,52.78472900390625,19655600,0.0,0.0,WFC
2018-08-24,53.0368652663783,53.05487136547198,52.829757342159624,52.8477668762207,14366600,0.0,0.0,WFC
2018-08-27,53.00984119042151,53.559119873409266,52.91079048562478,53.21694564819336,19915200,0.0,0.0,WFC
2018-08-28,53.297991353715915,53.424058083701325,53.117902895099675,53.189937591552734,19330200,0.0,0.0,WFC
2018-08-29,53.17193016061857,53.288990411320334,52.964825677049184,53.09088897705078,14436600,0.0,0.0,WFC
2018-08-30,52.82975044809221,53.19894069571536,52.61364293749524,52.640655517578125,14800900,0.0,0.0,WFC
2018-08-31,52.469569774097245,52.712693298146945,52.28947789313818,52.65866470336914,16720200,0.0,0.0,WFC
2018-09-04,52.63166103659494,53.081889097754924,52.28948674832246,52.94681930541992,19003700,0.0,0.0,WFC
2018-09-05,53.01885464107117,53.30700031018292,52.95582299063844,53.081886291503906,22332300,0.0,0.0,WFC
2018-09-06,53.04586430868792,53.27097831499451,52.16341781616211,52.16341781616211,20756900,0.0,0.0,WFC
2018-09-07,52.154410402043524,52.289480177405075,51.64115075161693,51.68617630004883,21482400,0.0,0.0,WFC
2018-09-10,51.88428433879802,52.082385798385644,51.605145120253,51.740211486816406,15623000,0.0,0.0,WFC
2018-09-11,51.686176646757964,51.830249471792094,51.61413851675735,51.66816711425781,22160300,0.0,0.0,WFC
2018-09-12,51.62315024024795,51.67717540826488,50.24545006136981,50.37151336669922,23868800,0.0,0.0,WFC
2018-09-13,50.434544597900555,50.65065557306463,49.516082399613644,49.52508544921875,26954800,0.0,0.0,WFC
2018-09-14,49.696160801549055,50.02933196387369,49.25493932598769,49.281951904296875,20997600,0.0,0.0,WFC
2018-09-17,49.29997757258688,49.308980623314746,48.57060680478759,48.903778076171875,21959500,0.0,0.0,WFC
2018-09-18,48.84973798979313,49.25494387670187,48.66064305422473,49.074851989746094,22055200,0.0,0.0,WFC
2018-09-19,49.06585019377449,49.930287151270676,48.87675181841141,49.723182678222656,17046200,0.0,0.0,WFC
2018-09-20,50.09237428860318,50.254456662966035,49.51608292863192,50.02033615112305,20308000,0.0,0.0,WFC
2018-09-21,50.20042789261603,50.25445649554614,49.453047676103026,49.516082763671875,36158500,0.0,0.0,WFC
2018-09-24,49.34498497906679,49.66914966807355,48.84073184947122,48.85873794555664,19604700,0.0,0.0,WFC
2018-09-25,48.89475771633176,49.24593498952337,48.804713494732276,48.83172607421875,15207400,0.0,0.0,WFC
2018-09-26,48.966797764936665,49.029829409525476,47.742177067267676,47.86824035644531,22025100,0.0,0.0,WFC
2018-09-27,47.976296968921254,48.26444262846688,47.5080594134178,47.56208801269531,19991000,0.0,0.0,WFC
2018-09-28,47.445025404237875,47.70615846863451,47.19289882342294,47.32796859741211,18588600,0.0,0.0,WFC
2018-10-01,47.490053096313794,47.54407826037498,46.96778694394103,47.048828125,17209000,0.0,0.0,WFC
2018-10-02,47.039819898723444,47.13886716692343,46.71565521016547,46.94076919555664,17509600,0.0,0.0,WFC
2018-10-03,47.27393825711595,47.65212811438876,47.12086239154369,47.40900802612305,18444900,0.0,0.0,WFC
2018-10-04,47.48105213559899,48.498568541710206,47.48105213559899,48.183406829833984,21417500,0.0,0.0,WFC
2018-10-05,48.35449055136621,48.49856338190607,47.706161096453265,47.89525604248047,14793000,0.0,0.0,WFC
2018-10-08,47.70616680417932,48.588613426185695,47.70616680417932,48.32748031616211,12858200,0.0,0.0,WFC
2018-10-09,48.06634585176394,48.597615069063046,47.70616205072589,48.201412200927734,15918300,0.0,0.0,WFC
2018-10-10,48.35449429557486,48.68766209793992,47.1929050772335,47.210914611816406,21875900,0.0,0.0,WFC
2018-10-11,47.16588889378361,47.58009785268121,45.93226163124427,46.3194580078125,33147900,0.0,0.0,WFC
2018-10-12,46.91376115463242,48.02132517376077,45.80620057047147,46.922767639160156,32067300,0.0,0.0,WFC
2018-10-15,47.28294498462094,48.615622941958605,47.28294498462094,47.94028091430664,34118900,0.0,0.0,WFC
2018-10-16,48.00331415955158,48.435532659436205,47.30095609164267,48.38150405883789,28227200,0.0,0.0,WFC
2018-10-17,48.22842901952062,49.534087591286315,47.89525779578989,49.03883743286133,23524200,0.0,0.0,WFC
2018-10-18,48.77770045582242,48.98480836107563,47.50805761800428,47.814212799072266,22533300,0.0,0.0,WFC
2018-10-19,47.79621092586279,48.29146108857528,47.59810948679083,47.6251220703125,19521000,0.0,0.0,WFC
2018-10-22,47.78720622801676,47.87725046643377,46.42751899210174,46.50856018066406,17621500,0.0,0.0,WFC
2018-10-23,45.77918369602432,46.778690416942304,45.44601593404068,46.427513122558594,25529800,0.0,0.0,WFC
2018-10-24,46.20239900532081,46.364481361552045,45.04080993065264,45.193885803222656,31161500,0.0,0.0,WFC
2018-10-25,45.50004644108834,47.37299681110325,45.400995718736155,46.697654724121094,29366100,0.0,0.0,WFC
2018-10-26,46.21140811887638,46.76068690541859,45.734167471210036,46.14837646484375,30053800,0.0,0.0,WFC
2018-10-29,46.71566448576926,47.85924417081526,46.45453138647433,47.03082275390625,30541300,0.0,0.0,WFC
2018-10-30,47.22891887675771,47.643127821046086,46.706652737028534,47.44502639770508,24910900,0.0,0.0,WFC
2018-10-31,47.76018900370368,48.65163855631962,47.751182519756426,47.9312744140625,23667400,0.0,0.0,WFC
2018-11-01,48.11136763718571,48.5886082505559,47.859241039173874,48.22842788696289,17654800,0.0,0.0,WFC
2018-11-02,48.81372505250431,49.191918406078955,47.823224702370545,48.27345275878906,18285600,0.0,0.0,WFC
2018-11-05,48.38150928730796,48.89476902607313,46.06733722025305,48.318477630615234,18990000,0.0,0.0,WFC
2018-11-06,48.04833977285404,48.3634980451965,47.68815594591906,48.219425201416016,20696800,0.0,0.0,WFC
2018-11-07,48.46255226592756,48.78671704656405,47.53508348185923,48.24644470214844,20668500,0.0,0.0,WFC
2018-11-08,48.01950489321083,48.654920883981724,47.983194418664645,48.255516052246094,22429200,0.43,0.0,WFC
2018-11-09,48.19197755124515,48.46429920233311,47.86519018483654,48.14659118652344,18972200,0.0,0.0,WFC
2018-11-12,48.22828113056608,48.63676528015586,47.456699189617126,47.520240783691406,19003300,0.0,0.0,WFC
2018-11-13,47.76533234591984,48.40983111319116,47.76533234591984,47.874263763427734,28102000,0.0,0.0,WFC
2018-11-14,48.237353308678074,48.37351583565904,46.739582825671945,47.33869171142578,24788400,0.0,0.0,WFC
2018-11-15,46.78498038899318,48.028584813180544,46.54896574738354,47.9468879699707,23220100,0.0,0.0,WFC
2018-11-16,47.79257054702898,48.27367222443225,47.63825275859778,48.05581283569336,18872500,0.0,0.0,WFC
2018-11-19,48.083045035480616,48.54599145226711,47.74717835024064,48.400753021240234,20215500,0.0,0.0,WFC
2018-11-20,48.15566109424576,48.32813410663077,47.52932102824854,47.69271469116211,22999200,0.0,0.0,WFC
2018-11-21,47.765330719917614,48.29182216501147,47.44762275322797,47.59286117553711,16946300,0.0,0.0,WFC
2018-11-23,47.175304784617246,47.46578165165075,46.84851744351521,47.048221588134766,11139400,0.0,0.0,WFC
2018-11-26,47.50209348970477,48.273672040650766,47.50209348970477,48.00135040283203,20581700,0.0,0.0,WFC
2018-11-27,47.82887483483893,48.400752667787366,47.61101892126821,48.282745361328125,18044600,0.0,0.0,WFC
2018-11-28,48.24644113541474,49.34480704184828,47.72902898237555,49.33572769165039,23713300,0.0,0.0,WFC
2018-11-29,48.990783509960785,49.39926419502364,48.82738985083278,49.054325103759766,14978400,0.0,0.0,WFC
2018-11-30,49.09063702709472,49.51727296053991,48.90000877730298,49.27218246459961,18939000,0.0,0.0,WFC
2018-12-03,49.726051692418125,49.96206629545644,48.654917017723385,49.23587417602539,21261700,0.0,0.0,WFC
2018-12-04,48.97263038636785,49.00894085946394,46.75774000610842,47.002830505371094,33280500,0.0,0.0,WFC
2018-12-06,45.97709050304636,46.4218817261487,45.40521261058568,46.376495361328125,40310200,0.0,0.0,WFC
2018-12-07,46.19493994586333,46.703276163569036,45.432437350683365,45.62306213378906,28510500,0.0,0.0,WFC
2018-12-10,45.45059540672755,45.45059540672755,43.84389328637872,44.29776382446289,34524600,0.0,0.0,WFC
2018-12-11,44.85148820929042,45.01488188648516,43.163089186783125,43.35371398925781,32388600,0.0,0.0,WFC
2018-12-12,43.834816736766676,43.84389262377794,42.52766739067414,43.3355598449707,42820000,0.0,0.0,WFC
2018-12-13,43.544341779456154,43.680500867128025,42.60029020213151,42.691062927246094,35227100,0.0,0.0,WFC
2018-12-14,42.25534511294554,43.10862391465623,42.101030796832,42.24626922607422,25913000,0.0,0.0,WFC
2018-12-17,41.9557884023333,42.94522619014547,41.86501222841289,42.30980682373047,29443300,0.0,0.0,WFC
2018-12-18,42.60936466987482,43.13585615371867,42.04656617484932,42.22811508178711,26740000,0.0,0.0,WFC
2018-12-19,42.11010617980605,43.05415768996245,41.120668310321555,41.4565315246582,34287600,0.0,0.0,WFC
2018-12-20,41.21144285841778,42.45504706105815,41.14790126532531,41.792396545410156,43969900,0.0,0.0,WFC
2018-12-21,41.383914794126056,42.23719013837086,40.78480583694198,40.957275390625,55577900,0.0,0.0,WFC
2018-12-24,40.36724808909064,40.93912249264539,39.577510833740234,39.577510833740234,18049900,0.0,0.0,WFC
2018-12-26,39.79537176524565,41.38391876220703,39.05102430654721,41.38391876220703,27770000,0.0,0.0,WFC
2018-12-27,40.594184415978866,41.32945251464844,39.80444714019344,41.32945251464844,27005300,0.0,0.0,WFC
2018-12-28,41.46560851210058,42.14641425151192,41.32944597911549,41.55638122558594,23635000,0.0,0.0,WFC
2018-12-31,41.73793246732382,42.191802985841164,41.36575878064989,41.82870864868164,16544500,0.0,0.0,WFC
2019-01-02,41.329441416236556,42.618435274514056,41.22051347952865,42.60935592651367,20295200,0.0,0.0,WFC
2019-01-03,42.34611947803928,42.98153541447998,42.09194964070585,42.27349853515625,22262000,0.0,0.0,WFC
2019-01-04,43.04507897039227,43.671422511661035,42.84537829387463,43.52618408203125,23343600,0.0,0.0,WFC
2019-01-07,43.371868508381986,43.780352694600474,43.15401258423711,43.24478530883789,21858000,0.0,0.0,WFC
2019-01-08,43.48080195154627,43.71681312411819,42.591212587928844,43.154014587402344,19702900,0.0,0.0,WFC
2019-01-09,43.12678032908935,43.55341977585356,42.7364548219899,43.3900260925293,18837700,0.0,0.0,WFC
2019-01-10,43.117699747934395,43.61695663141165,42.94523019553528,43.344635009765625,16208400,0.0,0.0,WFC
2019-01-11,43.11770046664897,43.65326783200817,42.82722360368371,43.45356369018555,20006900,0.0,0.0,WFC
2019-01-14,43.12677561013566,44.016364883231866,43.026927003703136,43.95281982421875,23827600,0.0,0.0,WFC
2019-01-15,43.208476829909834,43.79850995534395,42.67290941940672,43.27201843261719,27447600,0.0,0.0,WFC
2019-01-16,43.707733836696086,44.787944461700434,43.56249540423536,44.42484664916992,32026400,0.0,0.0,WFC
2019-01-17,44.15252769141732,44.806102408396335,43.93467176092937,44.68809509277344,25738800,0.0,0.0,WFC
2019-01-18,44.570085368941974,45.532292154420325,44.3522294502252,45.3961296081543,36380300,0.0,0.0,WFC
2019-01-22,45.17827097365794,45.47782370957598,45.05118778491955,45.25996780395508,33975200,0.0,0.0,WFC
2019-01-23,45.38705516096508,45.67753203697466,44.933184609355436,45.4959831237793,16806700,0.0,0.0,WFC
2019-01-24,45.196426934429354,45.69568381080444,45.06934374365285,45.368896484375,17862100,0.0,0.0,WFC
2019-01-25,45.75014494418859,45.877228122256064,45.350736712825814,45.50505447387695,20183400,0.0,0.0,WFC
2019-01-28,45.17826934387962,45.2962766417756,44.66085725824882,45.223655700683594,19913100,0.0,0.0,WFC
2019-01-29,45.18734722957435,45.48690343069795,45.13288498410258,45.25088882446289,11927600,0.0,0.0,WFC
2019-01-30,45.241814734171044,45.704761152848874,45.01487946834209,45.46875,16885100,0.0,0.0,WFC
2019-01-31,45.138998698040226,45.26723393390882,44.57109829884439,44.80009078979492,24934700,0.45,0.0,WFC
2019-02-01,44.88252822630303,44.9558075005983,44.690175372500136,44.80009078979492,21123500,0.0,0.0,WFC
2019-02-04,44.745136002584836,45.01992981571475,44.616900753336736,44.93749237060547,17547800,0.0,0.0,WFC
2019-02-05,45.12984085083008,45.17563865051022,44.65353604703064,45.12984085083008,14784900,0.0,0.0,WFC
2019-02-06,44.96496832943869,45.367993879519545,44.94664850977842,45.08404541015625,12145700,0.0,0.0,WFC
2019-02-07,44.96496499583728,45.15731784678696,43.70092548617864,44.03983688354492,24189700,0.0,0.0,WFC
2019-02-08,43.91160185797363,44.00320095720747,43.105550749606024,43.645973205566406,20641200,0.0,0.0,WFC
2019-02-11,43.847484235584126,43.929921677820396,43.398660878857584,43.645973205566406,15995900,0.0,0.0,WFC
2019-02-12,43.97571979384108,45.303877041938335,43.97571979384108,44.92832946777344,22033000,0.0,0.0,WFC
2019-02-13,45.10236290037868,45.53286641064121,44.78177131410438,44.900848388671875,13770900,0.0,0.0,WFC
2019-02-14,44.54362454369301,44.8000950397603,43.994040416786525,44.442867279052734,16456500,0.0,0.0,WFC
2019-02-15,44.96496832943869,45.26723661846225,44.41538771622404,45.08404541015625,19346200,0.0,0.0,WFC
2019-02-19,44.91000307355897,45.450425454260944,44.71765023317722,45.230594635009766,15121700,0.0,0.0,WFC
2019-02-20,45.27640015736354,45.688587381482016,45.157323071696325,45.62446975708008,16742600,0.0,0.0,WFC
2019-02-21,45.578657020778095,45.69773407656238,45.22142934757283,45.39546585083008,16938800,0.0,0.0,WFC
2019-02-22,45.43210915478781,45.569506048069385,44.83673077024664,44.900848388671875,15848200,0.0,0.0,WFC
2019-02-25,45.12068257775582,46.009174633595975,45.111524414792335,45.4870719909668,16564100,0.0,0.0,WFC
2019-02-26,45.33135895271137,45.92673738400442,45.19396204864075,45.42295455932617,16997800,0.0,0.0,WFC
2019-02-27,45.422957192086,45.82598277635868,45.21228448934242,45.7069091796875,17455000,0.0,0.0,WFC
2019-02-28,45.78017990142122,45.91757679824234,45.55118740281819,45.6977424621582,17786600,0.0,0.0,WFC
2019-03-01,46.009175851591905,46.56791814916338,45.679426069802275,45.82598114013672,19051400,0.0,0.0,WFC
2019-03-04,46.06413254088386,46.6228748048272,45.514548439595266,45.89925765991211,16697000,0.0,0.0,WFC
2019-03-05,45.82597770231219,45.84429752149821,45.18480150154227,45.6977424621582,14235400,0.0,0.0,WFC
2019-03-06,45.77101427554041,46.00000673680423,45.505382181878936,45.63361740112305,14211000,0.0,0.0,WFC
2019-03-07,45.53286433228188,45.661099563279016,45.148158639290486,45.50538635253906,19047300,0.0,0.0,WFC
2019-03-08,45.12068219881184,45.7069059538557,45.03824475623914,45.61530685424805,17400000,0.0,0.0,WFC
2019-03-11,45.79850486247426,45.89010047453976,45.45959690485356,45.578670501708984,19471500,0.0,0.0,WFC
2019-03-12,45.59699031436229,45.8443026598709,45.37715944778706,45.4779167175293,18299300,0.0,0.0,WFC
2019-03-13,45.67942192638998,45.87177827775165,45.44127126900396,45.7252197265625,21647300,0.0,0.0,WFC
2019-03-14,45.8626167422767,46.52211624777584,45.73438150379591,46.11908721923828,20160700,0.0,0.0,WFC
2019-03-15,46.00002006360398,46.5312809106924,45.7985055211832,46.403045654296875,46117300,0.0,0.0,WFC
2019-03-18,46.56791260510973,47.694555229328344,46.55875444299411,47.38312530517578,23843300,0.0,0.0,WFC
2019-03-19,48.01514742137599,48.01514742137599,47.02590160333787,47.09001922607422,19911900,0.0,0.0,WFC
2019-03-20,46.888503947730136,47.236573532814404,46.10077266760011,46.16489028930664,20632400,0.0,0.0,WFC
2019-03-21,45.7801806204482,45.92673568209002,45.038243655428076,45.670265197753906,24132800,0.0,0.0,WFC
2019-03-22,45.11152169619866,45.31303621073549,43.966559216599705,44.250511169433594,27975800,0.0,0.0,WFC
2019-03-25,44.351263312236,44.781770306964596,43.8291607201451,44.03983688354492,17227600,0.0,0.0,WFC
2019-03-26,44.4428583927664,44.91916314318951,44.342101148272384,44.89168167114258,16989600,0.0,0.0,WFC
2019-03-27,44.82756914446767,45.056561637328116,44.37874581518415,44.67185592651367,16912000,0.0,0.0,WFC
2019-03-28,44.63521985984726,45.08404671918476,44.287150264492574,44.964969635009766,15881600,0.0,0.0,WFC
2019-03-29,45.61530151093171,45.61530151093171,43.78336166315013,44.259666442871094,53590800,0.0,0.0,WFC
2019-04-01,44.360426522116114,44.79093353192255,44.122272369996224,44.70849609375,42015500,0.0,0.0,WFC
2019-04-02,44.48865857305848,44.77261050511898,43.92991636482701,44.15890884399414,35393600,0.0,0.0,WFC
2019-04-03,44.39706760347499,44.76345351181661,44.03983985782889,44.754295349121094,30366300,0.0,0.0,WFC
2019-04-04,44.83673511768766,45.50539284191928,44.77261749304548,45.038246154785156,19260100,0.0,0.0,WFC
2019-04-05,45.1206763385189,45.258073223011024,44.51613633621979,44.68101119995117,23734900,0.0,0.0,WFC
2019-04-08,44.5527791931355,44.97412454463064,44.49782323068285,44.772613525390625,18875200,0.0,0.0,WFC
2019-04-09,44.58942758046636,44.60774740292812,43.984887415823586,44.09480285644531,22903500,0.0,0.0,WFC
2019-04-10,44.03983253739674,44.140586286893,43.41697275318647,43.774200439453125,30977800,0.0,0.0,WFC
2019-04-11,43.93908915780558,44.20471784541501,43.39866663022621,43.728416442871094,33662700,0.0,0.0,WFC
2019-04-12,43.737567156188014,44.71765476895189,42.1895791262498,42.58344650268555,70271400,0.0,0.0,WFC
2019-04-15,42.015541852564716,43.105548361084686,41.82318899605466,42.83991622924805,34954000,0.0,0.0,WFC
2019-04-16,42.94067586513348,43.847484235584126,42.931514208135916,43.645973205566406,25217100,0.0,0.0,WFC
2019-04-17,43.92992611897581,43.92992611897581,42.97731635552869,43.554378509521484,25144000,0.0,0.0,WFC
2019-04-18,43.45361703443714,43.847484427495615,43.1605069039027,43.58185577392578,22416800,0.0,0.0,WFC
2019-04-22,43.42614279434658,43.508580244048616,43.14219080222874,43.28874588012695,15972600,0.0,0.0,WFC
2019-04-23,43.23378046857493,43.45361129034233,43.00478799098094,43.37117385864258,16434300,0.0,0.0,WFC
2019-04-24,43.10555530290681,43.682613965367885,43.07807382315957,43.49026107788086,17831800,0.0,0.0,WFC
2019-04-25,43.20630457805339,43.92992173934655,42.968153908008595,43.51773452758789,23042800,0.0,0.0,WFC
2019-04-26,43.52689465593915,43.948240015762245,43.41697923471318,43.9299201965332,13035500,0.0,0.0,WFC
2019-04-29,43.93908070921273,44.69017580730627,43.92991905276263,44.213871002197266,16918700,0.0,0.0,WFC
2019-04-30,44.287142599716525,44.47949893136915,44.06731178375326,44.34210205078125,18525100,0.0,0.0,WFC
2019-05-01,44.259672093098324,44.74513509660771,43.95740379658348,44.1772346496582,17542100,0.0,0.0,WFC
2019-05-02,44.2871422470196,44.41538096514935,43.82915730757101,44.2413444519043,16883000,0.0,0.0,WFC
2019-05-03,44.442865972747235,44.6718584786904,44.287149251748744,44.56194305419922,16571300,0.0,0.0,WFC
2019-05-06,43.95739852996602,44.635214322242525,43.856641278483515,44.36042404174805,19279900,0.0,0.0,WFC
2019-05-07,44.012361096227636,44.11311836283472,42.96815577711522,43.20630645751953,23919100,0.0,0.0,WFC
2019-05-08,43.105553793254934,43.334546316285966,42.8765612702239,43.050594329833984,19814400,0.0,0.0,WFC
2019-05-09,42.541935102648736,43.30954127725326,42.33847254496057,43.2263069152832,23246900,0.45,0.0,WFC
2019-05-10,42.921115964833625,43.80894686692923,42.64366924891955,43.60548782348633,19983400,0.0,0.0,WFC
2019-05-13,42.800881954096475,43.457510110448816,42.78238503848822,42.84712600708008,23304700,0.0,0.0,WFC
2019-05-14,42.89337445274027,43.40202737815336,42.52344312811624,42.9951057434082,21267600,0.0,0.0,WFC
2019-05-15,42.56042775266108,42.86561803067057,42.07027185238103,42.393959045410156,20123300,0.0,0.0,WFC
2019-05-16,42.532689625582925,43.03209228377143,42.31997683940621,42.44945526123047,20764100,0.0,0.0,WFC
2019-05-17,42.024035622826354,42.754648026425166,41.99629200909587,42.26449203491211,22273500,0.0,0.0,WFC
2019-05-20,42.190497909947275,42.45869789475454,41.89455431565164,42.03327941894531,18854000,0.0,0.0,WFC
2019-05-21,42.19049785072774,42.8748696165295,42.098016800612385,42.84712600708008,18416300,0.0,0.0,WFC
2019-05-22,42.60667487468566,42.82863436137006,42.50494359028557,42.63441848754883,13155000,0.0,0.0,WFC
2019-05-23,42.38471666661837,42.41246027800921,41.681847936023516,42.135013580322266,17643700,0.0,0.0,WFC
2019-05-24,42.31997970223801,42.865626454809835,42.162761185562545,42.69915771484375,13425500,0.0,0.0,WFC
2019-05-28,42.60667330259815,42.77314202948755,42.1535111788974,42.162757873535156,19984600,0.0,0.0,WFC
2019-05-29,41.977793161562545,42.245993175053776,41.73734028845316,42.06102752685547,16058800,0.0,0.0,WFC
2019-05-30,42.255236354259836,42.403208154921955,41.50613065687545,41.66334915161133,13775900,0.0,0.0,WFC
2019-05-31,41.182437582065724,41.48763138808252,40.89574421899931,41.03446578979492,17540500,0.0,0.0,WFC
2019-06-03,40.91424889633041,41.718845448956685,40.877255059262744,41.17319869995117,20172500,0.0,0.0,WFC
2019-06-04,41.765081506598335,42.319974891456,41.62635639642087,42.24599075317383,21082000,0.0,0.0,WFC
2019-06-05,42.42171083717632,42.44945797902114,41.89456100516916,42.4124641418457,13705400,0.0,0.0,WFC
2019-06-06,42.30149131125413,42.71765968243106,42.03329125095088,42.46795654296875,16020500,0.0,0.0,WFC
2019-06-07,42.449455904458276,42.68990877849433,42.12576513688221,42.19975280761719,14979900,0.0,0.0,WFC
2019-06-10,42.59742129146736,43.29103972429543,42.59742129146736,42.79163360595703,15242700,0.0,0.0,WFC
2019-06-11,42.39396590004352,42.967356246659875,42.32922845097037,42.78239059448242,15078300,0.0,0.0,WFC
2019-06-12,42.55118802253788,42.791644449153885,41.413653927805285,41.53388214111328,22470400,0.0,0.0,WFC
2019-06-13,41.70959597613662,42.19975550628571,41.54312723426358,41.88531494140625,15629400,0.0,0.0,WFC
2019-06-14,41.9038080885633,42.34772351762629,41.469139354138065,42.162757873535156,16147500,0.0,0.0,WFC
2019-06-17,42.15350673951489,42.560428291319596,41.74658165978432,41.8668098449707,13420400,0.0,0.0,WFC
2019-06-18,41.84831888106402,42.90261850498062,41.67260345305337,42.63441848754883,18611100,0.0,0.0,WFC
2019-06-19,42.9858568489824,43.23555997163503,42.199757169759714,42.21825408935547,17787600,0.0,0.0,WFC
2019-06-20,42.403213918588605,42.53269234870261,41.8390737773325,42.4124641418457,19205200,0.0,0.0,WFC
2019-06-21,42.39396317963695,43.365028381347656,42.347722651541424,43.365028381347656,39186200,0.0,0.0,WFC
2019-06-24,43.05058335860993,43.180058234936375,42.754639776170684,42.79163360595703,21854400,0.0,0.0,WFC
2019-06-25,42.66216672641393,43.032094509840974,42.014788695508535,42.67141342163086,20814000,0.0,0.0,WFC
2019-06-26,42.73614973722539,42.80088718580441,42.33847482285345,42.356971740722656,17106800,0.0,0.0,WFC
2019-06-27,42.74539363399987,43.03208699872729,42.643662364738205,42.81013107299805,13391600,0.0,0.0,WFC
2019-06-28,43.29104768779318,44.11414114835782,43.2817974646821,43.7627067565918,31030900,0.0,0.0,WFC
2019-07-01,44.280615527647754,44.50257151962689,43.83670001576261,44.104896545410156,15089100,0.0,0.0,WFC
2019-07-02,43.94767007137243,44.2066198578705,43.392773135828534,43.67947006225586,12107200,0.0,0.0,WFC
2019-07-03,43.74421095552646,44.19737664552967,43.44826731108922,44.0771484375,10438400,0.0,0.0,WFC
2019-07-05,44.48406911752633,44.56730348624386,44.08639419231218,44.17887878417969,10801600,0.0,0.0,WFC
2019-07-08,43.836692138333845,44.38233885179322,43.75345777431712,43.95691680908203,13189300,0.0,0.0,WFC
2019-07-09,43.74420787755505,44.289854595079134,43.66097351291828,44.23436737060547,12595000,0.0,0.0,WFC
2019-07-10,44.086393582843314,44.215872009667855,43.50375653780167,43.60548782348633,12784900,0.0,0.0,WFC
2019-07-11,43.660978451807615,44.003166171759105,43.522256847005124,43.59624099731445,19751400,0.0,0.0,WFC
2019-07-12,43.577734602758056,43.85518127996517,43.39276897531134,43.7996940612793,12792600,0.0,0.0,WFC
2019-07-15,43.83669394852495,43.88293447979342,42.948859519708904,43.19856262207031,21338400,0.0,0.0,WFC
2019-07-16,43.20781478779291,43.43902098245717,41.820577619807366,41.894561767578125,37548300,0.0,0.0,WFC
2019-07-17,41.80207837825707,42.31073127267112,41.74658762456729,41.81132507324219,24502100,0.0,0.0,WFC
2019-07-18,41.82057577620183,42.56043486092642,41.79282863507526,42.37546920776367,19409100,0.0,0.0,WFC
2019-07-19,42.50494181432716,42.921113629517784,42.412460756696454,42.569679260253906,21847900,0.0,0.0,WFC
2019-07-22,42.44021211065139,43.05059637497295,42.32923411566388,42.98585891723633,17972100,0.0,0.0,WFC
2019-07-23,43.17082405558876,44.012414523592355,43.15232713533379,43.6517333984375,21150200,0.0,0.0,WFC
2019-07-24,43.744204769359555,44.82625143275393,43.72570785320718,44.80775451660156,29357200,0.0,0.0,WFC
2019-07-25,44.87249792840908,45.075960505225055,44.400835323595075,44.474822998046875,20562000,0.0,0.0,WFC
2019-07-26,44.53031425349231,45.60311084959421,44.4563265782104,45.5938606262207,21641500,0.0,0.0,WFC
2019-07-29,45.66784487472733,45.84356029844691,44.558054524259745,44.650535583496094,19148600,0.0,0.0,WFC
2019-07-30,44.40083185732665,44.93723187144725,44.28985388223923,44.900238037109375,14207000,0.0,0.0,WFC
2019-07-31,44.632042084508065,45.29791705137438,44.49332048502861,44.77076721191406,23422800,0.0,0.0,WFC
2019-08-01,44.770766972108035,44.98347624584509,43.420523654685034,43.522254943847656,22668600,0.0,0.0,WFC
2019-08-02,43.56849360300736,44.03090596809481,42.884121750390335,43.87368392944336,20159000,0.0,0.0,WFC
2019-08-05,43.004350896263716,43.28179761581561,42.4032133972959,42.67141342163086,27113500,0.0,0.0,WFC
2019-08-06,43.106083483289574,43.49450819679117,42.37547106169192,43.40202713012695,19446100,0.0,0.0,WFC
2019-08-07,42.60667142406305,42.680659089607865,41.82981857547282,42.36621856689453,27830000,0.0,0.0,WFC
2019-08-08,42.730960660591,43.619436179278516,42.600028102232876,43.394981384277344,20671300,0.51,0.0,WFC
2019-08-09,43.03959132942983,43.638142218338096,42.78707700423827,43.301456451416016,19786100,0.0,0.0,WFC
2019-08-12,42.56262149515695,42.93671760966753,42.394282168036625,42.4878044128418,17364400,0.0,0.0,WFC
2019-08-13,42.656150908742674,43.413690431494764,42.32881588900025,42.983482360839844,16649100,0.0,0.0,WFC
2019-08-14,42.10435808412871,42.17917516748021,41.094300701546004,41.12236022949219,28786700,0.0,0.0,WFC
2019-08-15,41.430984115882936,41.61803216498486,40.533157761367455,40.5705680847168,27900000,0.0,0.0,WFC
2019-08-16,40.90725408880455,41.6554427217601,40.804377482839755,41.51515579223633,21196600,0.0,0.0,WFC
2019-08-19,42.20723441440724,42.52521504373521,42.02018635580638,42.319461822509766,15378100,0.0,0.0,WFC
2019-08-20,42.123062743294135,42.123062743294135,41.73961583063372,41.786376953125,13345800,0.0,0.0,WFC
2019-08-21,42.048241073561236,42.347516531422215,41.90795770948914,42.08565139770508,13513700,0.0,0.0,WFC
2019-08-22,42.39427710686033,42.86189541035019,42.14176279485846,42.66549301147461,14703900,0.0,0.0,WFC
2019-08-23,42.272699949455905,42.69355718192664,41.234586631909735,41.543212890625,21152500,0.0,0.0,WFC
2019-08-26,41.81443359029527,42.08565309984016,41.608683934472445,42.06694793701172,15973100,0.0,0.0,WFC
2019-08-27,42.300746435050755,42.394272225566844,41.5525579491426,41.85183334350586,15038200,0.0,0.0,WFC
2019-08-28,41.7489632074234,42.81513241050708,41.60867985144351,42.525211334228516,14740000,0.0,0.0,WFC
2019-08-29,43.020888007703064,43.47915555841843,42.81513479297639,43.19858169555664,16196600,0.0,0.0,WFC
2019-08-30,43.5259143791687,43.862600142691804,43.40433261619764,43.55397033691406,15250600,0.0,0.0,WFC
2019-09-03,43.3108176303921,43.338873592835036,42.53456937144833,43.105064392089844,17224200,0.0,0.0,WFC
2019-09-04,43.525916641173126,43.67555436966609,43.28275310259402,43.48850631713867,17123100,0.0,0.0,WFC
2019-09-05,44.24605148887751,45.05035208909419,44.23669712358887,44.535972595214844,19243400,0.0,0.0,WFC
2019-09-06,44.49856088315508,44.67625455976203,44.0496441580471,44.09640884399414,18846100,0.0,0.0,WFC
2019-09-09,44.25539513621099,45.48990714912027,43.85324311725553,45.274803161621094,27651400,0.0,0.0,WFC
2019-09-10,44.95682748239362,45.761131608039186,44.95682748239362,45.1812858581543,25822400,0.0,0.0,WFC
2019-09-11,45.1625757925874,45.80788775541045,44.69495749753301,45.68630599975586,19190000,0.0,0.0,WFC
2019-09-12,45.37768961082818,45.901423499102926,45.09711928654161,45.499271392822266,24305900,0.0,0.0,WFC
2019-09-13,45.83594527291146,46.16328023118718,45.50861388228033,45.751773834228516,25142400,0.0,0.0,WFC
2019-09-16,45.32156834730427,45.82659700729286,45.26545643017984,45.807891845703125,17759700,0.0,0.0,WFC
2019-09-17,45.54603041230953,45.69566814951758,45.18128865084271,45.602142333984375,18346100,0.0,0.0,WFC
2019-09-18,45.48056099462456,46.022996416798556,45.29351294407859,45.761131286621094,20511700,0.0,0.0,WFC
2019-09-19,45.81724083411268,46.11651624914187,45.705009877743464,45.7424201965332,16887500,0.0,0.0,WFC
2019-09-20,45.8920631535595,46.10716715973932,45.461855141199855,45.480560302734375,30229400,0.0,0.0,WFC
2019-09-23,45.19063746248335,45.91077015603698,45.181286665163526,45.789188385009766,20603400,0.0,0.0,WFC
2019-09-24,45.807897679243915,46.0323560792603,45.330928484721284,45.499271392822266,21629300,0.0,0.0,WFC
2019-09-25,45.57408127408952,46.331624240747935,45.49926419767894,46.06975555419922,21313100,0.0,0.0,WFC
2019-09-26,46.06041188349648,46.17263929929732,45.658259778594434,45.705020904541016,19984000,0.0,0.0,WFC
2019-09-27,47.13592504344199,48.08051241916551,46.995638129430695,47.425846099853516,59467400,0.0,0.0,WFC
2019-09-30,47.481962000864726,47.55677907272959,46.81794487961957,47.17333221435547,26897100,0.0,0.0,WFC
2019-10-01,47.36973586006482,47.49131405101111,45.82659402206008,45.88270950317383,27249300,0.0,0.0,WFC
2019-10-02,45.56473033356326,45.864005773550154,45.237395368321884,45.3309211730957,23515900,0.0,0.0,WFC
2019-10-03,45.17193191929437,45.368330770158835,44.25540038094868,45.340274810791016,20212200,0.0,0.0,WFC
2019-10-04,45.50861931980094,46.060409135397805,45.38703754547756,46.02299880981445,15779500,0.0,0.0,WFC
2019-10-07,45.779835455314746,46.09781606405133,45.59278740882651,45.648902893066406,15691900,0.0,0.0,WFC
2019-10-08,45.12517071209119,45.218692954902856,44.46115351225166,44.723018646240234,19734000,0.0,0.0,WFC
2019-10-09,45.050348322239124,45.284157487874936,44.96618044754918,45.031646728515625,13467800,0.0,0.0,WFC
2019-10-10,45.199995904563906,45.892069133294406,45.04100379462621,45.499271392822266,18267800,0.0,0.0,WFC
2019-10-11,46.256807993242866,46.687016034516354,45.96688688908444,46.02299880981445,23024600,0.0,0.0,WFC
2019-10-14,45.910762512308665,46.24744824208586,45.80788592069404,46.079105377197266,16870500,0.0,0.0,WFC
2019-10-15,46.08846733697221,47.930884933628384,45.62084894737583,46.864715576171875,38478400,0.0,0.0,WFC
2019-10-16,46.799248523165524,47.02370334862685,46.247458689742516,46.37839126586914,23728400,0.0,0.0,WFC
2019-10-17,46.743131317576015,46.920825011848905,46.27551295277316,46.3970947265625,20560100,0.0,0.0,WFC
2019-10-18,46.144579776360516,46.967589086562064,46.12587461389628,46.73377990722656,21199500,0.0,0.0,WFC
2019-10-21,47.02370041203768,47.22945362889905,46.93017816854336,47.19204330444336,19409100,0.0,0.0,WFC
2019-10-22,47.17333193443491,47.71577086472534,46.976933108355034,47.3416748046875,18526900,0.0,0.0,WFC
2019-10-23,47.43520439917155,47.66901356349295,47.294917473520826,47.6316032409668,14173700,0.0,0.0,WFC
2019-10-24,47.379081781317105,47.8841103564418,47.379081781317105,47.790584564208984,16695400,0.0,0.0,WFC
2019-10-25,47.77189196339924,48.37979367291226,47.697071315532796,48.23015594482422,17433300,0.0,0.0,WFC
2019-10-28,48.5761895149086,48.67906611553379,48.23015295906037,48.30497360229492,23914800,0.0,0.0,WFC
2019-10-29,48.16468725769688,48.96899134389128,48.16468725769688,48.79129409790039,21063000,0.0,0.0,WFC
2019-10-30,48.52008268903849,48.894175241513146,48.276919140667204,48.66036605834961,16155900,0.0,0.0,WFC
2019-10-31,48.41719887918626,48.66035882376068,47.83735319008996,48.2862663269043,18814700,0.0,0.0,WFC
2019-11-01,48.75388661753189,48.903524335922874,48.548133416877555,48.8006477355957,16359300,0.0,0.0,WFC
2019-11-04,49.174739146688886,49.380488760164496,48.85675857934191,49.30567169189453,17559900,0.0,0.0,WFC
2019-11-05,49.324383759493,50.03516206201209,49.324383759493,49.848114013671875,25965300,0.0,0.0,WFC
2019-11-06,49.83876570545817,50.35314518834639,49.72653473026278,50.31573486328125,22051100,0.0,0.0,WFC
2019-11-07,50.77838454383892,51.363783178996535,50.77838454383892,50.986106872558594,23452500,0.51,0.0,WFC
2019-11-08,50.82559707831212,51.20326978515265,50.57066611025595,51.08052444458008,14722100,0.0,0.0,WFC
2019-11-11,50.7878266817501,51.118290737150545,50.73117415720085,51.0333137512207,10659400,0.0,0.0,WFC
2019-11-12,50.75006324995878,51.21271657414065,50.62731790243486,51.19383239746094,15187600,0.0,0.0,WFC
2019-11-13,50.80670876914082,50.891685751579274,50.240194352288505,50.315731048583984,16846800,0.0,0.0,WFC
2019-11-14,50.249642851312714,50.57066663645098,50.136337796472205,50.504573822021484,16491400,0.0,0.0,WFC
2019-11-15,50.77838755189623,50.92945736306298,50.44792346552784,50.797271728515625,15225300,0.0,0.0,WFC
2019-11-18,50.835037070341066,51.08996803691844,50.655642805766554,50.986106872558594,14374600,0.0,0.0,WFC
2019-11-19,51.08052381268004,51.29769002861742,50.86336119853083,51.01443099975586,14434100,0.0,0.0,WFC
2019-11-20,50.7311673054506,50.85391262450196,50.277957975631246,50.55177307128906,14994700,0.0,0.0,WFC
2019-11-21,50.83503469321968,50.92001167810516,50.36294113314216,50.57066345214844,16186100,0.0,0.0,WFC
2019-11-22,50.89168831703191,51.31656964885453,50.80671133030976,51.2504768371582,13823400,0.0,0.0,WFC
2019-11-25,51.48652298543359,51.48652298543359,51.02387330928209,51.184383392333984,15561000,0.0,0.0,WFC
2019-11-26,51.08996853594915,51.099408822897615,50.73117640150736,50.80671310424805,18078900,0.0,0.0,WFC
2019-11-27,51.12774225049971,51.36378906864276,50.99555300683717,51.30713653564453,16352900,0.0,0.0,WFC
2019-11-29,51.05220440728283,51.69425202653169,51.05220440728283,51.42043685913086,10508600,0.0,0.0,WFC
2019-12-02,51.27880697978869,51.401548719751176,50.561222706864044,50.627315521240234,20252700,0.0,0.0,WFC
2019-12-03,50.05136002122246,50.08912837224359,49.25824265871954,49.645362854003906,25560700,0.0,0.0,WFC
2019-12-04,49.66424138381724,50.49512706314657,49.60759246140509,50.268524169921875,18867400,0.0,0.0,WFC
2019-12-05,50.429032945901376,50.54233438957819,50.13633364779935,50.25907897949219,13499700,0.0,0.0,WFC
2019-12-06,50.85391918396155,51.37322138291738,50.693405499607614,51.335453033447266,18325700,0.0,0.0,WFC
2019-12-09,51.14661885180194,51.505410995998645,50.90113176479682,50.91057205200195,15070800,0.0,0.0,WFC
2019-12-10,50.50457060888995,50.86335912102712,50.40070944945466,50.69340515136719,15959100,0.0,0.0,WFC
2019-12-11,50.740620732343665,50.96722363896363,50.10801344763738,50.202430725097656,16834200,0.0,0.0,WFC
2019-12-12,50.39127232844982,51.50541356726935,50.136341339724495,51.326019287109375,19119500,0.0,0.0,WFC
2019-12-13,51.03331360686214,51.38266183612413,50.44791859532808,50.78782653808594,19179300,0.0,0.0,WFC
2019-12-16,51.21271657414065,51.514856197439194,51.193832397460945,51.19383239746094,19793500,0.0,0.0,WFC
2019-12-17,51.08997389516755,51.46764664312327,50.9766724309597,51.30713653564453,16723400,0.0,0.0,WFC
2019-12-18,51.42043110971478,51.42043110971478,50.636757651419124,50.674522399902344,18857000,0.0,0.0,WFC
2019-12-19,50.74061805777734,50.82559504372771,50.438474861896424,50.636756896972656,18133300,0.0,0.0,WFC
2019-12-20,51.033316503218074,51.033316503218074,50.10801349641131,50.3535041809082,66318000,0.0,0.0,WFC
2019-12-23,50.3629439801171,50.98610737057482,50.27796699042795,50.80671310424805,17637700,0.0,0.0,WFC
2019-12-24,50.9388998236699,51.02387681517976,50.740621377409646,50.81615447998047,4635500,0.0,0.0,WFC
2019-12-26,51.03331045509188,51.354334203227275,50.9388931887294,51.12773132324219,12517100,0.0,0.0,WFC
2019-12-27,51.25992390899353,51.28824837239726,50.86336341239963,50.91057205200195,9892000,0.0,0.0,WFC
2019-12-30,51.14661147819351,51.23158845794224,50.514007874787964,50.60842514038086,10900500,0.0,0.0,WFC
2019-12-31,50.54234074683641,50.81615590513502,50.47624792956273,50.797271728515625,12566000,0.0,0.0,WFC
2020-01-02,50.84447831264589,51.023876182379766,50.523454526677554,50.75006103515625,16803100,0.0,0.0,WFC
2020-01-03,50.1457808468597,50.62731471562199,49.947502406886294,50.4384765625,15608800,0.0,0.0,WFC
2020-01-06,49.7964329246163,50.23075815833505,49.77754874900398,50.13633728027344,13200300,0.0,0.0,WFC
2020-01-07,50.08912241938895,50.08912241938895,49.541495801818066,49.720890045166016,13278600,0.0,0.0,WFC
2020-01-08,49.890847675633054,50.35350095024691,49.85307932632008,49.87196350097656,16585600,0.0,0.0,WFC
2020-01-09,50.230756411675465,50.230756411675465,49.55094052042379,49.7869873046875,20817400,0.0,0.0,WFC
2020-01-10,49.843639350292236,49.9475005106557,49.55094004397591,49.56982421875,13777600,0.0,0.0,WFC
2020-01-13,49.56982389290327,49.56982389290327,48.937220250175905,49.20159149169922,25197600,0.0,0.0,WFC
2020-01-14,47.426518066862215,47.9080555095957,46.50121513198349,46.548423767089844,56668300,0.0,0.0,WFC
2020-01-15,46.104656781382104,46.11409706738236,45.30209560342129,45.62311935424805,47148000,0.0,0.0,WFC
2020-01-16,45.75530817949386,46.56730970043068,45.16991315813006,46.501216888427734,37020200,0.0,0.0,WFC
2020-01-17,46.61452153148881,46.66173017161321,45.82140413131861,46.43512725830078,29669200,0.0,0.0,WFC
2020-01-21,46.350144672307486,47.09605334234479,46.076329550123475,46.20851516723633,30858300,0.0,0.0,WFC
2020-01-22,46.29350082897271,46.35015336197991,45.59480426416027,45.849735260009766,20367700,0.0,0.0,WFC
2020-01-23,45.68920802752533,45.7458605437644,45.302091504360575,45.5286979675293,17297900,0.0,0.0,WFC
2020-01-24,45.500376858781344,45.51926103374562,44.54674943470777,44.914981842041016,21239600,0.0,0.0,WFC
2020-01-27,44.27293585303726,44.77335390088178,44.131309938520545,44.471214294433594,18156200,0.0,0.0,WFC
2020-01-28,44.85833232983752,45.1227071953048,44.641169705845776,44.72614669799805,16673300,0.0,0.0,WFC
2020-01-29,44.7733512173074,45.22656420160373,44.622281423137956,44.6317253112793,16166300,0.0,0.0,WFC
2020-01-30,44.53730383603746,45.273772224210624,44.41456210616523,45.23600387573242,14760200,0.0,0.0,WFC
2020-01-31,44.773346357239035,44.8016744168001,44.14074278838125,44.32013702392578,23080400,0.0,0.0,WFC
2020-02-03,44.60340209603069,45.0566114911954,44.4051200591933,44.49009704589844,15471100,0.0,0.0,WFC
2020-02-04,45.03773244445806,45.16991808287575,44.61284746255224,44.62228775024414,14973300,0.0,0.0,WFC
2020-02-05,45.22656521189436,45.69865877944321,45.11326016239522,45.61368179321289,20141800,0.0,0.0,WFC
2020-02-06,46.22441309254017,46.28167007734104,45.6613988160937,45.78545379638672,18259200,0.51,0.0,WFC
2020-02-07,45.54688615543004,45.80453711351969,45.30832085796379,45.65185546875,13174600,0.0,0.0,WFC
2020-02-10,45.48962800426756,45.67093995542059,45.25106271293353,45.58505630493164,18124800,0.0,0.0,WFC
2020-02-11,45.880874181813084,46.12898045933911,45.74727457368064,45.79499053955078,13686100,0.0,0.0,WFC
2020-02-12,46.01446997207695,46.27212089786912,45.57550711319932,45.6041374206543,16668100,0.0,0.0,WFC
2020-02-13,45.44191393027012,45.9763014728302,45.37511594247728,45.919044494628906,12530000,0.0,0.0,WFC
2020-02-14,45.93812651517406,46.10989379595456,45.56596528688865,46.014469146728516,15526400,0.0,0.0,WFC
2020-02-18,45.77590805492371,45.9190450418066,44.4017696834569,44.84073257446289,22423800,0.0,0.0,WFC
2020-02-19,45.08883886334821,45.18426352125777,44.831187918731565,44.9361572265625,15602500,0.0,0.0,WFC
2020-02-20,44.85027184351328,45.241518750156516,44.544908581753546,45.174720764160156,15965500,0.0,0.0,WFC
2020-02-21,45.308318525281976,45.66139412809314,44.94569827254173,45.51825714111328,21729100,0.0,0.0,WFC
2020-02-24,44.449481331807235,44.80255690005755,44.14411444766287,44.26816940307617,23075900,0.0,0.0,WFC
2020-02-25,44.17275043175349,44.53536705538707,42.903581328383545,43.0562629699707,31110100,0.0,0.0,WFC
2020-02-26,43.399796193311445,43.562022479960696,42.11154511090486,42.12108612060547,27372600,0.0,0.0,WFC
2020-02-27,41.33859010497939,42.29285119445762,40.48929831777851,40.527469635009766,41180000,0.0,0.0,WFC
2020-02-28,39.42053028807775,39.95491421414722,37.931881550703906,38.9815673828125,71703000,0.0,0.0,WFC
2020-03-02,39.105619110745046,40.34615780221949,37.65514181417501,40.32707214355469,44231200,0.0,0.0,WFC
2020-03-03,40.136222811780435,40.93780227410557,38.19907032103467,38.67620086669922,45091000,0.0,0.0,WFC
2020-03-04,39.13424760509615,39.53503917532818,38.132274139842096,39.506412506103516,33881500,0.0,0.0,WFC
2020-03-05,38.170439882628926,38.17998089090419,36.8058463656076,37.12075424194336,45037900,0.0,0.0,WFC
2020-03-06,35.30766340691239,35.95656129587845,34.668310168199724,35.39354705810547,56766500,0.0,0.0,WFC
2020-03-09,32.177687367727145,32.90292424509944,30.746295632724586,30.994401931762695,53277200,0.0,0.0,WFC
2020-03-10,33.04606469447138,33.47548294067383,30.803548804399714,33.47548294067383,40078700,0.0,0.0,WFC
2020-03-11,32.49258965950996,32.702528265943684,30.545896145898684,30.85126304626465,44769500,0.0,0.0,WFC
2020-03-12,28.446524370679935,29.44849967020325,25.879563187765548,25.955904006958008,68447600,0.0,0.0,WFC
2020-03-13,28.77097216336531,30.307333136151417,26.499831517606765,29.47712516784668,78365700,0.0,0.0,WFC
2020-03-16,25.135238362656615,27.89305245172027,25.097067043724202,25.287919998168945,57466700,0.0,0.0,WFC
2020-03-17,26.366233285616843,29.21947556478361,24.705819196738943,28.274755477905273,58112800,0.0,0.0,WFC
2020-03-18,26.43303628347639,27.56860581454913,25.669626222301126,26.833826065063477,51904100,0.0,0.0,WFC
2020-03-19,26.394862448433905,27.778541801255447,25.08752573255959,26.996047973632812,53123500,0.0,0.0,WFC
2020-03-20,27.368209557160228,27.43500754518329,24.98255672714429,25.287919998168945,73915800,0.0,0.0,WFC
2020-03-23,25.058896702788033,25.64099655618504,23.961496801880916,24.0950927734375,47064100,0.0,0.0,WFC
2020-03-24,25.726878220560412,27.835796184754628,25.125694532188835,27.597230911254883,48630300,0.0,0.0,WFC
2020-03-25,27.673571725363125,28.914110419491138,26.499831016596197,27.644943237304688,53341100,0.0,0.0,WFC
2020-03-26,27.988481617790484,29.954259228945055,27.74991631186997,29.486671447753906,45494700,0.0,0.0,WFC
2020-03-27,28.646917161848044,29.858829132344237,27.749911265091722,28.8950252532959,38942800,0.0,0.0,WFC
2020-03-30,28.971370027513014,29.08588034993226,27.568604927061557,28.551494598388672,41232800,0.0,0.0,WFC
2020-03-31,28.064817333759056,28.389266236354647,26.87199102130718,27.387292861938477,36920300,0.0,0.0,WFC
2020-04-01,25.78413547969511,26.118127230282493,25.001641665244367,25.354717254638672,48497400,0.0,0.0,WFC
2020-04-02,25.259291190060473,26.27080928769463,25.173407543655525,25.974987030029297,33113500,0.0,0.0,WFC
2020-04-03,25.76505311126162,26.10858773517994,24.724908228939018,25.030271530151367,32735800,0.0,0.0,WFC
2020-04-06,26.156297671266508,27.51134856128949,26.146754841464602,27.32049560546875,36056100,0.0,0.0,WFC
2020-04-07,29.343528549170017,29.372157037140006,27.39683504981686,27.454092025756836,39229900,0.0,0.0,WFC
2020-04-08,27.998019356539576,29.085876371257587,27.368207209059833,28.8950252532959,42213700,0.0,0.0,WFC
2020-04-09,29.696609541950696,32.35899736116497,29.67752388099791,31.681472778320312,62462000,0.0,0.0,WFC
2020-04-13,31.700558150717498,31.719643811496557,29.97334407249731,29.992429733276367,36068900,0.0,0.0,WFC
2020-04-14,30.641322806041703,31.013484031990874,28.207956043774242,28.799598693847656,64267100,0.0,0.0,WFC
2020-04-15,27.454092957048566,27.77854188461331,26.92924824711329,27.13918685913086,41883900,0.0,0.0,WFC
2020-04-16,26.98650409995761,26.98650409995761,25.440600343648594,25.660079956054688,52962100,0.0,0.0,WFC
2020-04-17,26.862446752921304,27.463632201442195,26.528455039310632,27.081926345825195,46985000,0.0,0.0,WFC
2020-04-20,26.07995818671799,27.568605129881345,25.688711245374474,26.413949966430664,45441600,0.0,0.0,WFC
2020-04-21,25.66962278539176,26.003614528680938,25.28791871596495,25.612367630004883,41918700,0.0,0.0,WFC
2020-04-22,26.242179336609894,26.318520149148416,25.478771211224657,25.574195861816406,28043300,0.0,0.0,WFC
2020-04-23,25.7173371247334,25.965443406642276,25.21157809137759,25.316547393798828,38331500,0.0,0.0,WFC
2020-04-24,25.574199023363498,26.041788605588668,25.163868242810643,25.688711166381836,35135900,0.0,0.0,WFC
2020-04-27,26.118125126545266,27.272780096301826,25.917729364290672,27.11055564880371,39606100,0.0,0.0,WFC
2020-04-28,28.246128747013614,28.551492005882636,27.282324823640387,27.549518585205078,35188000,0.0,0.0,WFC
2020-04-29,28.723260798490323,29.066793572657236,28.293842555645824,28.62783432006836,38515200,0.0,0.0,WFC
2020-04-30,27.978935806101653,28.255672405136565,27.291868453493915,27.721284866333008,29506100,0.0,0.0,WFC
2020-05-01,27.196441422551622,27.22506991086709,26.032243532685,26.32806396484375,35197600,0.0,0.0,WFC
2020-05-04,25.726877925048825,26.194467457432925,25.38334517282902,26.099040985107422,34343900,0.0,0.0,WFC
2020-05-05,26.261267849716354,26.528459812594193,25.049355726321558,25.116153717041016,56753400,0.0,0.0,WFC
2020-05-06,25.249747718291164,25.431057836102568,24.238231466490735,24.438627243041992,57732900,0.0,0.0,WFC
2020-05-07,24.915717502174303,25.412279501122907,24.477574015722293,24.565202713012695,52387000,0.51,0.0,WFC
2020-05-08,24.964399193199885,25.10071153130437,24.565202621296717,24.759933471679688,53725300,0.0,0.0,WFC
2020-05-11,24.44836259286556,24.56519960306722,23.951800656781522,24.127058029174805,51444200,0.0,0.0,WFC
2020-05-12,24.302317651039214,24.604150668760088,23.36761398311822,23.40656089782715,53560500,0.0,0.0,WFC
2020-05-13,23.31893184200679,23.31893184200679,21.42031249193102,21.93634796142578,90209900,0.0,0.0,WFC
2020-05-14,21.54688530219358,23.942066559499132,21.43978500726017,23.4260311126709,87965500,0.0,0.0,WFC
2020-05-15,23.065778975405397,23.20208943996955,22.47185162479163,22.744474411010742,51616700,0.0,0.0,WFC
2020-05-18,23.903117562020885,24.915714911145525,23.698651861000045,24.74045753479004,55684400,0.0,0.0,WFC
2020-05-19,24.341261930485228,24.487309130649958,23.2897194893719,23.31892967224121,48234300,0.0,0.0,WFC
2020-05-20,23.844696910105476,24.088109498232836,23.71812318139914,23.8739070892334,45297100,0.0,0.0,WFC
2020-05-21,23.7473354836917,24.19521568660172,23.67918024472715,23.81549072265625,28376500,0.0,0.0,WFC
2020-05-22,23.796016703960838,23.844698481959167,23.28971804157872,23.533130645751953,30415300,0.0,0.0,WFC
2020-05-26,24.389945601544014,25.811476374129384,24.380210730257442,25.568063735961914,57720300,0.0,0.0,WFC
2020-05-27,27.06748243735178,27.515362621128492,26.132778873612224,27.213531494140625,61963000,0.0,0.0,WFC
2020-05-28,27.573781565380926,27.622465204110263,26.40540209224076,26.502765655517578,51490200,0.0,0.0,WFC
2020-05-29,25.801737877833556,26.35671835769392,25.40254132715888,25.77252769470215,51336900,0.0,0.0,WFC
2020-06-01,25.90883842682821,26.86301539848485,25.67516254746888,26.376190185546875,34201700,0.0,0.0,WFC
2020-06-02,26.853281685455723,27.252478256304435,26.444348386404478,26.678024291992188,39058000,0.0,0.0,WFC
2020-06-03,27.641938168394184,28.420859712734412,27.59325638435024,28.070344924926758,50814000,0.0,0.0,WFC
2020-06-04,28.703214489583097,29.452925773146816,27.88534797243919,29.423715591430664,61839200,0.0,0.0,WFC
2020-06-05,32.99701565541372,32.99701565541372,30.631044585581332,30.835512161254883,107651200,0.0,0.0,WFC
2020-06-08,32.03310799792914,32.549141655940765,31.419707046021223,32.442039489746094,69051300,0.0,0.0,WFC
2020-06-09,31.58522002113015,32.20835944404135,30.679726640791838,31.77021598815918,51480400,0.0,0.0,WFC
2020-06-10,31.448909404155966,31.47812144386799,28.86873603286425,28.927154541015625,82090000,0.0,0.0,WFC
2020-06-11,26.483293451567498,27.68088308056198,25.996468217951115,26.084096908569336,75621300,0.0,0.0,WFC
2020-06-12,27.262213799671105,27.486152967323722,26.629341350739786,27.233003616333008,51301200,0.0,0.0,WFC
2020-06-15,26.152253798493224,27.641937919056353,25.860157525591294,27.4666805267334,48311400,0.0,0.0,WFC
2020-06-16,28.654532564697824,28.868734991587328,27.038272993110315,27.768510818481445,52985600,0.0,0.0,WFC
2020-06-17,27.74904173973537,27.797723526266882,26.62934393569059,26.726709365844727,38660800,0.0,0.0,WFC
2020-06-18,26.385928375132355,27.194058199117457,26.220407719275602,26.82406997680664,33670200,0.0,0.0,WFC
2020-06-19,27.262214891983604,27.310896675740025,26.298301088296533,26.87275505065918,71903000,0.0,0.0,WFC
2020-06-22,26.55144916100316,26.901962072640757,26.18146093688063,26.62934112548828,32808300,0.0,0.0,WFC
2020-06-23,27.048013505436582,27.54457551902944,26.47355952052079,26.51250457763672,47279100,0.0,0.0,WFC
2020-06-24,26.249619879943474,26.317776983445853,25.305179445076167,25.43175506591797,57380900,0.0,0.0,WFC
2020-06-25,25.275966233628296,26.687760209565464,25.20781099537178,26.648815155029297,45102200,0.0,0.0,WFC
2020-06-26,25.41227876633691,25.704373177465104,24.58467545868573,24.672304153442383,81172300,0.0,0.0,WFC
2020-06-29,24.915717365809538,25.217548511996192,24.594412763200253,25.02281951904297,43769200,0.0,0.0,WFC
2020-06-30,24.545730106281905,25.188341194356386,24.5067850489662,24.92545509338379,46610000,0.0,0.0,WFC
2020-07-01,25.052027885381037,25.275967063314987,24.27310819817989,24.428892135620117,37509300,0.0,0.0,WFC
2020-07-02,25.071500715293368,25.480434005127425,24.43862825312163,24.672304153442383,37013300,0.0,0.0,WFC
2020-07-06,25.13965441364623,25.334385247193502,24.321787884093066,24.818349838256836,46983100,0.0,0.0,WFC
2020-07-07,24.53599373851546,24.555465337440346,23.698653700743012,23.81549072265625,36920500,0.0,0.0,WFC
2020-07-08,23.79601594659055,24.12705722629716,23.43576448676016,23.90311622619629,38413400,0.0,0.0,WFC
2020-07-09,23.85443927443318,24.12706210612236,23.085254422751806,23.40656089782715,38118900,0.0,0.0,WFC
2020-07-10,23.542867718428315,24.8572961716805,23.513657536945974,24.79887580871582,56483300,0.0,0.0,WFC
2020-07-13,25.13965406667049,25.35385835203423,24.28284249648804,24.74045753479004,51038800,0.0,0.0,WFC
2020-07-14,23.2897202626998,23.74733533363516,22.71526631349851,23.611024856567383,118952600,0.0,0.0,WFC
2020-07-15,24.321791536526902,24.876772081260633,24.185481046828414,24.682043075561523,61714300,0.0,0.0,WFC
2020-07-16,24.25363553824156,25.402543507412844,24.166006838417236,24.789142608642578,48676800,0.0,0.0,WFC
2020-07-17,24.81835188072904,24.964399089363287,24.204952861628787,24.29258155822754,39184100,0.0,0.0,WFC
2020-07-20,24.06864128367795,24.224425225416365,23.757073400201122,23.92259407043457,38682200,0.0,0.0,WFC
2020-07-21,24.097849602798302,25.58753551952402,24.05890269183458,25.5096435546875,58395200,0.0,0.0,WFC
2020-07-22,25.44148812414384,25.655692434269486,25.139656972801674,25.568063735961914,41030500,0.0,0.0,WFC
2020-07-23,25.470698924736354,25.81147699782339,25.02282055108963,25.65569305419922,50791000,0.0,0.0,WFC
2020-07-24,25.772529460618884,26.142517710604427,25.509645222787213,25.568063735961914,39357000,0.0,0.0,WFC
2020-07-27,25.334385247193502,25.334385247193502,24.584673952254626,24.818349838256836,34761000,0.0,0.0,WFC
2020-07-28,24.66256516237963,25.02281663633201,24.66256516237963,24.857295989990234,30505200,0.0,0.0,WFC
2020-07-29,24.779403449747186,25.1396530581676,24.34126002643505,25.1007080078125,31442100,0.0,0.0,WFC
2020-07-30,24.526256628240542,24.574938410430473,23.854437262891995,24.000484466552734,51019200,0.0,0.0,WFC
2020-07-31,23.854437773616272,24.010221708468528,23.445504480356355,23.62076187133789,45537900,0.0,0.0,WFC
2020-08-03,23.61102600197441,23.85443864117002,23.27024793568234,23.649972915649414,27863700,0.0,0.0,WFC
2020-08-04,23.562342214164506,23.649970905393744,23.39682155929716,23.58181381225586,28106900,0.0,0.0,WFC
2020-08-05,23.757070541381836,24.09784856933607,23.69865203453252,23.757070541381836,32935400,0.0,0.0,WFC
2020-08-06,23.659306620487804,23.95260305485807,23.581094113673515,23.69841194152832,44670300,0.1,0.0,WFC
2020-08-07,23.590870222358497,24.65651684632775,23.463775591719354,24.509868621826172,46272400,0.0,0.0,WFC
2020-08-10,24.656514571963314,24.91070567452786,23.67885734582266,24.148134231567383,50602600,0.0,0.0,WFC
2020-08-11,24.724953472749725,25.55596066783642,24.636964168490362,24.754281997680664,55000100,0.0,0.0,WFC
2020-08-12,25.399536020567787,25.555961038244266,24.167687607815544,24.627187728881836,42868500,0.0,0.0,WFC
2020-08-13,24.39254757160625,24.666290390649998,24.128579683471408,24.460983276367188,27387800,0.0,0.0,WFC
2020-08-14,24.23612243042576,24.92048133880445,24.08947236137817,24.734725952148438,26743400,0.0,0.0,WFC
2020-08-17,24.47076250861626,24.578303541920214,23.893944561434633,23.92327308654785,36661700,0.0,0.0,WFC
2020-08-18,23.87439095124291,23.90372134106858,23.47355161395851,23.50288200378418,29680700,0.0,0.0,WFC
2020-08-19,23.473554289455617,23.845063279258646,23.307352457633172,23.53221321105957,33667800,0.0,0.0,WFC
2020-08-20,23.209581648469378,23.405113833892848,23.072710237512823,23.219358444213867,36022100,0.0,0.0,WFC
2020-08-21,23.11181640625,23.37578430686551,22.99449858246523,23.11181640625,27198000,0.0,0.0,WFC
2020-08-24,23.26824316077416,23.962380818407503,23.082489615051614,23.942827224731445,36906700,0.0,0.0,WFC
2020-08-25,24.1872409580968,24.333889177602842,23.75707123144357,24.06014633178711,35077300,0.0,0.0,WFC
2020-08-26,23.962380255986634,24.030815967513245,23.50288200378418,23.50288200378418,28348200,0.0,0.0,WFC
2020-08-27,23.453997464143857,24.226347595291276,23.43444387139078,24.040592193603516,36706600,0.0,0.0,WFC
2020-08-28,24.197016073255163,24.21656966509274,23.805953560169385,24.138357162475586,25797300,0.0,0.0,WFC
2020-08-31,23.942827681651195,23.962381275700405,23.551765124333773,23.610424041748047,27615500,0.0,0.0,WFC
2020-09-01,23.483330545117735,23.79618060609536,23.209585809395584,23.512659072875977,30508800,0.0,0.0,WFC
2020-09-02,23.473554251650555,24.109031184748154,23.39534173472675,24.021041870117188,40334000,0.0,0.0,WFC
2020-09-03,24.245897435607006,24.793386801668063,23.75706884323805,23.97215461730957,42349300,0.0,0.0,WFC
2020-09-04,24.441433088919837,24.62718850252097,23.708190096252242,24.236125946044922,48745000,0.0,0.0,WFC
2020-09-08,23.737517596139032,24.001483624152126,23.20958181064658,23.4344425201416,49082900,0.0,0.0,WFC
2020-09-09,23.473551974120383,23.53221088993846,23.170478733538122,23.307350158691406,49427900,0.0,0.0,WFC
2020-09-10,23.49310470311233,24.11880475476878,23.326902893799428,23.414892196655273,54211700,0.0,0.0,WFC
2020-09-11,23.385562720420555,23.77662526797274,23.180253717497333,23.72774314880371,34861100,0.0,0.0,WFC
2020-09-14,23.835285220700197,24.41210320270487,23.688636992080944,24.255678176879883,49787100,0.0,0.0,WFC
2020-09-15,24.40232253162417,24.48053689685351,24.011260029142967,24.32411003112793,41954800,0.0,0.0,WFC
2020-09-16,24.314338191519635,25.41909013457825,24.19701849349276,25.135568618774414,51768200,0.0,0.0,WFC
2020-09-17,24.666292820640113,24.861825023276797,24.343665991602883,24.548974990844727,51531300,0.0,0.0,WFC
2020-09-18,24.382771783655436,24.832493213375166,24.343664599471193,24.568525314331055,115153200,0.0,0.0,WFC
2020-09-21,23.90372134106858,23.97215705259519,23.19003010651022,23.50288200378418,56188400,0.0,0.0,WFC
2020-09-22,23.44422029165882,23.81573108907431,23.004275650171905,23.121593475341797,39839500,0.0,0.0,WFC
2020-09-23,23.24869093935623,23.590869497772218,22.31991577148438,22.319915771484375,45697700,0.0,0.0,WFC
2020-09-24,22.44701202353455,23.19003183868501,22.055949453648367,22.798969268798828,43329100,0.0,0.0,WFC
2020-09-25,22.60343606196069,23.180252114246645,22.495893169546996,23.11181640625,30229900,0.0,0.0,WFC
2020-09-28,23.45399783204958,23.727742540686986,23.22913710606168,23.287796020507812,41103500,0.0,0.0,WFC
2020-09-29,23.190030219379437,23.190030219379437,22.554553354596575,22.74030876159668,38416300,0.0,0.0,WFC
2020-09-30,22.838075818292854,23.33668128020319,22.730532915312182,22.984724044799805,43071500,0.0,0.0,WFC
2020-10-01,23.043380464217858,23.278017974137533,22.6425411516801,23.03360366821289,38879800,0.0,0.0,WFC
2020-10-02,22.632764438243736,23.551762753998354,22.564328730692477,23.453996658325195,26238600,0.0,0.0,WFC
2020-10-05,23.678858267748407,24.050369072397036,23.678858267748407,23.90372085571289,22607500,0.0,0.0,WFC
2020-10-06,24.128581981941917,24.441432013355545,23.502881919114664,23.639753341674805,30991300,0.0,0.0,WFC
2020-10-07,23.874392409523143,24.372997878615323,23.845062017905935,24.255678176879883,34647300,0.0,0.0,WFC
2020-10-08,24.32410986122799,24.764056338904574,24.118802748134307,24.734725952148438,26483400,0.0,0.0,WFC
2020-10-09,24.822715247683757,24.94003492997521,24.451206339104818,24.734725952148438,28211300,0.0,0.0,WFC
2020-10-12,24.636966142370834,25.164900145491114,24.588082155680627,25.10624122619629,25855600,0.0,0.0,WFC
2020-10-13,24.852047841568996,24.930260348465044,24.148135279504544,24.187240600585938,29939600,0.0,0.0,WFC
2020-10-14,23.72774256267979,23.884167577836646,22.710978099426956,22.730531692504883,75388100,0.0,0.0,WFC
2020-10-15,22.544775909196435,22.574106298320853,22.24170268051039,22.43723487854004,60328600,0.0,0.0,WFC
2020-10-16,22.495893284256464,22.710977205447406,22.104830761757846,22.349245071411133,43141200,0.0,0.0,WFC
2020-10-19,22.378576520416807,22.398130115281038,22.007067541663613,22.03639793395996,37423600,0.0,0.0,WFC
2020-10-20,22.222151027556944,22.613213593019292,22.18304570337741,22.300363540649414,34751200,0.0,0.0,WFC
2020-10-21,22.310139334682248,22.437235828200876,22.095055399532747,22.192821502685547,29528300,0.0,0.0,WFC
2020-10-22,22.153713749839,22.798967403544346,22.10483163187746,22.730531692504883,32238300,0.0,0.0,WFC
2020-10-23,23.053159347552867,23.062936144443068,22.603437879003778,22.759862899780273,24558300,0.0,0.0,WFC
2020-10-26,22.45678755704478,22.50567154098784,22.095055399532747,22.192821502685547,34034100,0.0,0.0,WFC
2020-10-27,22.104831524504277,22.104831524504277,21.332481384277344,21.332481384277344,49636500,0.0,0.0,WFC
2020-10-28,20.755665417047624,21.000079758363967,20.335272451626167,20.706783294677734,54835900,0.0,0.0,WFC
2020-10-29,20.579685710884373,20.90231254986923,20.29616605952597,20.667675018310547,46184000,0.0,0.0,WFC
2020-10-30,20.628570364813996,20.98052574120629,20.374379231193593,20.97075080871582,34592400,0.0,0.0,WFC
2020-11-02,21.21516189464667,21.488904716040103,20.716556501023202,21.41069221496582,38401200,0.0,0.0,WFC
2020-11-03,21.8115328229739,21.99728822343039,21.498682799931316,21.59644889831543,38427000,0.0,0.0,WFC
2020-11-04,21.264043465059824,22.055945251288517,20.697002380580884,21.391138076782227,47203200,0.0,0.0,WFC
2020-11-05,21.499177293990495,22.167036934400315,21.469714110222125,21.93132209777832,38319700,0.1,0.0,WFC
2020-11-06,22.098286128413054,22.167036052196487,21.450069885176532,21.51881980895996,29502900,0.0,0.0,WFC
2020-11-09,23.600970274539897,24.425973107055558,22.884002233769078,23.78757667541504,102118900,0.0,0.0,WFC
2020-11-10,23.92507876723593,23.934900452691334,23.434005734235487,23.758113861083984,49029100,0.0,0.0,WFC
2020-11-11,23.79739872961064,24.101865358843284,23.58132726947663,23.758113861083984,38309200,0.0,0.0,WFC
2020-11-12,23.483110297640792,23.718825108704934,23.139358829020036,23.38489532470703,34505900,0.0,0.0,WFC
2020-11-13,23.483109862552013,23.74828972257154,23.30632328920566,23.6402530670166,30056100,0.0,0.0,WFC
2020-11-16,24.54382808824052,24.583114827058743,23.954540119030877,24.455434799194336,36954800,0.0,0.0,WFC
2020-11-17,24.0920427698127,24.700972258850094,24.08222108472566,24.592937469482422,29490400,0.0,0.0,WFC
2020-11-18,24.70097263955396,25.48669059897307,24.612579345703125,24.612579345703125,44318300,0.0,0.0,WFC
2020-11-19,24.740260628986395,25.75186990675872,24.524187289427253,25.692941665649414,44560000,0.0,0.0,WFC
2020-11-20,25.575082838071804,25.761689230021073,25.005436357506134,25.02507972717285,38469100,0.0,0.0,WFC
2020-11-23,25.48669090030602,25.96794224290886,25.40811929076464,25.830440521240234,40691400,0.0,0.0,WFC
2020-11-24,26.96972983066427,28.217055772858995,26.85187335284922,28.099199295043945,80523400,0.0,0.0,WFC
2020-11-25,27.824199205572803,28.1777724044265,27.500091064388595,28.079557418823242,38875500,0.0,0.0,WFC
2020-11-27,28.07955572220358,28.11884059009419,27.676875991526448,27.951875686645508,20281400,0.0,0.0,WFC
2020-11-30,27.922411975015972,28.050090134860046,26.79294441346031,26.8616943359375,48211000,0.0,0.0,WFC
2020-12-01,27.647412387760326,28.16795049603933,27.539377590415643,27.559019088745117,41924200,0.0,0.0,WFC
2020-12-02,27.49026747194081,28.472413513267576,27.352767625609435,28.354557037353516,35508000,0.0,0.0,WFC
2020-12-03,28.42330803844277,28.96348763234026,28.275986501315725,28.639379501342773,41264600,0.0,0.0,WFC
2020-12-04,28.973306703604468,29.434914644496104,28.816163495075624,29.02241325378418,47168800,0.0,0.0,WFC
2020-12-07,28.894737534959713,29.10098731105365,28.550986034841515,28.816165924072266,31713000,0.0,0.0,WFC
2020-12-08,28.511700713831516,28.776878725561406,27.892947648773585,28.423307418823242,32209500,0.0,0.0,WFC
2020-12-09,28.71794982381082,28.71794982381082,28.099198646329317,28.531341552734375,35276000,0.0,0.0,WFC
2020-12-10,28.20723469521807,29.032237550877895,28.03044997468666,28.96348762512207,31730200,0.0,0.0,WFC
2020-12-11,28.50187803755558,28.86527101702689,28.158126554840518,28.560806274414062,29779100,0.0,0.0,WFC
2020-12-14,29.01259701516973,29.248311856990345,28.000985846556443,28.128664016723633,28378000,0.0,0.0,WFC
2020-12-15,28.609911711015066,29.238486415084484,28.384018584117285,29.199199676513672,38866200,0.0,0.0,WFC
2020-12-16,29.110808578900343,29.375988464326344,28.953665359380107,29.120630264282227,35204800,0.0,0.0,WFC
2020-12-17,29.26794811043775,29.366163078585803,28.914376847717346,28.94384002685547,42870500,0.0,0.0,WFC
2020-12-18,28.943844094655983,29.091167504230416,28.285806150865746,28.49205780029297,53716400,0.0,0.0,WFC
2020-12-21,29.042056623173988,29.35634304023168,28.325090500099275,29.02241325378418,52731600,0.0,0.0,WFC
2020-12-22,29.12062865524083,29.189378575820335,28.43312757615096,28.442947387695312,25655900,0.0,0.0,WFC
2020-12-23,28.75723622678605,29.945632015391528,28.74741454176102,29.80813217163086,38383700,0.0,0.0,WFC
2020-12-24,29.749206023148396,29.83759744798893,29.130452936199625,29.307239532470703,14443700,0.0,0.0,WFC
2020-12-28,29.542951407166658,29.935809429876027,29.375986513353325,29.3956298828125,21658500,0.0,0.0,WFC
2020-12-29,29.61170307913428,29.63134644975577,29.218845033179093,29.248310089111328,19584400,0.0,0.0,WFC
2020-12-30,29.2679519212522,29.503668624816754,29.12063038649557,29.21884536743164,18519300,0.0,0.0,WFC
2020-12-31,29.218845485928977,29.700096833843002,29.140273875520464,29.64116859436035,21081200,0.0,0.0,WFC
2021-01-04,29.7786682784838,29.896526630087973,28.875093827168293,29.16973876953125,31421600,0.0,0.0,WFC
2021-01-05,29.552773822055656,30.39741999672055,29.287593947689484,29.98491859436035,37360000,0.0,0.0,WFC
2021-01-06,31.330459336639944,32.4108203909989,31.222424542510524,32.106353759765625,73507500,0.0,0.0,WFC
2021-01-07,32.98046472664925,33.58939420218834,32.72510466663662,32.8331413269043,50634100,0.0,0.0,WFC
2021-01-08,33.009926811092,33.04921354926384,32.086707197001566,32.5974235534668,32324700,0.0,0.0,WFC
2021-01-11,32.05724413115105,32.96082037938244,31.742957717833065,32.64653396606445,33739300,0.0,0.0,WFC
2021-01-12,33.392964074969036,33.90368044570638,33.05903428435576,33.33403396606445,59146400,0.0,0.0,WFC
2021-01-13,33.21617657221424,33.64831945240871,33.029570185750856,33.196533203125,35734800,0.0,0.0,WFC
2021-01-14,33.4617179760428,34.4733272797475,33.40278786012782,34.12957763671875,55856900,0.0,0.0,WFC
2021-01-15,32.48939314938265,32.90189269223561,31.25188702764407,31.467960357666016,91993100,0.0,0.0,WFC
2021-01-19,31.831351002302387,32.450104017588274,31.703670976096504,32.04742431640625,43806800,0.0,0.0,WFC
2021-01-20,32.19474718384051,32.24385748492997,31.72331751678336,31.880460739135742,29949800,0.0,0.0,WFC
2021-01-21,31.742959218705433,31.85099588087723,31.350101183482817,31.428672790527344,28240600,0.0,0.0,WFC
2021-01-22,30.78045644027853,31.487602774129773,30.593848171812798,31.33045768737793,24476100,0.0,0.0,WFC
2021-01-25,31.3108155102736,31.772423483228263,31.055459183648427,31.664390563964844,28515500,0.0,0.0,WFC
2021-01-26,31.909926790230188,31.94920978479387,30.800100705476947,30.81974220275879,28026500,0.0,0.0,WFC
2021-01-27,30.36795527013031,30.47599193269825,29.385809241825054,29.631345748901367,45074900,0.0,0.0,WFC
2021-01-28,29.98491852746062,30.495633031814133,29.768845205142924,30.259918212890625,28770200,0.0,0.0,WFC
2021-01-29,30.22063258311793,30.633133974139465,29.28759314264463,29.346521377563477,39500800,0.0,0.0,WFC
2021-02-01,29.601882773457948,29.68045438631092,29.150096467877123,29.454561233520508,23713400,0.0,0.0,WFC
2021-02-02,29.91616931595987,30.63313739288317,29.83759770286766,30.200992584228516,25302900,0.0,0.0,WFC
2021-02-03,30.17152487114864,31.202779309670202,30.06349008346542,31.134029388427734,28507800,0.0,0.0,WFC
2021-02-04,31.400044663172714,32.365591217768205,31.331075307137578,32.17839431762695,30825400,0.1,0.0,WFC
2021-02-05,32.513386411828655,32.70058334418944,32.03061023260333,32.07987594604492,24908100,0.0,0.0,WFC
2021-02-08,32.29662950378138,33.07498117634304,30.31627033626427,32.90748977661133,29223800,0.0,0.0,WFC
2021-02-09,32.720288369256735,32.917339944621276,32.424712885433024,32.76955032348633,23539800,0.0,0.0,WFC
2021-02-10,32.98630388070154,33.193206321256994,32.602055417256906,32.71043395996094,22687000,0.0,0.0,WFC
2021-02-11,32.710436000236776,32.84837096921061,31.892673314968995,32.23751449584961,22393200,0.0,0.0,WFC
2021-02-12,32.16854734937433,33.12424125521189,32.16854734937433,33.03556823730469,34473100,0.0,0.0,WFC
2021-02-16,33.5676086067902,34.414927777569865,33.49864111693105,34.27699279785156,36468200,0.0,0.0,WFC
2021-02-17,33.83362754167815,36.89776853869258,33.52819740321769,36.05044937133789,80157700,0.0,0.0,WFC
2021-02-18,35.90266066580531,36.8090964582144,35.64649623486475,36.41499328613281,43334700,0.0,0.0,WFC
2021-02-19,36.58248478822287,37.29186516514367,36.4839571258408,37.27216339111328,39023000,0.0,0.0,WFC
2021-02-22,37.1145215200154,37.36083505415443,36.5529269628541,36.710567474365234,34690000,0.0,0.0,WFC
2021-02-23,37.035699820675674,37.213045850020166,36.06029665928098,36.59233474731445,36792500,0.0,0.0,WFC
2021-02-24,36.69086390279956,37.7746418965745,36.59233623889979,37.725379943847656,42764300,0.0,0.0,WFC
2021-02-25,38.10962509230697,38.10962509230697,36.74997351738654,37.006141662597656,37233100,0.0,0.0,WFC
2021-02-26,36.5529252459931,36.85835536702035,35.40017976442014,35.63663864135742,39468000,0.0,0.0,WFC
2021-03-01,36.56278109499111,36.868207467624565,36.19823812195463,36.54307556152344,28066100,0.0,0.0,WFC
2021-03-02,36.602189392525766,36.89776485528461,36.44454889515799,36.59233474731445,19701200,0.0,0.0,WFC
2021-03-03,36.799241189613625,38.08992548583556,36.799241189613625,37.13422775268555,35365100,0.0,0.0,WFC
2021-03-04,37.065257448296876,37.4396550511735,35.82383896084265,36.61204147338867,42932500,0.0,0.0,WFC
2021-03-05,37.311573675648035,37.55788721359372,35.80413602612324,36.8780632019043,34558300,0.0,0.0,WFC
2021-03-08,37.567742822502986,38.30668345527517,37.213050717420906,38.09977722167969,38255200,0.0,0.0,WFC
2021-03-09,37.60714870320647,38.227859863498445,36.92732469994611,37.56774139404297,35854100,0.0,0.0,WFC
2021-03-10,38.109630546847995,39.11459022358792,37.71552738632189,38.996360778808594,38437200,0.0,0.0,WFC
2021-03-11,38.641669149602,39.00621213447193,38.04066351389036,38.30668258666992,30598700,0.0,0.0,WFC
2021-03-12,38.91753697498047,39.429869558322864,38.83871484287574,39.38060760498047,28754000,0.0,0.0,WFC
2021-03-15,39.47912881644678,39.63676931144809,38.59239868303573,39.114585876464844,25892200,0.0,0.0,WFC
2021-03-16,38.789450404810786,38.90768359539426,38.1490375354901,38.769744873046875,24668300,0.0,0.0,WFC
2021-03-17,39.09488101718,39.84367244170328,38.63181041082919,39.25252151489258,33537000,0.0,0.0,WFC
2021-03-18,39.55795762865958,40.92746036514476,39.55795762865958,40.20822525024414,57420600,0.0,0.0,WFC
2021-03-19,39.3510424772813,39.47912654662008,38.641662169783686,39.045616149902344,60291800,0.0,0.0,WFC
2021-03-22,38.7007816040842,38.730341784170946,38.050514018870125,38.395355224609375,32206000,0.0,0.0,WFC
2021-03-23,37.93228134548277,38.47417032730047,37.48891626637884,37.676116943359375,32494400,0.0,0.0,WFC
2021-03-24,37.79434684758207,38.44461438552662,37.54803332929329,37.557884216308594,24201700,0.0,0.0,WFC
2021-03-25,37.410099678192466,38.779602286768146,37.2228989922933,38.72048568725586,28773000,0.0,0.0,WFC
2021-03-26,39.31164097417556,39.63677288006832,38.592402157628065,39.173702239990234,29156100,0.0,0.0,WFC
2021-03-29,38.01110385762954,38.76974618475519,37.341130788772645,37.873165130615234,38426900,0.0,0.0,WFC
2021-03-30,37.971697577516984,39.48898993985173,37.902730084542355,38.80916213989258,36134200,0.0,0.0,WFC
2021-03-31,38.69092898270364,39.04562106028136,38.34608779241591,38.49387741088867,25832800,0.0,0.0,WFC
2021-04-01,38.385494031106106,39.06532168045028,38.34608297001022,39.045616149902344,22706900,0.0,0.0,WFC
2021-04-05,39.43971996012289,39.73529919343103,38.740190459311926,38.897830963134766,21293400,0.0,0.0,WFC
2021-04-06,38.8387153088986,39.311640590309345,38.681074801243746,39.26237487792969,20969600,0.0,0.0,WFC
2021-04-07,39.25252090771785,39.49883441648655,39.04561846237915,39.40031051635742,19393200,0.0,0.0,WFC
2021-04-08,39.282079649211596,39.60721530406884,38.75004529522553,39.439720153808594,20845000,0.0,0.0,WFC
2021-04-09,39.745153367418055,40.188518495599304,39.65648034178181,39.902793884277344,28363600,0.0,0.0,WFC
2021-04-12,39.86337787551269,40.28703741678011,39.80426503804482,40.16880798339844,21093000,0.0,0.0,WFC
2021-04-13,39.90279185213662,39.912642739618356,39.11458930798119,39.20326232910156,29333200,0.0,0.0,WFC
2021-04-14,39.11458642189167,41.55801600770693,38.48402443309366,41.370819091796875,64926900,0.0,0.0,WFC
2021-04-15,41.47919916766134,41.6368396849569,40.424977503538656,41.61713790893555,44146300,0.0,0.0,WFC
2021-04-16,42.040789447167484,43.47926324867161,41.9521201887978,43.193538665771484,57060200,0.0,0.0,WFC
2021-04-19,42.96693305278377,43.74528471465108,42.740325054729915,43.23295211791992,39124200,0.0,0.0,WFC
2021-04-20,42.76003126052739,42.76003126052739,41.72551140480709,41.91271209716797,29734000,0.0,0.0,WFC
2021-04-21,41.61713243157299,42.720615907408884,41.1540618286432,42.602386474609375,27258000,0.0,0.0,WFC
2021-04-22,42.62209053527578,42.87825870494175,42.050645114040954,42.070350646972656,24638300,0.0,0.0,WFC
2021-04-23,42.08019795972163,43.528522560381916,42.00137959313616,43.21324157714844,28024200,0.0,0.0,WFC
2021-04-26,43.47926578112389,44.02115480058392,43.34133080436457,43.48911666870117,24606600,0.0,0.0,WFC
2021-04-27,43.73542744972751,44.5531901297085,43.54823052996552,44.425106048583984,29130200,0.0,0.0,WFC
2021-04-28,44.4842201657431,44.996548944787655,44.267463080300246,44.415252685546875,20795100,0.0,0.0,WFC
2021-04-29,44.947294760485164,45.70594093214527,44.84877084559796,45.55815505981445,26880700,0.0,0.0,WFC
2021-04-30,45.124633107225634,45.34139019309338,44.19849568674254,44.38569259643555,34176500,0.0,0.0,WFC
2021-05-03,44.77980026871232,44.97685184335875,44.40540265272872,44.809356689453125,16522700,0.0,0.0,WFC
2021-05-04,44.59259977039835,45.16404896344913,44.0112996898743,45.06552505493164,26137600,0.0,0.0,WFC
2021-05-05,45.25272235463365,45.51874141994218,44.79950635823225,45.2625732421875,19620200,0.0,0.0,WFC
2021-05-06,45.529171392374245,46.10186340591644,45.12433614890035,46.04262161254883,34271500,0.1,0.0,WFC
2021-05-07,45.35143775775643,46.03274473716448,44.97622341693338,45.95375442504883,25140400,0.0,0.0,WFC
2021-05-10,46.249975145569984,46.753549219403325,46.003124296963534,46.012996673583984,28193100,0.0,0.0,WFC
2021-05-11,45.440309038637125,46.28947664226758,44.93673114967237,45.14408874511719,31478500,0.0,0.0,WFC
2021-05-12,46.24010653998638,46.56594772806493,44.90710958881414,45.065093994140625,33392900,0.0,0.0,WFC
2021-05-13,44.91698051831109,46.20060413339899,44.73924761212178,45.81551742553711,23553400,0.0,0.0,WFC
2021-05-14,46.01299579104811,46.516573621867785,45.88463606421914,46.36846160888672,17078500,0.0,0.0,WFC
2021-05-17,46.328964606588514,47.37561354142667,46.21047725609673,47.29662322998047,25212800,0.0,0.0,WFC
2021-05-18,47.296626281122045,47.52372862031724,46.24010490168797,46.26972579956055,24126000,0.0,0.0,WFC
2021-05-19,45.36131470387553,45.73652908249683,44.79849501926626,45.588417053222656,28911100,0.0,0.0,WFC
2021-05-20,45.489678519173644,45.59829350582335,44.69975647987402,45.153961181640625,26107000,0.0,0.0,WFC
2021-05-21,45.39093707742335,45.71677825206766,45.20332801426449,45.30207061767578,27312700,0.0,0.0,WFC
2021-05-24,45.42055707612705,45.924131160299396,45.183578599275585,45.657535552978516,25707400,0.0,0.0,WFC
2021-05-25,45.80564640483546,46.42771164606058,45.46005669673556,45.50942611694336,29415300,0.0,0.0,WFC
2021-05-26,45.52916954704934,46.01299508428533,45.02559172396465,45.81551742553711,26170600,0.0,0.0,WFC
2021-05-27,46.39808462911332,46.78317132925921,45.72665005621721,46.17097854614258,42572900,0.0,0.0,WFC
2021-05-28,46.25984853214212,46.28947319594029,45.69702888636346,46.13148880004883,15760100,0.0,0.0,WFC
2021-06-01,46.56594545962725,46.812796316340005,46.20060724635303,46.6646842956543,17878600,0.0,0.0,WFC
2021-06-02,46.783175642209244,46.862165958078954,45.9932536502863,46.22035598754883,18492600,0.0,0.0,WFC
2021-06-03,46.10186199721382,46.40795839795849,45.76614470069045,45.874759674072266,20206400,0.0,0.0,WFC
2021-06-04,46.467204206422416,46.506697478791736,45.92412933658846,46.36846160888672,18190300,0.0,0.0,WFC
2021-06-07,46.50670253016765,46.58569661677624,46.19073371702403,46.516578674316406,16644300,0.0,0.0,WFC
2021-06-08,46.151236421041745,46.417832023514435,45.71677651582247,46.02287292480469,21271700,0.0,0.0,WFC
2021-06-09,45.6575367447313,45.75627558212038,45.05522004338039,45.3415641784668,22617500,0.0,0.0,WFC
2021-06-10,45.884640079384205,46.06237300385614,44.44302816237346,44.52202224731445,21640000,0.0,0.0,WFC
2021-06-11,44.61088585557087,45.114459931595036,44.61088585557087,45.10458755493164,19389300,0.0,0.0,WFC
2021-06-14,45.03546915054868,45.30206851743161,44.27516808943328,44.58126449584961,25452300,0.0,0.0,WFC
2021-06-15,44.63063638125961,45.14408662366686,44.43315493931141,44.887359619140625,23865400,0.0,0.0,WFC
2021-06-16,44.38378640216495,45.3810622421786,43.76172116599667,44.995975494384766,38287700,0.0,0.0,WFC
2021-06-17,45.21320606356227,45.381062846468474,42.12263212946401,42.25099563598633,48910400,0.0,0.0,WFC
2021-06-18,41.15497264180689,41.77703781773665,40.947618838711946,41.224090576171875,61292200,0.0,0.0,WFC
2021-06-21,41.767162634883796,42.76444216789519,41.698044698929934,42.73481750488281,26444700,0.0,0.0,WFC
2021-06-22,42.8631831291502,43.31738780701934,42.320111991120136,42.991546630859375,26455200,0.0,0.0,WFC
2021-06-23,42.95204914156294,43.75184727467395,42.95204914156294,43.406253814697266,18778500,0.0,0.0,WFC
2021-06-24,43.70247253943249,44.84786032523839,43.653103123086,44.61088562011719,27951000,0.0,0.0,WFC
2021-06-25,44.995974410960194,46.06237193300025,44.65038471399084,45.795772552490234,49074700,0.0,0.0,WFC
2021-06-28,45.42055724403415,45.48967518198694,44.52202028400276,45.21320343017578,27127500,0.0,0.0,WFC
2021-06-29,45.46005382088824,45.7957711303669,44.03819050232213,44.225799560546875,39534000,0.0,0.0,WFC
2021-06-30,44.057935491486184,44.81823650691997,43.89007873352218,44.71949768066406,18168100,0.0,0.0,WFC
2021-07-01,44.9071077462079,45.06509214505205,44.40353365196879,44.837989807128906,18658000,0.0,0.0,WFC
2021-07-02,44.729372068793715,44.83798704254815,44.27516742095238,44.50226974487305,13218500,0.0,0.0,WFC
2021-07-06,44.16655103900186,44.25541749045437,42.75456395850352,42.94217300415039,25486900,0.0,0.0,WFC
2021-07-07,42.734818509801826,43.416129275432475,42.576834114385825,42.853309631347656,21884000,0.0,0.0,WFC
2021-07-08,42.043638000525085,42.408976198829215,41.441321332163284,41.78691101074219,29148700,0.0,0.0,WFC
2021-07-09,42.636079958396316,43.55436543992872,42.310235021948316,43.35688400268555,25055900,0.0,0.0,WFC
2021-07-12,42.734820773307575,43.692603339985155,42.41885196573987,43.603736877441406,17618900,0.0,0.0,WFC
2021-07-13,43.23839880613196,43.574116136216055,42.46822153908885,42.68545150756836,25387800,0.0,0.0,WFC
2021-07-14,43.050788347825865,44.561518167799655,41.97451845079796,44.383785247802734,49618000,0.0,0.0,WFC
2021-07-15,44.02831979771306,44.81824180100294,43.811089834316384,44.43315505981445,33388100,0.0,0.0,WFC
2021-07-16,44.837992183928975,44.95647954768164,43.554368404446485,43.722225189208984,27838200,0.0,0.0,WFC
2021-07-19,42.171999813930306,42.754567991371474,41.75729217913075,42.50771713256836,43362200,0.0,0.0,WFC
2021-07-20,42.458346934464544,44.581265787845815,42.329983435583436,44.275169372558594,34556200,0.0,0.0,WFC
2021-07-21,44.71950178000093,45.568669323564244,44.640507698439166,45.22307586669922,29654600,0.0,0.0,WFC
2021-07-22,45.262574335220236,45.3711893174712,44.23567384239605,44.46277618408203,23309500,0.0,0.0,WFC
2021-07-23,44.53189441840854,44.936729685243336,43.860459766100306,44.0283203125,23946500,0.0,0.0,WFC
2021-07-26,43.90983249755798,44.67013360381711,43.90983249755798,44.44302749633789,22976700,0.0,0.0,WFC
2021-07-27,44.02831713561828,44.808366714609996,43.712348353406824,44.571388244628906,22124500,0.0,0.0,WFC
2021-07-28,44.808373498212084,45.46005968101351,44.413410577331284,44.93673324584961,23252800,0.0,0.0,WFC
2021-07-29,45.31194415133226,46.12161468674669,45.104590328843386,45.91426086425781,24487400,0.0,0.0,WFC
2021-07-30,45.67728166699305,46.25984984968106,45.15395904694365,45.36131286621094,25794000,0.0,0.0,WFC
2021-08-02,45.460054284762926,46.22035536888873,44.99597347281266,45.21320343017578,23960700,0.0,0.0,WFC
2021-08-03,45.40080949544235,46.3487158891757,44.54176956153683,46.24010467529297,24050300,0.0,0.0,WFC
2021-08-04,45.68715571868482,46.378338851237544,45.46005338893729,45.568668365478516,22178000,0.0,0.0,WFC
2021-08-05,45.66783516059621,46.60995196761331,45.62816620843898,46.60003662109375,28092600,0.2,0.0,WFC
2021-08-06,47.105803994958684,48.58344035323272,47.05621969472981,48.365264892578125,33583900,0.0,0.0,WFC
2021-08-09,48.256176943464666,48.93053401603086,47.889248583787044,48.24626159667969,29795200,0.0,0.0,WFC
2021-08-10,48.32559567298389,49.277627851076765,48.28592671980345,49.2181282043457,28708100,0.0,0.0,WFC
2021-08-11,49.21812731097214,50.30899702235624,48.761941923756694,50.23957824707031,29203900,0.0,0.0,WFC
2021-08-12,50.33875063192509,50.824685878520654,50.14041342078222,50.72551727294922,21729900,0.0,0.0,WFC
2021-08-13,50.78501349847914,50.983354479287044,49.763562554421824,49.95198440551758,15843300,0.0,0.0,WFC
2021-08-16,49.51563928142223,49.56522358287435,48.533853467295515,48.99995422363281,22615500,0.0,0.0,WFC
2021-08-17,48.474354411274476,48.960285867700435,47.63140614412616,48.305763244628906,16887000,0.0,0.0,WFC
2021-08-18,47.958666054515625,48.57351968051109,47.502484454036384,47.571903228759766,16319300,0.0,0.0,WFC
2021-08-19,46.957048241093396,47.552071204741615,46.44136696885384,46.857879638671875,20259400,0.0,0.0,WFC
2021-08-20,46.73887591336426,47.056219976376006,46.45128167405998,47.026466369628906,15357400,0.0,0.0,WFC
2021-08-23,47.35373089967243,47.591740845171614,47.056221305078246,47.21489334106445,15551900,0.0,0.0,WFC
2021-08-24,47.353729454195395,47.96858310199354,47.3140605006498,47.95866775512695,15109100,0.0,0.0,WFC
2021-08-25,48.21650542263848,49.20820650206854,48.06775253054761,48.88094711303711,21357400,0.0,0.0,WFC
2021-08-26,49.11895661800671,49.45613515942959,48.484268488984746,48.642940521240234,21627600,0.0,0.0,WFC
2021-08-27,48.81153311743959,49.43630213484003,48.71236072996667,49.396636962890625,16873300,0.0,0.0,WFC
2021-08-30,49.34705011345733,49.39663819995553,47.94875157090889,48.00825500488281,16054100,0.0,0.0,WFC
2021-08-31,48.008252784137994,48.58344127015954,44.83480833008179,45.320743560791016,73514300,0.0,0.0,WFC
2021-09-01,45.32074011955081,45.58849986515656,42.910906192138484,43.089412689208984,84960500,0.0,0.0,WFC
2021-09-02,43.317505618997714,44.50754773045054,43.17866806621881,44.20011901855469,37629000,0.0,0.0,WFC
2021-09-03,44.120787957708735,44.130703305149886,43.45634618795609,43.80344009399414,21687500,0.0,0.0,WFC
2021-09-07,43.95219516274859,44.586883300644786,43.88277638410617,43.94227981567383,19733500,0.0,0.0,WFC
2021-09-08,43.753854196404106,44.17037065151257,43.26792274565723,43.45634460449219,21252400,0.0,0.0,WFC
2021-09-09,43.48609354996743,44.34887626702779,43.39684029589359,43.99186325073242,19776900,0.0,0.0,WFC
2021-09-10,44.6265503607139,44.874475640495646,43.82327109232681,43.96211242675781,23367400,0.0,0.0,WFC
2021-09-13,44.19020679618755,45.429833295129804,44.19020679618755,45.380245208740234,28027200,0.0,0.0,WFC
2021-09-14,45.63808922516089,46.550452504249634,45.380244797216804,45.66783905029297,36053200,0.0,0.0,WFC
2021-09-15,45.489330790461594,46.50086641963252,45.469496313453575,46.2529411315918,31535600,0.0,0.0,WFC
2021-09-16,46.510784858187805,46.8777132197819,45.62816766813122,45.89592742919922,24102400,0.0,0.0,WFC
2021-09-17,45.36041300332462,46.302526084716355,45.36041300332462,46.084354400634766,34912100,0.0,0.0,WFC
2021-09-20,44.65630296493432,45.489332108204074,44.467881102459415,45.429832458496094,30603100,0.0,0.0,WFC
2021-09-21,45.598416068059585,45.975263544848026,45.35049079336393,45.4694938659668,23049100,0.0,0.0,WFC
2021-09-22,46.10418906598979,47.29422744376842,46.084354588621515,46.689292907714844,29430700,0.0,0.0,WFC
2021-09-23,47.06613415166876,47.770241037509074,46.76862457288098,47.40331268310547,21852800,0.0,0.0,WFC
2021-09-24,47.38348223067915,48.16692708834896,47.33389792717698,47.52231979370117,20384700,0.0,0.0,WFC
2021-09-27,47.97850457826115,48.5338548229,45.77692672832913,47.16530990600586,48927500,0.0,0.0,WFC
2021-09-28,46.61986810159306,46.639702578006705,44.69596928594438,45.53891372680664,49349100,0.0,0.0,WFC
2021-09-29,46.06452093613802,46.75871252429972,45.548835864447604,46.639705657958984,21730200,0.0,0.0,WFC
2021-09-30,46.74879030335549,46.75870943308137,45.737254704570745,46.02484893798828,22947500,0.0,0.0,WFC
2021-10-01,46.163686704810054,46.91738167982516,46.10418705833594,46.62978744506836,18021700,0.0,0.0,WFC
2021-10-04,46.62978744506836,47.29422538429314,46.28268978079786,46.62978744506836,22315200,0.0,0.0,WFC
2021-10-05,47.1058034065979,48.04792023133778,46.95704672472966,47.56198501586914,20250500,0.0,0.0,WFC
2021-10-06,47.18514208826523,47.69090800546228,46.669457041159426,47.47273254394531,17425700,0.0,0.0,WFC
2021-10-07,47.859494204351385,48.18675738856373,47.14547197313821,47.363643646240234,19272300,0.0,0.0,WFC
2021-10-08,47.472731847090465,47.938832586929486,47.26447551853925,47.601654052734375,14295400,0.0,0.0,WFC
2021-10-11,47.799997513147,48.0578381547651,46.828130813140646,46.887630462646484,15387900,0.0,0.0,WFC
2021-10-12,46.89754746399803,47.13555361729658,46.13393713800594,46.26285934448242,18995700,0.0,0.0,WFC
2021-10-13,46.18352412314132,46.18352412314132,44.844729029640284,45.66783905029297,24150300,0.0,0.0,WFC
2021-10-14,46.292608507315016,46.500864834239444,44.45796295157961,44.93397903442383,53257700,0.0,0.0,WFC
2021-10-15,45.34057919160127,48.335517211242035,45.33066006129212,47.9785041809082,60096600,0.0,0.0,WFC
2021-10-18,47.79007577710289,49.297461938709795,47.74049147753836,49.0197868347168,33842700,0.0,0.0,WFC
2021-10-19,49.228045815805444,49.93215274347169,48.87103278683671,49.922237396240234,26500300,0.0,0.0,WFC
2021-10-20,49.77347846108736,49.971819444126766,49.29746237161654,49.74372863769531,24227900,0.0,0.0,WFC
2021-10-21,49.535475484410036,50.1800789918248,49.3470498360717,49.912322998046875,20448300,0.0,0.0,WFC
2021-10-22,50.120575172728664,50.695759851246244,50.07099087367294,50.23957824707031,21517200,0.0,0.0,WFC
2021-10-25,50.46767279934759,50.695763618384696,50.100744419421794,50.199913024902344,19330300,0.0,0.0,WFC
2021-10-26,50.30899601922981,50.67592436457332,49.94206767388629,50.2098274230957,18196300,0.0,0.0,WFC
2021-10-27,49.84289989561653,50.56684508977139,49.53547494939934,49.6346435546875,21988300,0.0,0.0,WFC
2021-10-28,49.96190634156696,50.97344199576917,49.932152733798816,50.933773040771484,26785500,0.0,0.0,WFC
2021-10-29,50.82468110629501,51.21144392796392,50.59659030846564,50.73542785644531,19788500,0.0,0.0,WFC
2021-11-01,51.13211181534528,51.56845895227799,50.84451757864346,51.28086471557617,18699000,0.0,0.0,WFC
2021-11-02,51.11227751557347,51.29078402289991,50.794933454335265,50.874267578125,21672500,0.0,0.0,WFC
2021-11-03,50.61642638400371,52.133727896361954,50.59659190751699,51.568458557128906,24225700,0.0,0.0,WFC
2021-11-04,51.319577300429664,51.46890833857623,49.68690849935599,50.393733978271484,32005700,0.2,0.0,WFC
2021-11-05,50.772036816216065,51.37931080536673,50.17472025508371,50.21453857421875,23443200,0.0,0.0,WFC
2021-11-08,50.324046936560826,51.140381333259405,50.324046936560826,50.642616271972656,19509500,0.0,0.0,WFC
2021-11-09,50.2742699698525,50.334003142909815,48.9900352314648,49.666996002197266,28324800,0.0,0.0,WFC
2021-11-10,49.5176715075565,50.543066350445834,49.45793833119207,50.1348991394043,19827800,0.0,0.0,WFC
2021-11-11,50.1946266189064,50.68243804664316,49.995523633850745,50.363868713378906,16069700,0.0,0.0,WFC
2021-11-12,50.45346865267804,50.77203799905651,50.1448529369037,50.732215881347656,17124700,0.0,0.0,WFC
2021-11-15,50.96118587966071,51.46890837156764,50.752125464238354,50.851680755615234,20110200,0.0,0.0,WFC
2021-11-16,50.88154565320094,50.95123245862796,49.94574489864478,50.14485168457031,19244900,0.0,0.0,WFC
2021-11-17,50.19462733291304,50.463420923736905,49.30860612481553,49.61722183227539,17802700,0.0,0.0,WFC
2021-11-18,49.40816257960583,49.9557034044801,49.049771116736515,49.67695617675781,19198200,0.0,0.0,WFC
2021-11-19,48.78097566235632,49.01990456105455,47.55647407593714,48.60177993774414,30548400,0.0,0.0,WFC
2021-11-22,50.40369106606816,50.88154506820782,49.507712438527534,50.114986419677734,28549400,0.0,0.0,WFC
2021-11-23,50.48333172228975,51.508730333336985,50.473378092005,51.170249938964844,28024400,0.0,0.0,WFC
2021-11-24,51.27975713921296,51.508732419140856,50.95123415946834,51.08065414428711,18901900,0.0,0.0,WFC
2021-11-26,48.88052722019164,48.88052722019164,47.476829907283985,48.213523864746094,29919300,0.0,0.0,WFC
2021-11-29,49.447980544475435,49.54753583769437,48.09406273551308,48.94026184082031,27677000,0.0,0.0,WFC
2021-11-30,47.89495590907868,48.29316568870307,47.1084861826748,47.566429138183594,40671700,0.0,0.0,WFC
2021-12-01,48.47236183340512,49.22896687716283,46.969112971758165,46.99897766113281,29365100,0.0,0.0,WFC
2021-12-02,47.51665366479897,49.17919099220985,47.29763581627097,48.69137954711914,29184900,0.0,0.0,WFC
2021-12-03,49.03981270386955,49.03981270386955,47.15826135923073,47.536563873291016,29221900,0.0,0.0,WFC
2021-12-06,48.76106569313193,49.67695539467273,48.49227210021168,48.591827392578125,31650100,0.0,0.0,WFC
2021-12-07,49.23892088582859,50.294184224374256,49.11945832976654,50.025390625,28370200,0.0,0.0,WFC
2021-12-08,49.95570279911473,50.08512278083726,49.099546269889906,49.189144134521484,19990300,0.0,0.0,WFC
2021-12-09,48.80088831674248,49.80637209538314,48.5221410905146,49.467891693115234,16927200,0.0,0.0,WFC
2021-12-10,50.065210502830055,50.37382240865262,49.35838503108971,49.97561264038086,20040900,0.0,0.0,WFC
2021-12-13,49.67695564206184,49.736685020133066,48.21352511697911,48.34294509887695,19598900,0.0,0.0,WFC
2021-12-14,48.39271960979404,49.26878717636287,48.38276218193923,48.67146682739258,17602900,0.0,0.0,WFC
2021-12-15,48.800889047925075,49.049771588685005,47.914867810443106,48.72124481201172,20284300,0.0,0.0,WFC
2021-12-16,49.49775929411967,50.59284091839913,49.08959209259957,50.075164794921875,32781100,0.0,0.0,WFC
2021-12-17,49.47784977946232,49.507714469056545,47.65602776129079,47.73567199707031,74833400,0.0,0.0,WFC
2021-12-20,46.84965107452423,46.95915620298443,46.043270271269364,46.640586853027344,29134900,0.0,0.0,WFC
2021-12-21,47.37728036778213,47.92482119511425,47.12839782829969,47.59629821777344,21249400,0.0,0.0,WFC
2021-12-22,47.52661057735735,48.104016084058294,47.407144226194866,47.815311431884766,15688000,0.0,0.0,WFC
2021-12-23,48.18365909113773,48.71128883690758,48.00446336660344,48.143836975097656,16025600,0.0,0.0,WFC
2021-12-27,48.332987920041916,48.60178151568704,47.86509133293771,48.552005767822266,11900400,0.0,0.0,WFC
2021-12-28,48.34294491435794,48.97012616758857,48.14383812703957,48.20356750488281,14320500,0.0,0.0,WFC
2021-12-29,48.38276382856281,48.641603794552914,48.153792349507654,48.233436584472656,14390700,0.0,0.0,WFC
2021-12-30,48.27325826702019,48.6913791038808,47.825268943493754,47.8849983215332,13701300,0.0,0.0,WFC
2021-12-31,47.815309192429005,48.14383594626996,47.626159841749796,47.765533447265625,12649300,0.0,0.0,WFC
2022-01-03,48.71128903759612,50.582886725084045,48.701331609722075,50.50324249267578,38978100,0.0,0.0,WFC
2022-01-04,51.34944515042581,52.91242712703799,51.289711976378065,52.51421356201172,43855100,0.0,0.0,WFC
2022-01-05,52.68345183720385,52.902469677643616,51.76756595472117,52.056270599365234,35072600,0.0,0.0,WFC
2022-01-06,52.912427672872724,53.43009999604267,52.42461624056568,53.390281677246094,29720800,0.0,0.0,WFC
2022-01-07,53.619252382307295,54.943305455068135,53.55951920849895,54.525184631347656,35149300,0.0,0.0,WFC
2022-01-10,55.25192351032104,55.809421763343565,54.23648229819761,55.10259246826172,34733500,0.0,0.0,WFC
2022-01-11,55.31165646463526,55.879108345948936,54.98312969248202,55.80942153930664,25073700,0.0,0.0,WFC
2022-01-12,56.157853257804405,56.456511530767905,55.51075716834517,56.14789962768555,34159400,0.0,0.0,WFC
2022-01-13,56.3470037528532,56.92441305024113,55.51075829302499,55.74968719482422,34037300,0.0,0.0,WFC
2022-01-14,56.595885562620076,58.60685685219847,56.13794262079967,57.800479888916016,56739600,0.0,0.0,WFC
2022-01-18,57.461998311931616,57.85025444144803,56.257404010492216,56.43659973144531,41689600,0.0,0.0,WFC
2022-01-19,56.854726821918334,57.42217869709716,55.222058002270764,55.32160949707031,34970200,0.0,0.0,WFC
2022-01-20,55.47094094025564,56.127990684590024,54.66456015499001,54.75415802001953,26972800,0.0,0.0,WFC
2022-01-21,54.25639130621437,54.754156364069544,52.89251611103206,53.43009948730469,38357600,0.0,0.0,WFC
2022-01-24,52.49430212361023,53.2509071321484,50.95123121619541,53.0816650390625,48451400,0.0,0.0,WFC
2022-01-25,52.43457035409909,53.489833663677864,51.31957766695194,53.350460052490234,40858700,0.0,0.0,WFC
2022-01-26,53.66902734336701,54.674511069735864,53.19117335282722,53.89799880981445,39687100,0.0,0.0,WFC
2022-01-27,54.355944573079974,55.2618768560431,52.99206933337639,53.51969909667969,34209200,0.0,0.0,WFC
2022-01-28,53.370371289347595,53.97764528096373,52.53412582177959,53.947776794433594,35519700,0.0,0.0,WFC
2022-01-31,53.579431779934104,53.80840325619839,52.79296205864844,53.55952072143555,34657500,0.0,0.0,WFC
2022-02-01,54.475410965201576,55.56053897945119,53.74867441219347,55.35147476196289,35870200,0.0,0.0,WFC
2022-02-02,55.02295057328223,55.79946285707114,54.71433486676933,55.68000030517578,29037100,0.0,0.0,WFC
2022-02-03,55.84000015258789,56.290000915527344,54.72999954223633,55.16999816894531,25227400,0.25,0.0,WFC
2022-02-04,56.040000915527344,57.040000915527344,55.470001220703125,56.33000183105469,33622100,0.0,0.0,WFC
2022-02-07,56.40999984741211,57.88999938964844,55.90999984741211,57.33000183105469,37480100,0.0,0.0,WFC
2022-02-08,58.0,58.97999954223633,57.79999923706055,58.75,39099600,0.0,0.0,WFC
2022-02-09,58.70000076293945,59.380001068115234,58.34000015258789,59.060001373291016,25883100,0.0,0.0,WFC
2022-02-10,59.54999923706055,60.29999923706055,58.79999923706055,59.04999923706055,36092000,0.0,0.0,WFC
2022-02-11,58.52000045776367,60.2400016784668,57.90999984741211,58.310001373291016,38650500,0.0,0.0,WFC
2022-02-14,58.5099983215332,58.650001525878906,57.18000030517578,57.849998474121094,32680500,0.0,0.0,WFC
2022-02-15,59.119998931884766,59.31999969482422,58.09000015258789,58.380001068115234,18224600,0.0,0.0,WFC
2022-02-16,57.90999984741211,58.880001068115234,57.54999923706055,58.13999938964844,22057200,0.0,0.0,WFC
2022-02-17,57.150001525878906,57.529998779296875,55.7599983215332,56.150001525878906,24946500,0.0,0.0,WFC
2022-02-18,56.150001525878906,56.720001220703125,55.369998931884766,55.630001068115234,22137900,0.0,0.0,WFC
2022-02-22,55.56999969482422,56.119998931884766,54.70000076293945,55.279998779296875,26887800,0.0,0.0,WFC
2022-02-23,55.849998474121094,56.02000045776367,53.7599983215332,53.95000076293945,21860700,0.0,0.0,WFC
2022-02-24,51.7599983215332,52.83000183105469,50.68000030517578,52.709999084472656,40917600,0.0,0.0,WFC
2022-02-25,53.16999816894531,54.439998626708984,53.09000015258789,54.11000061035156,27493500,0.0,0.0,WFC
2022-02-28,52.630001068115234,53.400001525878906,52.209999084472656,53.369998931884766,31094800,0.0,0.0,WFC
2022-03-01,52.439998626708984,52.720001220703125,50.0099983215332,50.290000915527344,54135500,0.0,0.0,WFC
2022-03-02,51.31999969482422,52.81999969482422,51.0,52.220001220703125,34894300,0.0,0.0,WFC
2022-03-03,52.349998474121094,52.560001373291016,50.939998626708984,51.2400016784668,24159700,0.0,0.0,WFC
2022-03-04,50.040000915527344,50.060001373291016,48.18000030517578,48.790000915527344,35871600,0.0,0.0,WFC
2022-03-07,48.58000183105469,48.58000183105469,45.77000045776367,45.810001373291016,56332500,0.0,0.0,WFC
2022-03-08,46.68000030517578,48.20000076293945,46.349998474121094,46.459999084472656,60018100,0.0,0.0,WFC
2022-03-09,48.790000915527344,49.75,48.349998474121094,49.15999984741211,34560200,0.0,0.0,WFC
2022-03-10,48.2599983215332,49.56999969482422,47.849998474121094,49.0099983215332,26178800,0.0,0.0,WFC
2022-03-11,49.66999816894531,50.0,48.43000030517578,48.470001220703125,23707100,0.0,0.0,WFC
2022-03-14,49.65999984741211,50.380001068115234,49.29999923706055,49.86000061035156,28166600,0.0,0.0,WFC
2022-03-15,50.15999984741211,50.630001068115234,49.33000183105469,50.11000061035156,25080600,0.0,0.0,WFC
2022-03-16,51.04999923706055,52.220001220703125,50.72999954223633,51.599998474121094,34672800,0.0,0.0,WFC
2022-03-17,51.02000045776367,51.4900016784668,50.22999954223633,51.47999954223633,29930300,0.0,0.0,WFC
2022-03-18,50.849998474121094,51.540000915527344,50.040000915527344,51.41999816894531,60963400,0.0,0.0,WFC
2022-03-21,51.65999984741211,51.79999923706055,50.61000061035156,51.13999938964844,23411500,0.0,0.0,WFC
2022-03-22,52.40999984741211,54.20000076293945,52.29999923706055,53.38999938964844,28625600,0.0,0.0,WFC
2022-03-23,52.7599983215332,53.04999923706055,51.099998474121094,51.119998931884766,27988700,0.0,0.0,WFC
2022-03-24,51.709999084472656,51.81999969482422,50.90999984741211,51.33000183105469,19677800,0.0,0.0,WFC
2022-03-25,51.470001220703125,52.59000015258789,51.40999984741211,52.560001373291016,19130900,0.0,0.0,WFC
2022-03-28,52.029998779296875,52.11000061035156,50.779998779296875,51.810001373291016,24115400,0.0,0.0,WFC
2022-03-29,53.060001373291016,53.29999923706055,51.52000045776367,51.599998474121094,20915000,0.0,0.0,WFC
2022-03-30,51.529998779296875,51.68000030517578,49.790000915527344,50.11000061035156,30913800,0.0,0.0,WFC
2022-03-31,49.75,50.43000030517578,48.43000030517578,48.459999084472656,31238500,0.0,0.0,WFC
2022-04-01,49.25,49.470001220703125,47.83000183105469,48.709999084472656,29989900,0.0,0.0,WFC
2022-04-04,48.45000076293945,48.65999984741211,47.61000061035156,48.459999084472656,23778300,0.0,0.0,WFC
2022-04-05,47.90999984741211,48.900001525878906,47.77000045776367,48.119998931884766,21757300,0.0,0.0,WFC
2022-04-06,47.689998626708984,48.08000183105469,47.400001525878906,47.88999938964844,26001200,0.0,0.0,WFC
2022-04-07,48.15999984741211,48.29999923706055,46.58000183105469,47.7400016784668,29486500,0.0,0.0,WFC
2022-04-08,48.0,48.88999938964844,47.93000030517578,48.72999954223633,23659800,0.0,0.0,WFC
2022-04-11,48.939998626708984,50.189998626708984,48.91999816894531,49.33000183105469,27041000,0.0,0.0,WFC
2022-04-12,49.68000030517578,49.900001525878906,48.0,48.41999816894531,25791900,0.0,0.0,WFC
2022-04-13,47.540000915527344,48.619998931884766,47.45000076293945,48.540000915527344,20645300,0.0,0.0,WFC
2022-04-14,45.88999938964844,47.81999969482422,45.029998779296875,46.349998474121094,65583200,0.0,0.0,WFC
2022-04-18,46.220001220703125,47.58000183105469,46.150001525878906,47.16999816894531,26120900,0.0,0.0,WFC
2022-04-19,47.38999938964844,48.189998626708984,47.33000183105469,47.83000183105469,19753300,0.0,0.0,WFC
2022-04-20,48.47999954223633,49.369998931884766,48.31999969482422,48.650001525878906,25893000,0.0,0.0,WFC
2022-04-21,49.150001525878906,49.4900016784668,47.599998474121094,47.779998779296875,19027600,0.0,0.0,WFC
2022-04-22,47.689998626708984,47.91999816894531,46.2599983215332,46.34000015258789,21676800,0.0,0.0,WFC
2022-04-25,45.7599983215332,45.970001220703125,44.529998779296875,45.83000183105469,30045500,0.0,0.0,WFC
2022-04-26,45.15999984741211,46.0,44.560001373291016,44.58000183105469,21527400,0.0,0.0,WFC
2022-04-27,44.40999984741211,45.189998626708984,44.13999938964844,44.58000183105469,19520900,0.0,0.0,WFC
2022-04-28,45.040000915527344,45.310001373291016,44.310001373291016,45.16999816894531,17431000,0.0,0.0,WFC
2022-04-29,45.040000915527344,45.400001525878906,43.5099983215332,43.630001068115234,27149400,0.0,0.0,WFC
2022-05-02,43.869998931884766,44.040000915527344,42.61000061035156,43.66999816894531,25009300,0.0,0.0,WFC
2022-05-03,43.900001525878906,44.63999938964844,43.65999984741211,44.15999984741211,21545300,0.0,0.0,WFC
2022-05-04,44.310001373291016,46.130001068115234,44.18000030517578,45.97999954223633,29468000,0.0,0.0,WFC
2022-05-05,45.0,45.060001373291016,43.45000076293945,44.7599983215332,29978600,0.0,0.0,WFC
2022-05-06,44.61000061035156,44.880001068115234,43.52000045776367,44.54999923706055,27035300,0.0,0.0,WFC
2022-05-09,43.970001220703125,44.540000915527344,43.22999954223633,43.959999084472656,27132700,0.0,0.0,WFC
2022-05-10,44.38999938964844,44.709999084472656,42.189998626708984,43.08000183105469,25276100,0.0,0.0,WFC
2022-05-11,43.11000061035156,44.5099983215332,42.4900016784668,42.56999969482422,25291600,0.0,0.0,WFC
2022-05-12,42.22999954223633,42.40999984741211,40.91999816894531,41.810001373291016,30171700,0.0,0.0,WFC
2022-05-13,42.45000076293945,43.189998626708984,42.279998779296875,42.63999938964844,21253200,0.0,0.0,WFC
2022-05-16,42.400001525878906,42.66999816894531,41.70000076293945,42.209999084472656,16837400,0.0,0.0,WFC
2022-05-17,42.9900016784668,43.81999969482422,42.959999084472656,43.709999084472656,23340500,0.0,0.0,WFC
2022-05-18,43.290000915527344,43.310001373291016,41.88999938964844,42.11000061035156,27351300,0.0,0.0,WFC
2022-05-19,41.70000076293945,42.310001373291016,41.56999969482422,42.0,25211900,0.0,0.0,WFC
2022-05-20,42.5099983215332,42.790000915527344,40.7400016784668,41.66999816894531,35410400,0.0,0.0,WFC
2022-05-23,42.72999954223633,44.31999969482422,42.72999954223633,43.81999969482422,27979100,0.0,0.0,WFC
2022-05-24,43.689998626708984,43.77000045776367,42.63999938964844,43.290000915527344,23996000,0.0,0.0,WFC
2022-05-25,43.09000015258789,44.459999084472656,43.029998779296875,44.119998931884766,22343900,0.0,0.0,WFC
2022-05-26,44.83000183105469,45.7599983215332,44.75,45.599998474121094,23502500,0.0,0.0,WFC
2022-05-27,45.70000076293945,46.04999923706055,45.45000076293945,45.88999938964844,19482600,0.0,0.0,WFC
2022-05-31,45.34000015258789,46.27000045776367,45.0,45.77000045776367,40727400,0.0,0.0,WFC
2022-06-01,45.959999084472656,46.06999969482422,44.400001525878906,45.15999984741211,20417900,0.0,0.0,WFC
2022-06-02,45.119998931884766,45.43000030517578,44.5099983215332,45.33000183105469,14633300,0.0,0.0,WFC
2022-06-03,44.83000183105469,45.33000183105469,44.61000061035156,44.81999969482422,12572400,0.0,0.0,WFC
2022-06-06,45.34000015258789,45.88999938964844,44.959999084472656,45.119998931884766,11867200,0.0,0.0,WFC
2022-06-07,44.7599983215332,45.540000915527344,44.630001068115234,45.470001220703125,13281600,0.0,0.0,WFC
2022-06-08,44.880001068115234,45.06999969482422,44.22999954223633,44.630001068115234,12364400,0.0,0.0,WFC
2022-06-09,44.58000183105469,44.630001068115234,42.63999938964844,42.66999816894531,20142400,0.0,0.0,WFC
2022-06-10,41.029998779296875,41.439998626708984,40.02000045776367,40.08000183105469,27619300,0.0,0.0,WFC
2022-06-13,38.97999954223633,39.68000030517578,38.77000045776367,38.9900016784668,27553800,0.0,0.0,WFC
2022-06-14,38.77000045776367,39.29999923706055,37.0099983215332,37.43000030517578,36817600,0.0,0.0,WFC
2022-06-15,38.0,38.65999984741211,37.33000183105469,38.16999816894531,31358100,0.0,0.0,WFC
2022-06-16,37.36000061035156,37.72999954223633,36.540000915527344,37.650001525878906,37991500,0.0,0.0,WFC
2022-06-17,37.83000183105469,38.970001220703125,37.5,38.47999954223633,59114300,0.0,0.0,WFC
2022-06-21,39.86000061035156,39.939998626708984,38.869998931884766,38.9900016784668,24884700,0.0,0.0,WFC
2022-06-22,38.38999938964844,39.06999969482422,38.310001373291016,38.599998474121094,18631700,0.0,0.0,WFC
2022-06-23,38.060001373291016,38.36000061035156,37.150001525878906,37.900001525878906,23143800,0.0,0.0,WFC
2022-06-24,38.68000030517578,41.099998474121094,38.5099983215332,40.7599983215332,39407700,0.0,0.0,WFC
2022-06-27,40.84000015258789,40.9900016784668,39.900001525878906,40.2400016784668,16996800,0.0,0.0,WFC
2022-06-28,40.970001220703125,41.560001373291016,40.08000183105469,40.18000030517578,18136600,0.0,0.0,WFC
2022-06-29,40.27000045776367,40.529998779296875,39.54999923706055,39.709999084472656,15778700,0.0,0.0,WFC
2022-06-30,39.06999969482422,39.709999084472656,38.279998779296875,39.16999816894531,20425700,0.0,0.0,WFC
2022-07-01,38.720001220703125,40.08000183105469,38.459999084472656,39.91999816894531,15333900,0.0,0.0,WFC
2022-07-05,39.0,40.119998931884766,38.5099983215332,40.099998474121094,19144500,0.0,0.0,WFC
2022-07-06,39.61000061035156,40.029998779296875,38.91999816894531,39.5,17014100,0.0,0.0,WFC
2022-07-07,40.209999084472656,40.4900016784668,39.72999954223633,40.119998931884766,21060400,0.0,0.0,WFC
2022-07-08,40.29999923706055,40.70000076293945,39.86000061035156,40.18000030517578,14437500,0.0,0.0,WFC
2022-07-11,39.66999816894531,40.0099983215332,39.2400016784668,39.790000915527344,13111600,0.0,0.0,WFC
2022-07-12,39.08000183105469,40.470001220703125,39.0099983215332,39.599998474121094,15127300,0.0,0.0,WFC
2022-07-13,39.08000183105469,39.349998474121094,38.40999984741211,39.06999969482422,14116800,0.0,0.0,WFC
2022-07-14,38.09000015258789,38.75,37.43000030517578,38.7400016784668,24355300,0.0,0.0,WFC
2022-07-15,39.400001525878906,41.810001373291016,39.22999954223633,41.130001068115234,40328300,0.0,0.0,WFC
2022-07-18,41.93000030517578,42.790000915527344,41.02000045776367,41.189998626708984,17991300,0.0,0.0,WFC
2022-07-19,41.880001068115234,43.06999969482422,41.75,42.900001525878906,25724200,0.0,0.0,WFC
2022-07-20,42.540000915527344,43.029998779296875,42.36000061035156,42.720001220703125,19111200,0.0,0.0,WFC
2022-07-21,42.47999954223633,43.369998931884766,42.279998779296875,43.279998779296875,17809000,0.0,0.0,WFC
2022-07-22,43.16999816894531,43.529998779296875,42.689998626708984,43.16999816894531,15965400,0.0,0.0,WFC
2022-07-25,43.529998779296875,43.90999984741211,43.209999084472656,43.5,20297900,0.0,0.0,WFC
2022-07-26,43.11000061035156,43.68000030517578,42.810001373291016,42.900001525878906,15446700,0.0,0.0,WFC
2022-07-27,42.97999954223633,43.970001220703125,42.689998626708984,43.709999084472656,19498400,0.0,0.0,WFC
2022-07-28,43.54999923706055,43.83000183105469,42.709999084472656,43.31999969482422,14527300,0.0,0.0,WFC
2022-07-29,43.310001373291016,44.349998474121094,43.310001373291016,43.869998931884766,17512700,0.0,0.0,WFC
2022-08-01,43.439998626708984,44.15999984741211,43.15999984741211,43.540000915527344,13668300,0.0,0.0,WFC
2022-08-02,43.4900016784668,43.540000915527344,42.86000061035156,42.880001068115234,17764000,0.0,0.0,WFC
2022-08-03,43.38999938964844,44.56999969482422,43.25,43.88999938964844,17359500,0.0,0.0,WFC
2022-08-04,43.5,43.599998474121094,42.63999938964844,42.77000045776367,15062800,0.0,0.0,WFC
2022-08-05,42.58000183105469,44.29999923706055,42.529998779296875,43.7599983215332,16021000,0.0,0.0,WFC
2022-08-08,43.970001220703125,44.189998626708984,43.130001068115234,43.189998626708984,12879700,0.0,0.0,WFC
2022-08-09,43.220001220703125,43.790000915527344,42.9900016784668,43.400001525878906,10489500,0.0,0.0,WFC
2022-08-10,44.040000915527344,44.70000076293945,44.040000915527344,44.33000183105469,14037600,0.0,0.0,WFC
2022-08-11,45.0,45.61000061035156,44.88999938964844,45.25,14038800,0.0,0.0,WFC
2022-08-12,45.52000045776367,45.959999084472656,45.189998626708984,45.939998626708984,10706000,0.0,0.0,WFC
2022-08-15,45.40999984741211,45.81999969482422,44.90999984741211,45.75,11070300,0.0,0.0,WFC
2022-08-16,45.58000183105469,46.31999969482422,45.349998474121094,46.060001373291016,12234100,0.0,0.0,WFC
2022-08-17,45.720001220703125,46.310001373291016,45.54999923706055,46.13999938964844,13151700,0.0,0.0,WFC
2022-08-18,46.13999938964844,46.20000076293945,45.7599983215332,46.13999938964844,7885900,0.0,0.0,WFC
2022-08-19,45.900001525878906,46.02000045776367,45.040000915527344,45.349998474121094,13142900,0.0,0.0,WFC
2022-08-22,44.599998474121094,44.7400016784668,44.119998931884766,44.40999984741211,12391400,0.0,0.0,WFC
2022-08-23,44.459999084472656,44.959999084472656,44.279998779296875,44.369998931884766,10475100,0.0,0.0,WFC
2022-08-24,44.33000183105469,44.70000076293945,44.02000045776367,44.63999938964844,11706700,0.0,0.0,WFC
2022-08-25,44.790000915527344,45.52000045776367,44.43000030517578,45.38999938964844,11783200,0.0,0.0,WFC
2022-08-26,45.58000183105469,45.720001220703125,43.939998626708984,43.970001220703125,13405200,0.0,0.0,WFC
2022-08-29,43.79999923706055,44.31999969482422,43.58000183105469,43.91999816894531,12504900,0.0,0.0,WFC
2022-08-30,44.2599983215332,44.439998626708984,43.54999923706055,44.13999938964844,14365000,0.0,0.0,WFC
2022-08-31,44.279998779296875,44.59000015258789,43.61000061035156,43.709999084472656,22609100,0.0,0.0,WFC
2022-09-01,43.65999984741211,43.7400016784668,42.79999923706055,43.70000076293945,13173000,0.0,0.0,WFC
2022-09-02,44.29999923706055,44.79999923706055,43.16999816894531,43.380001068115234,13025900,0.0,0.0,WFC
2022-09-06,43.709999084472656,43.880001068115234,42.36000061035156,42.880001068115234,14708700,0.0,0.0,WFC
2022-09-07,42.540000915527344,43.90999984741211,42.25,43.84000015258789,19475800,0.0,0.0,WFC
2022-09-08,43.619998931884766,45.2599983215332,43.34000015258789,45.22999954223633,18500300,0.0,0.0,WFC
2022-09-09,45.5099983215332,45.810001373291016,45.25,45.33000183105469,12875500,0.0,0.0,WFC
2022-09-12,45.68000030517578,46.13999938964844,45.2599983215332,45.529998779296875,12127900,0.0,0.0,WFC
2022-09-13,44.349998474121094,44.529998779296875,43.040000915527344,43.220001220703125,21124900,0.0,0.0,WFC
2022-09-14,43.25,43.61000061035156,42.25,43.279998779296875,15067800,0.0,0.0,WFC
2022-09-15,43.400001525878906,44.689998626708984,43.349998474121094,44.13999938964844,13173200,0.0,0.0,WFC
2022-09-16,43.70000076293945,44.060001373291016,43.33000183105469,43.939998626708984,21238800,0.0,0.0,WFC
2022-09-19,43.43000030517578,44.61000061035156,43.40999984741211,44.31999969482422,11324100,0.0,0.0,WFC
2022-09-20,43.88999938964844,44.290000915527344,43.09000015258789,43.40999984741211,19503900,0.0,0.0,WFC
2022-09-21,43.65999984741211,43.810001373291016,42.2400016784668,42.27000045776367,19207100,0.0,0.0,WFC
2022-09-22,42.4900016784668,42.5099983215332,41.439998626708984,41.52000045776367,15499000,0.0,0.0,WFC
2022-09-23,40.81999969482422,40.97999954223633,39.70000076293945,40.40999984741211,23316200,0.0,0.0,WFC
2022-09-26,40.13999938964844,40.540000915527344,39.34000015258789,40.0099983215332,21420000,0.0,0.0,WFC
2022-09-27,40.209999084472656,40.59000015258789,39.40999984741211,40.029998779296875,17541400,0.0,0.0,WFC
2022-09-28,39.900001525878906,41.060001373291016,39.900001525878906,40.810001373291016,16033500,0.0,0.0,WFC
2022-09-29,40.15999984741211,40.689998626708984,39.77000045776367,40.5,14811300,0.0,0.0,WFC
2022-09-30,40.63999938964844,41.13999938964844,40.18000030517578,40.220001220703125,21182200,0.0,0.0,WFC
2022-10-03,41.290000915527344,41.79999923706055,40.63999938964844,41.58000183105469,16827600,0.0,0.0,WFC
2022-10-04,42.15999984741211,43.59000015258789,42.15999984741211,43.540000915527344,18601300,0.0,0.0,WFC
2022-10-05,42.83000183105469,43.540000915527344,42.560001373291016,43.310001373291016,15873400,0.0,0.0,WFC
2022-10-06,42.869998931884766,43.13999938964844,42.209999084472656,42.2400016784668,15634800,0.0,0.0,WFC
2022-10-07,42.029998779296875,42.119998931884766,41.38999938964844,41.790000915527344,17186700,0.0,0.0,WFC
2022-10-10,41.939998626708984,42.11000061035156,41.150001525878906,41.45000076293945,10973700,0.0,0.0,WFC
2022-10-11,41.220001220703125,41.31999969482422,40.060001373291016,40.22999954223633,19135900,0.0,0.0,WFC
2022-10-12,40.2400016784668,41.220001220703125,39.959999084472656,40.5099983215332,16469900,0.0,0.0,WFC
2022-10-13,39.75,42.66999816894531,39.75,42.380001068115234,23808700,0.0,0.0,WFC
2022-10-14,43.79999923706055,44.93000030517578,43.130001068115234,43.16999816894531,33954200,0.0,0.0,WFC
2022-10-17,44.65999984741211,45.189998626708984,43.88999938964844,43.959999084472656,24507000,0.0,0.0,WFC
2022-10-18,45.11000061035156,45.29999923706055,43.81999969482422,44.66999816894531,24810400,0.0,0.0,WFC
2022-10-19,44.18000030517578,44.52000045776367,43.29999923706055,43.619998931884766,17876800,0.0,0.0,WFC
2022-10-20,43.68000030517578,44.43000030517578,43.5,43.650001525878906,17572700,0.0,0.0,WFC
2022-10-21,43.63999938964844,44.880001068115234,43.56999969482422,44.83000183105469,18632800,0.0,0.0,WFC
2022-10-24,44.95000076293945,45.529998779296875,44.83000183105469,45.20000076293945,16154300,0.0,0.0,WFC
2022-10-25,44.779998779296875,45.599998474121094,44.369998931884766,45.369998931884766,16362200,0.0,0.0,WFC
2022-10-26,45.65999984741211,46.209999084472656,45.470001220703125,45.70000076293945,15010800,0.0,0.0,WFC
2022-10-27,46.02000045776367,46.4900016784668,45.54999923706055,45.650001525878906,14655500,0.0,0.0,WFC
2022-10-28,45.90999984741211,46.4900016784668,45.470001220703125,46.349998474121094,14990400,0.0,0.0,WFC
2022-10-31,46.13999938964844,46.52000045776367,45.97999954223633,45.9900016784668,14000000,0.0,0.0,WFC
2022-11-01,46.58000183105469,47.060001373291016,46.2599983215332,46.95000076293945,22409100,0.0,0.0,WFC
2022-11-02,46.880001068115234,47.54999923706055,46.4900016784668,46.880001068115234,29246700,0.0,0.0,WFC
2022-11-03,46.20000076293945,46.20000076293945,45.40999984741211,45.540000915527344,17140100,0.0,0.0,WFC
2022-11-04,46.33000183105469,46.90999984741211,45.900001525878906,46.7400016784668,27082500,0.0,0.0,WFC
2022-11-07,47.130001068115234,47.81999969482422,46.810001373291016,47.06999969482422,17713300,0.0,0.0,WFC
2022-11-08,47.25,47.470001220703125,46.720001220703125,47.18000030517578,14842700,0.0,0.0,WFC
2022-11-09,46.79999923706055,47.0,45.95000076293945,45.970001220703125,18318700,0.0,0.0,WFC
2022-11-10,47.02000045776367,48.11000061035156,46.93000030517578,47.95000076293945,23091900,0.0,0.0,WFC
2022-11-11,48.099998474121094,48.36000061035156,47.33000183105469,47.54999923706055,18076600,0.0,0.0,WFC
2022-11-14,47.20000076293945,47.56999969482422,46.869998931884766,46.869998931884766,13929900,0.0,0.0,WFC
2022-11-15,47.380001068115234,47.5099983215332,46.2400016784668,46.709999084472656,19076000,0.0,0.0,WFC
2022-11-16,46.66999816894531,46.849998474121094,46.029998779296875,46.209999084472656,14713300,0.0,0.0,WFC
2022-11-17,45.720001220703125,46.16999816894531,45.470001220703125,45.9900016784668,11350900,0.0,0.0,WFC
2022-11-18,46.720001220703125,46.77000045776367,45.970001220703125,46.5,10515300,0.0,0.0,WFC
2022-11-21,46.380001068115234,47.09000015258789,46.380001068115234,46.84000015258789,11656800,0.0,0.0,WFC
2022-11-22,47.130001068115234,47.400001525878906,46.90999984741211,47.11000061035156,11684900,0.0,0.0,WFC
2022-11-23,47.119998931884766,47.5,46.9900016784668,47.33000183105469,10878500,0.0,0.0,WFC
2022-11-25,47.36000061035156,47.63999938964844,47.02000045776367,47.439998626708984,4913300,0.0,0.0,WFC
2022-11-28,47.119998931884766,47.75,46.91999816894531,46.97999954223633,12492600,0.0,0.0,WFC
2022-11-29,47.18000030517578,47.650001525878906,47.040000915527344,47.56999969482422,13344900,0.0,0.0,WFC
2022-11-30,47.31999969482422,47.95000076293945,46.13999938964844,47.95000076293945,26417000,0.0,0.0,WFC
2022-12-01,47.93000030517578,48.18000030517578,46.459999084472656,46.869998931884766,15980300,0.0,0.0,WFC
2022-12-02,46.38999938964844,46.52000045776367,44.880001068115234,45.939998626708984,29820400,0.0,0.0,WFC
2022-12-05,45.70000076293945,45.880001068115234,43.619998931884766,43.65999984741211,32574600,0.0,0.0,WFC
2022-12-06,43.68000030517578,43.849998474121094,42.65999984741211,43.400001525878906,25961400,0.0,0.0,WFC
2022-12-07,43.09000015258789,43.34000015258789,42.439998626708984,42.45000076293945,24114900,0.0,0.0,WFC
2022-12-08,42.709999084472656,42.88999938964844,42.11000061035156,42.58000183105469,17161400,0.0,0.0,WFC
2022-12-09,42.33000183105469,42.91999816894531,42.31999969482422,42.5,16023700,0.0,0.0,WFC
2022-12-12,42.599998474121094,42.93000030517578,42.11000061035156,42.86000061035156,18428900,0.0,0.0,WFC
2022-12-13,43.880001068115234,44.08000183105469,42.11000061035156,42.619998931884766,31496000,0.0,0.0,WFC
2022-12-14,42.59000015258789,43.22999954223633,41.95000076293945,42.18000030517578,22044400,0.0,0.0,WFC
2022-12-15,41.41999816894531,41.709999084472656,41.0099983215332,41.369998931884766,16766600,0.0,0.0,WFC
2022-12-16,41.029998779296875,41.45000076293945,40.849998474121094,41.189998626708984,29836200,0.0,0.0,WFC
2022-12-19,41.34000015258789,41.90999984741211,41.11000061035156,41.81999969482422,17454200,0.0,0.0,WFC
2022-12-20,41.290000915527344,42.560001373291016,40.970001220703125,40.97999954223633,25415400,0.0,0.0,WFC
2022-12-21,41.36000061035156,41.63999938964844,40.91999816894531,41.119998931884766,20170800,0.0,0.0,WFC
2022-12-22,40.709999084472656,40.7400016784668,40.02000045776367,40.68000030517578,17382700,0.0,0.0,WFC
2022-12-23,40.689998626708984,41.0,40.45000076293945,40.97999954223633,10167500,0.0,0.0,WFC
2022-12-27,41.0099983215332,41.13999938964844,40.61000061035156,41.040000915527344,10297400,0.0,0.0,WFC
2022-12-28,40.939998626708984,41.380001068115234,40.86000061035156,41.119998931884766,11889400,0.0,0.0,WFC
2022-12-29,41.150001525878906,41.400001525878906,41.060001373291016,41.33000183105469,11597100,0.0,0.0,WFC
2022-12-30,41.11000061035156,41.43000030517578,40.9900016784668,41.290000915527344,10021500,0.0,0.0,WFC
2023-01-03,41.61000061035156,42.13999938964844,41.45000076293945,41.790000915527344,15944300,0.0,0.0,WFC
2023-01-04,42.2599983215332,43.060001373291016,42.22999954223633,42.650001525878906,18943600,0.0,0.0,WFC
2023-01-05,42.58000183105469,42.630001068115234,41.93000030517578,42.41999816894531,12380700,0.0,0.0,WFC
2023-01-06,42.59000015258789,43.0,42.099998474121094,42.79999923706055,15247000,0.0,0.0,WFC
2023-01-09,43.119998931884766,43.130001068115234,42.15999984741211,42.38999938964844,21225600,0.0,0.0,WFC
2023-01-10,42.66999816894531,42.880001068115234,42.02000045776367,42.36000061035156,18348800,0.0,0.0,WFC
2023-01-11,42.380001068115234,42.83000183105469,42.02000045776367,42.7400016784668,18272100,0.0,0.0,WFC
2023-01-12,43.04999923706055,43.54999923706055,42.79999923706055,42.83000183105469,20940400,0.0,0.0,WFC
2023-01-13,41.380001068115234,44.36000061035156,40.459999084472656,44.220001220703125,41649700,0.0,0.0,WFC
2023-01-17,43.84000015258789,44.369998931884766,43.18000030517578,44.119998931884766,25473900,0.0,0.0,WFC
2023-01-18,43.959999084472656,44.61000061035156,43.29999923706055,43.380001068115234,20278000,0.0,0.0,WFC
2023-01-19,42.90999984741211,43.20000076293945,42.52000045776367,42.95000076293945,18565300,0.0,0.0,WFC
2023-01-20,43.08000183105469,43.939998626708984,42.7599983215332,43.91999816894531,23237200,0.0,0.0,WFC
2023-01-23,43.939998626708984,45.18000030517578,43.869998931884766,45.029998779296875,19692000,0.0,0.0,WFC
2023-01-24,44.90999984741211,45.20000076293945,44.369998931884766,44.45000076293945,13697200,0.0,0.0,WFC
2023-01-25,44.04999923706055,45.41999816894531,44.029998779296875,45.34000015258789,17285300,0.0,0.0,WFC
2023-01-26,45.529998779296875,45.900001525878906,45.15999984741211,45.810001373291016,16724600,0.0,0.0,WFC
2023-01-27,45.810001373291016,46.369998931884766,45.810001373291016,46.119998931884766,18161800,0.0,0.0,WFC
2023-01-30,45.90999984741211,46.650001525878906,45.810001373291016,46.290000915527344,19427400,0.0,0.0,WFC
2023-01-31,46.31999969482422,46.880001068115234,46.060001373291016,46.869998931884766,22840400,0.0,0.0,WFC
2023-02-01,46.65999984741211,47.79999923706055,46.470001220703125,47.33000183105469,21874600,0.0,0.0,WFC
2023-02-02,47.31999969482422,47.56999969482422,46.43000030517578,47.22999954223633,19058000,0.0,0.0,WFC
2023-02-03,47.0,48.040000915527344,46.95000076293945,47.58000183105469,17346900,0.0,0.0,WFC
2023-02-06,47.2599983215332,47.7599983215332,47.150001525878906,47.68000030517578,15948900,0.0,0.0,WFC
2023-02-07,47.439998626708984,48.40999984741211,47.349998474121094,48.130001068115234,21764800,0.0,0.0,WFC
2023-02-08,47.70000076293945,48.61000061035156,47.61000061035156,48.25,18070500,0.0,0.0,WFC
2023-02-09,48.470001220703125,48.630001068115234,47.4900016784668,47.56999969482422,17362100,0.0,0.0,WFC
2023-02-10,47.40999984741211,47.709999084472656,46.97999954223633,47.5099983215332,18929000,0.0,0.0,WFC
2023-02-13,47.34000015258789,48.150001525878906,47.130001068115234,48.130001068115234,16451700,0.0,0.0,WFC
2023-02-14,47.93000030517578,48.84000015258789,47.75,48.5,16844400,0.0,0.0,WFC
2023-02-15,47.91999816894531,48.2599983215332,47.70000076293945,47.970001220703125,12854000,0.0,0.0,WFC
2023-02-16,47.599998474121094,47.810001373291016,47.189998626708984,47.220001220703125,12631700,0.0,0.0,WFC
2023-02-17,47.09000015258789,47.56999969482422,47.02000045776367,47.4900016784668,13463800,0.0,0.0,WFC
2023-02-21,47.06999969482422,47.06999969482422,45.970001220703125,46.2400016784668,13652700,0.0,0.0,WFC
2023-02-22,45.95000076293945,46.22999954223633,45.689998626708984,46.0099983215332,13402900,0.0,0.0,WFC
2023-02-23,46.119998931884766,46.439998626708984,45.790000915527344,46.25,14783600,0.0,0.0,WFC
2023-02-24,45.84000015258789,46.7599983215332,45.70000076293945,46.619998931884766,16040300,0.0,0.0,WFC
2023-02-27,46.939998626708984,47.43000030517578,46.720001220703125,46.779998779296875,15468200,0.0,0.0,WFC
2023-02-28,46.66999816894531,47.029998779296875,46.540000915527344,46.77000045776367,18627200,0.0,0.0,WFC
2023-03-01,46.5,46.91999816894531,46.25,46.68000030517578,13382200,0.0,0.0,WFC
2023-03-02,46.459999084472656,46.619998931884766,45.380001068115234,45.79999923706055,19115000,0.0,0.0,WFC
2023-03-03,46.02000045776367,46.97999954223633,45.90999984741211,46.849998474121094,14947200,0.0,0.0,WFC
2023-03-06,46.880001068115234,47.18000030517578,46.5099983215332,46.630001068115234,14236000,0.0,0.0,WFC
2023-03-07,46.189998626708984,46.27000045776367,44.119998931884766,44.45000076293945,24056800,0.0,0.0,WFC
2023-03-08,44.2599983215332,44.560001373291016,43.599998474121094,43.84000015258789,14852000,0.0,0.0,WFC
2023-03-09,43.439998626708984,43.529998779296875,40.83000183105469,41.130001068115234,33599800,0.0,0.0,WFC
2023-03-10,40.58000183105469,42.36000061035156,39.72999954223633,41.36000061035156,55435400,0.0,0.0,WFC
2023-03-13,39.79999923706055,40.54999923706055,38.209999084472656,38.40999984741211,78806900,0.0,0.0,WFC
2023-03-14,41.5,41.599998474121094,39.369998931884766,40.16999816894531,52855100,0.0,0.0,WFC
2023-03-15,38.29999923706055,38.97999954223633,38.08000183105469,38.849998474121094,47324600,0.0,0.0,WFC
2023-03-16,38.630001068115234,40.060001373291016,38.150001525878906,39.29999923706055,40388800,0.0,0.0,WFC
2023-03-17,38.7599983215332,38.7599983215332,37.529998779296875,37.7599983215332,47403800,0.0,0.0,WFC
2023-03-20,38.119998931884766,38.45000076293945,37.45000076293945,37.47999954223633,34283700,0.0,0.0,WFC
2023-03-21,38.599998474121094,38.959999084472656,38.36000061035156,38.47999954223633,34664700,0.0,0.0,WFC
2023-03-22,38.709999084472656,38.709999084472656,37.189998626708984,37.20000076293945,22994400,0.0,0.0,WFC
2023-03-23,37.4900016784668,37.63999938964844,36.5099983215332,36.61000061035156,30239900,0.0,0.0,WFC
2023-03-24,36.0,36.47999954223633,35.25,36.22999954223633,35694800,0.0,0.0,WFC
2023-03-27,37.02000045776367,37.689998626708984,36.959999084472656,37.470001220703125,27454600,0.0,0.0,WFC
2023-03-28,37.36000061035156,37.59000015258789,36.869998931884766,37.18000030517578,15270000,0.0,0.0,WFC
2023-03-29,37.599998474121094,38.0099983215332,37.29999923706055,37.970001220703125,20789100,0.0,0.0,WFC
2023-03-30,38.29999923706055,38.5,37.16999816894531,37.380001068115234,22340400,0.0,0.0,WFC
2023-03-31,37.72999954223633,37.95000076293945,37.310001373291016,37.380001068115234,30269300,0.0,0.0,WFC
2023-04-03,37.52000045776367,38.15999984741211,37.400001525878906,37.720001220703125,21541000,0.0,0.0,WFC
2023-04-04,37.70000076293945,37.79999923706055,36.38999938964844,36.810001373291016,21942700,0.0,0.0,WFC
2023-04-05,36.5,37.0099983215332,36.27000045776367,36.88999938964844,15486900,0.0,0.0,WFC
2023-04-06,37.11000061035156,38.099998474121094,37.060001373291016,37.900001525878906,23484900,0.0,0.0,WFC
2023-04-10,37.70000076293945,38.709999084472656,37.61000061035156,38.630001068115234,27005800,0.0,0.0,WFC
2023-04-11,38.77000045776367,39.540000915527344,38.709999084472656,39.369998931884766,25116100,0.0,0.0,WFC
2023-04-12,39.41999816894531,39.849998474121094,38.88999938964844,39.189998626708984,20252900,0.0,0.0,WFC
2023-04-13,39.31999969482422,39.68000030517578,39.040000915527344,39.65999984741211,22397800,0.0,0.0,WFC
2023-04-14,39.75,40.5099983215332,39.119998931884766,39.63999938964844,40936900,0.0,0.0,WFC
2023-04-17,39.83000183105469,41.29999923706055,39.560001373291016,41.29999923706055,31445100,0.0,0.0,WFC
2023-04-18,41.209999084472656,42.060001373291016,41.13999938964844,41.869998931884766,27892300,0.0,0.0,WFC
2023-04-19,41.970001220703125,42.40999984741211,41.790000915527344,42.2400016784668,23306600,0.0,0.0,WFC
